match_id,season,match_date,event_name,match_number,venue_raw,venue,city_raw,city,team1_raw,team1,team2_raw,team2,toss_winner_raw,toss_winner,toss_decision,winner_raw,winner,winner_runs,winner_wickets,player_of_match
335982,2008,2008-04-18,Indian Premier League,1,M Chinnaswamy Stadium,M Chinnaswamy Stadium,Bangalore,Bengaluru,Royal Challengers Bangalore,Royal Challengers Bengaluru,Kolkata Knight Riders,Kolkata Knight Riders,Royal Challengers Bangalore,Royal Challengers Bengaluru,field,Kolkata Knight Riders,Kolkata Knight Riders,140,0,BB McCullum
335983,2008,2008-04-19,Indian Premier League,2,"Punjab Cricket Association Stadium, Mohali","Punjab Cricket Association IS Bindra Stadium, Mohali",Chandigarh,Chandigarh,Kings XI Punjab,Punjab Kings,Chennai Super Kings,Chennai Super Kings,Chennai Super Kings,Chennai Super Kings,bat,Chennai Super Kings,Chennai Super Kings,33,0,MEK Hussey
335984,2008,2008-04-19,Indian Premier League,3,Feroz Shah Kotla,Feroz Shah Kotla,Delhi,Delhi,Delhi Daredevils,Delhi Capitals,Rajasthan Royals,Rajasthan Royals,Rajasthan Royals,Rajasthan Royals,bat,Delhi Daredevils,Delhi Capitals,0,9,MF Maharoof
335985,2008,2008-04-20,Indian Premier League,5,Wankhede Stadium,Wankhede Stadium,Mumbai,Mumbai,Mumbai Indians,Mumbai Indians,Royal Challengers Bangalore,Royal Challengers Bengaluru,Mumbai Indians,Mumbai Indians,bat,Royal Challengers Bangalore,Royal Challengers Bengaluru,0,5,MV Boucher
335986,2008,2008-04-20,Indian Premier League,4,Eden Gardens,Eden Gardens,Kolkata,Kolkata,Kolkata Knight Riders,Kolkata Knight Riders,Deccan Chargers,Deccan Chargers,Deccan Chargers,Deccan Chargers,bat,Kolkata Knight Riders,Kolkata Knight Riders,0,5,DJ Hussey
335987,2008,2008-04-21,Indian Premier League,6,Sawai Mansingh Stadium,Sawai Mansingh Stadium,Jaipur,Jaipur,Rajasthan Royals,Rajasthan Royals,Kings XI Punjab,Punjab Kings,Kings XI Punjab,Punjab Kings,bat,Rajasthan Royals,Rajasthan Royals,0,6,SR Watson
335988,2008,2008-04-22,Indian Premier League,7,"Rajiv Gandhi International Stadium, Uppal","Rajiv Gandhi International Stadium, Uppal",Hyderabad,Hyderabad,Deccan Chargers,Deccan Chargers,Delhi Daredevils,Delhi Capitals,Deccan Chargers,Deccan Chargers,bat,Delhi Daredevils,Delhi Capitals,0,9,V Sehwag
335989,2008,2008-04-23,Indian Premier League,8,"MA Chidambaram Stadium, Chepauk",MA Chidambaram Stadium,Chennai,Chennai,Chennai Super Kings,Chennai Super Kings,Mumbai Indians,Mumbai Indians,Mumbai Indians,Mumbai Indians,field,Chennai Super Kings,Chennai Super Kings,6,0,ML Hayden
335990,2008,2008-04-24,Indian Premier League,9,"Rajiv Gandhi International Stadium, Uppal","Rajiv Gandhi International Stadium, Uppal",Hyderabad,Hyderabad,Deccan Chargers,Deccan Chargers,Rajasthan Royals,Rajasthan Royals,Rajasthan Royals,Rajasthan Royals,field,Rajasthan Royals,Rajasthan Royals,0,3,YK Pathan
335991,2008,2008-04-25,Indian Premier League,10,"Punjab Cricket Association Stadium, Mohali","Punjab Cricket Association IS Bindra Stadium, Mohali",Chandigarh,Chandigarh,Kings XI Punjab,Punjab Kings,Mumbai Indians,Mumbai Indians,Mumbai Indians,Mumbai Indians,field,Kings XI Punjab,Punjab Kings,66,0,KC Sangakkara
335992,2008,2008-04-26,Indian Premier League,12,M Chinnaswamy Stadium,M Chinnaswamy Stadium,Bangalore,Bengaluru,Royal Challengers Bangalore,Royal Challengers Bengaluru,Rajasthan Royals,Rajasthan Royals,Rajasthan Royals,Rajasthan Royals,field,Rajasthan Royals,Rajasthan Royals,0,7,SR Watson
335993,2008,2008-04-26,Indian Premier League,11,"MA Chidambaram Stadium, Chepauk",MA Chidambaram Stadium,Chennai,Chennai,Chennai Super Kings,Chennai Super Kings,Kolkata Knight Riders,Kolkata Knight Riders,Kolkata Knight Riders,Kolkata Knight Riders,bat,Chennai Super Kings,Chennai Super Kings,0,9,JDP Oram
335994,2008,2008-04-27,Indian Premier League,14,Dr DY Patil Sports Academy,Dr DY Patil Sports Academy,Mumbai,Mumbai,Mumbai Indians,Mumbai Indians,Deccan Chargers,Deccan Chargers,Deccan Chargers,Deccan Chargers,field,Deccan Chargers,Deccan Chargers,0,10,AC Gilchrist
335995,2008,2008-04-27,Indian Premier League,13,"Punjab Cricket Association Stadium, Mohali","Punjab Cricket Association IS Bindra Stadium, Mohali",Chandigarh,Chandigarh,Kings XI Punjab,Punjab Kings,Delhi Daredevils,Delhi Capitals,Delhi Daredevils,Delhi Capitals,bat,Kings XI Punjab,Punjab Kings,0,4,SM Katich
335996,2008,2008-04-28,Indian Premier League,15,M Chinnaswamy Stadium,M Chinnaswamy Stadium,Bangalore,Bengaluru,Royal Challengers Bangalore,Royal Challengers Bengaluru,Chennai Super Kings,Chennai Super Kings,Chennai Super Kings,Chennai Super Kings,bat,Chennai Super Kings,Chennai Super Kings,13,0,MS Dhoni
335997,2008,2008-04-29,Indian Premier League,16,Eden Gardens,Eden Gardens,Kolkata,Kolkata,Kolkata Knight Riders,Kolkata Knight Riders,Mumbai Indians,Mumbai Indians,Kolkata Knight Riders,Kolkata Knight Riders,bat,Mumbai Indians,Mumbai Indians,0,7,ST Jayasuriya
335998,2008,2008-04-30,Indian Premier League,17,Feroz Shah Kotla,Feroz Shah Kotla,Delhi,Delhi,Delhi Daredevils,Delhi Capitals,Royal Challengers Bangalore,Royal Challengers Bengaluru,Royal Challengers Bangalore,Royal Challengers Bengaluru,field,Delhi Daredevils,Delhi Capitals,10,0,GD McGrath
335999,2008,2008-05-01,Indian Premier League,19,"Rajiv Gandhi International Stadium, Uppal","Rajiv Gandhi International Stadium, Uppal",Hyderabad,Hyderabad,Deccan Chargers,Deccan Chargers,Kings XI Punjab,Punjab Kings,Kings XI Punjab,Punjab Kings,field,Kings XI Punjab,Punjab Kings,0,7,SE Marsh
336000,2008,2008-05-01,Indian Premier League,18,Sawai Mansingh Stadium,Sawai Mansingh Stadium,Jaipur,Jaipur,Rajasthan Royals,Rajasthan Royals,Kolkata Knight Riders,Kolkata Knight Riders,Rajasthan Royals,Rajasthan Royals,bat,Rajasthan Royals,Rajasthan Royals,45,0,SA Asnodkar
336001,2008,2008-05-02,Indian Premier League,20,"MA Chidambaram Stadium, Chepauk",MA Chidambaram Stadium,Chennai,Chennai,Chennai Super Kings,Chennai Super Kings,Delhi Daredevils,Delhi Capitals,Chennai Super Kings,Chennai Super Kings,bat,Delhi Daredevils,Delhi Capitals,0,8,V Sehwag
336003,2008,2008-05-03,Indian Premier League,22,"Punjab Cricket Association Stadium, Mohali","Punjab Cricket Association IS Bindra Stadium, Mohali",Chandigarh,Chandigarh,Kings XI Punjab,Punjab Kings,Kolkata Knight Riders,Kolkata Knight Riders,Kings XI Punjab,Punjab Kings,bat,Kings XI Punjab,Punjab Kings,9,0,IK Pathan
336034,2008,2008-05-03,Indian Premier League,21,M Chinnaswamy Stadium,M Chinnaswamy Stadium,Bangalore,Bengaluru,Royal Challengers Bangalore,Royal Challengers Bengaluru,Deccan Chargers,Deccan Chargers,Deccan Chargers,Deccan Chargers,field,Royal Challengers Bangalore,Royal Challengers Bengaluru,3,0,P Kumar
336004,2008,2008-05-04,Indian Premier League,23,Dr DY Patil Sports Academy,Dr DY Patil Sports Academy,Mumbai,Mumbai,Mumbai Indians,Mumbai Indians,Delhi Daredevils,Delhi Capitals,Delhi Daredevils,Delhi Capitals,field,Mumbai Indians,Mumbai Indians,29,0,SM Pollock
336005,2008,2008-05-04,Indian Premier League,24,Sawai Mansingh Stadium,Sawai Mansingh Stadium,Jaipur,Jaipur,Rajasthan Royals,Rajasthan Royals,Chennai Super Kings,Chennai Super Kings,Chennai Super Kings,Chennai Super Kings,bat,Rajasthan Royals,Rajasthan Royals,0,8,Sohail Tanvir
336006,2008,2008-05-05,Indian Premier League,25,M Chinnaswamy Stadium,M Chinnaswamy Stadium,Bangalore,Bengaluru,Royal Challengers Bangalore,Royal Challengers Bengaluru,Kings XI Punjab,Punjab Kings,Kings XI Punjab,Punjab Kings,field,Kings XI Punjab,Punjab Kings,0,6,S Sreesanth
336007,2008,2008-05-06,Indian Premier League,26,"MA Chidambaram Stadium, Chepauk",MA Chidambaram Stadium,Chennai,Chennai,Chennai Super Kings,Chennai Super Kings,Deccan Chargers,Deccan Chargers,Deccan Chargers,Deccan Chargers,field,Deccan Chargers,Deccan Chargers,0,7,AC Gilchrist
336008,2008,2008-05-07,Indian Premier League,27,Dr DY Patil Sports Academy,Dr DY Patil Sports Academy,Mumbai,Mumbai,Mumbai Indians,Mumbai Indians,Rajasthan Royals,Rajasthan Royals,Mumbai Indians,Mumbai Indians,field,Mumbai Indians,Mumbai Indians,0,7,A Nehra
336009,2008,2008-05-08,Indian Premier League,28,Feroz Shah Kotla,Feroz Shah Kotla,Delhi,Delhi,Delhi Daredevils,Delhi Capitals,Chennai Super Kings,Chennai Super Kings,Chennai Super Kings,Chennai Super Kings,field,Chennai Super Kings,Chennai Super Kings,0,4,MS Dhoni
336010,2008,2008-05-08,Indian Premier League,29,Eden Gardens,Eden Gardens,Kolkata,Kolkata,Kolkata Knight Riders,Kolkata Knight Riders,Royal Challengers Bangalore,Royal Challengers Bengaluru,Kolkata Knight Riders,Kolkata Knight Riders,bat,Kolkata Knight Riders,Kolkata Knight Riders,5,0,SC Ganguly
336011,2008,2008-05-09,Indian Premier League,30,Sawai Mansingh Stadium,Sawai Mansingh Stadium,Jaipur,Jaipur,Rajasthan Royals,Rajasthan Royals,Deccan Chargers,Deccan Chargers,Rajasthan Royals,Rajasthan Royals,field,Rajasthan Royals,Rajasthan Royals,0,8,YK Pathan
336013,2008,2008-05-10,Indian Premier League,31,"MA Chidambaram Stadium, Chepauk",MA Chidambaram Stadium,Chennai,Chennai,Chennai Super Kings,Chennai Super Kings,Kings XI Punjab,Punjab Kings,Kings XI Punjab,Punjab Kings,field,Chennai Super Kings,Chennai Super Kings,18,0,L Balaji
336014,2008,2008-05-11,Indian Premier League,32,"Rajiv Gandhi International Stadium, Uppal","Rajiv Gandhi International Stadium, Uppal",Hyderabad,Hyderabad,Deccan Chargers,Deccan Chargers,Kolkata Knight Riders,Kolkata Knight Riders,Kolkata Knight Riders,Kolkata Knight Riders,bat,Kolkata Knight Riders,Kolkata Knight Riders,23,0,SC Ganguly
336015,2008,2008-05-11,Indian Premier League,33,Sawai Mansingh Stadium,Sawai Mansingh Stadium,Jaipur,Jaipur,Rajasthan Royals,Rajasthan Royals,Delhi Daredevils,Delhi Capitals,Rajasthan Royals,Rajasthan Royals,field,Rajasthan Royals,Rajasthan Royals,0,3,SR Watson
336016,2008,2008-05-12,Indian Premier League,34,"Punjab Cricket Association Stadium, Mohali","Punjab Cricket Association IS Bindra Stadium, Mohali",Chandigarh,Chandigarh,Kings XI Punjab,Punjab Kings,Royal Challengers Bangalore,Royal Challengers Bengaluru,Royal Challengers Bangalore,Royal Challengers Bengaluru,bat,Kings XI Punjab,Punjab Kings,0,9,SE Marsh
336017,2008,2008-05-13,Indian Premier League,35,Eden Gardens,Eden Gardens,Kolkata,Kolkata,Kolkata Knight Riders,Kolkata Knight Riders,Delhi Daredevils,Delhi Capitals,Kolkata Knight Riders,Kolkata Knight Riders,bat,Kolkata Knight Riders,Kolkata Knight Riders,23,0,Shoaib Akhtar
336018,2008,2008-05-14,Indian Premier League,36,Wankhede Stadium,Wankhede Stadium,Mumbai,Mumbai,Mumbai Indians,Mumbai Indians,Chennai Super Kings,Chennai Super Kings,Mumbai Indians,Mumbai Indians,field,Mumbai Indians,Mumbai Indians,0,9,ST Jayasuriya
336020,2008,2008-05-15,Indian Premier League,37,Feroz Shah Kotla,Feroz Shah Kotla,Delhi,Delhi,Delhi Daredevils,Delhi Capitals,Deccan Chargers,Deccan Chargers,Deccan Chargers,Deccan Chargers,field,Delhi Daredevils,Delhi Capitals,12,0,A Mishra
336021,2008,2008-05-16,Indian Premier League,38,Wankhede Stadium,Wankhede Stadium,Mumbai,Mumbai,Mumbai Indians,Mumbai Indians,Kolkata Knight Riders,Kolkata Knight Riders,Mumbai Indians,Mumbai Indians,field,Mumbai Indians,Mumbai Indians,0,8,SM Pollock
336022,2008,2008-05-17,Indian Premier League,40,Feroz Shah Kotla,Feroz Shah Kotla,Delhi,Delhi,Delhi Daredevils,Delhi Capitals,Kings XI Punjab,Punjab Kings,Delhi Daredevils,Delhi Capitals,bat,Kings XI Punjab,Punjab Kings,6,0,DPMD Jayawardene
336023,2008,2008-05-17,Indian Premier League,39,Sawai Mansingh Stadium,Sawai Mansingh Stadium,Jaipur,Jaipur,Rajasthan Royals,Rajasthan Royals,Royal Challengers Bangalore,Royal Challengers Bengaluru,Royal Challengers Bangalore,Royal Challengers Bengaluru,field,Rajasthan Royals,Rajasthan Royals,65,0,GC Smith
336024,2008,2008-05-18,Indian Premier League,42,"Rajiv Gandhi International Stadium, Uppal","Rajiv Gandhi International Stadium, Uppal",Hyderabad,Hyderabad,Deccan Chargers,Deccan Chargers,Mumbai Indians,Mumbai Indians,Deccan Chargers,Deccan Chargers,field,Mumbai Indians,Mumbai Indians,25,0,DJ Bravo
336025,2008,2008-05-18,Indian Premier League,41,Eden Gardens,Eden Gardens,Kolkata,Kolkata,Kolkata Knight Riders,Kolkata Knight Riders,Chennai Super Kings,Chennai Super Kings,Kolkata Knight Riders,Kolkata Knight Riders,bat,Chennai Super Kings,Chennai Super Kings,3,0,M Ntini
336026,2008,2008-05-19,Indian Premier League,43,M Chinnaswamy Stadium,M Chinnaswamy Stadium,Bangalore,Bengaluru,Royal Challengers Bangalore,Royal Challengers Bengaluru,Delhi Daredevils,Delhi Capitals,Delhi Daredevils,Delhi Capitals,field,Delhi Daredevils,Delhi Capitals,0,5,SP Goswami
336027,2008,2008-05-20,Indian Premier League,44,Eden Gardens,Eden Gardens,Kolkata,Kolkata,Kolkata Knight Riders,Kolkata Knight Riders,Rajasthan Royals,Rajasthan Royals,Rajasthan Royals,Rajasthan Royals,field,Rajasthan Royals,Rajasthan Royals,0,6,YK Pathan
336028,2008,2008-05-21,Indian Premier League,45,Wankhede Stadium,Wankhede Stadium,Mumbai,Mumbai,Mumbai Indians,Mumbai Indians,Kings XI Punjab,Punjab Kings,Mumbai Indians,Mumbai Indians,field,Kings XI Punjab,Punjab Kings,1,0,SE Marsh
336029,2008,2008-05-21,Indian Premier League,46,"MA Chidambaram Stadium, Chepauk",MA Chidambaram Stadium,Chennai,Chennai,Chennai Super Kings,Chennai Super Kings,Royal Challengers Bangalore,Royal Challengers Bengaluru,Royal Challengers Bangalore,Royal Challengers Bengaluru,bat,Royal Challengers Bangalore,Royal Challengers Bengaluru,14,0,A Kumble
336031,2008,2008-05-23,Indian Premier League,48,"Punjab Cricket Association Stadium, Mohali","Punjab Cricket Association IS Bindra Stadium, Mohali",Chandigarh,Chandigarh,Kings XI Punjab,Punjab Kings,Deccan Chargers,Deccan Chargers,Kings XI Punjab,Punjab Kings,field,Kings XI Punjab,Punjab Kings,0,6,SE Marsh
336032,2008,2008-05-24,Indian Premier League,50,Feroz Shah Kotla,Feroz Shah Kotla,Delhi,Delhi,Delhi Daredevils,Delhi Capitals,Mumbai Indians,Mumbai Indians,Delhi Daredevils,Delhi Capitals,field,Delhi Daredevils,Delhi Capitals,0,5,KD Karthik
336033,2008,2008-05-24,Indian Premier League,49,"MA Chidambaram Stadium, Chepauk",MA Chidambaram Stadium,Chennai,Chennai,Chennai Super Kings,Chennai Super Kings,Rajasthan Royals,Rajasthan Royals,Rajasthan Royals,Rajasthan Royals,bat,Rajasthan Royals,Rajasthan Royals,10,0,JA Morkel
336002,2008,2008-05-25,Indian Premier League,51,"Rajiv Gandhi International Stadium, Uppal","Rajiv Gandhi International Stadium, Uppal",Hyderabad,Hyderabad,Deccan Chargers,Deccan Chargers,Royal Challengers Bangalore,Royal Challengers Bengaluru,Deccan Chargers,Deccan Chargers,bat,Royal Challengers Bangalore,Royal Challengers Bengaluru,0,5,R Vinay Kumar
336035,2008,2008-05-25,Indian Premier League,52,Eden Gardens,Eden Gardens,Kolkata,Kolkata,Kolkata Knight Riders,Kolkata Knight Riders,Kings XI Punjab,Punjab Kings,Kings XI Punjab,Punjab Kings,bat,Kolkata Knight Riders,Kolkata Knight Riders,0,3,Umar Gul
336036,2008,2008-05-26,Indian Premier League,53,Sawai Mansingh Stadium,Sawai Mansingh Stadium,Jaipur,Jaipur,Rajasthan Royals,Rajasthan Royals,Mumbai Indians,Mumbai Indians,Rajasthan Royals,Rajasthan Royals,field,Rajasthan Royals,Rajasthan Royals,0,5,Sohail Tanvir
336037,2008,2008-05-27,Indian Premier League,54,"Rajiv Gandhi International Stadium, Uppal","Rajiv Gandhi International Stadium, Uppal",Hyderabad,Hyderabad,Deccan Chargers,Deccan Chargers,Chennai Super Kings,Chennai Super Kings,Deccan Chargers,Deccan Chargers,bat,Chennai Super Kings,Chennai Super Kings,0,7,SK Raina
336012,2008,2008-05-28,Indian Premier League,55,M Chinnaswamy Stadium,M Chinnaswamy Stadium,Bangalore,Bengaluru,Royal Challengers Bangalore,Royal Challengers Bengaluru,Mumbai Indians,Mumbai Indians,Mumbai Indians,Mumbai Indians,field,Mumbai Indians,Mumbai Indians,0,9,CRD Fernando
336019,2008,2008-05-28,Indian Premier League,56,"Punjab Cricket Association Stadium, Mohali","Punjab Cricket Association IS Bindra Stadium, Mohali",Chandigarh,Chandigarh,Kings XI Punjab,Punjab Kings,Rajasthan Royals,Rajasthan Royals,Rajasthan Royals,Rajasthan Royals,field,Kings XI Punjab,Punjab Kings,41,0,SE Marsh
336038,2008,2008-05-30,Indian Premier League,,Wankhede Stadium,Wankhede Stadium,Mumbai,Mumbai,Delhi Daredevils,Delhi Capitals,Rajasthan Royals,Rajasthan Royals,Delhi Daredevils,Delhi Capitals,field,Rajasthan Royals,Rajasthan Royals,105,0,SR Watson
336039,2008,2008-05-31,Indian Premier League,,Wankhede Stadium,Wankhede Stadium,Mumbai,Mumbai,Chennai Super Kings,Chennai Super Kings,Kings XI Punjab,Punjab Kings,Kings XI Punjab,Punjab Kings,bat,Chennai Super Kings,Chennai Super Kings,0,9,M Ntini
336040,2008,2008-06-01,Indian Premier League,,Dr DY Patil Sports Academy,Dr DY Patil Sports Academy,Mumbai,Mumbai,Chennai Super Kings,Chennai Super Kings,Rajasthan Royals,Rajasthan Royals,Rajasthan Royals,Rajasthan Royals,field,Rajasthan Royals,Rajasthan Royals,0,3,YK Pathan
392181,2009,2009-04-18,Indian Premier League,1,Newlands,Newlands,Cape Town,Cape Town,Chennai Super Kings,Chennai Super Kings,Mumbai Indians,Mumbai Indians,Chennai Super Kings,Chennai Super Kings,field,Mumbai Indians,Mumbai Indians,19,0,SR Tendulkar
392182,2009,2009-04-18,Indian Premier League,2,Newlands,Newlands,Cape Town,Cape Town,Royal Challengers Bangalore,Royal Challengers Bengaluru,Rajasthan Royals,Rajasthan Royals,Royal Challengers Bangalore,Royal Challengers Bengaluru,bat,Royal Challengers Bangalore,Royal Challengers Bengaluru,75,0,R Dravid
392183,2009,2009-04-19,Indian Premier League,3,Newlands,Newlands,Cape Town,Cape Town,Delhi Daredevils,Delhi Capitals,Kings XI Punjab,Punjab Kings,Delhi Daredevils,Delhi Capitals,field,Delhi Daredevils,Delhi Capitals,0,10,DL Vettori
392184,2009,2009-04-19,Indian Premier League,4,Newlands,Newlands,Cape Town,Cape Town,Deccan Chargers,Deccan Chargers,Kolkata Knight Riders,Kolkata Knight Riders,Kolkata Knight Riders,Kolkata Knight Riders,bat,Deccan Chargers,Deccan Chargers,0,8,RP Singh
392185,2009,2009-04-20,Indian Premier League,5,St George's Park,St George's Park,Port Elizabeth,Port Elizabeth,Royal Challengers Bangalore,Royal Challengers Bengaluru,Chennai Super Kings,Chennai Super Kings,Chennai Super Kings,Chennai Super Kings,bat,Chennai Super Kings,Chennai Super Kings,92,0,M Muralitharan
392186,2009,2009-04-21,Indian Premier League,6,Kingsmead,Kingsmead,Durban,Durban,Kings XI Punjab,Punjab Kings,Kolkata Knight Riders,Kolkata Knight Riders,Kolkata Knight Riders,Kolkata Knight Riders,field,Kolkata Knight Riders,Kolkata Knight Riders,11,0,CH Gayle
392188,2009,2009-04-22,Indian Premier League,8,Newlands,Newlands,Cape Town,Cape Town,Royal Challengers Bangalore,Royal Challengers Bengaluru,Deccan Chargers,Deccan Chargers,Deccan Chargers,Deccan Chargers,bat,Deccan Chargers,Deccan Chargers,24,0,AC Gilchrist
392189,2009,2009-04-23,Indian Premier League,9,Kingsmead,Kingsmead,Durban,Durban,Chennai Super Kings,Chennai Super Kings,Delhi Daredevils,Delhi Capitals,Delhi Daredevils,Delhi Capitals,bat,Delhi Daredevils,Delhi Capitals,9,0,AB de Villiers
392190,2009,2009-04-23,Indian Premier League,10,Newlands,Newlands,Cape Town,Cape Town,Kolkata Knight Riders,Kolkata Knight Riders,Rajasthan Royals,Rajasthan Royals,Kolkata Knight Riders,Kolkata Knight Riders,field,,,0,0,YK Pathan
392191,2009,2009-04-24,Indian Premier League,11,Kingsmead,Kingsmead,Durban,Durban,Royal Challengers Bangalore,Royal Challengers Bengaluru,Kings XI Punjab,Punjab Kings,Royal Challengers Bangalore,Royal Challengers Bengaluru,bat,Kings XI Punjab,Punjab Kings,0,7,RS Bopara
392192,2009,2009-04-25,Indian Premier League,12,Kingsmead,Kingsmead,Durban,Durban,Deccan Chargers,Deccan Chargers,Mumbai Indians,Mumbai Indians,Deccan Chargers,Deccan Chargers,bat,Deccan Chargers,Deccan Chargers,12,0,PP Ojha
392194,2009,2009-04-26,Indian Premier League,14,St George's Park,St George's Park,Port Elizabeth,Port Elizabeth,Royal Challengers Bangalore,Royal Challengers Bengaluru,Delhi Daredevils,Delhi Capitals,Royal Challengers Bangalore,Royal Challengers Bengaluru,bat,Delhi Daredevils,Delhi Capitals,0,6,TM Dilshan
392195,2009,2009-04-26,Indian Premier League,15,Newlands,Newlands,Cape Town,Cape Town,Kings XI Punjab,Punjab Kings,Rajasthan Royals,Rajasthan Royals,Kings XI Punjab,Punjab Kings,bat,Kings XI Punjab,Punjab Kings,27,0,KC Sangakkara
392196,2009,2009-04-27,Indian Premier League,16,Kingsmead,Kingsmead,Durban,Durban,Chennai Super Kings,Chennai Super Kings,Deccan Chargers,Deccan Chargers,Deccan Chargers,Deccan Chargers,field,Deccan Chargers,Deccan Chargers,0,6,HH Gibbs
392197,2009,2009-04-27,Indian Premier League,17,St George's Park,St George's Park,Port Elizabeth,Port Elizabeth,Kolkata Knight Riders,Kolkata Knight Riders,Mumbai Indians,Mumbai Indians,Mumbai Indians,Mumbai Indians,bat,Mumbai Indians,Mumbai Indians,92,0,SR Tendulkar
392198,2009,2009-04-28,Indian Premier League,18,SuperSport Park,SuperSport Park,Centurion,Centurion,Delhi Daredevils,Delhi Capitals,Rajasthan Royals,Rajasthan Royals,Delhi Daredevils,Delhi Capitals,bat,Rajasthan Royals,Rajasthan Royals,0,5,YK Pathan
392199,2009,2009-04-29,Indian Premier League,19,Kingsmead,Kingsmead,Durban,Durban,Royal Challengers Bangalore,Royal Challengers Bengaluru,Kolkata Knight Riders,Kolkata Knight Riders,Kolkata Knight Riders,Kolkata Knight Riders,bat,Royal Challengers Bangalore,Royal Challengers Bengaluru,0,5,MV Boucher
392200,2009,2009-04-29,Indian Premier League,20,Kingsmead,Kingsmead,Durban,Durban,Kings XI Punjab,Punjab Kings,Mumbai Indians,Mumbai Indians,Kings XI Punjab,Punjab Kings,bat,Kings XI Punjab,Punjab Kings,3,0,KC Sangakkara
392201,2009,2009-04-30,Indian Premier League,21,SuperSport Park,SuperSport Park,Centurion,Centurion,Deccan Chargers,Deccan Chargers,Delhi Daredevils,Delhi Capitals,Delhi Daredevils,Delhi Capitals,field,Delhi Daredevils,Delhi Capitals,0,6,DP Nannes
392202,2009,2009-04-30,Indian Premier League,22,SuperSport Park,SuperSport Park,Centurion,Centurion,Chennai Super Kings,Chennai Super Kings,Rajasthan Royals,Rajasthan Royals,Rajasthan Royals,Rajasthan Royals,field,Chennai Super Kings,Chennai Super Kings,38,0,SK Raina
392203,2009,2009-05-01,Indian Premier League,23,Buffalo Park,Buffalo Park,East London,East London,Kolkata Knight Riders,Kolkata Knight Riders,Mumbai Indians,Mumbai Indians,Mumbai Indians,Mumbai Indians,bat,Mumbai Indians,Mumbai Indians,9,0,JP Duminy
392204,2009,2009-05-01,Indian Premier League,24,Kingsmead,Kingsmead,Durban,Durban,Royal Challengers Bangalore,Royal Challengers Bengaluru,Kings XI Punjab,Punjab Kings,Royal Challengers Bangalore,Royal Challengers Bengaluru,bat,Royal Challengers Bangalore,Royal Challengers Bengaluru,8,0,Yuvraj Singh
392205,2009,2009-05-02,Indian Premier League,25,St George's Park,St George's Park,Port Elizabeth,Port Elizabeth,Deccan Chargers,Deccan Chargers,Rajasthan Royals,Rajasthan Royals,Deccan Chargers,Deccan Chargers,bat,Rajasthan Royals,Rajasthan Royals,0,3,YK Pathan
392206,2009,2009-05-02,Indian Premier League,26,New Wanderers Stadium,New Wanderers Stadium,Johannesburg,Johannesburg,Chennai Super Kings,Chennai Super Kings,Delhi Daredevils,Delhi Capitals,Delhi Daredevils,Delhi Capitals,field,Chennai Super Kings,Chennai Super Kings,18,0,SB Jakati
392207,2009,2009-05-03,Indian Premier League,27,St George's Park,St George's Park,Port Elizabeth,Port Elizabeth,Kings XI Punjab,Punjab Kings,Kolkata Knight Riders,Kolkata Knight Riders,Kolkata Knight Riders,Kolkata Knight Riders,bat,Kings XI Punjab,Punjab Kings,0,6,DPMD Jayawardene
392208,2009,2009-05-03,Indian Premier League,28,New Wanderers Stadium,New Wanderers Stadium,Johannesburg,Johannesburg,Royal Challengers Bangalore,Royal Challengers Bengaluru,Mumbai Indians,Mumbai Indians,Mumbai Indians,Mumbai Indians,bat,Royal Challengers Bangalore,Royal Challengers Bengaluru,0,9,JH Kallis
392209,2009,2009-05-04,Indian Premier League,29,Buffalo Park,Buffalo Park,East London,East London,Chennai Super Kings,Chennai Super Kings,Deccan Chargers,Deccan Chargers,Chennai Super Kings,Chennai Super Kings,bat,Chennai Super Kings,Chennai Super Kings,78,0,MS Dhoni
392210,2009,2009-05-05,Indian Premier League,30,Kingsmead,Kingsmead,Durban,Durban,Kings XI Punjab,Punjab Kings,Rajasthan Royals,Rajasthan Royals,Kings XI Punjab,Punjab Kings,field,Rajasthan Royals,Rajasthan Royals,78,0,GC Smith
392211,2009,2009-05-05,Indian Premier League,31,Kingsmead,Kingsmead,Durban,Durban,Delhi Daredevils,Delhi Capitals,Kolkata Knight Riders,Kolkata Knight Riders,Kolkata Knight Riders,Kolkata Knight Riders,bat,Delhi Daredevils,Delhi Capitals,0,9,G Gambhir
392212,2009,2009-05-06,Indian Premier League,32,SuperSport Park,SuperSport Park,Centurion,Centurion,Deccan Chargers,Deccan Chargers,Mumbai Indians,Mumbai Indians,Deccan Chargers,Deccan Chargers,bat,Deccan Chargers,Deccan Chargers,19,0,RG Sharma
392213,2009,2009-05-07,Indian Premier League,33,SuperSport Park,SuperSport Park,Centurion,Centurion,Royal Challengers Bangalore,Royal Challengers Bengaluru,Rajasthan Royals,Rajasthan Royals,Rajasthan Royals,Rajasthan Royals,field,Rajasthan Royals,Rajasthan Royals,0,7,A Singh
392214,2009,2009-05-07,Indian Premier League,34,SuperSport Park,SuperSport Park,Centurion,Centurion,Chennai Super Kings,Chennai Super Kings,Kings XI Punjab,Punjab Kings,Chennai Super Kings,Chennai Super Kings,bat,Chennai Super Kings,Chennai Super Kings,12,0,ML Hayden
392215,2009,2009-05-08,Indian Premier League,35,Buffalo Park,Buffalo Park,East London,East London,Delhi Daredevils,Delhi Capitals,Mumbai Indians,Mumbai Indians,Mumbai Indians,Mumbai Indians,bat,Delhi Daredevils,Delhi Capitals,0,7,A Nehra
392216,2009,2009-05-09,Indian Premier League,36,De Beers Diamond Oval,De Beers Diamond Oval,Kimberley,Kimberley,Deccan Chargers,Deccan Chargers,Kings XI Punjab,Punjab Kings,Kings XI Punjab,Punjab Kings,field,Kings XI Punjab,Punjab Kings,0,3,DPMD Jayawardene
392217,2009,2009-05-09,Indian Premier League,37,De Beers Diamond Oval,De Beers Diamond Oval,Kimberley,Kimberley,Chennai Super Kings,Chennai Super Kings,Rajasthan Royals,Rajasthan Royals,Rajasthan Royals,Rajasthan Royals,bat,Chennai Super Kings,Chennai Super Kings,0,7,S Badrinath
392218,2009,2009-05-10,Indian Premier League,38,St George's Park,St George's Park,Port Elizabeth,Port Elizabeth,Royal Challengers Bangalore,Royal Challengers Bengaluru,Mumbai Indians,Mumbai Indians,Mumbai Indians,Mumbai Indians,bat,Mumbai Indians,Mumbai Indians,16,0,JP Duminy
392219,2009,2009-05-10,Indian Premier League,39,New Wanderers Stadium,New Wanderers Stadium,Johannesburg,Johannesburg,Delhi Daredevils,Delhi Capitals,Kolkata Knight Riders,Kolkata Knight Riders,Delhi Daredevils,Delhi Capitals,field,Delhi Daredevils,Delhi Capitals,0,7,A Mishra
392220,2009,2009-05-11,Indian Premier League,40,De Beers Diamond Oval,De Beers Diamond Oval,Kimberley,Kimberley,Deccan Chargers,Deccan Chargers,Rajasthan Royals,Rajasthan Royals,Deccan Chargers,Deccan Chargers,bat,Deccan Chargers,Deccan Chargers,53,0,DR Smith
392221,2009,2009-05-12,Indian Premier League,41,SuperSport Park,SuperSport Park,Centurion,Centurion,Royal Challengers Bangalore,Royal Challengers Bengaluru,Kolkata Knight Riders,Kolkata Knight Riders,Royal Challengers Bangalore,Royal Challengers Bengaluru,field,Royal Challengers Bangalore,Royal Challengers Bengaluru,0,6,LRPL Taylor
392222,2009,2009-05-12,Indian Premier League,42,SuperSport Park,SuperSport Park,Centurion,Centurion,Kings XI Punjab,Punjab Kings,Mumbai Indians,Mumbai Indians,Kings XI Punjab,Punjab Kings,bat,Mumbai Indians,Mumbai Indians,0,8,Harbhajan Singh
392223,2009,2009-05-13,Indian Premier League,43,Kingsmead,Kingsmead,Durban,Durban,Deccan Chargers,Deccan Chargers,Delhi Daredevils,Delhi Capitals,Deccan Chargers,Deccan Chargers,field,Delhi Daredevils,Delhi Capitals,12,0,R Bhatia
392224,2009,2009-05-14,Indian Premier League,44,Kingsmead,Kingsmead,Durban,Durban,Royal Challengers Bangalore,Royal Challengers Bengaluru,Chennai Super Kings,Chennai Super Kings,Chennai Super Kings,Chennai Super Kings,bat,Royal Challengers Bangalore,Royal Challengers Bengaluru,0,2,LRPL Taylor
392225,2009,2009-05-14,Indian Premier League,45,Kingsmead,Kingsmead,Durban,Durban,Mumbai Indians,Mumbai Indians,Rajasthan Royals,Rajasthan Royals,Rajasthan Royals,Rajasthan Royals,bat,Rajasthan Royals,Rajasthan Royals,2,0,SK Warne
392226,2009,2009-05-15,Indian Premier League,46,OUTsurance Oval,OUTsurance Oval,Bloemfontein,Bloemfontein,Delhi Daredevils,Delhi Capitals,Kings XI Punjab,Punjab Kings,Kings XI Punjab,Punjab Kings,field,Kings XI Punjab,Punjab Kings,0,6,B Lee
392227,2009,2009-05-16,Indian Premier League,47,St George's Park,St George's Park,Port Elizabeth,Port Elizabeth,Chennai Super Kings,Chennai Super Kings,Mumbai Indians,Mumbai Indians,Mumbai Indians,Mumbai Indians,bat,Chennai Super Kings,Chennai Super Kings,0,7,ML Hayden
392228,2009,2009-05-16,Indian Premier League,48,New Wanderers Stadium,New Wanderers Stadium,Johannesburg,Johannesburg,Deccan Chargers,Deccan Chargers,Kolkata Knight Riders,Kolkata Knight Riders,Deccan Chargers,Deccan Chargers,field,Deccan Chargers,Deccan Chargers,0,6,RG Sharma
392229,2009,2009-05-17,Indian Premier League,49,New Wanderers Stadium,New Wanderers Stadium,Johannesburg,Johannesburg,Deccan Chargers,Deccan Chargers,Kings XI Punjab,Punjab Kings,Deccan Chargers,Deccan Chargers,field,Kings XI Punjab,Punjab Kings,1,0,Yuvraj Singh
392230,2009,2009-05-17,Indian Premier League,50,OUTsurance Oval,OUTsurance Oval,Bloemfontein,Bloemfontein,Delhi Daredevils,Delhi Capitals,Rajasthan Royals,Rajasthan Royals,Delhi Daredevils,Delhi Capitals,bat,Delhi Daredevils,Delhi Capitals,14,0,AB de Villiers
392231,2009,2009-05-18,Indian Premier League,51,SuperSport Park,SuperSport Park,Centurion,Centurion,Chennai Super Kings,Chennai Super Kings,Kolkata Knight Riders,Kolkata Knight Riders,Chennai Super Kings,Chennai Super Kings,bat,Kolkata Knight Riders,Kolkata Knight Riders,0,7,BJ Hodge
392232,2009,2009-05-19,Indian Premier League,52,New Wanderers Stadium,New Wanderers Stadium,Johannesburg,Johannesburg,Royal Challengers Bangalore,Royal Challengers Bengaluru,Delhi Daredevils,Delhi Capitals,Delhi Daredevils,Delhi Capitals,bat,Royal Challengers Bangalore,Royal Challengers Bengaluru,0,7,JH Kallis
392233,2009,2009-05-20,Indian Premier League,53,Kingsmead,Kingsmead,Durban,Durban,Kolkata Knight Riders,Kolkata Knight Riders,Rajasthan Royals,Rajasthan Royals,Kolkata Knight Riders,Kolkata Knight Riders,field,Kolkata Knight Riders,Kolkata Knight Riders,0,4,LR Shukla
392234,2009,2009-05-20,Indian Premier League,54,Kingsmead,Kingsmead,Durban,Durban,Chennai Super Kings,Chennai Super Kings,Kings XI Punjab,Punjab Kings,Chennai Super Kings,Chennai Super Kings,bat,Chennai Super Kings,Chennai Super Kings,24,0,M Muralitharan
392235,2009,2009-05-21,Indian Premier League,55,SuperSport Park,SuperSport Park,Centurion,Centurion,Delhi Daredevils,Delhi Capitals,Mumbai Indians,Mumbai Indians,Delhi Daredevils,Delhi Capitals,field,Delhi Daredevils,Delhi Capitals,0,4,V Sehwag
392236,2009,2009-05-21,Indian Premier League,56,SuperSport Park,SuperSport Park,Centurion,Centurion,Royal Challengers Bangalore,Royal Challengers Bengaluru,Deccan Chargers,Deccan Chargers,Royal Challengers Bangalore,Royal Challengers Bengaluru,bat,Royal Challengers Bangalore,Royal Challengers Bengaluru,12,0,MK Pandey
392237,2009,2009-05-22,Indian Premier League,,SuperSport Park,SuperSport Park,Centurion,Centurion,Delhi Daredevils,Delhi Capitals,Deccan Chargers,Deccan Chargers,Deccan Chargers,Deccan Chargers,field,Deccan Chargers,Deccan Chargers,0,6,AC Gilchrist
392238,2009,2009-05-23,Indian Premier League,,New Wanderers Stadium,New Wanderers Stadium,Johannesburg,Johannesburg,Royal Challengers Bangalore,Royal Challengers Bengaluru,Chennai Super Kings,Chennai Super Kings,Royal Challengers Bangalore,Royal Challengers Bengaluru,field,Royal Challengers Bangalore,Royal Challengers Bengaluru,0,6,MK Pandey
392239,2009,2009-05-24,Indian Premier League,,New Wanderers Stadium,New Wanderers Stadium,Johannesburg,Johannesburg,Royal Challengers Bangalore,Royal Challengers Bengaluru,Deccan Chargers,Deccan Chargers,Royal Challengers Bangalore,Royal Challengers Bengaluru,field,Deccan Chargers,Deccan Chargers,6,0,A Kumble
419106,2010,2010-03-12,Indian Premier League,1,Dr DY Patil Sports Academy,Dr DY Patil Sports Academy,Mumbai,Mumbai,Deccan Chargers,Deccan Chargers,Kolkata Knight Riders,Kolkata Knight Riders,Deccan Chargers,Deccan Chargers,field,Kolkata Knight Riders,Kolkata Knight Riders,11,0,AD Mathews
419107,2010,2010-03-13,Indian Premier League,2,Brabourne Stadium,Brabourne Stadium,Mumbai,Mumbai,Mumbai Indians,Mumbai Indians,Rajasthan Royals,Rajasthan Royals,Mumbai Indians,Mumbai Indians,bat,Mumbai Indians,Mumbai Indians,4,0,YK Pathan
419108,2010,2010-03-13,Indian Premier League,3,"Punjab Cricket Association Stadium, Mohali","Punjab Cricket Association IS Bindra Stadium, Mohali",Chandigarh,Chandigarh,Kings XI Punjab,Punjab Kings,Delhi Daredevils,Delhi Capitals,Delhi Daredevils,Delhi Capitals,field,Delhi Daredevils,Delhi Capitals,0,5,G Gambhir
419109,2010,2010-03-14,Indian Premier League,4,Eden Gardens,Eden Gardens,Kolkata,Kolkata,Kolkata Knight Riders,Kolkata Knight Riders,Royal Challengers Bangalore,Royal Challengers Bengaluru,Kolkata Knight Riders,Kolkata Knight Riders,field,Kolkata Knight Riders,Kolkata Knight Riders,0,7,MK Tiwary
419110,2010,2010-03-14,Indian Premier League,5,"MA Chidambaram Stadium, Chepauk",MA Chidambaram Stadium,Chennai,Chennai,Chennai Super Kings,Chennai Super Kings,Deccan Chargers,Deccan Chargers,Deccan Chargers,Deccan Chargers,bat,Deccan Chargers,Deccan Chargers,31,0,WPUJC Vaas
419111,2010,2010-03-15,Indian Premier League,6,"Sardar Patel Stadium, Motera",Narendra Modi Stadium,Ahmedabad,Ahmedabad,Rajasthan Royals,Rajasthan Royals,Delhi Daredevils,Delhi Capitals,Delhi Daredevils,Delhi Capitals,field,Delhi Daredevils,Delhi Capitals,0,6,V Sehwag
419112,2010,2010-03-16,Indian Premier League,7,M Chinnaswamy Stadium,M Chinnaswamy Stadium,Bangalore,Bengaluru,Royal Challengers Bangalore,Royal Challengers Bengaluru,Kings XI Punjab,Punjab Kings,Kings XI Punjab,Punjab Kings,bat,Royal Challengers Bangalore,Royal Challengers Bengaluru,0,8,JH Kallis
419113,2010,2010-03-16,Indian Premier League,8,Eden Gardens,Eden Gardens,Kolkata,Kolkata,Kolkata Knight Riders,Kolkata Knight Riders,Chennai Super Kings,Chennai Super Kings,Chennai Super Kings,Chennai Super Kings,bat,Chennai Super Kings,Chennai Super Kings,55,0,MS Dhoni
419114,2010,2010-03-17,Indian Premier League,9,Feroz Shah Kotla,Feroz Shah Kotla,Delhi,Delhi,Delhi Daredevils,Delhi Capitals,Mumbai Indians,Mumbai Indians,Delhi Daredevils,Delhi Capitals,field,Mumbai Indians,Mumbai Indians,98,0,SR Tendulkar
419115,2010,2010-03-18,Indian Premier League,10,M Chinnaswamy Stadium,M Chinnaswamy Stadium,Bangalore,Bengaluru,Royal Challengers Bangalore,Royal Challengers Bengaluru,Rajasthan Royals,Rajasthan Royals,Royal Challengers Bangalore,Royal Challengers Bengaluru,field,Royal Challengers Bangalore,Royal Challengers Bengaluru,0,10,JH Kallis
419116,2010,2010-03-19,Indian Premier League,11,Feroz Shah Kotla,Feroz Shah Kotla,Delhi,Delhi,Delhi Daredevils,Delhi Capitals,Chennai Super Kings,Chennai Super Kings,Delhi Daredevils,Delhi Capitals,bat,Chennai Super Kings,Chennai Super Kings,0,5,ML Hayden
419117,2010,2010-03-19,Indian Premier League,12,Barabati Stadium,Barabati Stadium,Cuttack,Cuttack,Deccan Chargers,Deccan Chargers,Kings XI Punjab,Punjab Kings,Kings XI Punjab,Punjab Kings,field,Deccan Chargers,Deccan Chargers,6,0,A Symonds
419118,2010,2010-03-20,Indian Premier League,13,"Sardar Patel Stadium, Motera",Narendra Modi Stadium,Ahmedabad,Ahmedabad,Rajasthan Royals,Rajasthan Royals,Kolkata Knight Riders,Kolkata Knight Riders,Rajasthan Royals,Rajasthan Royals,bat,Rajasthan Royals,Rajasthan Royals,34,0,AA Jhunjhunwala
419119,2010,2010-03-20,Indian Premier League,14,Brabourne Stadium,Brabourne Stadium,Mumbai,Mumbai,Mumbai Indians,Mumbai Indians,Royal Challengers Bangalore,Royal Challengers Bengaluru,Mumbai Indians,Mumbai Indians,bat,Royal Challengers Bangalore,Royal Challengers Bengaluru,0,7,JH Kallis
419120,2010,2010-03-21,Indian Premier League,15,Barabati Stadium,Barabati Stadium,Cuttack,Cuttack,Deccan Chargers,Deccan Chargers,Delhi Daredevils,Delhi Capitals,Deccan Chargers,Deccan Chargers,bat,Deccan Chargers,Deccan Chargers,10,0,A Symonds
419121,2010,2010-03-21,Indian Premier League,16,"MA Chidambaram Stadium, Chepauk",MA Chidambaram Stadium,Chennai,Chennai,Chennai Super Kings,Chennai Super Kings,Kings XI Punjab,Punjab Kings,Chennai Super Kings,Chennai Super Kings,field,,,0,0,J Theron
419122,2010,2010-03-22,Indian Premier League,17,Brabourne Stadium,Brabourne Stadium,Mumbai,Mumbai,Mumbai Indians,Mumbai Indians,Kolkata Knight Riders,Kolkata Knight Riders,Kolkata Knight Riders,Kolkata Knight Riders,bat,Mumbai Indians,Mumbai Indians,0,7,SR Tendulkar
419123,2010,2010-03-23,Indian Premier League,18,M Chinnaswamy Stadium,M Chinnaswamy Stadium,Bangalore,Bengaluru,Royal Challengers Bangalore,Royal Challengers Bengaluru,Chennai Super Kings,Chennai Super Kings,Chennai Super Kings,Chennai Super Kings,field,Royal Challengers Bangalore,Royal Challengers Bengaluru,36,0,RV Uthappa
419124,2010,2010-03-24,Indian Premier League,19,"Punjab Cricket Association Stadium, Mohali","Punjab Cricket Association IS Bindra Stadium, Mohali",Chandigarh,Chandigarh,Kings XI Punjab,Punjab Kings,Rajasthan Royals,Rajasthan Royals,Kings XI Punjab,Punjab Kings,field,Rajasthan Royals,Rajasthan Royals,31,0,AC Voges
419125,2010,2010-03-25,Indian Premier League,21,"Brabourne Stadium, Mumbai",Brabourne Stadium,Mumbai,Mumbai,Chennai Super Kings,Chennai Super Kings,Mumbai Indians,Mumbai Indians,Mumbai Indians,Mumbai Indians,field,Mumbai Indians,Mumbai Indians,0,5,SR Tendulkar
419128,2010,2010-03-25,Indian Premier League,20,M Chinnaswamy Stadium,M Chinnaswamy Stadium,Bangalore,Bengaluru,Royal Challengers Bangalore,Royal Challengers Bengaluru,Delhi Daredevils,Delhi Capitals,Royal Challengers Bangalore,Royal Challengers Bengaluru,field,Delhi Daredevils,Delhi Capitals,17,0,KM Jadhav
419126,2010,2010-03-26,Indian Premier League,22,"Sardar Patel Stadium, Motera",Narendra Modi Stadium,Ahmedabad,Ahmedabad,Rajasthan Royals,Rajasthan Royals,Deccan Chargers,Deccan Chargers,Deccan Chargers,Deccan Chargers,bat,Rajasthan Royals,Rajasthan Royals,0,8,YK Pathan
419127,2010,2010-03-27,Indian Premier League,23,"Punjab Cricket Association Stadium, Mohali","Punjab Cricket Association IS Bindra Stadium, Mohali",Chandigarh,Chandigarh,Kings XI Punjab,Punjab Kings,Kolkata Knight Riders,Kolkata Knight Riders,Kolkata Knight Riders,Kolkata Knight Riders,bat,Kolkata Knight Riders,Kolkata Knight Riders,39,0,MK Tiwary
419129,2010,2010-03-28,Indian Premier League,24,"Sardar Patel Stadium, Motera",Narendra Modi Stadium,Ahmedabad,Ahmedabad,Rajasthan Royals,Rajasthan Royals,Chennai Super Kings,Chennai Super Kings,Rajasthan Royals,Rajasthan Royals,bat,Rajasthan Royals,Rajasthan Royals,17,0,NV Ojha
419130,2010,2010-03-28,Indian Premier League,25,Dr DY Patil Sports Academy,Dr DY Patil Sports Academy,Mumbai,Mumbai,Deccan Chargers,Deccan Chargers,Mumbai Indians,Mumbai Indians,Deccan Chargers,Deccan Chargers,field,Mumbai Indians,Mumbai Indians,41,0,Harbhajan Singh
419131,2010,2010-03-29,Indian Premier League,26,Feroz Shah Kotla,Feroz Shah Kotla,Delhi,Delhi,Delhi Daredevils,Delhi Capitals,Kolkata Knight Riders,Kolkata Knight Riders,Delhi Daredevils,Delhi Capitals,bat,Delhi Daredevils,Delhi Capitals,40,0,DA Warner
419132,2010,2010-03-30,Indian Premier League,27,Brabourne Stadium,Brabourne Stadium,Mumbai,Mumbai,Mumbai Indians,Mumbai Indians,Kings XI Punjab,Punjab Kings,Mumbai Indians,Mumbai Indians,field,Mumbai Indians,Mumbai Indians,0,4,SL Malinga
419133,2010,2010-03-31,Indian Premier League,28,"MA Chidambaram Stadium, Chepauk",MA Chidambaram Stadium,Chennai,Chennai,Chennai Super Kings,Chennai Super Kings,Royal Challengers Bangalore,Royal Challengers Bengaluru,Royal Challengers Bangalore,Royal Challengers Bengaluru,bat,Chennai Super Kings,Chennai Super Kings,0,5,M Vijay
419134,2010,2010-03-31,Indian Premier League,29,Feroz Shah Kotla,Feroz Shah Kotla,Delhi,Delhi,Delhi Daredevils,Delhi Capitals,Rajasthan Royals,Rajasthan Royals,Delhi Daredevils,Delhi Capitals,bat,Delhi Daredevils,Delhi Capitals,67,0,KD Karthik
419135,2010,2010-04-01,Indian Premier League,30,Eden Gardens,Eden Gardens,Kolkata,Kolkata,Kolkata Knight Riders,Kolkata Knight Riders,Deccan Chargers,Deccan Chargers,Kolkata Knight Riders,Kolkata Knight Riders,bat,Kolkata Knight Riders,Kolkata Knight Riders,24,0,SC Ganguly
419136,2010,2010-04-02,Indian Premier League,31,"Punjab Cricket Association Stadium, Mohali","Punjab Cricket Association IS Bindra Stadium, Mohali",Chandigarh,Chandigarh,Kings XI Punjab,Punjab Kings,Royal Challengers Bangalore,Royal Challengers Bengaluru,Kings XI Punjab,Punjab Kings,bat,Royal Challengers Bangalore,Royal Challengers Bengaluru,0,6,KP Pietersen
419137,2010,2010-04-03,Indian Premier League,32,"MA Chidambaram Stadium, Chepauk",MA Chidambaram Stadium,Chennai,Chennai,Chennai Super Kings,Chennai Super Kings,Rajasthan Royals,Rajasthan Royals,Chennai Super Kings,Chennai Super Kings,bat,Chennai Super Kings,Chennai Super Kings,23,0,M Vijay
419138,2010,2010-04-03,Indian Premier League,33,Brabourne Stadium,Brabourne Stadium,Mumbai,Mumbai,Mumbai Indians,Mumbai Indians,Deccan Chargers,Deccan Chargers,Mumbai Indians,Mumbai Indians,bat,Mumbai Indians,Mumbai Indians,63,0,AT Rayudu
419139,2010,2010-04-04,Indian Premier League,34,Eden Gardens,Eden Gardens,Kolkata,Kolkata,Kolkata Knight Riders,Kolkata Knight Riders,Kings XI Punjab,Punjab Kings,Kolkata Knight Riders,Kolkata Knight Riders,bat,Kings XI Punjab,Punjab Kings,0,8,DPMD Jayawardene
419140,2010,2010-04-04,Indian Premier League,35,Feroz Shah Kotla,Feroz Shah Kotla,Delhi,Delhi,Delhi Daredevils,Delhi Capitals,Royal Challengers Bangalore,Royal Challengers Bengaluru,Delhi Daredevils,Delhi Capitals,bat,Delhi Daredevils,Delhi Capitals,37,0,PD Collingwood
419141,2010,2010-04-05,Indian Premier League,36,"Vidarbha Cricket Association Stadium, Jamtha","Vidarbha Cricket Association Stadium, Jamtha",Nagpur,Nagpur,Deccan Chargers,Deccan Chargers,Rajasthan Royals,Rajasthan Royals,Rajasthan Royals,Rajasthan Royals,bat,Rajasthan Royals,Rajasthan Royals,2,0,SK Warne
419142,2010,2010-04-06,Indian Premier League,37,"MA Chidambaram Stadium, Chepauk",MA Chidambaram Stadium,Chennai,Chennai,Chennai Super Kings,Chennai Super Kings,Mumbai Indians,Mumbai Indians,Chennai Super Kings,Chennai Super Kings,bat,Chennai Super Kings,Chennai Super Kings,24,0,SK Raina
419143,2010,2010-04-07,Indian Premier League,38,Sawai Mansingh Stadium,Sawai Mansingh Stadium,Jaipur,Jaipur,Rajasthan Royals,Rajasthan Royals,Kings XI Punjab,Punjab Kings,Kings XI Punjab,Punjab Kings,bat,Rajasthan Royals,Rajasthan Royals,0,9,MJ Lumb
419144,2010,2010-04-07,Indian Premier League,39,Eden Gardens,Eden Gardens,Kolkata,Kolkata,Kolkata Knight Riders,Kolkata Knight Riders,Delhi Daredevils,Delhi Capitals,Kolkata Knight Riders,Kolkata Knight Riders,bat,Kolkata Knight Riders,Kolkata Knight Riders,14,0,SC Ganguly
419145,2010,2010-04-08,Indian Premier League,40,M Chinnaswamy Stadium,M Chinnaswamy Stadium,Bangalore,Bengaluru,Royal Challengers Bangalore,Royal Challengers Bengaluru,Deccan Chargers,Deccan Chargers,Deccan Chargers,Deccan Chargers,field,Deccan Chargers,Deccan Chargers,0,7,TL Suman
419146,2010,2010-04-09,Indian Premier League,41,"Punjab Cricket Association Stadium, Mohali","Punjab Cricket Association IS Bindra Stadium, Mohali",Chandigarh,Chandigarh,Kings XI Punjab,Punjab Kings,Mumbai Indians,Mumbai Indians,Mumbai Indians,Mumbai Indians,bat,Kings XI Punjab,Punjab Kings,0,6,KC Sangakkara
419147,2010,2010-04-10,Indian Premier League,42,"Vidarbha Cricket Association Stadium, Jamtha","Vidarbha Cricket Association Stadium, Jamtha",Nagpur,Nagpur,Deccan Chargers,Deccan Chargers,Chennai Super Kings,Chennai Super Kings,Chennai Super Kings,Chennai Super Kings,bat,Deccan Chargers,Deccan Chargers,0,6,RJ Harris
419148,2010,2010-04-10,Indian Premier League,43,M Chinnaswamy Stadium,M Chinnaswamy Stadium,Bangalore,Bengaluru,Royal Challengers Bangalore,Royal Challengers Bengaluru,Kolkata Knight Riders,Kolkata Knight Riders,Royal Challengers Bangalore,Royal Challengers Bengaluru,field,Royal Challengers Bangalore,Royal Challengers Bengaluru,0,7,R Vinay Kumar
419149,2010,2010-04-11,Indian Premier League,44,Feroz Shah Kotla,Feroz Shah Kotla,Delhi,Delhi,Delhi Daredevils,Delhi Capitals,Kings XI Punjab,Punjab Kings,Delhi Daredevils,Delhi Capitals,bat,Kings XI Punjab,Punjab Kings,0,7,PP Chawla
419150,2010,2010-04-11,Indian Premier League,45,Sawai Mansingh Stadium,Sawai Mansingh Stadium,Jaipur,Jaipur,Rajasthan Royals,Rajasthan Royals,Mumbai Indians,Mumbai Indians,Rajasthan Royals,Rajasthan Royals,field,Mumbai Indians,Mumbai Indians,37,0,SR Tendulkar
419151,2010,2010-04-12,Indian Premier League,46,"Vidarbha Cricket Association Stadium, Jamtha","Vidarbha Cricket Association Stadium, Jamtha",Nagpur,Nagpur,Deccan Chargers,Deccan Chargers,Royal Challengers Bangalore,Royal Challengers Bengaluru,Royal Challengers Bangalore,Royal Challengers Bengaluru,field,Deccan Chargers,Deccan Chargers,13,0,Harmeet Singh
419152,2010,2010-04-13,Indian Premier League,47,Brabourne Stadium,Brabourne Stadium,Mumbai,Mumbai,Mumbai Indians,Mumbai Indians,Delhi Daredevils,Delhi Capitals,Mumbai Indians,Mumbai Indians,bat,Mumbai Indians,Mumbai Indians,39,0,KA Pollard
419153,2010,2010-04-13,Indian Premier League,48,"MA Chidambaram Stadium, Chepauk",MA Chidambaram Stadium,Chennai,Chennai,Chennai Super Kings,Chennai Super Kings,Kolkata Knight Riders,Kolkata Knight Riders,Kolkata Knight Riders,Kolkata Knight Riders,bat,Chennai Super Kings,Chennai Super Kings,0,9,R Ashwin
419154,2010,2010-04-14,Indian Premier League,49,Sawai Mansingh Stadium,Sawai Mansingh Stadium,Jaipur,Jaipur,Rajasthan Royals,Rajasthan Royals,Royal Challengers Bangalore,Royal Challengers Bengaluru,Rajasthan Royals,Rajasthan Royals,bat,Royal Challengers Bangalore,Royal Challengers Bengaluru,0,5,KP Pietersen
419155,2010,2010-04-15,Indian Premier League,50,"MA Chidambaram Stadium, Chepauk",MA Chidambaram Stadium,Chennai,Chennai,Chennai Super Kings,Chennai Super Kings,Delhi Daredevils,Delhi Capitals,Chennai Super Kings,Chennai Super Kings,bat,Delhi Daredevils,Delhi Capitals,0,6,G Gambhir
419156,2010,2010-04-16,Indian Premier League,51,Himachal Pradesh Cricket Association Stadium,Himachal Pradesh Cricket Association Stadium,Dharamsala,Dharamsala,Kings XI Punjab,Punjab Kings,Deccan Chargers,Deccan Chargers,Deccan Chargers,Deccan Chargers,field,Deccan Chargers,Deccan Chargers,0,5,RG Sharma
419157,2010,2010-04-17,Indian Premier League,52,M Chinnaswamy Stadium,M Chinnaswamy Stadium,Bangalore,Bengaluru,Royal Challengers Bangalore,Royal Challengers Bengaluru,Mumbai Indians,Mumbai Indians,Royal Challengers Bangalore,Royal Challengers Bengaluru,field,Mumbai Indians,Mumbai Indians,57,0,R McLaren
419158,2010,2010-04-17,Indian Premier League,53,Eden Gardens,Eden Gardens,Kolkata,Kolkata,Kolkata Knight Riders,Kolkata Knight Riders,Rajasthan Royals,Rajasthan Royals,Rajasthan Royals,Rajasthan Royals,bat,Kolkata Knight Riders,Kolkata Knight Riders,0,8,JD Unadkat
419159,2010,2010-04-18,Indian Premier League,54,Himachal Pradesh Cricket Association Stadium,Himachal Pradesh Cricket Association Stadium,Dharamsala,Dharamsala,Kings XI Punjab,Punjab Kings,Chennai Super Kings,Chennai Super Kings,Chennai Super Kings,Chennai Super Kings,field,Chennai Super Kings,Chennai Super Kings,0,6,MS Dhoni
419160,2010,2010-04-18,Indian Premier League,55,Feroz Shah Kotla,Feroz Shah Kotla,Delhi,Delhi,Delhi Daredevils,Delhi Capitals,Deccan Chargers,Deccan Chargers,Deccan Chargers,Deccan Chargers,bat,Deccan Chargers,Deccan Chargers,11,0,A Symonds
419161,2010,2010-04-19,Indian Premier League,56,Eden Gardens,Eden Gardens,Kolkata,Kolkata,Kolkata Knight Riders,Kolkata Knight Riders,Mumbai Indians,Mumbai Indians,Mumbai Indians,Mumbai Indians,bat,Kolkata Knight Riders,Kolkata Knight Riders,0,9,M Kartik
419162,2010,2010-04-21,Indian Premier League,,Dr DY Patil Sports Academy,Dr DY Patil Sports Academy,Mumbai,Mumbai,Royal Challengers Bangalore,Royal Challengers Bengaluru,Mumbai Indians,Mumbai Indians,Mumbai Indians,Mumbai Indians,bat,Mumbai Indians,Mumbai Indians,35,0,KA Pollard
419163,2010,2010-04-22,Indian Premier League,,Dr DY Patil Sports Academy,Dr DY Patil Sports Academy,Mumbai,Mumbai,Chennai Super Kings,Chennai Super Kings,Deccan Chargers,Deccan Chargers,Chennai Super Kings,Chennai Super Kings,bat,Chennai Super Kings,Chennai Super Kings,38,0,DE Bollinger
419164,2010,2010-04-24,Indian Premier League,,Dr DY Patil Sports Academy,Dr DY Patil Sports Academy,Mumbai,Mumbai,Royal Challengers Bangalore,Royal Challengers Bengaluru,Deccan Chargers,Deccan Chargers,Deccan Chargers,Deccan Chargers,bat,Royal Challengers Bangalore,Royal Challengers Bengaluru,0,9,A Kumble
419165,2010,2010-04-25,Indian Premier League,,Dr DY Patil Sports Academy,Dr DY Patil Sports Academy,Mumbai,Mumbai,Chennai Super Kings,Chennai Super Kings,Mumbai Indians,Mumbai Indians,Chennai Super Kings,Chennai Super Kings,bat,Chennai Super Kings,Chennai Super Kings,22,0,SK Raina
501198,2011,2011-04-08,Indian Premier League,1,"MA Chidambaram Stadium, Chepauk",MA Chidambaram Stadium,Chennai,Chennai,Chennai Super Kings,Chennai Super Kings,Kolkata Knight Riders,Kolkata Knight Riders,Chennai Super Kings,Chennai Super Kings,bat,Chennai Super Kings,Chennai Super Kings,2,0,S Anirudha
501199,2011,2011-04-09,Indian Premier League,2,"Rajiv Gandhi International Stadium, Uppal","Rajiv Gandhi International Stadium, Uppal",Hyderabad,Hyderabad,Deccan Chargers,Deccan Chargers,Rajasthan Royals,Rajasthan Royals,Rajasthan Royals,Rajasthan Royals,field,Rajasthan Royals,Rajasthan Royals,0,8,SK Trivedi
501200,2011,2011-04-09,Indian Premier League,3,Nehru Stadium,Nehru Stadium,Kochi,Kochi,Kochi Tuskers Kerala,Kochi Tuskers Kerala,Royal Challengers Bangalore,Royal Challengers Bengaluru,Kochi Tuskers Kerala,Kochi Tuskers Kerala,bat,Royal Challengers Bangalore,Royal Challengers Bengaluru,0,6,AB de Villiers
501201,2011,2011-04-10,Indian Premier League,4,Feroz Shah Kotla,Feroz Shah Kotla,Delhi,Delhi,Delhi Daredevils,Delhi Capitals,Mumbai Indians,Mumbai Indians,Delhi Daredevils,Delhi Capitals,bat,Mumbai Indians,Mumbai Indians,0,8,SL Malinga
501202,2011,2011-04-10,Indian Premier League,5,Dr DY Patil Sports Academy,Dr DY Patil Sports Academy,Mumbai,Mumbai,Pune Warriors,Pune Warriors,Kings XI Punjab,Punjab Kings,Kings XI Punjab,Punjab Kings,bat,Pune Warriors,Pune Warriors,0,7,SB Wagh
501203,2011,2011-04-11,Indian Premier League,6,Eden Gardens,Eden Gardens,Kolkata,Kolkata,Kolkata Knight Riders,Kolkata Knight Riders,Deccan Chargers,Deccan Chargers,Kolkata Knight Riders,Kolkata Knight Riders,bat,Kolkata Knight Riders,Kolkata Knight Riders,9,0,JH Kallis
501204,2011,2011-04-12,Indian Premier League,7,Sawai Mansingh Stadium,Sawai Mansingh Stadium,Jaipur,Jaipur,Rajasthan Royals,Rajasthan Royals,Delhi Daredevils,Delhi Capitals,Delhi Daredevils,Delhi Capitals,bat,Rajasthan Royals,Rajasthan Royals,0,6,SK Warne
501205,2011,2011-04-12,Indian Premier League,8,M Chinnaswamy Stadium,M Chinnaswamy Stadium,Bangalore,Bengaluru,Royal Challengers Bangalore,Royal Challengers Bengaluru,Mumbai Indians,Mumbai Indians,Mumbai Indians,Mumbai Indians,field,Mumbai Indians,Mumbai Indians,0,9,SR Tendulkar
501206,2011,2011-04-13,Indian Premier League,9,"Punjab Cricket Association Stadium, Mohali","Punjab Cricket Association IS Bindra Stadium, Mohali",Chandigarh,Chandigarh,Kings XI Punjab,Punjab Kings,Chennai Super Kings,Chennai Super Kings,Kings XI Punjab,Punjab Kings,field,Kings XI Punjab,Punjab Kings,0,6,PC Valthaty
501207,2011,2011-04-13,Indian Premier League,10,Dr DY Patil Sports Academy,Dr DY Patil Sports Academy,Mumbai,Mumbai,Pune Warriors,Pune Warriors,Kochi Tuskers Kerala,Kochi Tuskers Kerala,Kochi Tuskers Kerala,Kochi Tuskers Kerala,bat,Pune Warriors,Pune Warriors,0,4,MD Mishra
501208,2011,2011-04-14,Indian Premier League,11,"Rajiv Gandhi International Stadium, Uppal","Rajiv Gandhi International Stadium, Uppal",Hyderabad,Hyderabad,Deccan Chargers,Deccan Chargers,Royal Challengers Bangalore,Royal Challengers Bengaluru,Royal Challengers Bangalore,Royal Challengers Bengaluru,field,Deccan Chargers,Deccan Chargers,33,0,DW Steyn
501209,2011,2011-04-15,Indian Premier League,12,Sawai Mansingh Stadium,Sawai Mansingh Stadium,Jaipur,Jaipur,Rajasthan Royals,Rajasthan Royals,Kolkata Knight Riders,Kolkata Knight Riders,Kolkata Knight Riders,Kolkata Knight Riders,field,Kolkata Knight Riders,Kolkata Knight Riders,0,9,G Gambhir
501210,2011,2011-04-15,Indian Premier League,13,Wankhede Stadium,Wankhede Stadium,Mumbai,Mumbai,Mumbai Indians,Mumbai Indians,Kochi Tuskers Kerala,Kochi Tuskers Kerala,Kochi Tuskers Kerala,Kochi Tuskers Kerala,field,Kochi Tuskers Kerala,Kochi Tuskers Kerala,0,8,BB McCullum
501211,2011,2011-04-16,Indian Premier League,14,"MA Chidambaram Stadium, Chepauk",MA Chidambaram Stadium,Chennai,Chennai,Chennai Super Kings,Chennai Super Kings,Royal Challengers Bangalore,Royal Challengers Bengaluru,Chennai Super Kings,Chennai Super Kings,bat,Chennai Super Kings,Chennai Super Kings,21,0,MEK Hussey
501212,2011,2011-04-16,Indian Premier League,15,"Rajiv Gandhi International Stadium, Uppal","Rajiv Gandhi International Stadium, Uppal",Hyderabad,Hyderabad,Deccan Chargers,Deccan Chargers,Kings XI Punjab,Punjab Kings,Kings XI Punjab,Punjab Kings,field,Kings XI Punjab,Punjab Kings,0,8,PC Valthaty
501213,2011,2011-04-17,Indian Premier League,16,Dr DY Patil Sports Academy,Dr DY Patil Sports Academy,Mumbai,Mumbai,Pune Warriors,Pune Warriors,Delhi Daredevils,Delhi Capitals,Delhi Daredevils,Delhi Capitals,field,Delhi Daredevils,Delhi Capitals,0,3,Yuvraj Singh
501214,2011,2011-04-17,Indian Premier League,17,Eden Gardens,Eden Gardens,Kolkata,Kolkata,Kolkata Knight Riders,Kolkata Knight Riders,Rajasthan Royals,Rajasthan Royals,Kolkata Knight Riders,Kolkata Knight Riders,field,Kolkata Knight Riders,Kolkata Knight Riders,0,8,L Balaji
501215,2011,2011-04-18,Indian Premier League,18,Nehru Stadium,Nehru Stadium,Kochi,Kochi,Kochi Tuskers Kerala,Kochi Tuskers Kerala,Chennai Super Kings,Chennai Super Kings,Kochi Tuskers Kerala,Kochi Tuskers Kerala,field,Kochi Tuskers Kerala,Kochi Tuskers Kerala,0,7,BB McCullum
501216,2011,2011-04-19,Indian Premier League,19,Feroz Shah Kotla,Feroz Shah Kotla,Delhi,Delhi,Delhi Daredevils,Delhi Capitals,Deccan Chargers,Deccan Chargers,Deccan Chargers,Deccan Chargers,bat,Deccan Chargers,Deccan Chargers,16,0,S Sohal
501218,2011,2011-04-20,Indian Premier League,21,Wankhede Stadium,Wankhede Stadium,Mumbai,Mumbai,Mumbai Indians,Mumbai Indians,Pune Warriors,Pune Warriors,Pune Warriors,Pune Warriors,bat,Mumbai Indians,Mumbai Indians,0,7,MM Patel
501219,2011,2011-04-20,Indian Premier League,22,Eden Gardens,Eden Gardens,Kolkata,Kolkata,Kolkata Knight Riders,Kolkata Knight Riders,Kochi Tuskers Kerala,Kochi Tuskers Kerala,Kolkata Knight Riders,Kolkata Knight Riders,field,Kochi Tuskers Kerala,Kochi Tuskers Kerala,6,0,DPMD Jayawardene
501220,2011,2011-04-21,Indian Premier League,23,"Punjab Cricket Association Stadium, Mohali","Punjab Cricket Association IS Bindra Stadium, Mohali",Chandigarh,Chandigarh,Kings XI Punjab,Punjab Kings,Rajasthan Royals,Rajasthan Royals,Rajasthan Royals,Rajasthan Royals,field,Kings XI Punjab,Punjab Kings,48,0,SE Marsh
501221,2011,2011-04-22,Indian Premier League,25,Wankhede Stadium,Wankhede Stadium,Mumbai,Mumbai,Mumbai Indians,Mumbai Indians,Chennai Super Kings,Chennai Super Kings,Chennai Super Kings,Chennai Super Kings,field,Mumbai Indians,Mumbai Indians,8,0,Harbhajan Singh
501222,2011,2011-04-22,Indian Premier League,24,Eden Gardens,Eden Gardens,Kolkata,Kolkata,Kolkata Knight Riders,Kolkata Knight Riders,Royal Challengers Bangalore,Royal Challengers Bengaluru,Royal Challengers Bangalore,Royal Challengers Bengaluru,field,Royal Challengers Bangalore,Royal Challengers Bengaluru,0,9,CH Gayle
501223,2011,2011-04-23,Indian Premier League,26,Feroz Shah Kotla,Feroz Shah Kotla,Delhi,Delhi,Delhi Daredevils,Delhi Capitals,Kings XI Punjab,Punjab Kings,Kings XI Punjab,Punjab Kings,field,Delhi Daredevils,Delhi Capitals,29,0,DA Warner
501224,2011,2011-04-24,Indian Premier League,27,"Rajiv Gandhi International Stadium, Uppal","Rajiv Gandhi International Stadium, Uppal",Hyderabad,Hyderabad,Deccan Chargers,Deccan Chargers,Mumbai Indians,Mumbai Indians,Deccan Chargers,Deccan Chargers,field,Mumbai Indians,Mumbai Indians,37,0,SL Malinga
501225,2011,2011-04-24,Indian Premier League,28,Sawai Mansingh Stadium,Sawai Mansingh Stadium,Jaipur,Jaipur,Rajasthan Royals,Rajasthan Royals,Kochi Tuskers Kerala,Kochi Tuskers Kerala,Rajasthan Royals,Rajasthan Royals,field,Rajasthan Royals,Rajasthan Royals,0,8,SK Warne
501226,2011,2011-04-25,Indian Premier League,29,"MA Chidambaram Stadium, Chepauk",MA Chidambaram Stadium,Chennai,Chennai,Chennai Super Kings,Chennai Super Kings,Pune Warriors,Pune Warriors,Pune Warriors,Pune Warriors,field,Chennai Super Kings,Chennai Super Kings,25,0,MEK Hussey
501227,2011,2011-04-26,Indian Premier League,30,Feroz Shah Kotla,Feroz Shah Kotla,Delhi,Delhi,Delhi Daredevils,Delhi Capitals,Royal Challengers Bangalore,Royal Challengers Bengaluru,Royal Challengers Bangalore,Royal Challengers Bengaluru,field,Royal Challengers Bangalore,Royal Challengers Bengaluru,0,3,V Kohli
501228,2011,2011-04-27,Indian Premier League,31,Dr DY Patil Sports Academy,Dr DY Patil Sports Academy,Mumbai,Mumbai,Pune Warriors,Pune Warriors,Chennai Super Kings,Chennai Super Kings,Pune Warriors,Pune Warriors,bat,Chennai Super Kings,Chennai Super Kings,0,8,DE Bollinger
501229,2011,2011-04-27,Indian Premier League,32,Nehru Stadium,Nehru Stadium,Kochi,Kochi,Kochi Tuskers Kerala,Kochi Tuskers Kerala,Deccan Chargers,Deccan Chargers,Kochi Tuskers Kerala,Kochi Tuskers Kerala,field,Deccan Chargers,Deccan Chargers,55,0,I Sharma
501230,2011,2011-04-28,Indian Premier League,33,Feroz Shah Kotla,Feroz Shah Kotla,Delhi,Delhi,Delhi Daredevils,Delhi Capitals,Kolkata Knight Riders,Kolkata Knight Riders,Delhi Daredevils,Delhi Capitals,field,Kolkata Knight Riders,Kolkata Knight Riders,17,0,MK Tiwary
501231,2011,2011-04-29,Indian Premier League,34,Sawai Mansingh Stadium,Sawai Mansingh Stadium,Jaipur,Jaipur,Rajasthan Royals,Rajasthan Royals,Mumbai Indians,Mumbai Indians,Rajasthan Royals,Rajasthan Royals,field,Rajasthan Royals,Rajasthan Royals,0,7,J Botha
501232,2011,2011-04-29,Indian Premier League,35,M Chinnaswamy Stadium,M Chinnaswamy Stadium,Bangalore,Bengaluru,Royal Challengers Bangalore,Royal Challengers Bengaluru,Pune Warriors,Pune Warriors,Pune Warriors,Pune Warriors,field,Royal Challengers Bangalore,Royal Challengers Bengaluru,26,0,V Kohli
501233,2011,2011-04-30,Indian Premier League,36,Nehru Stadium,Nehru Stadium,Kochi,Kochi,Kochi Tuskers Kerala,Kochi Tuskers Kerala,Delhi Daredevils,Delhi Capitals,Delhi Daredevils,Delhi Capitals,bat,Delhi Daredevils,Delhi Capitals,38,0,V Sehwag
501234,2011,2011-04-30,Indian Premier League,37,Eden Gardens,Eden Gardens,Kolkata,Kolkata,Kolkata Knight Riders,Kolkata Knight Riders,Kings XI Punjab,Punjab Kings,Kolkata Knight Riders,Kolkata Knight Riders,field,Kolkata Knight Riders,Kolkata Knight Riders,0,8,Iqbal Abdulla
501235,2011,2011-05-01,Indian Premier League,38,Sawai Mansingh Stadium,Sawai Mansingh Stadium,Jaipur,Jaipur,Rajasthan Royals,Rajasthan Royals,Pune Warriors,Pune Warriors,Rajasthan Royals,Rajasthan Royals,field,Rajasthan Royals,Rajasthan Royals,0,6,LRPL Taylor
501236,2011,2011-05-01,Indian Premier League,39,"MA Chidambaram Stadium, Chepauk",MA Chidambaram Stadium,Chennai,Chennai,Chennai Super Kings,Chennai Super Kings,Deccan Chargers,Deccan Chargers,Chennai Super Kings,Chennai Super Kings,bat,Chennai Super Kings,Chennai Super Kings,19,0,JA Morkel
501237,2011,2011-05-02,Indian Premier League,40,Wankhede Stadium,Wankhede Stadium,Mumbai,Mumbai,Mumbai Indians,Mumbai Indians,Kings XI Punjab,Punjab Kings,Kings XI Punjab,Punjab Kings,field,Mumbai Indians,Mumbai Indians,23,0,KA Pollard
501238,2011,2011-05-02,Indian Premier League,41,Feroz Shah Kotla,Feroz Shah Kotla,Delhi,Delhi,Delhi Daredevils,Delhi Capitals,Kochi Tuskers Kerala,Kochi Tuskers Kerala,Kochi Tuskers Kerala,Kochi Tuskers Kerala,field,Kochi Tuskers Kerala,Kochi Tuskers Kerala,0,7,P Parameswaran
501239,2011,2011-05-03,Indian Premier League,42,"Rajiv Gandhi International Stadium, Uppal","Rajiv Gandhi International Stadium, Uppal",Hyderabad,Hyderabad,Deccan Chargers,Deccan Chargers,Kolkata Knight Riders,Kolkata Knight Riders,Deccan Chargers,Deccan Chargers,field,Kolkata Knight Riders,Kolkata Knight Riders,20,0,YK Pathan
501240,2011,2011-05-04,Indian Premier League,43,"MA Chidambaram Stadium, Chepauk",MA Chidambaram Stadium,Chennai,Chennai,Chennai Super Kings,Chennai Super Kings,Rajasthan Royals,Rajasthan Royals,Rajasthan Royals,Rajasthan Royals,bat,Chennai Super Kings,Chennai Super Kings,0,8,MEK Hussey
501241,2011,2011-05-04,Indian Premier League,44,Dr DY Patil Sports Academy,Dr DY Patil Sports Academy,Mumbai,Mumbai,Pune Warriors,Pune Warriors,Mumbai Indians,Mumbai Indians,Pune Warriors,Pune Warriors,field,Mumbai Indians,Mumbai Indians,21,0,R Sharma
501242,2011,2011-05-05,Indian Premier League,45,Nehru Stadium,Nehru Stadium,Kochi,Kochi,Kochi Tuskers Kerala,Kochi Tuskers Kerala,Kolkata Knight Riders,Kolkata Knight Riders,Kolkata Knight Riders,Kolkata Knight Riders,field,Kochi Tuskers Kerala,Kochi Tuskers Kerala,17,0,BJ Hodge
501243,2011,2011-05-05,Indian Premier League,46,"Rajiv Gandhi International Stadium, Uppal","Rajiv Gandhi International Stadium, Uppal",Hyderabad,Hyderabad,Deccan Chargers,Deccan Chargers,Delhi Daredevils,Delhi Capitals,Delhi Daredevils,Delhi Capitals,field,Delhi Daredevils,Delhi Capitals,0,4,V Sehwag
501244,2011,2011-05-06,Indian Premier League,47,M Chinnaswamy Stadium,M Chinnaswamy Stadium,Bangalore,Bengaluru,Royal Challengers Bangalore,Royal Challengers Bengaluru,Kings XI Punjab,Punjab Kings,Kings XI Punjab,Punjab Kings,field,Royal Challengers Bangalore,Royal Challengers Bengaluru,85,0,CH Gayle
501245,2011,2011-05-07,Indian Premier League,48,Eden Gardens,Eden Gardens,Kolkata,Kolkata,Kolkata Knight Riders,Kolkata Knight Riders,Chennai Super Kings,Chennai Super Kings,Chennai Super Kings,Chennai Super Kings,bat,Kolkata Knight Riders,Kolkata Knight Riders,10,0,Iqbal Abdulla
501246,2011,2011-05-07,Indian Premier League,49,Wankhede Stadium,Wankhede Stadium,Mumbai,Mumbai,Mumbai Indians,Mumbai Indians,Delhi Daredevils,Delhi Capitals,Delhi Daredevils,Delhi Capitals,field,Mumbai Indians,Mumbai Indians,32,0,AT Rayudu
501247,2011,2011-05-08,Indian Premier League,50,M Chinnaswamy Stadium,M Chinnaswamy Stadium,Bangalore,Bengaluru,Royal Challengers Bangalore,Royal Challengers Bengaluru,Kochi Tuskers Kerala,Kochi Tuskers Kerala,Kochi Tuskers Kerala,Kochi Tuskers Kerala,bat,Royal Challengers Bangalore,Royal Challengers Bengaluru,0,9,CH Gayle
501248,2011,2011-05-08,Indian Premier League,51,"Punjab Cricket Association Stadium, Mohali","Punjab Cricket Association IS Bindra Stadium, Mohali",Chandigarh,Chandigarh,Kings XI Punjab,Punjab Kings,Pune Warriors,Pune Warriors,Kings XI Punjab,Punjab Kings,bat,Pune Warriors,Pune Warriors,0,5,R Sharma
501249,2011,2011-05-09,Indian Premier League,52,Sawai Mansingh Stadium,Sawai Mansingh Stadium,Jaipur,Jaipur,Rajasthan Royals,Rajasthan Royals,Chennai Super Kings,Chennai Super Kings,Rajasthan Royals,Rajasthan Royals,field,Chennai Super Kings,Chennai Super Kings,63,0,M Vijay
501250,2011,2011-05-10,Indian Premier League,53,"Rajiv Gandhi International Stadium, Uppal","Rajiv Gandhi International Stadium, Uppal",Hyderabad,Hyderabad,Deccan Chargers,Deccan Chargers,Pune Warriors,Pune Warriors,Deccan Chargers,Deccan Chargers,bat,Pune Warriors,Pune Warriors,0,6,MR Marsh
501251,2011,2011-05-10,Indian Premier League,54,"Punjab Cricket Association Stadium, Mohali","Punjab Cricket Association IS Bindra Stadium, Mohali",Chandigarh,Chandigarh,Kings XI Punjab,Punjab Kings,Mumbai Indians,Mumbai Indians,Mumbai Indians,Mumbai Indians,field,Kings XI Punjab,Punjab Kings,76,0,BA Bhatt
501252,2011,2011-05-11,Indian Premier League,55,Sawai Mansingh Stadium,Sawai Mansingh Stadium,Jaipur,Jaipur,Rajasthan Royals,Rajasthan Royals,Royal Challengers Bangalore,Royal Challengers Bengaluru,Royal Challengers Bangalore,Royal Challengers Bengaluru,field,Royal Challengers Bangalore,Royal Challengers Bengaluru,0,9,S Aravind
501253,2011,2011-05-12,Indian Premier League,56,"MA Chidambaram Stadium, Chepauk",MA Chidambaram Stadium,Chennai,Chennai,Chennai Super Kings,Chennai Super Kings,Delhi Daredevils,Delhi Capitals,Chennai Super Kings,Chennai Super Kings,bat,Chennai Super Kings,Chennai Super Kings,18,0,MS Dhoni
501254,2011,2011-05-13,Indian Premier League,57,Holkar Cricket Stadium,Holkar Cricket Stadium,Indore,Indore,Kochi Tuskers Kerala,Kochi Tuskers Kerala,Kings XI Punjab,Punjab Kings,Kings XI Punjab,Punjab Kings,field,Kings XI Punjab,Punjab Kings,0,6,KD Karthik
501255,2011,2011-05-14,Indian Premier League,58,M Chinnaswamy Stadium,M Chinnaswamy Stadium,Bangalore,Bengaluru,Royal Challengers Bangalore,Royal Challengers Bengaluru,Kolkata Knight Riders,Kolkata Knight Riders,Royal Challengers Bangalore,Royal Challengers Bengaluru,field,Royal Challengers Bangalore,Royal Challengers Bengaluru,0,4,CH Gayle
501256,2011,2011-05-14,Indian Premier League,59,Wankhede Stadium,Wankhede Stadium,Mumbai,Mumbai,Mumbai Indians,Mumbai Indians,Deccan Chargers,Deccan Chargers,Deccan Chargers,Deccan Chargers,bat,Deccan Chargers,Deccan Chargers,10,0,A Mishra
501257,2011,2011-05-15,Indian Premier League,60,Himachal Pradesh Cricket Association Stadium,Himachal Pradesh Cricket Association Stadium,Dharamsala,Dharamsala,Kings XI Punjab,Punjab Kings,Delhi Daredevils,Delhi Capitals,Delhi Daredevils,Delhi Capitals,field,Kings XI Punjab,Punjab Kings,29,0,PP Chawla
501258,2011,2011-05-15,Indian Premier League,61,Holkar Cricket Stadium,Holkar Cricket Stadium,Indore,Indore,Kochi Tuskers Kerala,Kochi Tuskers Kerala,Rajasthan Royals,Rajasthan Royals,Kochi Tuskers Kerala,Kochi Tuskers Kerala,field,Kochi Tuskers Kerala,Kochi Tuskers Kerala,0,8,BJ Hodge
501259,2011,2011-05-16,Indian Premier League,62,Dr DY Patil Sports Academy,Dr DY Patil Sports Academy,Mumbai,Mumbai,Pune Warriors,Pune Warriors,Deccan Chargers,Deccan Chargers,Deccan Chargers,Deccan Chargers,field,Deccan Chargers,Deccan Chargers,0,6,A Mishra
501260,2011,2011-05-17,Indian Premier League,63,Himachal Pradesh Cricket Association Stadium,Himachal Pradesh Cricket Association Stadium,Dharamsala,Dharamsala,Kings XI Punjab,Punjab Kings,Royal Challengers Bangalore,Royal Challengers Bengaluru,Kings XI Punjab,Punjab Kings,bat,Kings XI Punjab,Punjab Kings,111,0,AC Gilchrist
501261,2011,2011-05-18,Indian Premier League,64,"MA Chidambaram Stadium, Chepauk",MA Chidambaram Stadium,Chennai,Chennai,Chennai Super Kings,Chennai Super Kings,Kochi Tuskers Kerala,Kochi Tuskers Kerala,Chennai Super Kings,Chennai Super Kings,bat,Chennai Super Kings,Chennai Super Kings,11,0,WP Saha
501262,2011,2011-05-19,Indian Premier League,65,Dr DY Patil Sports Academy,Dr DY Patil Sports Academy,Mumbai,Mumbai,Pune Warriors,Pune Warriors,Kolkata Knight Riders,Kolkata Knight Riders,Kolkata Knight Riders,Kolkata Knight Riders,field,Kolkata Knight Riders,Kolkata Knight Riders,0,7,YK Pathan
501263,2011,2011-05-20,Indian Premier League,66,Wankhede Stadium,Wankhede Stadium,Mumbai,Mumbai,Mumbai Indians,Mumbai Indians,Rajasthan Royals,Rajasthan Royals,Mumbai Indians,Mumbai Indians,bat,Rajasthan Royals,Rajasthan Royals,0,10,SR Watson
501264,2011,2011-05-21,Indian Premier League,67,Himachal Pradesh Cricket Association Stadium,Himachal Pradesh Cricket Association Stadium,Dharamsala,Dharamsala,Kings XI Punjab,Punjab Kings,Deccan Chargers,Deccan Chargers,Kings XI Punjab,Punjab Kings,field,Deccan Chargers,Deccan Chargers,82,0,S Dhawan
501265,2011,2011-05-21,Indian Premier League,68,Feroz Shah Kotla,Feroz Shah Kotla,Delhi,Delhi,Delhi Daredevils,Delhi Capitals,Pune Warriors,Pune Warriors,Delhi Daredevils,Delhi Capitals,bat,,,0,0,
501266,2011,2011-05-22,Indian Premier League,69,M Chinnaswamy Stadium,M Chinnaswamy Stadium,Bangalore,Bengaluru,Royal Challengers Bangalore,Royal Challengers Bengaluru,Chennai Super Kings,Chennai Super Kings,Royal Challengers Bangalore,Royal Challengers Bengaluru,field,Royal Challengers Bangalore,Royal Challengers Bengaluru,0,8,CH Gayle
501267,2011,2011-05-22,Indian Premier League,70,Eden Gardens,Eden Gardens,Kolkata,Kolkata,Kolkata Knight Riders,Kolkata Knight Riders,Mumbai Indians,Mumbai Indians,Mumbai Indians,Mumbai Indians,field,Mumbai Indians,Mumbai Indians,0,5,JEC Franklin
501268,2011,2011-05-24,Indian Premier League,,Wankhede Stadium,Wankhede Stadium,Mumbai,Mumbai,Royal Challengers Bangalore,Royal Challengers Bengaluru,Chennai Super Kings,Chennai Super Kings,Chennai Super Kings,Chennai Super Kings,field,Chennai Super Kings,Chennai Super Kings,0,6,SK Raina
501269,2011,2011-05-25,Indian Premier League,,Wankhede Stadium,Wankhede Stadium,Mumbai,Mumbai,Mumbai Indians,Mumbai Indians,Kolkata Knight Riders,Kolkata Knight Riders,Mumbai Indians,Mumbai Indians,field,Mumbai Indians,Mumbai Indians,0,4,MM Patel
501270,2011,2011-05-27,Indian Premier League,,"MA Chidambaram Stadium, Chepauk",MA Chidambaram Stadium,Chennai,Chennai,Royal Challengers Bangalore,Royal Challengers Bengaluru,Mumbai Indians,Mumbai Indians,Mumbai Indians,Mumbai Indians,field,Royal Challengers Bangalore,Royal Challengers Bengaluru,43,0,CH Gayle
501271,2011,2011-05-28,Indian Premier League,,"MA Chidambaram Stadium, Chepauk",MA Chidambaram Stadium,Chennai,Chennai,Chennai Super Kings,Chennai Super Kings,Royal Challengers Bangalore,Royal Challengers Bengaluru,Chennai Super Kings,Chennai Super Kings,bat,Chennai Super Kings,Chennai Super Kings,58,0,M Vijay
548306,2012,2012-04-04,Indian Premier League,1,"MA Chidambaram Stadium, Chepauk",MA Chidambaram Stadium,Chennai,Chennai,Chennai Super Kings,Chennai Super Kings,Mumbai Indians,Mumbai Indians,Mumbai Indians,Mumbai Indians,field,Mumbai Indians,Mumbai Indians,0,8,RE Levi
548307,2012,2012-04-05,Indian Premier League,2,Eden Gardens,Eden Gardens,Kolkata,Kolkata,Kolkata Knight Riders,Kolkata Knight Riders,Delhi Daredevils,Delhi Capitals,Delhi Daredevils,Delhi Capitals,field,Delhi Daredevils,Delhi Capitals,0,8,IK Pathan
548308,2012,2012-04-06,Indian Premier League,3,Wankhede Stadium,Wankhede Stadium,Mumbai,Mumbai,Mumbai Indians,Mumbai Indians,Pune Warriors,Pune Warriors,Mumbai Indians,Mumbai Indians,field,Pune Warriors,Pune Warriors,28,0,SPD Smith
548309,2012,2012-04-06,Indian Premier League,4,Sawai Mansingh Stadium,Sawai Mansingh Stadium,Jaipur,Jaipur,Rajasthan Royals,Rajasthan Royals,Kings XI Punjab,Punjab Kings,Kings XI Punjab,Punjab Kings,field,Rajasthan Royals,Rajasthan Royals,31,0,AM Rahane
548310,2012,2012-04-07,Indian Premier League,5,M Chinnaswamy Stadium,M Chinnaswamy Stadium,Bangalore,Bengaluru,Royal Challengers Bangalore,Royal Challengers Bengaluru,Delhi Daredevils,Delhi Capitals,Delhi Daredevils,Delhi Capitals,field,Royal Challengers Bangalore,Royal Challengers Bengaluru,20,0,AB de Villiers
548311,2012,2012-04-07,Indian Premier League,6,Dr. Y.S. Rajasekhara Reddy ACA-VDCA Cricket Stadium,Dr Y.S. Rajasekhara Reddy ACA-VDCA Cricket Stadium,Visakhapatnam,Visakhapatnam,Deccan Chargers,Deccan Chargers,Chennai Super Kings,Chennai Super Kings,Deccan Chargers,Deccan Chargers,field,Chennai Super Kings,Chennai Super Kings,74,0,RA Jadeja
548312,2012,2012-04-08,Indian Premier League,7,Sawai Mansingh Stadium,Sawai Mansingh Stadium,Jaipur,Jaipur,Rajasthan Royals,Rajasthan Royals,Kolkata Knight Riders,Kolkata Knight Riders,Kolkata Knight Riders,Kolkata Knight Riders,field,Rajasthan Royals,Rajasthan Royals,22,0,BJ Hodge
548313,2012,2012-04-08,Indian Premier League,8,Subrata Roy Sahara Stadium,Subrata Roy Sahara Stadium,Pune,Pune,Pune Warriors,Pune Warriors,Kings XI Punjab,Punjab Kings,Pune Warriors,Pune Warriors,bat,Pune Warriors,Pune Warriors,22,0,MN Samuels
548314,2012,2012-04-09,Indian Premier League,9,Dr. Y.S. Rajasekhara Reddy ACA-VDCA Cricket Stadium,Dr Y.S. Rajasekhara Reddy ACA-VDCA Cricket Stadium,Visakhapatnam,Visakhapatnam,Deccan Chargers,Deccan Chargers,Mumbai Indians,Mumbai Indians,Deccan Chargers,Deccan Chargers,bat,Mumbai Indians,Mumbai Indians,0,5,RG Sharma
548315,2012,2012-04-10,Indian Premier League,10,M Chinnaswamy Stadium,M Chinnaswamy Stadium,Bangalore,Bengaluru,Royal Challengers Bangalore,Royal Challengers Bengaluru,Kolkata Knight Riders,Kolkata Knight Riders,Royal Challengers Bangalore,Royal Challengers Bengaluru,field,Kolkata Knight Riders,Kolkata Knight Riders,42,0,L Balaji
548316,2012,2012-04-10,Indian Premier League,11,Feroz Shah Kotla,Feroz Shah Kotla,Delhi,Delhi,Delhi Daredevils,Delhi Capitals,Chennai Super Kings,Chennai Super Kings,Delhi Daredevils,Delhi Capitals,field,Delhi Daredevils,Delhi Capitals,0,8,M Morkel
548317,2012,2012-04-11,Indian Premier League,12,Wankhede Stadium,Wankhede Stadium,Mumbai,Mumbai,Mumbai Indians,Mumbai Indians,Rajasthan Royals,Rajasthan Royals,Rajasthan Royals,Rajasthan Royals,field,Mumbai Indians,Mumbai Indians,27,0,KA Pollard
548318,2012,2012-04-12,Indian Premier League,13,"MA Chidambaram Stadium, Chepauk",MA Chidambaram Stadium,Chennai,Chennai,Chennai Super Kings,Chennai Super Kings,Royal Challengers Bangalore,Royal Challengers Bengaluru,Royal Challengers Bangalore,Royal Challengers Bengaluru,bat,Chennai Super Kings,Chennai Super Kings,0,5,F du Plessis
548319,2012,2012-04-12,Indian Premier League,14,"Punjab Cricket Association Stadium, Mohali","Punjab Cricket Association IS Bindra Stadium, Mohali",Chandigarh,Chandigarh,Kings XI Punjab,Punjab Kings,Pune Warriors,Pune Warriors,Kings XI Punjab,Punjab Kings,field,Kings XI Punjab,Punjab Kings,0,7,AD Mascarenhas
548320,2012,2012-04-13,Indian Premier League,15,Eden Gardens,Eden Gardens,Kolkata,Kolkata,Kolkata Knight Riders,Kolkata Knight Riders,Rajasthan Royals,Rajasthan Royals,Rajasthan Royals,Rajasthan Royals,bat,Kolkata Knight Riders,Kolkata Knight Riders,0,5,Shakib Al Hasan
548322,2012,2012-04-14,Indian Premier League,16,Subrata Roy Sahara Stadium,Subrata Roy Sahara Stadium,Pune,Pune,Pune Warriors,Pune Warriors,Chennai Super Kings,Chennai Super Kings,Chennai Super Kings,Chennai Super Kings,bat,Pune Warriors,Pune Warriors,0,7,JD Ryder
548323,2012,2012-04-15,Indian Premier League,17,Eden Gardens,Eden Gardens,Kolkata,Kolkata,Kolkata Knight Riders,Kolkata Knight Riders,Kings XI Punjab,Punjab Kings,Kolkata Knight Riders,Kolkata Knight Riders,field,Kings XI Punjab,Punjab Kings,2,0,SP Narine
548324,2012,2012-04-15,Indian Premier League,18,M Chinnaswamy Stadium,M Chinnaswamy Stadium,Bangalore,Bengaluru,Royal Challengers Bangalore,Royal Challengers Bengaluru,Rajasthan Royals,Rajasthan Royals,Rajasthan Royals,Rajasthan Royals,bat,Rajasthan Royals,Rajasthan Royals,59,0,AM Rahane
548325,2012,2012-04-16,Indian Premier League,19,Wankhede Stadium,Wankhede Stadium,Mumbai,Mumbai,Mumbai Indians,Mumbai Indians,Delhi Daredevils,Delhi Capitals,Delhi Daredevils,Delhi Capitals,field,Delhi Daredevils,Delhi Capitals,0,7,S Nadeem
548326,2012,2012-04-17,Indian Premier League,20,Sawai Mansingh Stadium,Sawai Mansingh Stadium,Jaipur,Jaipur,Rajasthan Royals,Rajasthan Royals,Deccan Chargers,Deccan Chargers,Deccan Chargers,Deccan Chargers,bat,Rajasthan Royals,Rajasthan Royals,0,5,BJ Hodge
548327,2012,2012-04-17,Indian Premier League,21,M Chinnaswamy Stadium,M Chinnaswamy Stadium,Bangalore,Bengaluru,Royal Challengers Bangalore,Royal Challengers Bengaluru,Pune Warriors,Pune Warriors,Pune Warriors,Pune Warriors,bat,Royal Challengers Bangalore,Royal Challengers Bengaluru,0,6,CH Gayle
548328,2012,2012-04-18,Indian Premier League,22,"Punjab Cricket Association Stadium, Mohali","Punjab Cricket Association IS Bindra Stadium, Mohali",Chandigarh,Chandigarh,Kings XI Punjab,Punjab Kings,Kolkata Knight Riders,Kolkata Knight Riders,Kings XI Punjab,Punjab Kings,bat,Kolkata Knight Riders,Kolkata Knight Riders,0,8,G Gambhir
548321,2012,2012-04-19,Indian Premier League,23,Feroz Shah Kotla,Feroz Shah Kotla,Delhi,Delhi,Delhi Daredevils,Delhi Capitals,Deccan Chargers,Deccan Chargers,Deccan Chargers,Deccan Chargers,bat,Delhi Daredevils,Delhi Capitals,0,5,KP Pietersen
548330,2012,2012-04-19,Indian Premier League,24,"MA Chidambaram Stadium, Chepauk",MA Chidambaram Stadium,Chennai,Chennai,Chennai Super Kings,Chennai Super Kings,Pune Warriors,Pune Warriors,Pune Warriors,Pune Warriors,field,Chennai Super Kings,Chennai Super Kings,13,0,KMDN Kulasekara
548331,2012,2012-04-20,Indian Premier League,25,"Punjab Cricket Association Stadium, Mohali","Punjab Cricket Association IS Bindra Stadium, Mohali",Chandigarh,Chandigarh,Kings XI Punjab,Punjab Kings,Royal Challengers Bangalore,Royal Challengers Bengaluru,Royal Challengers Bangalore,Royal Challengers Bengaluru,field,Royal Challengers Bangalore,Royal Challengers Bengaluru,0,5,CH Gayle
548332,2012,2012-04-21,Indian Premier League,26,"MA Chidambaram Stadium, Chepauk",MA Chidambaram Stadium,Chennai,Chennai,Chennai Super Kings,Chennai Super Kings,Rajasthan Royals,Rajasthan Royals,Rajasthan Royals,Rajasthan Royals,bat,Chennai Super Kings,Chennai Super Kings,0,7,F du Plessis
548333,2012,2012-04-21,Indian Premier League,27,Feroz Shah Kotla,Feroz Shah Kotla,Delhi,Delhi,Delhi Daredevils,Delhi Capitals,Pune Warriors,Pune Warriors,Delhi Daredevils,Delhi Capitals,field,Pune Warriors,Pune Warriors,20,0,SC Ganguly
548334,2012,2012-04-22,Indian Premier League,28,Wankhede Stadium,Wankhede Stadium,Mumbai,Mumbai,Mumbai Indians,Mumbai Indians,Kings XI Punjab,Punjab Kings,Mumbai Indians,Mumbai Indians,bat,Kings XI Punjab,Punjab Kings,0,6,SE Marsh
548335,2012,2012-04-22,Indian Premier League,29,Barabati Stadium,Barabati Stadium,Cuttack,Cuttack,Deccan Chargers,Deccan Chargers,Kolkata Knight Riders,Kolkata Knight Riders,Kolkata Knight Riders,Kolkata Knight Riders,field,Kolkata Knight Riders,Kolkata Knight Riders,0,5,B Lee
548336,2012,2012-04-23,Indian Premier League,30,Sawai Mansingh Stadium,Sawai Mansingh Stadium,Jaipur,Jaipur,Rajasthan Royals,Rajasthan Royals,Royal Challengers Bangalore,Royal Challengers Bengaluru,Rajasthan Royals,Rajasthan Royals,field,Royal Challengers Bangalore,Royal Challengers Bengaluru,46,0,AB de Villiers
548337,2012,2012-04-24,Indian Premier League,31,Subrata Roy Sahara Stadium,Subrata Roy Sahara Stadium,Pune,Pune,Pune Warriors,Pune Warriors,Delhi Daredevils,Delhi Capitals,Pune Warriors,Pune Warriors,bat,Delhi Daredevils,Delhi Capitals,0,8,V Sehwag
548339,2012,2012-04-25,Indian Premier League,33,"Punjab Cricket Association Stadium, Mohali","Punjab Cricket Association IS Bindra Stadium, Mohali",Chandigarh,Chandigarh,Kings XI Punjab,Punjab Kings,Mumbai Indians,Mumbai Indians,Kings XI Punjab,Punjab Kings,bat,Mumbai Indians,Mumbai Indians,0,4,AT Rayudu
548341,2012,2012-04-26,Indian Premier League,35,Subrata Roy Sahara Stadium,Subrata Roy Sahara Stadium,Pune,Pune,Pune Warriors,Pune Warriors,Deccan Chargers,Deccan Chargers,Deccan Chargers,Deccan Chargers,bat,Deccan Chargers,Deccan Chargers,18,0,CL White
548342,2012,2012-04-27,Indian Premier League,36,Feroz Shah Kotla,Feroz Shah Kotla,Delhi,Delhi,Delhi Daredevils,Delhi Capitals,Mumbai Indians,Mumbai Indians,Mumbai Indians,Mumbai Indians,field,Delhi Daredevils,Delhi Capitals,37,0,V Sehwag
548343,2012,2012-04-28,Indian Premier League,37,"MA Chidambaram Stadium, Chepauk",MA Chidambaram Stadium,Chennai,Chennai,Chennai Super Kings,Chennai Super Kings,Kings XI Punjab,Punjab Kings,Kings XI Punjab,Punjab Kings,bat,Kings XI Punjab,Punjab Kings,7,0,Mandeep Singh
548344,2012,2012-04-28,Indian Premier League,38,Eden Gardens,Eden Gardens,Kolkata,Kolkata,Kolkata Knight Riders,Kolkata Knight Riders,Royal Challengers Bangalore,Royal Challengers Bengaluru,Kolkata Knight Riders,Kolkata Knight Riders,bat,Kolkata Knight Riders,Kolkata Knight Riders,47,0,G Gambhir
548345,2012,2012-04-29,Indian Premier League,39,Feroz Shah Kotla,Feroz Shah Kotla,Delhi,Delhi,Delhi Daredevils,Delhi Capitals,Rajasthan Royals,Rajasthan Royals,Delhi Daredevils,Delhi Capitals,bat,Delhi Daredevils,Delhi Capitals,1,0,V Sehwag
548346,2012,2012-04-29,Indian Premier League,40,Wankhede Stadium,Wankhede Stadium,Mumbai,Mumbai,Mumbai Indians,Mumbai Indians,Deccan Chargers,Deccan Chargers,Mumbai Indians,Mumbai Indians,field,Mumbai Indians,Mumbai Indians,0,5,DW Steyn
548347,2012,2012-04-30,Indian Premier League,41,"MA Chidambaram Stadium, Chepauk",MA Chidambaram Stadium,Chennai,Chennai,Chennai Super Kings,Chennai Super Kings,Kolkata Knight Riders,Kolkata Knight Riders,Chennai Super Kings,Chennai Super Kings,bat,Kolkata Knight Riders,Kolkata Knight Riders,0,5,G Gambhir
548348,2012,2012-05-01,Indian Premier League,42,Barabati Stadium,Barabati Stadium,Cuttack,Cuttack,Deccan Chargers,Deccan Chargers,Pune Warriors,Pune Warriors,Deccan Chargers,Deccan Chargers,bat,Deccan Chargers,Deccan Chargers,13,0,KC Sangakkara
548349,2012,2012-05-01,Indian Premier League,43,Sawai Mansingh Stadium,Sawai Mansingh Stadium,Jaipur,Jaipur,Rajasthan Royals,Rajasthan Royals,Delhi Daredevils,Delhi Capitals,Rajasthan Royals,Rajasthan Royals,bat,Delhi Daredevils,Delhi Capitals,0,6,P Negi
548350,2012,2012-05-02,Indian Premier League,44,M Chinnaswamy Stadium,M Chinnaswamy Stadium,Bangalore,Bengaluru,Royal Challengers Bangalore,Royal Challengers Bengaluru,Kings XI Punjab,Punjab Kings,Kings XI Punjab,Punjab Kings,field,Kings XI Punjab,Punjab Kings,0,4,Azhar Mahmood
548351,2012,2012-05-03,Indian Premier League,45,Subrata Roy Sahara Stadium,Subrata Roy Sahara Stadium,Pune,Pune,Pune Warriors,Pune Warriors,Mumbai Indians,Mumbai Indians,Mumbai Indians,Mumbai Indians,bat,Mumbai Indians,Mumbai Indians,1,0,SL Malinga
548352,2012,2012-05-04,Indian Premier League,46,"MA Chidambaram Stadium, Chepauk",MA Chidambaram Stadium,Chennai,Chennai,Chennai Super Kings,Chennai Super Kings,Deccan Chargers,Deccan Chargers,Chennai Super Kings,Chennai Super Kings,bat,Chennai Super Kings,Chennai Super Kings,10,0,SK Raina
548353,2012,2012-05-05,Indian Premier League,47,Eden Gardens,Eden Gardens,Kolkata,Kolkata,Kolkata Knight Riders,Kolkata Knight Riders,Pune Warriors,Pune Warriors,Kolkata Knight Riders,Kolkata Knight Riders,bat,Kolkata Knight Riders,Kolkata Knight Riders,7,0,SP Narine
548354,2012,2012-05-05,Indian Premier League,48,"Punjab Cricket Association Stadium, Mohali","Punjab Cricket Association IS Bindra Stadium, Mohali",Chandigarh,Chandigarh,Kings XI Punjab,Punjab Kings,Rajasthan Royals,Rajasthan Royals,Rajasthan Royals,Rajasthan Royals,bat,Rajasthan Royals,Rajasthan Royals,43,0,SR Watson
548355,2012,2012-05-06,Indian Premier League,49,Wankhede Stadium,Wankhede Stadium,Mumbai,Mumbai,Mumbai Indians,Mumbai Indians,Chennai Super Kings,Chennai Super Kings,Mumbai Indians,Mumbai Indians,field,Mumbai Indians,Mumbai Indians,0,2,DR Smith
548356,2012,2012-05-06,Indian Premier League,50,M Chinnaswamy Stadium,M Chinnaswamy Stadium,Bangalore,Bengaluru,Royal Challengers Bangalore,Royal Challengers Bengaluru,Deccan Chargers,Deccan Chargers,Royal Challengers Bangalore,Royal Challengers Bengaluru,field,Royal Challengers Bangalore,Royal Challengers Bengaluru,0,5,AB de Villiers
548357,2012,2012-05-07,Indian Premier League,51,Feroz Shah Kotla,Feroz Shah Kotla,Delhi,Delhi,Delhi Daredevils,Delhi Capitals,Kolkata Knight Riders,Kolkata Knight Riders,Delhi Daredevils,Delhi Capitals,bat,Kolkata Knight Riders,Kolkata Knight Riders,0,6,JH Kallis
548358,2012,2012-05-08,Indian Premier League,52,Subrata Roy Sahara Stadium,Subrata Roy Sahara Stadium,Pune,Pune,Pune Warriors,Pune Warriors,Rajasthan Royals,Rajasthan Royals,Pune Warriors,Pune Warriors,bat,Rajasthan Royals,Rajasthan Royals,0,7,SR Watson
548359,2012,2012-05-08,Indian Premier League,53,"Rajiv Gandhi International Stadium, Uppal","Rajiv Gandhi International Stadium, Uppal",Hyderabad,Hyderabad,Deccan Chargers,Deccan Chargers,Kings XI Punjab,Punjab Kings,Deccan Chargers,Deccan Chargers,field,Kings XI Punjab,Punjab Kings,25,0,Mandeep Singh
548360,2012,2012-05-09,Indian Premier League,54,Wankhede Stadium,Wankhede Stadium,Mumbai,Mumbai,Mumbai Indians,Mumbai Indians,Royal Challengers Bangalore,Royal Challengers Bengaluru,Royal Challengers Bangalore,Royal Challengers Bengaluru,field,Royal Challengers Bangalore,Royal Challengers Bengaluru,0,9,CH Gayle
548329,2012,2012-05-10,Indian Premier League,55,"Rajiv Gandhi International Stadium, Uppal","Rajiv Gandhi International Stadium, Uppal",Hyderabad,Hyderabad,Deccan Chargers,Deccan Chargers,Delhi Daredevils,Delhi Capitals,Deccan Chargers,Deccan Chargers,bat,Delhi Daredevils,Delhi Capitals,0,9,DA Warner
548361,2012,2012-05-10,Indian Premier League,56,Sawai Mansingh Stadium,Sawai Mansingh Stadium,Jaipur,Jaipur,Rajasthan Royals,Rajasthan Royals,Chennai Super Kings,Chennai Super Kings,Chennai Super Kings,Chennai Super Kings,field,Chennai Super Kings,Chennai Super Kings,0,4,BW Hilfenhaus
548362,2012,2012-05-11,Indian Premier League,57,Subrata Roy Sahara Stadium,Subrata Roy Sahara Stadium,Pune,Pune,Pune Warriors,Pune Warriors,Royal Challengers Bangalore,Royal Challengers Bengaluru,Pune Warriors,Pune Warriors,field,Royal Challengers Bangalore,Royal Challengers Bengaluru,35,0,CH Gayle
548363,2012,2012-05-12,Indian Premier League,58,Eden Gardens,Eden Gardens,Kolkata,Kolkata,Kolkata Knight Riders,Kolkata Knight Riders,Mumbai Indians,Mumbai Indians,Mumbai Indians,Mumbai Indians,bat,Mumbai Indians,Mumbai Indians,27,0,RG Sharma
548364,2012,2012-05-12,Indian Premier League,59,"MA Chidambaram Stadium, Chepauk",MA Chidambaram Stadium,Chennai,Chennai,Chennai Super Kings,Chennai Super Kings,Delhi Daredevils,Delhi Capitals,Chennai Super Kings,Chennai Super Kings,field,Chennai Super Kings,Chennai Super Kings,0,9,BW Hilfenhaus
548365,2012,2012-05-13,Indian Premier League,60,Sawai Mansingh Stadium,Sawai Mansingh Stadium,Jaipur,Jaipur,Rajasthan Royals,Rajasthan Royals,Pune Warriors,Pune Warriors,Rajasthan Royals,Rajasthan Royals,bat,Rajasthan Royals,Rajasthan Royals,45,0,A Chandila
548366,2012,2012-05-13,Indian Premier League,61,"Punjab Cricket Association Stadium, Mohali","Punjab Cricket Association IS Bindra Stadium, Mohali",Chandigarh,Chandigarh,Kings XI Punjab,Punjab Kings,Deccan Chargers,Deccan Chargers,Deccan Chargers,Deccan Chargers,bat,Kings XI Punjab,Punjab Kings,0,4,DJ Hussey
548367,2012,2012-05-14,Indian Premier League,62,M Chinnaswamy Stadium,M Chinnaswamy Stadium,Bangalore,Bengaluru,Royal Challengers Bangalore,Royal Challengers Bengaluru,Mumbai Indians,Mumbai Indians,Mumbai Indians,Mumbai Indians,field,Mumbai Indians,Mumbai Indians,0,5,AT Rayudu
548368,2012,2012-05-14,Indian Premier League,63,Eden Gardens,Eden Gardens,Kolkata,Kolkata,Kolkata Knight Riders,Kolkata Knight Riders,Chennai Super Kings,Chennai Super Kings,Chennai Super Kings,Chennai Super Kings,field,Chennai Super Kings,Chennai Super Kings,0,5,MEK Hussey
548369,2012,2012-05-15,Indian Premier League,64,Feroz Shah Kotla,Feroz Shah Kotla,Delhi,Delhi,Delhi Daredevils,Delhi Capitals,Kings XI Punjab,Punjab Kings,Kings XI Punjab,Punjab Kings,bat,Delhi Daredevils,Delhi Capitals,0,5,UT Yadav
548370,2012,2012-05-16,Indian Premier League,65,Wankhede Stadium,Wankhede Stadium,Mumbai,Mumbai,Mumbai Indians,Mumbai Indians,Kolkata Knight Riders,Kolkata Knight Riders,Mumbai Indians,Mumbai Indians,field,Kolkata Knight Riders,Kolkata Knight Riders,32,0,SP Narine
548371,2012,2012-05-17,Indian Premier League,66,Himachal Pradesh Cricket Association Stadium,Himachal Pradesh Cricket Association Stadium,Dharamsala,Dharamsala,Kings XI Punjab,Punjab Kings,Chennai Super Kings,Chennai Super Kings,Kings XI Punjab,Punjab Kings,field,Kings XI Punjab,Punjab Kings,0,6,AC Gilchrist
548372,2012,2012-05-17,Indian Premier League,67,Feroz Shah Kotla,Feroz Shah Kotla,Delhi,Delhi,Delhi Daredevils,Delhi Capitals,Royal Challengers Bangalore,Royal Challengers Bengaluru,Delhi Daredevils,Delhi Capitals,field,Royal Challengers Bangalore,Royal Challengers Bengaluru,21,0,CH Gayle
548373,2012,2012-05-18,Indian Premier League,68,"Rajiv Gandhi International Stadium, Uppal","Rajiv Gandhi International Stadium, Uppal",Hyderabad,Hyderabad,Deccan Chargers,Deccan Chargers,Rajasthan Royals,Rajasthan Royals,Rajasthan Royals,Rajasthan Royals,bat,Deccan Chargers,Deccan Chargers,0,5,DW Steyn
548374,2012,2012-05-19,Indian Premier League,69,Himachal Pradesh Cricket Association Stadium,Himachal Pradesh Cricket Association Stadium,Dharamsala,Dharamsala,Kings XI Punjab,Punjab Kings,Delhi Daredevils,Delhi Capitals,Delhi Daredevils,Delhi Capitals,field,Delhi Daredevils,Delhi Capitals,0,6,UT Yadav
548375,2012,2012-05-19,Indian Premier League,70,Subrata Roy Sahara Stadium,Subrata Roy Sahara Stadium,Pune,Pune,Pune Warriors,Pune Warriors,Kolkata Knight Riders,Kolkata Knight Riders,Kolkata Knight Riders,Kolkata Knight Riders,bat,Kolkata Knight Riders,Kolkata Knight Riders,34,0,Shakib Al Hasan
548376,2012,2012-05-20,Indian Premier League,71,"Rajiv Gandhi International Stadium, Uppal","Rajiv Gandhi International Stadium, Uppal",Hyderabad,Hyderabad,Deccan Chargers,Deccan Chargers,Royal Challengers Bangalore,Royal Challengers Bengaluru,Royal Challengers Bangalore,Royal Challengers Bengaluru,field,Deccan Chargers,Deccan Chargers,9,0,DW Steyn
548377,2012,2012-05-20,Indian Premier League,72,Sawai Mansingh Stadium,Sawai Mansingh Stadium,Jaipur,Jaipur,Rajasthan Royals,Rajasthan Royals,Mumbai Indians,Mumbai Indians,Rajasthan Royals,Rajasthan Royals,bat,Mumbai Indians,Mumbai Indians,0,10,DR Smith
548378,2012,2012-05-22,Indian Premier League,,Subrata Roy Sahara Stadium,Subrata Roy Sahara Stadium,Pune,Pune,Delhi Daredevils,Delhi Capitals,Kolkata Knight Riders,Kolkata Knight Riders,Kolkata Knight Riders,Kolkata Knight Riders,bat,Kolkata Knight Riders,Kolkata Knight Riders,18,0,YK Pathan
548379,2012,2012-05-23,Indian Premier League,,M Chinnaswamy Stadium,M Chinnaswamy Stadium,Bangalore,Bengaluru,Chennai Super Kings,Chennai Super Kings,Mumbai Indians,Mumbai Indians,Mumbai Indians,Mumbai Indians,field,Chennai Super Kings,Chennai Super Kings,38,0,MS Dhoni
548380,2012,2012-05-25,Indian Premier League,,"MA Chidambaram Stadium, Chepauk",MA Chidambaram Stadium,Chennai,Chennai,Delhi Daredevils,Delhi Capitals,Chennai Super Kings,Chennai Super Kings,Delhi Daredevils,Delhi Capitals,field,Chennai Super Kings,Chennai Super Kings,86,0,M Vijay
548381,2012,2012-05-27,Indian Premier League,,"MA Chidambaram Stadium, Chepauk",MA Chidambaram Stadium,Chennai,Chennai,Kolkata Knight Riders,Kolkata Knight Riders,Chennai Super Kings,Chennai Super Kings,Chennai Super Kings,Chennai Super Kings,bat,Kolkata Knight Riders,Kolkata Knight Riders,0,5,MS Bisla
597998,2013,2013-04-03,Indian Premier League,1,Eden Gardens,Eden Gardens,Kolkata,Kolkata,Kolkata Knight Riders,Kolkata Knight Riders,Delhi Daredevils,Delhi Capitals,Kolkata Knight Riders,Kolkata Knight Riders,field,Kolkata Knight Riders,Kolkata Knight Riders,0,6,SP Narine
597999,2013,2013-04-04,Indian Premier League,2,M Chinnaswamy Stadium,M Chinnaswamy Stadium,Bangalore,Bengaluru,Royal Challengers Bangalore,Royal Challengers Bengaluru,Mumbai Indians,Mumbai Indians,Mumbai Indians,Mumbai Indians,field,Royal Challengers Bangalore,Royal Challengers Bengaluru,2,0,CH Gayle
598000,2013,2013-04-05,Indian Premier League,3,"Rajiv Gandhi International Stadium, Uppal","Rajiv Gandhi International Stadium, Uppal",Hyderabad,Hyderabad,Sunrisers Hyderabad,Sunrisers Hyderabad,Pune Warriors,Pune Warriors,Pune Warriors,Pune Warriors,field,Sunrisers Hyderabad,Sunrisers Hyderabad,22,0,A Mishra
598001,2013,2013-04-06,Indian Premier League,4,Feroz Shah Kotla,Feroz Shah Kotla,Delhi,Delhi,Delhi Daredevils,Delhi Capitals,Rajasthan Royals,Rajasthan Royals,Rajasthan Royals,Rajasthan Royals,bat,Rajasthan Royals,Rajasthan Royals,5,0,R Dravid
598002,2013,2013-04-06,Indian Premier League,5,"MA Chidambaram Stadium, Chepauk",MA Chidambaram Stadium,Chennai,Chennai,Chennai Super Kings,Chennai Super Kings,Mumbai Indians,Mumbai Indians,Mumbai Indians,Mumbai Indians,bat,Mumbai Indians,Mumbai Indians,9,0,KA Pollard
598003,2013,2013-04-07,Indian Premier League,6,Subrata Roy Sahara Stadium,Subrata Roy Sahara Stadium,Pune,Pune,Pune Warriors,Pune Warriors,Kings XI Punjab,Punjab Kings,Pune Warriors,Pune Warriors,bat,Kings XI Punjab,Punjab Kings,0,8,M Vohra
598004,2013,2013-04-07,Indian Premier League,7,"Rajiv Gandhi International Stadium, Uppal","Rajiv Gandhi International Stadium, Uppal",Hyderabad,Hyderabad,Sunrisers Hyderabad,Sunrisers Hyderabad,Royal Challengers Bangalore,Royal Challengers Bengaluru,Royal Challengers Bangalore,Royal Challengers Bengaluru,bat,,,0,0,GH Vihari
598005,2013,2013-04-08,Indian Premier League,8,Sawai Mansingh Stadium,Sawai Mansingh Stadium,Jaipur,Jaipur,Rajasthan Royals,Rajasthan Royals,Kolkata Knight Riders,Kolkata Knight Riders,Kolkata Knight Riders,Kolkata Knight Riders,field,Rajasthan Royals,Rajasthan Royals,19,0,SK Trivedi
598006,2013,2013-04-09,Indian Premier League,10,Wankhede Stadium,Wankhede Stadium,Mumbai,Mumbai,Mumbai Indians,Mumbai Indians,Delhi Daredevils,Delhi Capitals,Mumbai Indians,Mumbai Indians,bat,Mumbai Indians,Mumbai Indians,44,0,KD Karthik
598048,2013,2013-04-09,Indian Premier League,9,M Chinnaswamy Stadium,M Chinnaswamy Stadium,Bangalore,Bengaluru,Royal Challengers Bangalore,Royal Challengers Bengaluru,Sunrisers Hyderabad,Sunrisers Hyderabad,Sunrisers Hyderabad,Sunrisers Hyderabad,bat,Royal Challengers Bangalore,Royal Challengers Bengaluru,0,7,V Kohli
598007,2013,2013-04-10,Indian Premier League,11,"Punjab Cricket Association Stadium, Mohali","Punjab Cricket Association IS Bindra Stadium, Mohali",Chandigarh,Chandigarh,Kings XI Punjab,Punjab Kings,Chennai Super Kings,Chennai Super Kings,Chennai Super Kings,Chennai Super Kings,field,Chennai Super Kings,Chennai Super Kings,0,10,MEK Hussey
598008,2013,2013-04-11,Indian Premier League,12,M Chinnaswamy Stadium,M Chinnaswamy Stadium,Bangalore,Bengaluru,Royal Challengers Bangalore,Royal Challengers Bengaluru,Kolkata Knight Riders,Kolkata Knight Riders,Royal Challengers Bangalore,Royal Challengers Bengaluru,field,Royal Challengers Bangalore,Royal Challengers Bengaluru,0,8,CH Gayle
598009,2013,2013-04-11,Indian Premier League,13,Subrata Roy Sahara Stadium,Subrata Roy Sahara Stadium,Pune,Pune,Pune Warriors,Pune Warriors,Rajasthan Royals,Rajasthan Royals,Rajasthan Royals,Rajasthan Royals,bat,Pune Warriors,Pune Warriors,0,7,AJ Finch
598010,2013,2013-04-12,Indian Premier League,14,Feroz Shah Kotla,Feroz Shah Kotla,Delhi,Delhi,Delhi Daredevils,Delhi Capitals,Sunrisers Hyderabad,Sunrisers Hyderabad,Delhi Daredevils,Delhi Capitals,bat,Sunrisers Hyderabad,Sunrisers Hyderabad,0,3,A Mishra
598011,2013,2013-04-13,Indian Premier League,15,Wankhede Stadium,Wankhede Stadium,Mumbai,Mumbai,Mumbai Indians,Mumbai Indians,Pune Warriors,Pune Warriors,Mumbai Indians,Mumbai Indians,bat,Mumbai Indians,Mumbai Indians,41,0,RG Sharma
598012,2013,2013-04-13,Indian Premier League,16,"MA Chidambaram Stadium, Chepauk",MA Chidambaram Stadium,Chennai,Chennai,Chennai Super Kings,Chennai Super Kings,Royal Challengers Bangalore,Royal Challengers Bengaluru,Chennai Super Kings,Chennai Super Kings,field,Chennai Super Kings,Chennai Super Kings,0,4,RA Jadeja
598013,2013,2013-04-14,Indian Premier League,17,Eden Gardens,Eden Gardens,Kolkata,Kolkata,Kolkata Knight Riders,Kolkata Knight Riders,Sunrisers Hyderabad,Sunrisers Hyderabad,Kolkata Knight Riders,Kolkata Knight Riders,bat,Kolkata Knight Riders,Kolkata Knight Riders,48,0,G Gambhir
598014,2013,2013-04-14,Indian Premier League,18,Sawai Mansingh Stadium,Sawai Mansingh Stadium,Jaipur,Jaipur,Rajasthan Royals,Rajasthan Royals,Kings XI Punjab,Punjab Kings,Rajasthan Royals,Rajasthan Royals,field,Rajasthan Royals,Rajasthan Royals,0,6,JP Faulkner
598015,2013,2013-04-15,Indian Premier League,19,"MA Chidambaram Stadium, Chepauk",MA Chidambaram Stadium,Chennai,Chennai,Chennai Super Kings,Chennai Super Kings,Pune Warriors,Pune Warriors,Pune Warriors,Pune Warriors,bat,Pune Warriors,Pune Warriors,24,0,SPD Smith
598016,2013,2013-04-16,Indian Premier League,20,"Punjab Cricket Association Stadium, Mohali","Punjab Cricket Association IS Bindra Stadium, Mohali",Chandigarh,Chandigarh,Kings XI Punjab,Punjab Kings,Kolkata Knight Riders,Kolkata Knight Riders,Kolkata Knight Riders,Kolkata Knight Riders,field,Kings XI Punjab,Punjab Kings,4,0,MS Gony
598017,2013,2013-04-16,Indian Premier League,21,M Chinnaswamy Stadium,M Chinnaswamy Stadium,Bangalore,Bengaluru,Royal Challengers Bangalore,Royal Challengers Bengaluru,Delhi Daredevils,Delhi Capitals,Royal Challengers Bangalore,Royal Challengers Bengaluru,field,,,0,0,V Kohli
598018,2013,2013-04-17,Indian Premier League,22,Maharashtra Cricket Association Stadium,Maharashtra Cricket Association Stadium,Pune,Pune,Pune Warriors,Pune Warriors,Sunrisers Hyderabad,Sunrisers Hyderabad,Pune Warriors,Pune Warriors,field,Sunrisers Hyderabad,Sunrisers Hyderabad,11,0,A Mishra
598019,2013,2013-04-17,Indian Premier League,23,Sawai Mansingh Stadium,Sawai Mansingh Stadium,Jaipur,Jaipur,Rajasthan Royals,Rajasthan Royals,Mumbai Indians,Mumbai Indians,Rajasthan Royals,Rajasthan Royals,bat,Rajasthan Royals,Rajasthan Royals,87,0,AM Rahane
598020,2013,2013-04-18,Indian Premier League,24,Feroz Shah Kotla,Feroz Shah Kotla,Delhi,Delhi,Delhi Daredevils,Delhi Capitals,Chennai Super Kings,Chennai Super Kings,Chennai Super Kings,Chennai Super Kings,bat,Chennai Super Kings,Chennai Super Kings,86,0,MEK Hussey
598021,2013,2013-04-19,Indian Premier League,25,"Rajiv Gandhi International Stadium, Uppal","Rajiv Gandhi International Stadium, Uppal",Hyderabad,Hyderabad,Sunrisers Hyderabad,Sunrisers Hyderabad,Kings XI Punjab,Punjab Kings,Kings XI Punjab,Punjab Kings,bat,Sunrisers Hyderabad,Sunrisers Hyderabad,0,5,GH Vihari
598022,2013,2013-04-20,Indian Premier League,26,Eden Gardens,Eden Gardens,Kolkata,Kolkata,Kolkata Knight Riders,Kolkata Knight Riders,Chennai Super Kings,Chennai Super Kings,Kolkata Knight Riders,Kolkata Knight Riders,bat,Chennai Super Kings,Chennai Super Kings,0,4,RA Jadeja
598023,2013,2013-04-20,Indian Premier League,27,M Chinnaswamy Stadium,M Chinnaswamy Stadium,Bangalore,Bengaluru,Royal Challengers Bangalore,Royal Challengers Bengaluru,Rajasthan Royals,Rajasthan Royals,Royal Challengers Bangalore,Royal Challengers Bengaluru,field,Royal Challengers Bangalore,Royal Challengers Bengaluru,0,7,R Vinay Kumar
598024,2013,2013-04-21,Indian Premier League,28,Feroz Shah Kotla,Feroz Shah Kotla,Delhi,Delhi,Delhi Daredevils,Delhi Capitals,Mumbai Indians,Mumbai Indians,Mumbai Indians,Mumbai Indians,bat,Delhi Daredevils,Delhi Capitals,0,9,V Sehwag
598025,2013,2013-04-21,Indian Premier League,29,"Punjab Cricket Association Stadium, Mohali","Punjab Cricket Association IS Bindra Stadium, Mohali",Chandigarh,Chandigarh,Kings XI Punjab,Punjab Kings,Pune Warriors,Pune Warriors,Kings XI Punjab,Punjab Kings,field,Kings XI Punjab,Punjab Kings,0,7,DA Miller
598026,2013,2013-04-22,Indian Premier League,30,"MA Chidambaram Stadium, Chepauk",MA Chidambaram Stadium,Chennai,Chennai,Chennai Super Kings,Chennai Super Kings,Rajasthan Royals,Rajasthan Royals,Rajasthan Royals,Rajasthan Royals,bat,Chennai Super Kings,Chennai Super Kings,0,5,MEK Hussey
598027,2013,2013-04-23,Indian Premier League,31,M Chinnaswamy Stadium,M Chinnaswamy Stadium,Bangalore,Bengaluru,Royal Challengers Bangalore,Royal Challengers Bengaluru,Pune Warriors,Pune Warriors,Pune Warriors,Pune Warriors,field,Royal Challengers Bangalore,Royal Challengers Bengaluru,130,0,CH Gayle
598059,2013,2013-04-23,Indian Premier League,32,Feroz Shah Kotla,Feroz Shah Kotla,Delhi,Delhi,Delhi Daredevils,Delhi Capitals,Kings XI Punjab,Punjab Kings,Kings XI Punjab,Punjab Kings,field,Kings XI Punjab,Punjab Kings,0,5,Harmeet Singh
598029,2013,2013-04-24,Indian Premier League,33,Eden Gardens,Eden Gardens,Kolkata,Kolkata,Kolkata Knight Riders,Kolkata Knight Riders,Mumbai Indians,Mumbai Indians,Kolkata Knight Riders,Kolkata Knight Riders,bat,Mumbai Indians,Mumbai Indians,0,5,DR Smith
598030,2013,2013-04-25,Indian Premier League,34,"MA Chidambaram Stadium, Chepauk",MA Chidambaram Stadium,Chennai,Chennai,Chennai Super Kings,Chennai Super Kings,Sunrisers Hyderabad,Sunrisers Hyderabad,Sunrisers Hyderabad,Sunrisers Hyderabad,bat,Chennai Super Kings,Chennai Super Kings,0,5,MS Dhoni
598031,2013,2013-04-26,Indian Premier League,35,Eden Gardens,Eden Gardens,Kolkata,Kolkata,Kolkata Knight Riders,Kolkata Knight Riders,Kings XI Punjab,Punjab Kings,Kings XI Punjab,Punjab Kings,bat,Kolkata Knight Riders,Kolkata Knight Riders,0,6,JH Kallis
598032,2013,2013-04-27,Indian Premier League,36,Sawai Mansingh Stadium,Sawai Mansingh Stadium,Jaipur,Jaipur,Rajasthan Royals,Rajasthan Royals,Sunrisers Hyderabad,Sunrisers Hyderabad,Sunrisers Hyderabad,Sunrisers Hyderabad,bat,Rajasthan Royals,Rajasthan Royals,0,8,JP Faulkner
598033,2013,2013-04-27,Indian Premier League,37,Wankhede Stadium,Wankhede Stadium,Mumbai,Mumbai,Mumbai Indians,Mumbai Indians,Royal Challengers Bangalore,Royal Challengers Bengaluru,Mumbai Indians,Mumbai Indians,bat,Mumbai Indians,Mumbai Indians,58,0,DR Smith
598034,2013,2013-04-28,Indian Premier League,38,"MA Chidambaram Stadium, Chepauk",MA Chidambaram Stadium,Chennai,Chennai,Chennai Super Kings,Chennai Super Kings,Kolkata Knight Riders,Kolkata Knight Riders,Kolkata Knight Riders,Kolkata Knight Riders,field,Chennai Super Kings,Chennai Super Kings,14,0,MEK Hussey
598035,2013,2013-04-28,Indian Premier League,39,Shaheed Veer Narayan Singh International Stadium,Shaheed Veer Narayan Singh International Stadium,Raipur,Raipur,Delhi Daredevils,Delhi Capitals,Pune Warriors,Pune Warriors,Pune Warriors,Pune Warriors,field,Delhi Daredevils,Delhi Capitals,15,0,DA Warner
598036,2013,2013-04-29,Indian Premier League,40,Sawai Mansingh Stadium,Sawai Mansingh Stadium,Jaipur,Jaipur,Rajasthan Royals,Rajasthan Royals,Royal Challengers Bangalore,Royal Challengers Bengaluru,Rajasthan Royals,Rajasthan Royals,field,Rajasthan Royals,Rajasthan Royals,0,4,SV Samson
598037,2013,2013-04-29,Indian Premier League,41,Wankhede Stadium,Wankhede Stadium,Mumbai,Mumbai,Mumbai Indians,Mumbai Indians,Kings XI Punjab,Punjab Kings,Mumbai Indians,Mumbai Indians,bat,Mumbai Indians,Mumbai Indians,4,0,RG Sharma
598038,2013,2013-04-30,Indian Premier League,42,Subrata Roy Sahara Stadium,Subrata Roy Sahara Stadium,Pune,Pune,Pune Warriors,Pune Warriors,Chennai Super Kings,Chennai Super Kings,Chennai Super Kings,Chennai Super Kings,bat,Chennai Super Kings,Chennai Super Kings,37,0,MS Dhoni
598039,2013,2013-05-01,Indian Premier League,43,"Rajiv Gandhi International Stadium, Uppal","Rajiv Gandhi International Stadium, Uppal",Hyderabad,Hyderabad,Sunrisers Hyderabad,Sunrisers Hyderabad,Mumbai Indians,Mumbai Indians,Mumbai Indians,Mumbai Indians,bat,Sunrisers Hyderabad,Sunrisers Hyderabad,0,7,I Sharma
598040,2013,2013-05-01,Indian Premier League,44,Shaheed Veer Narayan Singh International Stadium,Shaheed Veer Narayan Singh International Stadium,Raipur,Raipur,Delhi Daredevils,Delhi Capitals,Kolkata Knight Riders,Kolkata Knight Riders,Kolkata Knight Riders,Kolkata Knight Riders,bat,Delhi Daredevils,Delhi Capitals,0,7,DA Warner
598041,2013,2013-05-02,Indian Premier League,45,"MA Chidambaram Stadium, Chepauk",MA Chidambaram Stadium,Chennai,Chennai,Chennai Super Kings,Chennai Super Kings,Kings XI Punjab,Punjab Kings,Chennai Super Kings,Chennai Super Kings,bat,Chennai Super Kings,Chennai Super Kings,15,0,SK Raina
598042,2013,2013-05-02,Indian Premier League,46,Subrata Roy Sahara Stadium,Subrata Roy Sahara Stadium,Pune,Pune,Pune Warriors,Pune Warriors,Royal Challengers Bangalore,Royal Challengers Bengaluru,Royal Challengers Bangalore,Royal Challengers Bengaluru,bat,Royal Challengers Bangalore,Royal Challengers Bengaluru,17,0,AB de Villiers
598043,2013,2013-05-03,Indian Premier League,47,Eden Gardens,Eden Gardens,Kolkata,Kolkata,Kolkata Knight Riders,Kolkata Knight Riders,Rajasthan Royals,Rajasthan Royals,Rajasthan Royals,Rajasthan Royals,bat,Kolkata Knight Riders,Kolkata Knight Riders,0,8,YK Pathan
598044,2013,2013-05-04,Indian Premier League,48,"Rajiv Gandhi International Stadium, Uppal","Rajiv Gandhi International Stadium, Uppal",Hyderabad,Hyderabad,Sunrisers Hyderabad,Sunrisers Hyderabad,Delhi Daredevils,Delhi Capitals,Delhi Daredevils,Delhi Capitals,bat,Sunrisers Hyderabad,Sunrisers Hyderabad,0,6,DJG Sammy
598046,2013,2013-05-05,Indian Premier League,49,Wankhede Stadium,Wankhede Stadium,Mumbai,Mumbai,Mumbai Indians,Mumbai Indians,Chennai Super Kings,Chennai Super Kings,Mumbai Indians,Mumbai Indians,bat,Mumbai Indians,Mumbai Indians,60,0,MG Johnson
598047,2013,2013-05-05,Indian Premier League,50,Sawai Mansingh Stadium,Sawai Mansingh Stadium,Jaipur,Jaipur,Rajasthan Royals,Rajasthan Royals,Pune Warriors,Pune Warriors,Pune Warriors,Pune Warriors,bat,Rajasthan Royals,Rajasthan Royals,0,5,AM Rahane
598064,2013,2013-05-06,Indian Premier League,51,"Punjab Cricket Association Stadium, Mohali","Punjab Cricket Association IS Bindra Stadium, Mohali",Chandigarh,Chandigarh,Kings XI Punjab,Punjab Kings,Royal Challengers Bangalore,Royal Challengers Bengaluru,Kings XI Punjab,Punjab Kings,field,Kings XI Punjab,Punjab Kings,0,6,DA Miller
598049,2013,2013-05-07,Indian Premier League,52,Sawai Mansingh Stadium,Sawai Mansingh Stadium,Jaipur,Jaipur,Rajasthan Royals,Rajasthan Royals,Delhi Daredevils,Delhi Capitals,Delhi Daredevils,Delhi Capitals,bat,Rajasthan Royals,Rajasthan Royals,0,9,AM Rahane
598050,2013,2013-05-07,Indian Premier League,53,Wankhede Stadium,Wankhede Stadium,Mumbai,Mumbai,Mumbai Indians,Mumbai Indians,Kolkata Knight Riders,Kolkata Knight Riders,Mumbai Indians,Mumbai Indians,bat,Mumbai Indians,Mumbai Indians,65,0,SR Tendulkar
598051,2013,2013-05-08,Indian Premier League,54,"Rajiv Gandhi International Stadium, Uppal","Rajiv Gandhi International Stadium, Uppal",Hyderabad,Hyderabad,Sunrisers Hyderabad,Sunrisers Hyderabad,Chennai Super Kings,Chennai Super Kings,Sunrisers Hyderabad,Sunrisers Hyderabad,field,Chennai Super Kings,Chennai Super Kings,77,0,SK Raina
598052,2013,2013-05-09,Indian Premier League,55,"Punjab Cricket Association Stadium, Mohali","Punjab Cricket Association IS Bindra Stadium, Mohali",Chandigarh,Chandigarh,Kings XI Punjab,Punjab Kings,Rajasthan Royals,Rajasthan Royals,Rajasthan Royals,Rajasthan Royals,field,Rajasthan Royals,Rajasthan Royals,0,8,KK Cooper
598053,2013,2013-05-09,Indian Premier League,56,Subrata Roy Sahara Stadium,Subrata Roy Sahara Stadium,Pune,Pune,Pune Warriors,Pune Warriors,Kolkata Knight Riders,Kolkata Knight Riders,Kolkata Knight Riders,Kolkata Knight Riders,bat,Kolkata Knight Riders,Kolkata Knight Riders,46,0,G Gambhir
598054,2013,2013-05-10,Indian Premier League,57,Feroz Shah Kotla,Feroz Shah Kotla,Delhi,Delhi,Delhi Daredevils,Delhi Capitals,Royal Challengers Bangalore,Royal Challengers Bengaluru,Delhi Daredevils,Delhi Capitals,field,Royal Challengers Bangalore,Royal Challengers Bengaluru,4,0,JD Unadkat
598055,2013,2013-05-11,Indian Premier League,58,Subrata Roy Sahara Stadium,Subrata Roy Sahara Stadium,Pune,Pune,Pune Warriors,Pune Warriors,Mumbai Indians,Mumbai Indians,Pune Warriors,Pune Warriors,bat,Mumbai Indians,Mumbai Indians,0,5,MG Johnson
598056,2013,2013-05-11,Indian Premier League,59,"Punjab Cricket Association Stadium, Mohali","Punjab Cricket Association IS Bindra Stadium, Mohali",Chandigarh,Chandigarh,Kings XI Punjab,Punjab Kings,Sunrisers Hyderabad,Sunrisers Hyderabad,Kings XI Punjab,Punjab Kings,field,Sunrisers Hyderabad,Sunrisers Hyderabad,30,0,PA Patel
598057,2013,2013-05-12,Indian Premier League,60,JSCA International Stadium Complex,JSCA International Stadium Complex,Ranchi,Ranchi,Kolkata Knight Riders,Kolkata Knight Riders,Royal Challengers Bangalore,Royal Challengers Bengaluru,Kolkata Knight Riders,Kolkata Knight Riders,field,Kolkata Knight Riders,Kolkata Knight Riders,0,5,JH Kallis
598058,2013,2013-05-12,Indian Premier League,61,Sawai Mansingh Stadium,Sawai Mansingh Stadium,Jaipur,Jaipur,Rajasthan Royals,Rajasthan Royals,Chennai Super Kings,Chennai Super Kings,Rajasthan Royals,Rajasthan Royals,field,Rajasthan Royals,Rajasthan Royals,0,5,SR Watson
598060,2013,2013-05-13,Indian Premier League,62,Wankhede Stadium,Wankhede Stadium,Mumbai,Mumbai,Mumbai Indians,Mumbai Indians,Sunrisers Hyderabad,Sunrisers Hyderabad,Sunrisers Hyderabad,Sunrisers Hyderabad,bat,Mumbai Indians,Mumbai Indians,0,7,KA Pollard
598045,2013,2013-05-14,Indian Premier League,63,M Chinnaswamy Stadium,M Chinnaswamy Stadium,Bangalore,Bengaluru,Royal Challengers Bangalore,Royal Challengers Bengaluru,Kings XI Punjab,Punjab Kings,Kings XI Punjab,Punjab Kings,field,Kings XI Punjab,Punjab Kings,0,7,AC Gilchrist
598062,2013,2013-05-14,Indian Premier League,64,"MA Chidambaram Stadium, Chepauk",MA Chidambaram Stadium,Chennai,Chennai,Chennai Super Kings,Chennai Super Kings,Delhi Daredevils,Delhi Capitals,Chennai Super Kings,Chennai Super Kings,bat,Chennai Super Kings,Chennai Super Kings,33,0,MS Dhoni
598061,2013,2013-05-15,Indian Premier League,65,JSCA International Stadium Complex,JSCA International Stadium Complex,Ranchi,Ranchi,Kolkata Knight Riders,Kolkata Knight Riders,Pune Warriors,Pune Warriors,Kolkata Knight Riders,Kolkata Knight Riders,field,Pune Warriors,Pune Warriors,7,0,MK Pandey
598063,2013,2013-05-15,Indian Premier League,66,Wankhede Stadium,Wankhede Stadium,Mumbai,Mumbai,Mumbai Indians,Mumbai Indians,Rajasthan Royals,Rajasthan Royals,Rajasthan Royals,Rajasthan Royals,field,Mumbai Indians,Mumbai Indians,14,0,AP Tare
598028,2013,2013-05-16,Indian Premier League,67,Himachal Pradesh Cricket Association Stadium,Himachal Pradesh Cricket Association Stadium,Dharamsala,Dharamsala,Kings XI Punjab,Punjab Kings,Delhi Daredevils,Delhi Capitals,Delhi Daredevils,Delhi Capitals,field,Kings XI Punjab,Punjab Kings,7,0,DA Miller
598065,2013,2013-05-17,Indian Premier League,68,"Rajiv Gandhi International Stadium, Uppal","Rajiv Gandhi International Stadium, Uppal",Hyderabad,Hyderabad,Sunrisers Hyderabad,Sunrisers Hyderabad,Rajasthan Royals,Rajasthan Royals,Sunrisers Hyderabad,Sunrisers Hyderabad,bat,Sunrisers Hyderabad,Sunrisers Hyderabad,23,0,A Mishra
598066,2013,2013-05-18,Indian Premier League,69,Himachal Pradesh Cricket Association Stadium,Himachal Pradesh Cricket Association Stadium,Dharamsala,Dharamsala,Kings XI Punjab,Punjab Kings,Mumbai Indians,Mumbai Indians,Mumbai Indians,Mumbai Indians,field,Kings XI Punjab,Punjab Kings,50,0,Azhar Mahmood
598068,2013,2013-05-18,Indian Premier League,70,M Chinnaswamy Stadium,M Chinnaswamy Stadium,Bangalore,Bengaluru,Royal Challengers Bangalore,Royal Challengers Bengaluru,Chennai Super Kings,Chennai Super Kings,Chennai Super Kings,Chennai Super Kings,field,Royal Challengers Bangalore,Royal Challengers Bengaluru,24,0,V Kohli
598067,2013,2013-05-19,Indian Premier League,71,Subrata Roy Sahara Stadium,Subrata Roy Sahara Stadium,Pune,Pune,Pune Warriors,Pune Warriors,Delhi Daredevils,Delhi Capitals,Pune Warriors,Pune Warriors,bat,Pune Warriors,Pune Warriors,38,0,LJ Wright
598069,2013,2013-05-19,Indian Premier League,72,"Rajiv Gandhi International Stadium, Uppal","Rajiv Gandhi International Stadium, Uppal",Hyderabad,Hyderabad,Sunrisers Hyderabad,Sunrisers Hyderabad,Kolkata Knight Riders,Kolkata Knight Riders,Kolkata Knight Riders,Kolkata Knight Riders,bat,Sunrisers Hyderabad,Sunrisers Hyderabad,0,5,PA Patel
598070,2013,2013-05-21,Indian Premier League,,Feroz Shah Kotla,Feroz Shah Kotla,Delhi,Delhi,Chennai Super Kings,Chennai Super Kings,Mumbai Indians,Mumbai Indians,Chennai Super Kings,Chennai Super Kings,bat,Chennai Super Kings,Chennai Super Kings,48,0,MEK Hussey
598071,2013,2013-05-22,Indian Premier League,,Feroz Shah Kotla,Feroz Shah Kotla,Delhi,Delhi,Rajasthan Royals,Rajasthan Royals,Sunrisers Hyderabad,Sunrisers Hyderabad,Sunrisers Hyderabad,Sunrisers Hyderabad,bat,Rajasthan Royals,Rajasthan Royals,0,4,BJ Hodge
598072,2013,2013-05-24,Indian Premier League,,Eden Gardens,Eden Gardens,Kolkata,Kolkata,Mumbai Indians,Mumbai Indians,Rajasthan Royals,Rajasthan Royals,Rajasthan Royals,Rajasthan Royals,bat,Mumbai Indians,Mumbai Indians,0,4,Harbhajan Singh
598073,2013,2013-05-26,Indian Premier League,,Eden Gardens,Eden Gardens,Kolkata,Kolkata,Chennai Super Kings,Chennai Super Kings,Mumbai Indians,Mumbai Indians,Mumbai Indians,Mumbai Indians,bat,Mumbai Indians,Mumbai Indians,23,0,KA Pollard
729279,2014,2014-04-16,Indian Premier League,1,Sheikh Zayed Stadium,Sheikh Zayed Stadium,Abu Dhabi,Abu Dhabi,Mumbai Indians,Mumbai Indians,Kolkata Knight Riders,Kolkata Knight Riders,Kolkata Knight Riders,Kolkata Knight Riders,bat,Kolkata Knight Riders,Kolkata Knight Riders,41,0,JH Kallis
729281,2014,2014-04-17,Indian Premier League,2,Sharjah Cricket Stadium,Sharjah Cricket Stadium,,,Delhi Daredevils,Delhi Capitals,Royal Challengers Bangalore,Royal Challengers Bengaluru,Royal Challengers Bangalore,Royal Challengers Bengaluru,field,Royal Challengers Bangalore,Royal Challengers Bengaluru,0,8,YS Chahal
729283,2014,2014-04-18,Indian Premier League,3,Sheikh Zayed Stadium,Sheikh Zayed Stadium,Abu Dhabi,Abu Dhabi,Chennai Super Kings,Chennai Super Kings,Kings XI Punjab,Punjab Kings,Chennai Super Kings,Chennai Super Kings,bat,Kings XI Punjab,Punjab Kings,0,6,GJ Maxwell
729285,2014,2014-04-18,Indian Premier League,4,Sheikh Zayed Stadium,Sheikh Zayed Stadium,Abu Dhabi,Abu Dhabi,Sunrisers Hyderabad,Sunrisers Hyderabad,Rajasthan Royals,Rajasthan Royals,Rajasthan Royals,Rajasthan Royals,field,Rajasthan Royals,Rajasthan Royals,0,4,AM Rahane
729287,2014,2014-04-19,Indian Premier League,5,Dubai International Cricket Stadium,Dubai International Cricket Stadium,,,Royal Challengers Bangalore,Royal Challengers Bengaluru,Mumbai Indians,Mumbai Indians,Royal Challengers Bangalore,Royal Challengers Bengaluru,field,Royal Challengers Bangalore,Royal Challengers Bengaluru,0,7,PA Patel
729289,2014,2014-04-19,Indian Premier League,6,Dubai International Cricket Stadium,Dubai International Cricket Stadium,,,Kolkata Knight Riders,Kolkata Knight Riders,Delhi Daredevils,Delhi Capitals,Kolkata Knight Riders,Kolkata Knight Riders,bat,Delhi Daredevils,Delhi Capitals,0,4,JP Duminy
729291,2014,2014-04-20,Indian Premier League,7,Sharjah Cricket Stadium,Sharjah Cricket Stadium,,,Rajasthan Royals,Rajasthan Royals,Kings XI Punjab,Punjab Kings,Kings XI Punjab,Punjab Kings,field,Kings XI Punjab,Punjab Kings,0,7,GJ Maxwell
729293,2014,2014-04-21,Indian Premier League,8,Sheikh Zayed Stadium,Sheikh Zayed Stadium,Abu Dhabi,Abu Dhabi,Chennai Super Kings,Chennai Super Kings,Delhi Daredevils,Delhi Capitals,Chennai Super Kings,Chennai Super Kings,bat,Chennai Super Kings,Chennai Super Kings,93,0,SK Raina
729295,2014,2014-04-22,Indian Premier League,9,Sharjah Cricket Stadium,Sharjah Cricket Stadium,,,Kings XI Punjab,Punjab Kings,Sunrisers Hyderabad,Sunrisers Hyderabad,Sunrisers Hyderabad,Sunrisers Hyderabad,field,Kings XI Punjab,Punjab Kings,72,0,GJ Maxwell
729297,2014,2014-04-23,Indian Premier League,10,Dubai International Cricket Stadium,Dubai International Cricket Stadium,,,Rajasthan Royals,Rajasthan Royals,Chennai Super Kings,Chennai Super Kings,Rajasthan Royals,Rajasthan Royals,field,Chennai Super Kings,Chennai Super Kings,7,0,RA Jadeja
729299,2014,2014-04-24,Indian Premier League,11,Sharjah Cricket Stadium,Sharjah Cricket Stadium,,,Royal Challengers Bangalore,Royal Challengers Bengaluru,Kolkata Knight Riders,Kolkata Knight Riders,Royal Challengers Bangalore,Royal Challengers Bengaluru,field,Kolkata Knight Riders,Kolkata Knight Riders,2,0,CA Lynn
729301,2014,2014-04-25,Indian Premier League,12,Dubai International Cricket Stadium,Dubai International Cricket Stadium,,,Sunrisers Hyderabad,Sunrisers Hyderabad,Delhi Daredevils,Delhi Capitals,Sunrisers Hyderabad,Sunrisers Hyderabad,bat,Sunrisers Hyderabad,Sunrisers Hyderabad,4,0,AJ Finch
729303,2014,2014-04-25,Indian Premier League,13,Dubai International Cricket Stadium,Dubai International Cricket Stadium,,,Chennai Super Kings,Chennai Super Kings,Mumbai Indians,Mumbai Indians,Mumbai Indians,Mumbai Indians,bat,Chennai Super Kings,Chennai Super Kings,0,7,MM Sharma
729305,2014,2014-04-26,Indian Premier League,14,Sheikh Zayed Stadium,Sheikh Zayed Stadium,Abu Dhabi,Abu Dhabi,Rajasthan Royals,Rajasthan Royals,Royal Challengers Bangalore,Royal Challengers Bengaluru,Rajasthan Royals,Rajasthan Royals,field,Rajasthan Royals,Rajasthan Royals,0,6,PV Tambe
729307,2014,2014-04-26,Indian Premier League,15,Sheikh Zayed Stadium,Sheikh Zayed Stadium,Abu Dhabi,Abu Dhabi,Kolkata Knight Riders,Kolkata Knight Riders,Kings XI Punjab,Punjab Kings,Kolkata Knight Riders,Kolkata Knight Riders,field,Kings XI Punjab,Punjab Kings,23,0,Sandeep Sharma
729309,2014,2014-04-27,Indian Premier League,16,Sharjah Cricket Stadium,Sharjah Cricket Stadium,,,Delhi Daredevils,Delhi Capitals,Mumbai Indians,Mumbai Indians,Mumbai Indians,Mumbai Indians,bat,Delhi Daredevils,Delhi Capitals,0,6,M Vijay
729311,2014,2014-04-27,Indian Premier League,17,Sharjah Cricket Stadium,Sharjah Cricket Stadium,,,Sunrisers Hyderabad,Sunrisers Hyderabad,Chennai Super Kings,Chennai Super Kings,Sunrisers Hyderabad,Sunrisers Hyderabad,bat,Chennai Super Kings,Chennai Super Kings,0,5,DR Smith
729313,2014,2014-04-28,Indian Premier League,18,Dubai International Cricket Stadium,Dubai International Cricket Stadium,,,Kings XI Punjab,Punjab Kings,Royal Challengers Bangalore,Royal Challengers Bengaluru,Kings XI Punjab,Punjab Kings,field,Kings XI Punjab,Punjab Kings,0,5,Sandeep Sharma
729315,2014,2014-04-29,Indian Premier League,19,Sheikh Zayed Stadium,Sheikh Zayed Stadium,Abu Dhabi,Abu Dhabi,Kolkata Knight Riders,Kolkata Knight Riders,Rajasthan Royals,Rajasthan Royals,Rajasthan Royals,Rajasthan Royals,bat,,,0,0,JP Faulkner
729317,2014,2014-04-30,Indian Premier League,20,Dubai International Cricket Stadium,Dubai International Cricket Stadium,,,Mumbai Indians,Mumbai Indians,Sunrisers Hyderabad,Sunrisers Hyderabad,Mumbai Indians,Mumbai Indians,field,Sunrisers Hyderabad,Sunrisers Hyderabad,15,0,B Kumar
733971,2014,2014-05-02,Indian Premier League,21,JSCA International Stadium Complex,JSCA International Stadium Complex,Ranchi,Ranchi,Chennai Super Kings,Chennai Super Kings,Kolkata Knight Riders,Kolkata Knight Riders,Chennai Super Kings,Chennai Super Kings,bat,Chennai Super Kings,Chennai Super Kings,34,0,RA Jadeja
733973,2014,2014-05-03,Indian Premier League,22,Wankhede Stadium,Wankhede Stadium,Mumbai,Mumbai,Mumbai Indians,Mumbai Indians,Kings XI Punjab,Punjab Kings,Kings XI Punjab,Punjab Kings,bat,Mumbai Indians,Mumbai Indians,0,5,CJ Anderson
733975,2014,2014-05-03,Indian Premier League,23,Feroz Shah Kotla,Feroz Shah Kotla,Delhi,Delhi,Delhi Daredevils,Delhi Capitals,Rajasthan Royals,Rajasthan Royals,Rajasthan Royals,Rajasthan Royals,field,Rajasthan Royals,Rajasthan Royals,0,7,KK Nair
733977,2014,2014-05-04,Indian Premier League,24,M Chinnaswamy Stadium,M Chinnaswamy Stadium,Bangalore,Bengaluru,Royal Challengers Bangalore,Royal Challengers Bengaluru,Sunrisers Hyderabad,Sunrisers Hyderabad,Royal Challengers Bangalore,Royal Challengers Bengaluru,field,Royal Challengers Bangalore,Royal Challengers Bengaluru,0,4,AB de Villiers
733979,2014,2014-05-05,Indian Premier League,25,"Sardar Patel Stadium, Motera",Narendra Modi Stadium,Ahmedabad,Ahmedabad,Rajasthan Royals,Rajasthan Royals,Kolkata Knight Riders,Kolkata Knight Riders,Kolkata Knight Riders,Kolkata Knight Riders,field,Rajasthan Royals,Rajasthan Royals,10,0,PV Tambe
733981,2014,2014-05-05,Indian Premier League,26,Feroz Shah Kotla,Feroz Shah Kotla,Delhi,Delhi,Delhi Daredevils,Delhi Capitals,Chennai Super Kings,Chennai Super Kings,Chennai Super Kings,Chennai Super Kings,field,Chennai Super Kings,Chennai Super Kings,0,8,DR Smith
733983,2014,2014-05-06,Indian Premier League,27,Wankhede Stadium,Wankhede Stadium,Mumbai,Mumbai,Mumbai Indians,Mumbai Indians,Royal Challengers Bangalore,Royal Challengers Bengaluru,Royal Challengers Bangalore,Royal Challengers Bengaluru,field,Mumbai Indians,Mumbai Indians,19,0,RG Sharma
733985,2014,2014-05-07,Indian Premier League,28,Feroz Shah Kotla,Feroz Shah Kotla,Delhi,Delhi,Delhi Daredevils,Delhi Capitals,Kolkata Knight Riders,Kolkata Knight Riders,Delhi Daredevils,Delhi Capitals,bat,Kolkata Knight Riders,Kolkata Knight Riders,0,8,G Gambhir
733987,2014,2014-05-07,Indian Premier League,29,Barabati Stadium,Barabati Stadium,Cuttack,Cuttack,Kings XI Punjab,Punjab Kings,Chennai Super Kings,Chennai Super Kings,Chennai Super Kings,Chennai Super Kings,field,Kings XI Punjab,Punjab Kings,44,0,GJ Maxwell
733989,2014,2014-05-08,Indian Premier League,30,"Sardar Patel Stadium, Motera",Narendra Modi Stadium,Ahmedabad,Ahmedabad,Rajasthan Royals,Rajasthan Royals,Sunrisers Hyderabad,Sunrisers Hyderabad,Rajasthan Royals,Rajasthan Royals,field,Sunrisers Hyderabad,Sunrisers Hyderabad,32,0,B Kumar
733991,2014,2014-05-09,Indian Premier League,31,M Chinnaswamy Stadium,M Chinnaswamy Stadium,Bangalore,Bengaluru,Royal Challengers Bangalore,Royal Challengers Bengaluru,Kings XI Punjab,Punjab Kings,Royal Challengers Bangalore,Royal Challengers Bengaluru,field,Kings XI Punjab,Punjab Kings,32,0,Sandeep Sharma
733993,2014,2014-05-10,Indian Premier League,32,Feroz Shah Kotla,Feroz Shah Kotla,Delhi,Delhi,Delhi Daredevils,Delhi Capitals,Sunrisers Hyderabad,Sunrisers Hyderabad,Sunrisers Hyderabad,Sunrisers Hyderabad,field,Sunrisers Hyderabad,Sunrisers Hyderabad,0,8,DW Steyn
733995,2014,2014-05-10,Indian Premier League,33,Wankhede Stadium,Wankhede Stadium,Mumbai,Mumbai,Mumbai Indians,Mumbai Indians,Chennai Super Kings,Chennai Super Kings,Chennai Super Kings,Chennai Super Kings,field,Chennai Super Kings,Chennai Super Kings,0,4,DR Smith
733997,2014,2014-05-11,Indian Premier League,34,Barabati Stadium,Barabati Stadium,Cuttack,Cuttack,Kings XI Punjab,Punjab Kings,Kolkata Knight Riders,Kolkata Knight Riders,Kolkata Knight Riders,Kolkata Knight Riders,field,Kolkata Knight Riders,Kolkata Knight Riders,0,9,G Gambhir
733999,2014,2014-05-11,Indian Premier League,35,M Chinnaswamy Stadium,M Chinnaswamy Stadium,Bangalore,Bengaluru,Royal Challengers Bangalore,Royal Challengers Bengaluru,Rajasthan Royals,Rajasthan Royals,Royal Challengers Bangalore,Royal Challengers Bengaluru,bat,Rajasthan Royals,Rajasthan Royals,0,5,JP Faulkner
734001,2014,2014-05-12,Indian Premier League,36,"Rajiv Gandhi International Stadium, Uppal","Rajiv Gandhi International Stadium, Uppal",Hyderabad,Hyderabad,Sunrisers Hyderabad,Sunrisers Hyderabad,Mumbai Indians,Mumbai Indians,Sunrisers Hyderabad,Sunrisers Hyderabad,bat,Mumbai Indians,Mumbai Indians,0,7,AT Rayudu
734003,2014,2014-05-13,Indian Premier League,37,JSCA International Stadium Complex,JSCA International Stadium Complex,Ranchi,Ranchi,Chennai Super Kings,Chennai Super Kings,Rajasthan Royals,Rajasthan Royals,Rajasthan Royals,Rajasthan Royals,bat,Chennai Super Kings,Chennai Super Kings,0,5,RA Jadeja
734005,2014,2014-05-13,Indian Premier League,38,M Chinnaswamy Stadium,M Chinnaswamy Stadium,Bangalore,Bengaluru,Royal Challengers Bangalore,Royal Challengers Bengaluru,Delhi Daredevils,Delhi Capitals,Delhi Daredevils,Delhi Capitals,field,Royal Challengers Bangalore,Royal Challengers Bengaluru,16,0,Yuvraj Singh
734007,2014,2014-05-14,Indian Premier League,39,"Rajiv Gandhi International Stadium, Uppal","Rajiv Gandhi International Stadium, Uppal",Hyderabad,Hyderabad,Sunrisers Hyderabad,Sunrisers Hyderabad,Kings XI Punjab,Punjab Kings,Kings XI Punjab,Punjab Kings,field,Kings XI Punjab,Punjab Kings,0,6,WP Saha
734009,2014,2014-05-14,Indian Premier League,40,Barabati Stadium,Barabati Stadium,Cuttack,Cuttack,Kolkata Knight Riders,Kolkata Knight Riders,Mumbai Indians,Mumbai Indians,Kolkata Knight Riders,Kolkata Knight Riders,field,Kolkata Knight Riders,Kolkata Knight Riders,0,6,RV Uthappa
734011,2014,2014-05-15,Indian Premier League,41,"Sardar Patel Stadium, Motera",Narendra Modi Stadium,Ahmedabad,Ahmedabad,Rajasthan Royals,Rajasthan Royals,Delhi Daredevils,Delhi Capitals,Delhi Daredevils,Delhi Capitals,field,Rajasthan Royals,Rajasthan Royals,62,0,AM Rahane
734013,2014,2014-05-18,Indian Premier League,42,JSCA International Stadium Complex,JSCA International Stadium Complex,Ranchi,Ranchi,Chennai Super Kings,Chennai Super Kings,Royal Challengers Bangalore,Royal Challengers Bengaluru,Chennai Super Kings,Chennai Super Kings,bat,Royal Challengers Bangalore,Royal Challengers Bengaluru,0,5,AB de Villiers
734015,2014,2014-05-18,Indian Premier League,43,"Rajiv Gandhi International Stadium, Uppal","Rajiv Gandhi International Stadium, Uppal",Hyderabad,Hyderabad,Sunrisers Hyderabad,Sunrisers Hyderabad,Kolkata Knight Riders,Kolkata Knight Riders,Sunrisers Hyderabad,Sunrisers Hyderabad,bat,Kolkata Knight Riders,Kolkata Knight Riders,0,7,UT Yadav
734017,2014,2014-05-19,Indian Premier League,44,"Sardar Patel Stadium, Motera",Narendra Modi Stadium,Ahmedabad,Ahmedabad,Rajasthan Royals,Rajasthan Royals,Mumbai Indians,Mumbai Indians,Mumbai Indians,Mumbai Indians,bat,Mumbai Indians,Mumbai Indians,25,0,MEK Hussey
734019,2014,2014-05-19,Indian Premier League,45,Feroz Shah Kotla,Feroz Shah Kotla,Delhi,Delhi,Delhi Daredevils,Delhi Capitals,Kings XI Punjab,Punjab Kings,Kings XI Punjab,Punjab Kings,field,Kings XI Punjab,Punjab Kings,0,4,AR Patel
734021,2014,2014-05-20,Indian Premier League,46,"Rajiv Gandhi International Stadium, Uppal","Rajiv Gandhi International Stadium, Uppal",Hyderabad,Hyderabad,Sunrisers Hyderabad,Sunrisers Hyderabad,Royal Challengers Bangalore,Royal Challengers Bengaluru,Royal Challengers Bangalore,Royal Challengers Bengaluru,bat,Sunrisers Hyderabad,Sunrisers Hyderabad,0,7,DA Warner
734023,2014,2014-05-20,Indian Premier League,47,Eden Gardens,Eden Gardens,Kolkata,Kolkata,Kolkata Knight Riders,Kolkata Knight Riders,Chennai Super Kings,Chennai Super Kings,Kolkata Knight Riders,Kolkata Knight Riders,field,Kolkata Knight Riders,Kolkata Knight Riders,0,8,RV Uthappa
734025,2014,2014-05-21,Indian Premier League,48,"Punjab Cricket Association Stadium, Mohali","Punjab Cricket Association IS Bindra Stadium, Mohali",Chandigarh,Chandigarh,Kings XI Punjab,Punjab Kings,Mumbai Indians,Mumbai Indians,Mumbai Indians,Mumbai Indians,field,Mumbai Indians,Mumbai Indians,0,7,LMP Simmons
734027,2014,2014-05-22,Indian Premier League,49,Eden Gardens,Eden Gardens,Kolkata,Kolkata,Kolkata Knight Riders,Kolkata Knight Riders,Royal Challengers Bangalore,Royal Challengers Bengaluru,Royal Challengers Bangalore,Royal Challengers Bengaluru,field,Kolkata Knight Riders,Kolkata Knight Riders,30,0,RV Uthappa
734029,2014,2014-05-22,Indian Premier League,50,JSCA International Stadium Complex,JSCA International Stadium Complex,Ranchi,Ranchi,Chennai Super Kings,Chennai Super Kings,Sunrisers Hyderabad,Sunrisers Hyderabad,Sunrisers Hyderabad,Sunrisers Hyderabad,field,Sunrisers Hyderabad,Sunrisers Hyderabad,0,6,DA Warner
734031,2014,2014-05-23,Indian Premier League,51,Wankhede Stadium,Wankhede Stadium,Mumbai,Mumbai,Mumbai Indians,Mumbai Indians,Delhi Daredevils,Delhi Capitals,Delhi Daredevils,Delhi Capitals,field,Mumbai Indians,Mumbai Indians,15,0,MEK Hussey
734033,2014,2014-05-23,Indian Premier League,52,"Punjab Cricket Association Stadium, Mohali","Punjab Cricket Association IS Bindra Stadium, Mohali",Chandigarh,Chandigarh,Kings XI Punjab,Punjab Kings,Rajasthan Royals,Rajasthan Royals,Rajasthan Royals,Rajasthan Royals,field,Kings XI Punjab,Punjab Kings,16,0,SE Marsh
734035,2014,2014-05-24,Indian Premier League,53,M Chinnaswamy Stadium,M Chinnaswamy Stadium,Bangalore,Bengaluru,Royal Challengers Bangalore,Royal Challengers Bengaluru,Chennai Super Kings,Chennai Super Kings,Chennai Super Kings,Chennai Super Kings,field,Chennai Super Kings,Chennai Super Kings,0,8,MS Dhoni
734037,2014,2014-05-24,Indian Premier League,54,Eden Gardens,Eden Gardens,Kolkata,Kolkata,Kolkata Knight Riders,Kolkata Knight Riders,Sunrisers Hyderabad,Sunrisers Hyderabad,Kolkata Knight Riders,Kolkata Knight Riders,field,Kolkata Knight Riders,Kolkata Knight Riders,0,4,YK Pathan
734039,2014,2014-05-25,Indian Premier League,55,"Punjab Cricket Association Stadium, Mohali","Punjab Cricket Association IS Bindra Stadium, Mohali",Chandigarh,Chandigarh,Kings XI Punjab,Punjab Kings,Delhi Daredevils,Delhi Capitals,Kings XI Punjab,Punjab Kings,field,Kings XI Punjab,Punjab Kings,0,7,M Vohra
734041,2014,2014-05-25,Indian Premier League,56,Wankhede Stadium,Wankhede Stadium,Mumbai,Mumbai,Mumbai Indians,Mumbai Indians,Rajasthan Royals,Rajasthan Royals,Mumbai Indians,Mumbai Indians,field,Mumbai Indians,Mumbai Indians,0,5,CJ Anderson
734043,2014,2014-05-28,Indian Premier League,,Eden Gardens,Eden Gardens,Kolkata,Kolkata,Kings XI Punjab,Punjab Kings,Kolkata Knight Riders,Kolkata Knight Riders,Kings XI Punjab,Punjab Kings,field,Kolkata Knight Riders,Kolkata Knight Riders,28,0,UT Yadav
734045,2014,2014-05-28,Indian Premier League,,Brabourne Stadium,Brabourne Stadium,Mumbai,Mumbai,Chennai Super Kings,Chennai Super Kings,Mumbai Indians,Mumbai Indians,Chennai Super Kings,Chennai Super Kings,field,Chennai Super Kings,Chennai Super Kings,0,7,SK Raina
734047,2014,2014-05-30,Indian Premier League,,Wankhede Stadium,Wankhede Stadium,Mumbai,Mumbai,Chennai Super Kings,Chennai Super Kings,Kings XI Punjab,Punjab Kings,Chennai Super Kings,Chennai Super Kings,field,Kings XI Punjab,Punjab Kings,24,0,V Sehwag
734049,2014,2014-06-01,Indian Premier League,,M Chinnaswamy Stadium,M Chinnaswamy Stadium,Bangalore,Bengaluru,Kolkata Knight Riders,Kolkata Knight Riders,Kings XI Punjab,Punjab Kings,Kolkata Knight Riders,Kolkata Knight Riders,field,Kolkata Knight Riders,Kolkata Knight Riders,0,3,MK Pandey
829705,2015,2015-04-08,Indian Premier League,1,Eden Gardens,Eden Gardens,Kolkata,Kolkata,Kolkata Knight Riders,Kolkata Knight Riders,Mumbai Indians,Mumbai Indians,Kolkata Knight Riders,Kolkata Knight Riders,field,Kolkata Knight Riders,Kolkata Knight Riders,0,7,M Morkel
829707,2015,2015-04-09,Indian Premier League,2,"MA Chidambaram Stadium, Chepauk",MA Chidambaram Stadium,Chennai,Chennai,Chennai Super Kings,Chennai Super Kings,Delhi Daredevils,Delhi Capitals,Delhi Daredevils,Delhi Capitals,field,Chennai Super Kings,Chennai Super Kings,1,0,A Nehra
829709,2015,2015-04-10,Indian Premier League,3,Maharashtra Cricket Association Stadium,Maharashtra Cricket Association Stadium,Pune,Pune,Kings XI Punjab,Punjab Kings,Rajasthan Royals,Rajasthan Royals,Kings XI Punjab,Punjab Kings,field,Rajasthan Royals,Rajasthan Royals,26,0,JP Faulkner
829711,2015,2015-04-11,Indian Premier League,4,"MA Chidambaram Stadium, Chepauk",MA Chidambaram Stadium,Chennai,Chennai,Chennai Super Kings,Chennai Super Kings,Sunrisers Hyderabad,Sunrisers Hyderabad,Chennai Super Kings,Chennai Super Kings,bat,Chennai Super Kings,Chennai Super Kings,45,0,BB McCullum
829713,2015,2015-04-11,Indian Premier League,5,Eden Gardens,Eden Gardens,Kolkata,Kolkata,Kolkata Knight Riders,Kolkata Knight Riders,Royal Challengers Bangalore,Royal Challengers Bengaluru,Royal Challengers Bangalore,Royal Challengers Bengaluru,field,Royal Challengers Bangalore,Royal Challengers Bengaluru,0,3,CH Gayle
829715,2015,2015-04-12,Indian Premier League,6,Feroz Shah Kotla,Feroz Shah Kotla,Delhi,Delhi,Delhi Daredevils,Delhi Capitals,Rajasthan Royals,Rajasthan Royals,Rajasthan Royals,Rajasthan Royals,field,Rajasthan Royals,Rajasthan Royals,0,3,DJ Hooda
829717,2015,2015-04-12,Indian Premier League,7,Wankhede Stadium,Wankhede Stadium,Mumbai,Mumbai,Mumbai Indians,Mumbai Indians,Kings XI Punjab,Punjab Kings,Mumbai Indians,Mumbai Indians,field,Kings XI Punjab,Punjab Kings,18,0,GJ Bailey
829719,2015,2015-04-13,Indian Premier League,8,M Chinnaswamy Stadium,M Chinnaswamy Stadium,Bangalore,Bengaluru,Royal Challengers Bangalore,Royal Challengers Bengaluru,Sunrisers Hyderabad,Sunrisers Hyderabad,Sunrisers Hyderabad,Sunrisers Hyderabad,field,Sunrisers Hyderabad,Sunrisers Hyderabad,0,8,DA Warner
829721,2015,2015-04-14,Indian Premier League,9,"Sardar Patel Stadium, Motera",Narendra Modi Stadium,Ahmedabad,Ahmedabad,Rajasthan Royals,Rajasthan Royals,Mumbai Indians,Mumbai Indians,Mumbai Indians,Mumbai Indians,bat,Rajasthan Royals,Rajasthan Royals,0,7,SPD Smith
829725,2015,2015-04-15,Indian Premier League,10,Maharashtra Cricket Association Stadium,Maharashtra Cricket Association Stadium,Pune,Pune,Kings XI Punjab,Punjab Kings,Delhi Daredevils,Delhi Capitals,Kings XI Punjab,Punjab Kings,bat,Delhi Daredevils,Delhi Capitals,0,5,MA Agarwal
829727,2015,2015-04-16,Indian Premier League,11,Dr. Y.S. Rajasekhara Reddy ACA-VDCA Cricket Stadium,Dr Y.S. Rajasekhara Reddy ACA-VDCA Cricket Stadium,Visakhapatnam,Visakhapatnam,Sunrisers Hyderabad,Sunrisers Hyderabad,Rajasthan Royals,Rajasthan Royals,Rajasthan Royals,Rajasthan Royals,field,Rajasthan Royals,Rajasthan Royals,0,6,AM Rahane
829729,2015,2015-04-17,Indian Premier League,12,Wankhede Stadium,Wankhede Stadium,Mumbai,Mumbai,Mumbai Indians,Mumbai Indians,Chennai Super Kings,Chennai Super Kings,Mumbai Indians,Mumbai Indians,bat,Chennai Super Kings,Chennai Super Kings,0,6,A Nehra
829731,2015,2015-04-18,Indian Premier League,13,Dr. Y.S. Rajasekhara Reddy ACA-VDCA Cricket Stadium,Dr Y.S. Rajasekhara Reddy ACA-VDCA Cricket Stadium,Visakhapatnam,Visakhapatnam,Sunrisers Hyderabad,Sunrisers Hyderabad,Delhi Daredevils,Delhi Capitals,Delhi Daredevils,Delhi Capitals,bat,Delhi Daredevils,Delhi Capitals,4,0,JP Duminy
829733,2015,2015-04-18,Indian Premier League,14,Maharashtra Cricket Association Stadium,Maharashtra Cricket Association Stadium,Pune,Pune,Kings XI Punjab,Punjab Kings,Kolkata Knight Riders,Kolkata Knight Riders,Kolkata Knight Riders,Kolkata Knight Riders,field,Kolkata Knight Riders,Kolkata Knight Riders,0,4,AD Russell
829735,2015,2015-04-19,Indian Premier League,15,"Sardar Patel Stadium, Motera",Narendra Modi Stadium,Ahmedabad,Ahmedabad,Rajasthan Royals,Rajasthan Royals,Chennai Super Kings,Chennai Super Kings,Chennai Super Kings,Chennai Super Kings,bat,Rajasthan Royals,Rajasthan Royals,0,8,AM Rahane
829737,2015,2015-04-19,Indian Premier League,16,M Chinnaswamy Stadium,M Chinnaswamy Stadium,Bangalore,Bengaluru,Royal Challengers Bangalore,Royal Challengers Bengaluru,Mumbai Indians,Mumbai Indians,Royal Challengers Bangalore,Royal Challengers Bengaluru,field,Mumbai Indians,Mumbai Indians,18,0,Harbhajan Singh
829739,2015,2015-04-20,Indian Premier League,17,Feroz Shah Kotla,Feroz Shah Kotla,Delhi,Delhi,Delhi Daredevils,Delhi Capitals,Kolkata Knight Riders,Kolkata Knight Riders,Kolkata Knight Riders,Kolkata Knight Riders,field,Kolkata Knight Riders,Kolkata Knight Riders,0,6,UT Yadav
829741,2015,2015-04-21,Indian Premier League,18,"Sardar Patel Stadium, Motera",Narendra Modi Stadium,Ahmedabad,Ahmedabad,Rajasthan Royals,Rajasthan Royals,Kings XI Punjab,Punjab Kings,Kings XI Punjab,Punjab Kings,field,,,0,0,SE Marsh
829743,2015,2015-04-22,Indian Premier League,19,Dr. Y.S. Rajasekhara Reddy ACA-VDCA Cricket Stadium,Dr Y.S. Rajasekhara Reddy ACA-VDCA Cricket Stadium,Visakhapatnam,Visakhapatnam,Sunrisers Hyderabad,Sunrisers Hyderabad,Kolkata Knight Riders,Kolkata Knight Riders,Kolkata Knight Riders,Kolkata Knight Riders,field,Sunrisers Hyderabad,Sunrisers Hyderabad,16,0,DA Warner
829745,2015,2015-04-22,Indian Premier League,20,M Chinnaswamy Stadium,M Chinnaswamy Stadium,Bangalore,Bengaluru,Royal Challengers Bangalore,Royal Challengers Bengaluru,Chennai Super Kings,Chennai Super Kings,Royal Challengers Bangalore,Royal Challengers Bengaluru,field,Chennai Super Kings,Chennai Super Kings,27,0,SK Raina
829747,2015,2015-04-23,Indian Premier League,21,Feroz Shah Kotla,Feroz Shah Kotla,Delhi,Delhi,Delhi Daredevils,Delhi Capitals,Mumbai Indians,Mumbai Indians,Mumbai Indians,Mumbai Indians,field,Delhi Daredevils,Delhi Capitals,37,0,SS Iyer
829749,2015,2015-04-24,Indian Premier League,22,"Sardar Patel Stadium, Motera",Narendra Modi Stadium,Ahmedabad,Ahmedabad,Rajasthan Royals,Rajasthan Royals,Royal Challengers Bangalore,Royal Challengers Bengaluru,Royal Challengers Bangalore,Royal Challengers Bengaluru,field,Royal Challengers Bangalore,Royal Challengers Bengaluru,0,9,MA Starc
829751,2015,2015-04-25,Indian Premier League,23,Wankhede Stadium,Wankhede Stadium,Mumbai,Mumbai,Mumbai Indians,Mumbai Indians,Sunrisers Hyderabad,Sunrisers Hyderabad,Mumbai Indians,Mumbai Indians,bat,Mumbai Indians,Mumbai Indians,20,0,SL Malinga
829753,2015,2015-04-25,Indian Premier League,24,"MA Chidambaram Stadium, Chepauk",MA Chidambaram Stadium,Chennai,Chennai,Chennai Super Kings,Chennai Super Kings,Kings XI Punjab,Punjab Kings,Chennai Super Kings,Chennai Super Kings,bat,Chennai Super Kings,Chennai Super Kings,97,0,BB McCullum
829757,2015,2015-04-26,Indian Premier League,26,Feroz Shah Kotla,Feroz Shah Kotla,Delhi,Delhi,Delhi Daredevils,Delhi Capitals,Royal Challengers Bangalore,Royal Challengers Bengaluru,Royal Challengers Bangalore,Royal Challengers Bengaluru,field,Royal Challengers Bangalore,Royal Challengers Bengaluru,0,10,VR Aaron
829759,2015,2015-04-27,Indian Premier League,27,"Punjab Cricket Association Stadium, Mohali","Punjab Cricket Association IS Bindra Stadium, Mohali",Chandigarh,Chandigarh,Kings XI Punjab,Punjab Kings,Sunrisers Hyderabad,Sunrisers Hyderabad,Kings XI Punjab,Punjab Kings,field,Sunrisers Hyderabad,Sunrisers Hyderabad,20,0,TA Boult
829765,2015,2015-04-28,Indian Premier League,28,"MA Chidambaram Stadium, Chepauk",MA Chidambaram Stadium,Chennai,Chennai,Chennai Super Kings,Chennai Super Kings,Kolkata Knight Riders,Kolkata Knight Riders,Kolkata Knight Riders,Kolkata Knight Riders,field,Chennai Super Kings,Chennai Super Kings,2,0,DJ Bravo
829763,2015,2015-04-29,Indian Premier League,29,M Chinnaswamy Stadium,M Chinnaswamy Stadium,Bangalore,Bengaluru,Royal Challengers Bangalore,Royal Challengers Bengaluru,Rajasthan Royals,Rajasthan Royals,Rajasthan Royals,Rajasthan Royals,field,,,0,0,
829723,2015,2015-04-30,Indian Premier League,30,Eden Gardens,Eden Gardens,Kolkata,Kolkata,Kolkata Knight Riders,Kolkata Knight Riders,Chennai Super Kings,Chennai Super Kings,Kolkata Knight Riders,Kolkata Knight Riders,field,Kolkata Knight Riders,Kolkata Knight Riders,0,7,AD Russell
829767,2015,2015-05-01,Indian Premier League,31,Feroz Shah Kotla,Feroz Shah Kotla,Delhi,Delhi,Delhi Daredevils,Delhi Capitals,Kings XI Punjab,Punjab Kings,Delhi Daredevils,Delhi Capitals,field,Delhi Daredevils,Delhi Capitals,0,9,NM Coulter-Nile
829769,2015,2015-05-01,Indian Premier League,32,Wankhede Stadium,Wankhede Stadium,Mumbai,Mumbai,Mumbai Indians,Mumbai Indians,Rajasthan Royals,Rajasthan Royals,Rajasthan Royals,Rajasthan Royals,field,Mumbai Indians,Mumbai Indians,8,0,AT Rayudu
829771,2015,2015-05-02,Indian Premier League,33,M Chinnaswamy Stadium,M Chinnaswamy Stadium,Bangalore,Bengaluru,Royal Challengers Bangalore,Royal Challengers Bengaluru,Kolkata Knight Riders,Kolkata Knight Riders,Royal Challengers Bangalore,Royal Challengers Bengaluru,field,Royal Challengers Bangalore,Royal Challengers Bengaluru,0,7,Mandeep Singh
829773,2015,2015-05-02,Indian Premier League,34,"Rajiv Gandhi International Stadium, Uppal","Rajiv Gandhi International Stadium, Uppal",Hyderabad,Hyderabad,Sunrisers Hyderabad,Sunrisers Hyderabad,Chennai Super Kings,Chennai Super Kings,Chennai Super Kings,Chennai Super Kings,field,Sunrisers Hyderabad,Sunrisers Hyderabad,22,0,DA Warner
829775,2015,2015-05-03,Indian Premier League,35,"Punjab Cricket Association Stadium, Mohali","Punjab Cricket Association IS Bindra Stadium, Mohali",Chandigarh,Chandigarh,Kings XI Punjab,Punjab Kings,Mumbai Indians,Mumbai Indians,Mumbai Indians,Mumbai Indians,bat,Mumbai Indians,Mumbai Indians,23,0,LMP Simmons
829777,2015,2015-05-03,Indian Premier League,36,Brabourne Stadium,Brabourne Stadium,Mumbai,Mumbai,Rajasthan Royals,Rajasthan Royals,Delhi Daredevils,Delhi Capitals,Delhi Daredevils,Delhi Capitals,field,Rajasthan Royals,Rajasthan Royals,14,0,AM Rahane
829779,2015,2015-05-04,Indian Premier League,37,"MA Chidambaram Stadium, Chepauk",MA Chidambaram Stadium,Chennai,Chennai,Chennai Super Kings,Chennai Super Kings,Royal Challengers Bangalore,Royal Challengers Bengaluru,Chennai Super Kings,Chennai Super Kings,bat,Chennai Super Kings,Chennai Super Kings,24,0,SK Raina
829781,2015,2015-05-04,Indian Premier League,38,Eden Gardens,Eden Gardens,Kolkata,Kolkata,Kolkata Knight Riders,Kolkata Knight Riders,Sunrisers Hyderabad,Sunrisers Hyderabad,Sunrisers Hyderabad,Sunrisers Hyderabad,field,Kolkata Knight Riders,Kolkata Knight Riders,35,0,UT Yadav
829783,2015,2015-05-05,Indian Premier League,39,Wankhede Stadium,Wankhede Stadium,Mumbai,Mumbai,Mumbai Indians,Mumbai Indians,Delhi Daredevils,Delhi Capitals,Delhi Daredevils,Delhi Capitals,bat,Mumbai Indians,Mumbai Indians,0,5,Harbhajan Singh
829785,2015,2015-05-06,Indian Premier League,40,M Chinnaswamy Stadium,M Chinnaswamy Stadium,Bangalore,Bengaluru,Royal Challengers Bangalore,Royal Challengers Bengaluru,Kings XI Punjab,Punjab Kings,Kings XI Punjab,Punjab Kings,field,Royal Challengers Bangalore,Royal Challengers Bengaluru,138,0,CH Gayle
829761,2015,2015-05-07,Indian Premier League,42,Eden Gardens,Eden Gardens,Kolkata,Kolkata,Kolkata Knight Riders,Kolkata Knight Riders,Delhi Daredevils,Delhi Capitals,Kolkata Knight Riders,Kolkata Knight Riders,bat,Kolkata Knight Riders,Kolkata Knight Riders,13,0,PP Chawla
829787,2015,2015-05-07,Indian Premier League,41,Brabourne Stadium,Brabourne Stadium,Mumbai,Mumbai,Rajasthan Royals,Rajasthan Royals,Sunrisers Hyderabad,Sunrisers Hyderabad,Rajasthan Royals,Rajasthan Royals,field,Sunrisers Hyderabad,Sunrisers Hyderabad,7,0,EJG Morgan
829789,2015,2015-05-08,Indian Premier League,43,"MA Chidambaram Stadium, Chepauk",MA Chidambaram Stadium,Chennai,Chennai,Chennai Super Kings,Chennai Super Kings,Mumbai Indians,Mumbai Indians,Chennai Super Kings,Chennai Super Kings,bat,Mumbai Indians,Mumbai Indians,0,6,HH Pandya
829791,2015,2015-05-09,Indian Premier League,44,Eden Gardens,Eden Gardens,Kolkata,Kolkata,Kolkata Knight Riders,Kolkata Knight Riders,Kings XI Punjab,Punjab Kings,Kings XI Punjab,Punjab Kings,bat,Kolkata Knight Riders,Kolkata Knight Riders,0,1,AD Russell
829793,2015,2015-05-09,Indian Premier League,45,Shaheed Veer Narayan Singh International Stadium,Shaheed Veer Narayan Singh International Stadium,Raipur,Raipur,Delhi Daredevils,Delhi Capitals,Sunrisers Hyderabad,Sunrisers Hyderabad,Sunrisers Hyderabad,Sunrisers Hyderabad,bat,Sunrisers Hyderabad,Sunrisers Hyderabad,6,0,MC Henriques
829795,2015,2015-05-10,Indian Premier League,46,Wankhede Stadium,Wankhede Stadium,Mumbai,Mumbai,Mumbai Indians,Mumbai Indians,Royal Challengers Bangalore,Royal Challengers Bengaluru,Royal Challengers Bangalore,Royal Challengers Bengaluru,bat,Royal Challengers Bangalore,Royal Challengers Bengaluru,39,0,AB de Villiers
829797,2015,2015-05-10,Indian Premier League,47,"MA Chidambaram Stadium, Chepauk",MA Chidambaram Stadium,Chennai,Chennai,Chennai Super Kings,Chennai Super Kings,Rajasthan Royals,Rajasthan Royals,Chennai Super Kings,Chennai Super Kings,bat,Chennai Super Kings,Chennai Super Kings,12,0,RA Jadeja
829799,2015,2015-05-11,Indian Premier League,48,"Rajiv Gandhi International Stadium, Uppal","Rajiv Gandhi International Stadium, Uppal",Hyderabad,Hyderabad,Sunrisers Hyderabad,Sunrisers Hyderabad,Kings XI Punjab,Punjab Kings,Sunrisers Hyderabad,Sunrisers Hyderabad,bat,Sunrisers Hyderabad,Sunrisers Hyderabad,5,0,DA Warner
829801,2015,2015-05-12,Indian Premier League,49,Shaheed Veer Narayan Singh International Stadium,Shaheed Veer Narayan Singh International Stadium,Raipur,Raipur,Delhi Daredevils,Delhi Capitals,Chennai Super Kings,Chennai Super Kings,Chennai Super Kings,Chennai Super Kings,bat,Delhi Daredevils,Delhi Capitals,0,6,Z Khan
829803,2015,2015-05-13,Indian Premier League,50,"Punjab Cricket Association Stadium, Mohali","Punjab Cricket Association IS Bindra Stadium, Mohali",Chandigarh,Chandigarh,Kings XI Punjab,Punjab Kings,Royal Challengers Bangalore,Royal Challengers Bengaluru,Royal Challengers Bangalore,Royal Challengers Bengaluru,field,Kings XI Punjab,Punjab Kings,22,0,AR Patel
829805,2015,2015-05-14,Indian Premier League,51,Wankhede Stadium,Wankhede Stadium,Mumbai,Mumbai,Mumbai Indians,Mumbai Indians,Kolkata Knight Riders,Kolkata Knight Riders,Kolkata Knight Riders,Kolkata Knight Riders,field,Mumbai Indians,Mumbai Indians,5,0,HH Pandya
829807,2015,2015-05-15,Indian Premier League,52,"Rajiv Gandhi International Stadium, Uppal","Rajiv Gandhi International Stadium, Uppal",Hyderabad,Hyderabad,Sunrisers Hyderabad,Sunrisers Hyderabad,Royal Challengers Bangalore,Royal Challengers Bengaluru,Sunrisers Hyderabad,Sunrisers Hyderabad,bat,Royal Challengers Bangalore,Royal Challengers Bengaluru,0,6,V Kohli
829809,2015,2015-05-16,Indian Premier League,53,"Punjab Cricket Association Stadium, Mohali","Punjab Cricket Association IS Bindra Stadium, Mohali",Chandigarh,Chandigarh,Kings XI Punjab,Punjab Kings,Chennai Super Kings,Chennai Super Kings,Kings XI Punjab,Punjab Kings,bat,Chennai Super Kings,Chennai Super Kings,0,7,P Negi
829811,2015,2015-05-16,Indian Premier League,54,Brabourne Stadium,Brabourne Stadium,Mumbai,Mumbai,Rajasthan Royals,Rajasthan Royals,Kolkata Knight Riders,Kolkata Knight Riders,Rajasthan Royals,Rajasthan Royals,bat,Rajasthan Royals,Rajasthan Royals,9,0,SR Watson
829813,2015,2015-05-17,Indian Premier League,55,M Chinnaswamy Stadium,M Chinnaswamy Stadium,Bangalore,Bengaluru,Royal Challengers Bangalore,Royal Challengers Bengaluru,Delhi Daredevils,Delhi Capitals,Royal Challengers Bangalore,Royal Challengers Bengaluru,field,,,0,0,
829815,2015,2015-05-17,Indian Premier League,56,"Rajiv Gandhi International Stadium, Uppal","Rajiv Gandhi International Stadium, Uppal",Hyderabad,Hyderabad,Sunrisers Hyderabad,Sunrisers Hyderabad,Mumbai Indians,Mumbai Indians,Sunrisers Hyderabad,Sunrisers Hyderabad,bat,Mumbai Indians,Mumbai Indians,0,9,MJ McClenaghan
829817,2015,2015-05-19,Indian Premier League,,Wankhede Stadium,Wankhede Stadium,Mumbai,Mumbai,Chennai Super Kings,Chennai Super Kings,Mumbai Indians,Mumbai Indians,Mumbai Indians,Mumbai Indians,bat,Mumbai Indians,Mumbai Indians,25,0,KA Pollard
829819,2015,2015-05-20,Indian Premier League,,Maharashtra Cricket Association Stadium,Maharashtra Cricket Association Stadium,Pune,Pune,Royal Challengers Bangalore,Royal Challengers Bengaluru,Rajasthan Royals,Rajasthan Royals,Royal Challengers Bangalore,Royal Challengers Bengaluru,bat,Royal Challengers Bangalore,Royal Challengers Bengaluru,71,0,AB de Villiers
829821,2015,2015-05-22,Indian Premier League,,JSCA International Stadium Complex,JSCA International Stadium Complex,Ranchi,Ranchi,Chennai Super Kings,Chennai Super Kings,Royal Challengers Bangalore,Royal Challengers Bengaluru,Chennai Super Kings,Chennai Super Kings,field,Chennai Super Kings,Chennai Super Kings,0,3,A Nehra
829823,2015,2015-05-24,Indian Premier League,,Eden Gardens,Eden Gardens,Kolkata,Kolkata,Mumbai Indians,Mumbai Indians,Chennai Super Kings,Chennai Super Kings,Chennai Super Kings,Chennai Super Kings,field,Mumbai Indians,Mumbai Indians,41,0,RG Sharma
980901,2016,2016-04-09,Indian Premier League,1,Wankhede Stadium,Wankhede Stadium,Mumbai,Mumbai,Mumbai Indians,Mumbai Indians,Rising Pune Supergiants,Rising Pune Supergiants,Mumbai Indians,Mumbai Indians,bat,Rising Pune Supergiants,Rising Pune Supergiants,0,9,AM Rahane
980903,2016,2016-04-10,Indian Premier League,2,Eden Gardens,Eden Gardens,Kolkata,Kolkata,Kolkata Knight Riders,Kolkata Knight Riders,Delhi Daredevils,Delhi Capitals,Kolkata Knight Riders,Kolkata Knight Riders,field,Kolkata Knight Riders,Kolkata Knight Riders,0,9,AD Russell
980905,2016,2016-04-11,Indian Premier League,3,"Punjab Cricket Association IS Bindra Stadium, Mohali","Punjab Cricket Association IS Bindra Stadium, Mohali",Chandigarh,Chandigarh,Kings XI Punjab,Punjab Kings,Gujarat Lions,Gujarat Lions,Gujarat Lions,Gujarat Lions,field,Gujarat Lions,Gujarat Lions,0,5,AJ Finch
980907,2016,2016-04-12,Indian Premier League,4,M Chinnaswamy Stadium,M Chinnaswamy Stadium,Bangalore,Bengaluru,Royal Challengers Bangalore,Royal Challengers Bengaluru,Sunrisers Hyderabad,Sunrisers Hyderabad,Sunrisers Hyderabad,Sunrisers Hyderabad,field,Royal Challengers Bangalore,Royal Challengers Bengaluru,45,0,AB de Villiers
980909,2016,2016-04-13,Indian Premier League,5,Eden Gardens,Eden Gardens,Kolkata,Kolkata,Kolkata Knight Riders,Kolkata Knight Riders,Mumbai Indians,Mumbai Indians,Mumbai Indians,Mumbai Indians,field,Mumbai Indians,Mumbai Indians,0,6,RG Sharma
980911,2016,2016-04-14,Indian Premier League,6,Saurashtra Cricket Association Stadium,Saurashtra Cricket Association Stadium,Rajkot,Rajkot,Gujarat Lions,Gujarat Lions,Rising Pune Supergiants,Rising Pune Supergiants,Rising Pune Supergiants,Rising Pune Supergiants,bat,Gujarat Lions,Gujarat Lions,0,7,AJ Finch
980913,2016,2016-04-15,Indian Premier League,7,Feroz Shah Kotla,Feroz Shah Kotla,Delhi,Delhi,Delhi Daredevils,Delhi Capitals,Kings XI Punjab,Punjab Kings,Delhi Daredevils,Delhi Capitals,field,Delhi Daredevils,Delhi Capitals,0,8,A Mishra
980915,2016,2016-04-16,Indian Premier League,8,"Rajiv Gandhi International Stadium, Uppal","Rajiv Gandhi International Stadium, Uppal",Hyderabad,Hyderabad,Sunrisers Hyderabad,Sunrisers Hyderabad,Kolkata Knight Riders,Kolkata Knight Riders,Sunrisers Hyderabad,Sunrisers Hyderabad,bat,Kolkata Knight Riders,Kolkata Knight Riders,0,8,G Gambhir
980917,2016,2016-04-16,Indian Premier League,9,Wankhede Stadium,Wankhede Stadium,Mumbai,Mumbai,Mumbai Indians,Mumbai Indians,Gujarat Lions,Gujarat Lions,Gujarat Lions,Gujarat Lions,field,Gujarat Lions,Gujarat Lions,0,3,AJ Finch
980919,2016,2016-04-17,Indian Premier League,10,"Punjab Cricket Association IS Bindra Stadium, Mohali","Punjab Cricket Association IS Bindra Stadium, Mohali",Chandigarh,Chandigarh,Kings XI Punjab,Punjab Kings,Rising Pune Supergiants,Rising Pune Supergiants,Rising Pune Supergiants,Rising Pune Supergiants,bat,Kings XI Punjab,Punjab Kings,0,6,M Vohra
980921,2016,2016-04-17,Indian Premier League,11,M Chinnaswamy Stadium,M Chinnaswamy Stadium,Bangalore,Bengaluru,Royal Challengers Bangalore,Royal Challengers Bengaluru,Delhi Daredevils,Delhi Capitals,Delhi Daredevils,Delhi Capitals,field,Delhi Daredevils,Delhi Capitals,0,7,Q de Kock
980923,2016,2016-04-18,Indian Premier League,12,"Rajiv Gandhi International Stadium, Uppal","Rajiv Gandhi International Stadium, Uppal",Hyderabad,Hyderabad,Sunrisers Hyderabad,Sunrisers Hyderabad,Mumbai Indians,Mumbai Indians,Sunrisers Hyderabad,Sunrisers Hyderabad,field,Sunrisers Hyderabad,Sunrisers Hyderabad,0,7,DA Warner
980925,2016,2016-04-19,Indian Premier League,13,"Punjab Cricket Association IS Bindra Stadium, Mohali","Punjab Cricket Association IS Bindra Stadium, Mohali",Chandigarh,Chandigarh,Kings XI Punjab,Punjab Kings,Kolkata Knight Riders,Kolkata Knight Riders,Kolkata Knight Riders,Kolkata Knight Riders,field,Kolkata Knight Riders,Kolkata Knight Riders,0,6,RV Uthappa
980927,2016,2016-04-20,Indian Premier League,14,Wankhede Stadium,Wankhede Stadium,Mumbai,Mumbai,Mumbai Indians,Mumbai Indians,Royal Challengers Bangalore,Royal Challengers Bengaluru,Mumbai Indians,Mumbai Indians,field,Mumbai Indians,Mumbai Indians,0,6,RG Sharma
980929,2016,2016-04-21,Indian Premier League,15,Saurashtra Cricket Association Stadium,Saurashtra Cricket Association Stadium,Rajkot,Rajkot,Gujarat Lions,Gujarat Lions,Sunrisers Hyderabad,Sunrisers Hyderabad,Sunrisers Hyderabad,Sunrisers Hyderabad,field,Sunrisers Hyderabad,Sunrisers Hyderabad,0,10,B Kumar
980931,2016,2016-04-22,Indian Premier League,16,Maharashtra Cricket Association Stadium,Maharashtra Cricket Association Stadium,Pune,Pune,Rising Pune Supergiants,Rising Pune Supergiants,Royal Challengers Bangalore,Royal Challengers Bengaluru,Rising Pune Supergiants,Rising Pune Supergiants,field,Royal Challengers Bangalore,Royal Challengers Bengaluru,13,0,AB de Villiers
980933,2016,2016-04-23,Indian Premier League,17,Feroz Shah Kotla,Feroz Shah Kotla,Delhi,Delhi,Delhi Daredevils,Delhi Capitals,Mumbai Indians,Mumbai Indians,Mumbai Indians,Mumbai Indians,field,Delhi Daredevils,Delhi Capitals,10,0,SV Samson
980935,2016,2016-04-23,Indian Premier League,18,"Rajiv Gandhi International Stadium, Uppal","Rajiv Gandhi International Stadium, Uppal",Hyderabad,Hyderabad,Sunrisers Hyderabad,Sunrisers Hyderabad,Kings XI Punjab,Punjab Kings,Sunrisers Hyderabad,Sunrisers Hyderabad,field,Sunrisers Hyderabad,Sunrisers Hyderabad,0,5,Mustafizur Rahman
980937,2016,2016-04-24,Indian Premier League,19,Saurashtra Cricket Association Stadium,Saurashtra Cricket Association Stadium,Rajkot,Rajkot,Gujarat Lions,Gujarat Lions,Royal Challengers Bangalore,Royal Challengers Bengaluru,Royal Challengers Bangalore,Royal Challengers Bengaluru,bat,Gujarat Lions,Gujarat Lions,0,6,V Kohli
980939,2016,2016-04-24,Indian Premier League,20,Maharashtra Cricket Association Stadium,Maharashtra Cricket Association Stadium,Pune,Pune,Rising Pune Supergiants,Rising Pune Supergiants,Kolkata Knight Riders,Kolkata Knight Riders,Kolkata Knight Riders,Kolkata Knight Riders,field,Kolkata Knight Riders,Kolkata Knight Riders,0,2,SA Yadav
980941,2016,2016-04-25,Indian Premier League,21,"Punjab Cricket Association IS Bindra Stadium, Mohali","Punjab Cricket Association IS Bindra Stadium, Mohali",Chandigarh,Chandigarh,Kings XI Punjab,Punjab Kings,Mumbai Indians,Mumbai Indians,Kings XI Punjab,Punjab Kings,field,Mumbai Indians,Mumbai Indians,25,0,PA Patel
980943,2016,2016-04-26,Indian Premier League,22,"Rajiv Gandhi International Stadium, Uppal","Rajiv Gandhi International Stadium, Uppal",Hyderabad,Hyderabad,Sunrisers Hyderabad,Sunrisers Hyderabad,Rising Pune Supergiants,Rising Pune Supergiants,Rising Pune Supergiants,Rising Pune Supergiants,field,Rising Pune Supergiants,Rising Pune Supergiants,34,0,AB Dinda
980945,2016,2016-04-27,Indian Premier League,23,Feroz Shah Kotla,Feroz Shah Kotla,Delhi,Delhi,Delhi Daredevils,Delhi Capitals,Gujarat Lions,Gujarat Lions,Delhi Daredevils,Delhi Capitals,field,Gujarat Lions,Gujarat Lions,1,0,CH Morris
980947,2016,2016-04-28,Indian Premier League,24,Wankhede Stadium,Wankhede Stadium,Mumbai,Mumbai,Mumbai Indians,Mumbai Indians,Kolkata Knight Riders,Kolkata Knight Riders,Mumbai Indians,Mumbai Indians,field,Mumbai Indians,Mumbai Indians,0,6,RG Sharma
980949,2016,2016-04-29,Indian Premier League,25,Maharashtra Cricket Association Stadium,Maharashtra Cricket Association Stadium,Pune,Pune,Rising Pune Supergiants,Rising Pune Supergiants,Gujarat Lions,Gujarat Lions,Gujarat Lions,Gujarat Lions,field,Gujarat Lions,Gujarat Lions,0,3,DR Smith
980951,2016,2016-04-30,Indian Premier League,26,Feroz Shah Kotla,Feroz Shah Kotla,Delhi,Delhi,Delhi Daredevils,Delhi Capitals,Kolkata Knight Riders,Kolkata Knight Riders,Kolkata Knight Riders,Kolkata Knight Riders,field,Delhi Daredevils,Delhi Capitals,27,0,CR Brathwaite
980953,2016,2016-04-30,Indian Premier League,27,"Rajiv Gandhi International Stadium, Uppal","Rajiv Gandhi International Stadium, Uppal",Hyderabad,Hyderabad,Sunrisers Hyderabad,Sunrisers Hyderabad,Royal Challengers Bangalore,Royal Challengers Bengaluru,Royal Challengers Bangalore,Royal Challengers Bengaluru,field,Sunrisers Hyderabad,Sunrisers Hyderabad,15,0,DA Warner
980955,2016,2016-05-01,Indian Premier League,28,Saurashtra Cricket Association Stadium,Saurashtra Cricket Association Stadium,Rajkot,Rajkot,Gujarat Lions,Gujarat Lions,Kings XI Punjab,Punjab Kings,Gujarat Lions,Gujarat Lions,field,Kings XI Punjab,Punjab Kings,23,0,AR Patel
980957,2016,2016-05-01,Indian Premier League,29,Maharashtra Cricket Association Stadium,Maharashtra Cricket Association Stadium,Pune,Pune,Rising Pune Supergiants,Rising Pune Supergiants,Mumbai Indians,Mumbai Indians,Mumbai Indians,Mumbai Indians,field,Mumbai Indians,Mumbai Indians,0,8,RG Sharma
980959,2016,2016-05-02,Indian Premier League,30,M Chinnaswamy Stadium,M Chinnaswamy Stadium,Bangalore,Bengaluru,Royal Challengers Bangalore,Royal Challengers Bengaluru,Kolkata Knight Riders,Kolkata Knight Riders,Kolkata Knight Riders,Kolkata Knight Riders,field,Kolkata Knight Riders,Kolkata Knight Riders,0,5,AD Russell
980961,2016,2016-05-03,Indian Premier League,31,Saurashtra Cricket Association Stadium,Saurashtra Cricket Association Stadium,Rajkot,Rajkot,Gujarat Lions,Gujarat Lions,Delhi Daredevils,Delhi Capitals,Delhi Daredevils,Delhi Capitals,field,Delhi Daredevils,Delhi Capitals,0,8,RR Pant
980963,2016,2016-05-04,Indian Premier League,32,Eden Gardens,Eden Gardens,Kolkata,Kolkata,Kolkata Knight Riders,Kolkata Knight Riders,Kings XI Punjab,Punjab Kings,Kings XI Punjab,Punjab Kings,field,Kolkata Knight Riders,Kolkata Knight Riders,7,0,AD Russell
980965,2016,2016-05-05,Indian Premier League,33,Feroz Shah Kotla,Feroz Shah Kotla,Delhi,Delhi,Delhi Daredevils,Delhi Capitals,Rising Pune Supergiants,Rising Pune Supergiants,Rising Pune Supergiants,Rising Pune Supergiants,field,Rising Pune Supergiants,Rising Pune Supergiants,0,7,AM Rahane
980967,2016,2016-05-06,Indian Premier League,34,"Rajiv Gandhi International Stadium, Uppal","Rajiv Gandhi International Stadium, Uppal",Hyderabad,Hyderabad,Sunrisers Hyderabad,Sunrisers Hyderabad,Gujarat Lions,Gujarat Lions,Sunrisers Hyderabad,Sunrisers Hyderabad,field,Sunrisers Hyderabad,Sunrisers Hyderabad,0,5,B Kumar
980969,2016,2016-05-07,Indian Premier League,35,M Chinnaswamy Stadium,M Chinnaswamy Stadium,Bangalore,Bengaluru,Royal Challengers Bangalore,Royal Challengers Bengaluru,Rising Pune Supergiants,Rising Pune Supergiants,Royal Challengers Bangalore,Royal Challengers Bengaluru,field,Royal Challengers Bangalore,Royal Challengers Bengaluru,0,7,V Kohli
980971,2016,2016-05-07,Indian Premier League,36,"Punjab Cricket Association IS Bindra Stadium, Mohali","Punjab Cricket Association IS Bindra Stadium, Mohali",Chandigarh,Chandigarh,Kings XI Punjab,Punjab Kings,Delhi Daredevils,Delhi Capitals,Delhi Daredevils,Delhi Capitals,field,Kings XI Punjab,Punjab Kings,9,0,MP Stoinis
980973,2016,2016-05-08,Indian Premier League,37,Dr. Y.S. Rajasekhara Reddy ACA-VDCA Cricket Stadium,Dr Y.S. Rajasekhara Reddy ACA-VDCA Cricket Stadium,Visakhapatnam,Visakhapatnam,Mumbai Indians,Mumbai Indians,Sunrisers Hyderabad,Sunrisers Hyderabad,Mumbai Indians,Mumbai Indians,field,Sunrisers Hyderabad,Sunrisers Hyderabad,85,0,A Nehra
980975,2016,2016-05-08,Indian Premier League,38,Eden Gardens,Eden Gardens,Kolkata,Kolkata,Kolkata Knight Riders,Kolkata Knight Riders,Gujarat Lions,Gujarat Lions,Gujarat Lions,Gujarat Lions,field,Gujarat Lions,Gujarat Lions,0,5,P Kumar
980977,2016,2016-05-09,Indian Premier League,39,"Punjab Cricket Association IS Bindra Stadium, Mohali","Punjab Cricket Association IS Bindra Stadium, Mohali",Chandigarh,Chandigarh,Kings XI Punjab,Punjab Kings,Royal Challengers Bangalore,Royal Challengers Bengaluru,Kings XI Punjab,Punjab Kings,field,Royal Challengers Bangalore,Royal Challengers Bengaluru,1,0,SR Watson
980979,2016,2016-05-10,Indian Premier League,40,Dr. Y.S. Rajasekhara Reddy ACA-VDCA Cricket Stadium,Dr Y.S. Rajasekhara Reddy ACA-VDCA Cricket Stadium,Visakhapatnam,Visakhapatnam,Rising Pune Supergiants,Rising Pune Supergiants,Sunrisers Hyderabad,Sunrisers Hyderabad,Sunrisers Hyderabad,Sunrisers Hyderabad,bat,Sunrisers Hyderabad,Sunrisers Hyderabad,4,0,A Zampa
980981,2016,2016-05-11,Indian Premier League,41,M Chinnaswamy Stadium,M Chinnaswamy Stadium,Bangalore,Bengaluru,Royal Challengers Bangalore,Royal Challengers Bengaluru,Mumbai Indians,Mumbai Indians,Mumbai Indians,Mumbai Indians,field,Mumbai Indians,Mumbai Indians,0,6,KH Pandya
980983,2016,2016-05-12,Indian Premier League,42,"Rajiv Gandhi International Stadium, Uppal","Rajiv Gandhi International Stadium, Uppal",Hyderabad,Hyderabad,Sunrisers Hyderabad,Sunrisers Hyderabad,Delhi Daredevils,Delhi Capitals,Delhi Daredevils,Delhi Capitals,field,Delhi Daredevils,Delhi Capitals,0,7,CH Morris
980985,2016,2016-05-13,Indian Premier League,43,Dr. Y.S. Rajasekhara Reddy ACA-VDCA Cricket Stadium,Dr Y.S. Rajasekhara Reddy ACA-VDCA Cricket Stadium,Visakhapatnam,Visakhapatnam,Mumbai Indians,Mumbai Indians,Kings XI Punjab,Punjab Kings,Mumbai Indians,Mumbai Indians,bat,Kings XI Punjab,Punjab Kings,0,7,MP Stoinis
980987,2016,2016-05-14,Indian Premier League,44,M Chinnaswamy Stadium,M Chinnaswamy Stadium,Bangalore,Bengaluru,Royal Challengers Bangalore,Royal Challengers Bengaluru,Gujarat Lions,Gujarat Lions,Gujarat Lions,Gujarat Lions,field,Royal Challengers Bangalore,Royal Challengers Bengaluru,144,0,AB de Villiers
980989,2016,2016-05-14,Indian Premier League,45,Eden Gardens,Eden Gardens,Kolkata,Kolkata,Kolkata Knight Riders,Kolkata Knight Riders,Rising Pune Supergiants,Rising Pune Supergiants,Rising Pune Supergiants,Rising Pune Supergiants,bat,Kolkata Knight Riders,Kolkata Knight Riders,0,8,YK Pathan
980991,2016,2016-05-15,Indian Premier League,46,"Punjab Cricket Association IS Bindra Stadium, Mohali","Punjab Cricket Association IS Bindra Stadium, Mohali",Chandigarh,Chandigarh,Kings XI Punjab,Punjab Kings,Sunrisers Hyderabad,Sunrisers Hyderabad,Kings XI Punjab,Punjab Kings,bat,Sunrisers Hyderabad,Sunrisers Hyderabad,0,7,HM Amla
980993,2016,2016-05-15,Indian Premier League,47,Dr. Y.S. Rajasekhara Reddy ACA-VDCA Cricket Stadium,Dr Y.S. Rajasekhara Reddy ACA-VDCA Cricket Stadium,Visakhapatnam,Visakhapatnam,Mumbai Indians,Mumbai Indians,Delhi Daredevils,Delhi Capitals,Delhi Daredevils,Delhi Capitals,field,Mumbai Indians,Mumbai Indians,80,0,KH Pandya
980995,2016,2016-05-16,Indian Premier League,48,Eden Gardens,Eden Gardens,Kolkata,Kolkata,Kolkata Knight Riders,Kolkata Knight Riders,Royal Challengers Bangalore,Royal Challengers Bengaluru,Royal Challengers Bangalore,Royal Challengers Bengaluru,field,Royal Challengers Bangalore,Royal Challengers Bengaluru,0,9,V Kohli
980997,2016,2016-05-17,Indian Premier League,49,Dr. Y.S. Rajasekhara Reddy ACA-VDCA Cricket Stadium,Dr Y.S. Rajasekhara Reddy ACA-VDCA Cricket Stadium,Visakhapatnam,Visakhapatnam,Rising Pune Supergiants,Rising Pune Supergiants,Delhi Daredevils,Delhi Capitals,Rising Pune Supergiants,Rising Pune Supergiants,field,Rising Pune Supergiants,Rising Pune Supergiants,19,0,AB Dinda
980999,2016,2016-05-18,Indian Premier League,50,M Chinnaswamy Stadium,M Chinnaswamy Stadium,Bangalore,Bengaluru,Royal Challengers Bangalore,Royal Challengers Bengaluru,Kings XI Punjab,Punjab Kings,Kings XI Punjab,Punjab Kings,field,Royal Challengers Bangalore,Royal Challengers Bengaluru,82,0,V Kohli
981001,2016,2016-05-19,Indian Premier League,51,Green Park,Green Park,Kanpur,Kanpur,Gujarat Lions,Gujarat Lions,Kolkata Knight Riders,Kolkata Knight Riders,Gujarat Lions,Gujarat Lions,field,Gujarat Lions,Gujarat Lions,0,6,DR Smith
981003,2016,2016-05-20,Indian Premier League,52,Shaheed Veer Narayan Singh International Stadium,Shaheed Veer Narayan Singh International Stadium,Raipur,Raipur,Delhi Daredevils,Delhi Capitals,Sunrisers Hyderabad,Sunrisers Hyderabad,Delhi Daredevils,Delhi Capitals,field,Delhi Daredevils,Delhi Capitals,0,6,KK Nair
981005,2016,2016-05-21,Indian Premier League,53,Dr. Y.S. Rajasekhara Reddy ACA-VDCA Cricket Stadium,Dr Y.S. Rajasekhara Reddy ACA-VDCA Cricket Stadium,Visakhapatnam,Visakhapatnam,Rising Pune Supergiants,Rising Pune Supergiants,Kings XI Punjab,Punjab Kings,Kings XI Punjab,Punjab Kings,bat,Rising Pune Supergiants,Rising Pune Supergiants,0,4,MS Dhoni
981007,2016,2016-05-21,Indian Premier League,54,Green Park,Green Park,Kanpur,Kanpur,Gujarat Lions,Gujarat Lions,Mumbai Indians,Mumbai Indians,Gujarat Lions,Gujarat Lions,field,Gujarat Lions,Gujarat Lions,0,6,SK Raina
981009,2016,2016-05-22,Indian Premier League,55,Eden Gardens,Eden Gardens,Kolkata,Kolkata,Kolkata Knight Riders,Kolkata Knight Riders,Sunrisers Hyderabad,Sunrisers Hyderabad,Sunrisers Hyderabad,Sunrisers Hyderabad,field,Kolkata Knight Riders,Kolkata Knight Riders,22,0,YK Pathan
981011,2016,2016-05-22,Indian Premier League,56,Shaheed Veer Narayan Singh International Stadium,Shaheed Veer Narayan Singh International Stadium,Raipur,Raipur,Delhi Daredevils,Delhi Capitals,Royal Challengers Bangalore,Royal Challengers Bengaluru,Royal Challengers Bangalore,Royal Challengers Bengaluru,field,Royal Challengers Bangalore,Royal Challengers Bengaluru,0,6,V Kohli
981013,2016,2016-05-24,Indian Premier League,,M Chinnaswamy Stadium,M Chinnaswamy Stadium,Bangalore,Bengaluru,Gujarat Lions,Gujarat Lions,Royal Challengers Bangalore,Royal Challengers Bengaluru,Royal Challengers Bangalore,Royal Challengers Bengaluru,field,Royal Challengers Bangalore,Royal Challengers Bengaluru,0,4,AB de Villiers
981015,2016,2016-05-25,Indian Premier League,,Feroz Shah Kotla,Feroz Shah Kotla,Delhi,Delhi,Sunrisers Hyderabad,Sunrisers Hyderabad,Kolkata Knight Riders,Kolkata Knight Riders,Kolkata Knight Riders,Kolkata Knight Riders,field,Sunrisers Hyderabad,Sunrisers Hyderabad,22,0,MC Henriques
981017,2016,2016-05-27,Indian Premier League,,Feroz Shah Kotla,Feroz Shah Kotla,Delhi,Delhi,Gujarat Lions,Gujarat Lions,Sunrisers Hyderabad,Sunrisers Hyderabad,Sunrisers Hyderabad,Sunrisers Hyderabad,field,Sunrisers Hyderabad,Sunrisers Hyderabad,0,4,DA Warner
981019,2016,2016-05-29,Indian Premier League,,M Chinnaswamy Stadium,M Chinnaswamy Stadium,Bangalore,Bengaluru,Royal Challengers Bangalore,Royal Challengers Bengaluru,Sunrisers Hyderabad,Sunrisers Hyderabad,Sunrisers Hyderabad,Sunrisers Hyderabad,bat,Sunrisers Hyderabad,Sunrisers Hyderabad,8,0,BCJ Cutting
1082591,2017,2017-04-05,Indian Premier League,1,"Rajiv Gandhi International Stadium, Uppal","Rajiv Gandhi International Stadium, Uppal",Hyderabad,Hyderabad,Sunrisers Hyderabad,Sunrisers Hyderabad,Royal Challengers Bangalore,Royal Challengers Bengaluru,Royal Challengers Bangalore,Royal Challengers Bengaluru,field,Sunrisers Hyderabad,Sunrisers Hyderabad,35,0,Yuvraj Singh
1082592,2017,2017-04-06,Indian Premier League,2,Maharashtra Cricket Association Stadium,Maharashtra Cricket Association Stadium,Pune,Pune,Rising Pune Supergiant,Rising Pune Supergiants,Mumbai Indians,Mumbai Indians,Rising Pune Supergiant,Rising Pune Supergiants,field,Rising Pune Supergiant,Rising Pune Supergiants,0,7,SPD Smith
1082593,2017,2017-04-07,Indian Premier League,3,Saurashtra Cricket Association Stadium,Saurashtra Cricket Association Stadium,Rajkot,Rajkot,Gujarat Lions,Gujarat Lions,Kolkata Knight Riders,Kolkata Knight Riders,Kolkata Knight Riders,Kolkata Knight Riders,field,Kolkata Knight Riders,Kolkata Knight Riders,0,10,CA Lynn
1082594,2017,2017-04-08,Indian Premier League,4,Holkar Cricket Stadium,Holkar Cricket Stadium,Indore,Indore,Kings XI Punjab,Punjab Kings,Rising Pune Supergiant,Rising Pune Supergiants,Kings XI Punjab,Punjab Kings,field,Kings XI Punjab,Punjab Kings,0,6,GJ Maxwell
1082595,2017,2017-04-08,Indian Premier League,5,M.Chinnaswamy Stadium,M Chinnaswamy Stadium,Bengaluru,Bengaluru,Royal Challengers Bangalore,Royal Challengers Bengaluru,Delhi Daredevils,Delhi Capitals,Royal Challengers Bangalore,Royal Challengers Bengaluru,bat,Royal Challengers Bangalore,Royal Challengers Bengaluru,15,0,KM Jadhav
1082596,2017,2017-04-09,Indian Premier League,6,"Rajiv Gandhi International Stadium, Uppal","Rajiv Gandhi International Stadium, Uppal",Hyderabad,Hyderabad,Sunrisers Hyderabad,Sunrisers Hyderabad,Gujarat Lions,Gujarat Lions,Sunrisers Hyderabad,Sunrisers Hyderabad,field,Sunrisers Hyderabad,Sunrisers Hyderabad,0,9,Rashid Khan
1082597,2017,2017-04-09,Indian Premier League,7,Wankhede Stadium,Wankhede Stadium,Mumbai,Mumbai,Mumbai Indians,Mumbai Indians,Kolkata Knight Riders,Kolkata Knight Riders,Mumbai Indians,Mumbai Indians,field,Mumbai Indians,Mumbai Indians,0,4,N Rana
1082598,2017,2017-04-10,Indian Premier League,8,Holkar Cricket Stadium,Holkar Cricket Stadium,Indore,Indore,Kings XI Punjab,Punjab Kings,Royal Challengers Bangalore,Royal Challengers Bengaluru,Royal Challengers Bangalore,Royal Challengers Bengaluru,bat,Kings XI Punjab,Punjab Kings,0,8,AR Patel
1082599,2017,2017-04-11,Indian Premier League,9,Maharashtra Cricket Association Stadium,Maharashtra Cricket Association Stadium,Pune,Pune,Rising Pune Supergiant,Rising Pune Supergiants,Delhi Daredevils,Delhi Capitals,Rising Pune Supergiant,Rising Pune Supergiants,field,Delhi Daredevils,Delhi Capitals,97,0,SV Samson
1082600,2017,2017-04-12,Indian Premier League,10,Wankhede Stadium,Wankhede Stadium,Mumbai,Mumbai,Mumbai Indians,Mumbai Indians,Sunrisers Hyderabad,Sunrisers Hyderabad,Mumbai Indians,Mumbai Indians,field,Mumbai Indians,Mumbai Indians,0,4,JJ Bumrah
1082601,2017,2017-04-13,Indian Premier League,11,Eden Gardens,Eden Gardens,Kolkata,Kolkata,Kolkata Knight Riders,Kolkata Knight Riders,Kings XI Punjab,Punjab Kings,Kolkata Knight Riders,Kolkata Knight Riders,field,Kolkata Knight Riders,Kolkata Knight Riders,0,8,SP Narine
1082602,2017,2017-04-14,Indian Premier League,12,M Chinnaswamy Stadium,M Chinnaswamy Stadium,Bangalore,Bengaluru,Royal Challengers Bangalore,Royal Challengers Bengaluru,Mumbai Indians,Mumbai Indians,Mumbai Indians,Mumbai Indians,field,Mumbai Indians,Mumbai Indians,0,4,KA Pollard
1082603,2017,2017-04-14,Indian Premier League,13,Saurashtra Cricket Association Stadium,Saurashtra Cricket Association Stadium,Rajkot,Rajkot,Gujarat Lions,Gujarat Lions,Rising Pune Supergiant,Rising Pune Supergiants,Gujarat Lions,Gujarat Lions,field,Gujarat Lions,Gujarat Lions,0,7,AJ Tye
1082604,2017,2017-04-15,Indian Premier League,14,Eden Gardens,Eden Gardens,Kolkata,Kolkata,Kolkata Knight Riders,Kolkata Knight Riders,Sunrisers Hyderabad,Sunrisers Hyderabad,Sunrisers Hyderabad,Sunrisers Hyderabad,field,Kolkata Knight Riders,Kolkata Knight Riders,17,0,RV Uthappa
1082605,2017,2017-04-15,Indian Premier League,15,Feroz Shah Kotla,Feroz Shah Kotla,Delhi,Delhi,Delhi Daredevils,Delhi Capitals,Kings XI Punjab,Punjab Kings,Delhi Daredevils,Delhi Capitals,bat,Delhi Daredevils,Delhi Capitals,51,0,CJ Anderson
1082606,2017,2017-04-16,Indian Premier League,16,Wankhede Stadium,Wankhede Stadium,Mumbai,Mumbai,Mumbai Indians,Mumbai Indians,Gujarat Lions,Gujarat Lions,Mumbai Indians,Mumbai Indians,field,Mumbai Indians,Mumbai Indians,0,6,N Rana
1082607,2017,2017-04-16,Indian Premier League,17,M Chinnaswamy Stadium,M Chinnaswamy Stadium,Bangalore,Bengaluru,Royal Challengers Bangalore,Royal Challengers Bengaluru,Rising Pune Supergiant,Rising Pune Supergiants,Royal Challengers Bangalore,Royal Challengers Bengaluru,field,Rising Pune Supergiant,Rising Pune Supergiants,27,0,BA Stokes
1082608,2017,2017-04-17,Indian Premier League,18,Feroz Shah Kotla,Feroz Shah Kotla,Delhi,Delhi,Delhi Daredevils,Delhi Capitals,Kolkata Knight Riders,Kolkata Knight Riders,Delhi Daredevils,Delhi Capitals,bat,Kolkata Knight Riders,Kolkata Knight Riders,0,4,NM Coulter-Nile
1082609,2017,2017-04-17,Indian Premier League,19,"Rajiv Gandhi International Stadium, Uppal","Rajiv Gandhi International Stadium, Uppal",Hyderabad,Hyderabad,Sunrisers Hyderabad,Sunrisers Hyderabad,Kings XI Punjab,Punjab Kings,Kings XI Punjab,Punjab Kings,field,Sunrisers Hyderabad,Sunrisers Hyderabad,5,0,B Kumar
1082610,2017,2017-04-18,Indian Premier League,20,Saurashtra Cricket Association Stadium,Saurashtra Cricket Association Stadium,Rajkot,Rajkot,Gujarat Lions,Gujarat Lions,Royal Challengers Bangalore,Royal Challengers Bengaluru,Gujarat Lions,Gujarat Lions,field,Royal Challengers Bangalore,Royal Challengers Bengaluru,21,0,CH Gayle
1082611,2017,2017-04-19,Indian Premier League,21,"Rajiv Gandhi International Stadium, Uppal","Rajiv Gandhi International Stadium, Uppal",Hyderabad,Hyderabad,Sunrisers Hyderabad,Sunrisers Hyderabad,Delhi Daredevils,Delhi Capitals,Sunrisers Hyderabad,Sunrisers Hyderabad,bat,Sunrisers Hyderabad,Sunrisers Hyderabad,15,0,KS Williamson
1082612,2017,2017-04-20,Indian Premier League,22,Holkar Cricket Stadium,Holkar Cricket Stadium,Indore,Indore,Kings XI Punjab,Punjab Kings,Mumbai Indians,Mumbai Indians,Mumbai Indians,Mumbai Indians,field,Mumbai Indians,Mumbai Indians,0,8,JC Buttler
1082613,2017,2017-04-21,Indian Premier League,23,Eden Gardens,Eden Gardens,Kolkata,Kolkata,Kolkata Knight Riders,Kolkata Knight Riders,Gujarat Lions,Gujarat Lions,Gujarat Lions,Gujarat Lions,field,Gujarat Lions,Gujarat Lions,0,4,SK Raina
1082614,2017,2017-04-22,Indian Premier League,25,Wankhede Stadium,Wankhede Stadium,Mumbai,Mumbai,Mumbai Indians,Mumbai Indians,Delhi Daredevils,Delhi Capitals,Delhi Daredevils,Delhi Capitals,field,Mumbai Indians,Mumbai Indians,14,0,MJ McClenaghan
1082615,2017,2017-04-22,Indian Premier League,24,Maharashtra Cricket Association Stadium,Maharashtra Cricket Association Stadium,Pune,Pune,Rising Pune Supergiant,Rising Pune Supergiants,Sunrisers Hyderabad,Sunrisers Hyderabad,Rising Pune Supergiant,Rising Pune Supergiants,field,Rising Pune Supergiant,Rising Pune Supergiants,0,6,MS Dhoni
1082616,2017,2017-04-23,Indian Premier League,26,Saurashtra Cricket Association Stadium,Saurashtra Cricket Association Stadium,Rajkot,Rajkot,Gujarat Lions,Gujarat Lions,Kings XI Punjab,Punjab Kings,Gujarat Lions,Gujarat Lions,field,Kings XI Punjab,Punjab Kings,26,0,HM Amla
1082617,2017,2017-04-23,Indian Premier League,27,Eden Gardens,Eden Gardens,Kolkata,Kolkata,Kolkata Knight Riders,Kolkata Knight Riders,Royal Challengers Bangalore,Royal Challengers Bengaluru,Royal Challengers Bangalore,Royal Challengers Bengaluru,field,Kolkata Knight Riders,Kolkata Knight Riders,82,0,NM Coulter-Nile
1082618,2017,2017-04-24,Indian Premier League,28,Wankhede Stadium,Wankhede Stadium,Mumbai,Mumbai,Mumbai Indians,Mumbai Indians,Rising Pune Supergiant,Rising Pune Supergiants,Mumbai Indians,Mumbai Indians,field,Rising Pune Supergiant,Rising Pune Supergiants,3,0,BA Stokes
1082620,2017,2017-04-26,Indian Premier League,30,Maharashtra Cricket Association Stadium,Maharashtra Cricket Association Stadium,Pune,Pune,Rising Pune Supergiant,Rising Pune Supergiants,Kolkata Knight Riders,Kolkata Knight Riders,Kolkata Knight Riders,Kolkata Knight Riders,field,Kolkata Knight Riders,Kolkata Knight Riders,0,7,RV Uthappa
1082621,2017,2017-04-27,Indian Premier League,31,M Chinnaswamy Stadium,M Chinnaswamy Stadium,Bangalore,Bengaluru,Royal Challengers Bangalore,Royal Challengers Bengaluru,Gujarat Lions,Gujarat Lions,Gujarat Lions,Gujarat Lions,field,Gujarat Lions,Gujarat Lions,0,7,AJ Tye
1082622,2017,2017-04-28,Indian Premier League,32,Eden Gardens,Eden Gardens,Kolkata,Kolkata,Kolkata Knight Riders,Kolkata Knight Riders,Delhi Daredevils,Delhi Capitals,Kolkata Knight Riders,Kolkata Knight Riders,field,Kolkata Knight Riders,Kolkata Knight Riders,0,7,G Gambhir
1082623,2017,2017-04-28,Indian Premier League,33,"Punjab Cricket Association IS Bindra Stadium, Mohali","Punjab Cricket Association IS Bindra Stadium, Mohali",Chandigarh,Chandigarh,Kings XI Punjab,Punjab Kings,Sunrisers Hyderabad,Sunrisers Hyderabad,Kings XI Punjab,Punjab Kings,field,Sunrisers Hyderabad,Sunrisers Hyderabad,26,0,Rashid Khan
1082624,2017,2017-04-29,Indian Premier League,34,Maharashtra Cricket Association Stadium,Maharashtra Cricket Association Stadium,Pune,Pune,Rising Pune Supergiant,Rising Pune Supergiants,Royal Challengers Bangalore,Royal Challengers Bengaluru,Royal Challengers Bangalore,Royal Challengers Bengaluru,field,Rising Pune Supergiant,Rising Pune Supergiants,61,0,LH Ferguson
1082625,2017,2017-04-29,Indian Premier League,35,Saurashtra Cricket Association Stadium,Saurashtra Cricket Association Stadium,Rajkot,Rajkot,Gujarat Lions,Gujarat Lions,Mumbai Indians,Mumbai Indians,Gujarat Lions,Gujarat Lions,bat,,,0,0,KH Pandya
1082626,2017,2017-04-30,Indian Premier League,36,"Punjab Cricket Association IS Bindra Stadium, Mohali","Punjab Cricket Association IS Bindra Stadium, Mohali",Chandigarh,Chandigarh,Kings XI Punjab,Punjab Kings,Delhi Daredevils,Delhi Capitals,Kings XI Punjab,Punjab Kings,field,Kings XI Punjab,Punjab Kings,0,10,Sandeep Sharma
1082627,2017,2017-04-30,Indian Premier League,37,"Rajiv Gandhi International Stadium, Uppal","Rajiv Gandhi International Stadium, Uppal",Hyderabad,Hyderabad,Sunrisers Hyderabad,Sunrisers Hyderabad,Kolkata Knight Riders,Kolkata Knight Riders,Kolkata Knight Riders,Kolkata Knight Riders,field,Sunrisers Hyderabad,Sunrisers Hyderabad,48,0,DA Warner
1082628,2017,2017-05-01,Indian Premier League,38,Wankhede Stadium,Wankhede Stadium,Mumbai,Mumbai,Mumbai Indians,Mumbai Indians,Royal Challengers Bangalore,Royal Challengers Bengaluru,Royal Challengers Bangalore,Royal Challengers Bengaluru,bat,Mumbai Indians,Mumbai Indians,0,5,RG Sharma
1082629,2017,2017-05-01,Indian Premier League,39,Maharashtra Cricket Association Stadium,Maharashtra Cricket Association Stadium,Pune,Pune,Rising Pune Supergiant,Rising Pune Supergiants,Gujarat Lions,Gujarat Lions,Rising Pune Supergiant,Rising Pune Supergiants,field,Rising Pune Supergiant,Rising Pune Supergiants,0,5,BA Stokes
1082630,2017,2017-05-02,Indian Premier League,40,Feroz Shah Kotla,Feroz Shah Kotla,Delhi,Delhi,Delhi Daredevils,Delhi Capitals,Sunrisers Hyderabad,Sunrisers Hyderabad,Delhi Daredevils,Delhi Capitals,field,Delhi Daredevils,Delhi Capitals,0,6,Mohammed Shami
1082631,2017,2017-05-03,Indian Premier League,41,Eden Gardens,Eden Gardens,Kolkata,Kolkata,Kolkata Knight Riders,Kolkata Knight Riders,Rising Pune Supergiant,Rising Pune Supergiants,Rising Pune Supergiant,Rising Pune Supergiants,field,Rising Pune Supergiant,Rising Pune Supergiants,0,4,RA Tripathi
1082632,2017,2017-05-04,Indian Premier League,42,Feroz Shah Kotla,Feroz Shah Kotla,Delhi,Delhi,Delhi Daredevils,Delhi Capitals,Gujarat Lions,Gujarat Lions,Delhi Daredevils,Delhi Capitals,field,Delhi Daredevils,Delhi Capitals,0,7,RR Pant
1082633,2017,2017-05-05,Indian Premier League,43,M Chinnaswamy Stadium,M Chinnaswamy Stadium,Bangalore,Bengaluru,Royal Challengers Bangalore,Royal Challengers Bengaluru,Kings XI Punjab,Punjab Kings,Royal Challengers Bangalore,Royal Challengers Bengaluru,field,Kings XI Punjab,Punjab Kings,19,0,Sandeep Sharma
1082634,2017,2017-05-06,Indian Premier League,44,"Rajiv Gandhi International Stadium, Uppal","Rajiv Gandhi International Stadium, Uppal",Hyderabad,Hyderabad,Sunrisers Hyderabad,Sunrisers Hyderabad,Rising Pune Supergiant,Rising Pune Supergiants,Sunrisers Hyderabad,Sunrisers Hyderabad,field,Rising Pune Supergiant,Rising Pune Supergiants,12,0,JD Unadkat
1082635,2017,2017-05-06,Indian Premier League,45,Feroz Shah Kotla,Feroz Shah Kotla,Delhi,Delhi,Delhi Daredevils,Delhi Capitals,Mumbai Indians,Mumbai Indians,Delhi Daredevils,Delhi Capitals,field,Mumbai Indians,Mumbai Indians,146,0,LMP Simmons
1082636,2017,2017-05-07,Indian Premier League,46,M Chinnaswamy Stadium,M Chinnaswamy Stadium,Bangalore,Bengaluru,Royal Challengers Bangalore,Royal Challengers Bengaluru,Kolkata Knight Riders,Kolkata Knight Riders,Kolkata Knight Riders,Kolkata Knight Riders,field,Kolkata Knight Riders,Kolkata Knight Riders,0,6,SP Narine
1082637,2017,2017-05-07,Indian Premier League,47,"Punjab Cricket Association IS Bindra Stadium, Mohali","Punjab Cricket Association IS Bindra Stadium, Mohali",Chandigarh,Chandigarh,Kings XI Punjab,Punjab Kings,Gujarat Lions,Gujarat Lions,Gujarat Lions,Gujarat Lions,field,Gujarat Lions,Gujarat Lions,0,6,DR Smith
1082638,2017,2017-05-08,Indian Premier League,48,"Rajiv Gandhi International Stadium, Uppal","Rajiv Gandhi International Stadium, Uppal",Hyderabad,Hyderabad,Sunrisers Hyderabad,Sunrisers Hyderabad,Mumbai Indians,Mumbai Indians,Mumbai Indians,Mumbai Indians,bat,Sunrisers Hyderabad,Sunrisers Hyderabad,0,7,S Dhawan
1082639,2017,2017-05-09,Indian Premier League,49,"Punjab Cricket Association IS Bindra Stadium, Mohali","Punjab Cricket Association IS Bindra Stadium, Mohali",Chandigarh,Chandigarh,Kings XI Punjab,Punjab Kings,Kolkata Knight Riders,Kolkata Knight Riders,Kolkata Knight Riders,Kolkata Knight Riders,field,Kings XI Punjab,Punjab Kings,14,0,MM Sharma
1082640,2017,2017-05-10,Indian Premier League,50,Green Park,Green Park,Kanpur,Kanpur,Gujarat Lions,Gujarat Lions,Delhi Daredevils,Delhi Capitals,Delhi Daredevils,Delhi Capitals,field,Delhi Daredevils,Delhi Capitals,0,2,SS Iyer
1082641,2017,2017-05-11,Indian Premier League,51,Wankhede Stadium,Wankhede Stadium,Mumbai,Mumbai,Mumbai Indians,Mumbai Indians,Kings XI Punjab,Punjab Kings,Mumbai Indians,Mumbai Indians,field,Kings XI Punjab,Punjab Kings,7,0,WP Saha
1082642,2017,2017-05-12,Indian Premier League,52,Feroz Shah Kotla,Feroz Shah Kotla,Delhi,Delhi,Delhi Daredevils,Delhi Capitals,Rising Pune Supergiant,Rising Pune Supergiants,Delhi Daredevils,Delhi Capitals,bat,Delhi Daredevils,Delhi Capitals,7,0,KK Nair
1082643,2017,2017-05-13,Indian Premier League,53,Green Park,Green Park,Kanpur,Kanpur,Gujarat Lions,Gujarat Lions,Sunrisers Hyderabad,Sunrisers Hyderabad,Sunrisers Hyderabad,Sunrisers Hyderabad,field,Sunrisers Hyderabad,Sunrisers Hyderabad,0,8,Mohammed Siraj
1082644,2017,2017-05-13,Indian Premier League,54,Eden Gardens,Eden Gardens,Kolkata,Kolkata,Kolkata Knight Riders,Kolkata Knight Riders,Mumbai Indians,Mumbai Indians,Kolkata Knight Riders,Kolkata Knight Riders,field,Mumbai Indians,Mumbai Indians,9,0,AT Rayudu
1082645,2017,2017-05-14,Indian Premier League,55,Maharashtra Cricket Association Stadium,Maharashtra Cricket Association Stadium,Pune,Pune,Rising Pune Supergiant,Rising Pune Supergiants,Kings XI Punjab,Punjab Kings,Rising Pune Supergiant,Rising Pune Supergiants,field,Rising Pune Supergiant,Rising Pune Supergiants,0,9,JD Unadkat
1082646,2017,2017-05-14,Indian Premier League,56,Feroz Shah Kotla,Feroz Shah Kotla,Delhi,Delhi,Delhi Daredevils,Delhi Capitals,Royal Challengers Bangalore,Royal Challengers Bengaluru,Royal Challengers Bangalore,Royal Challengers Bengaluru,bat,Royal Challengers Bangalore,Royal Challengers Bengaluru,10,0,HV Patel
1082647,2017,2017-05-16,Indian Premier League,,Wankhede Stadium,Wankhede Stadium,Mumbai,Mumbai,Mumbai Indians,Mumbai Indians,Rising Pune Supergiant,Rising Pune Supergiants,Mumbai Indians,Mumbai Indians,field,Rising Pune Supergiant,Rising Pune Supergiants,20,0,Washington Sundar
1082648,2017,2017-05-18,Indian Premier League,,M Chinnaswamy Stadium,M Chinnaswamy Stadium,Bangalore,Bengaluru,Sunrisers Hyderabad,Sunrisers Hyderabad,Kolkata Knight Riders,Kolkata Knight Riders,Kolkata Knight Riders,Kolkata Knight Riders,field,Kolkata Knight Riders,Kolkata Knight Riders,0,7,NM Coulter-Nile
1082649,2017,2017-05-19,Indian Premier League,,M Chinnaswamy Stadium,M Chinnaswamy Stadium,Bangalore,Bengaluru,Mumbai Indians,Mumbai Indians,Kolkata Knight Riders,Kolkata Knight Riders,Mumbai Indians,Mumbai Indians,field,Mumbai Indians,Mumbai Indians,0,6,KV Sharma
1082650,2017,2017-05-21,Indian Premier League,,"Rajiv Gandhi International Stadium, Uppal","Rajiv Gandhi International Stadium, Uppal",Hyderabad,Hyderabad,Mumbai Indians,Mumbai Indians,Rising Pune Supergiant,Rising Pune Supergiants,Mumbai Indians,Mumbai Indians,bat,Mumbai Indians,Mumbai Indians,1,0,KH Pandya
1136561,2018,2018-04-07,Indian Premier League,1,Wankhede Stadium,Wankhede Stadium,Mumbai,Mumbai,Mumbai Indians,Mumbai Indians,Chennai Super Kings,Chennai Super Kings,Chennai Super Kings,Chennai Super Kings,field,Chennai Super Kings,Chennai Super Kings,0,1,DJ Bravo
1136562,2018,2018-04-08,Indian Premier League,2,Punjab Cricket Association IS Bindra Stadium,"Punjab Cricket Association IS Bindra Stadium, Mohali",Chandigarh,Chandigarh,Delhi Daredevils,Delhi Capitals,Kings XI Punjab,Punjab Kings,Kings XI Punjab,Punjab Kings,field,Kings XI Punjab,Punjab Kings,0,6,KL Rahul
1136563,2018,2018-04-08,Indian Premier League,3,Eden Gardens,Eden Gardens,Kolkata,Kolkata,Royal Challengers Bangalore,Royal Challengers Bengaluru,Kolkata Knight Riders,Kolkata Knight Riders,Kolkata Knight Riders,Kolkata Knight Riders,field,Kolkata Knight Riders,Kolkata Knight Riders,0,4,SP Narine
1136564,2018,2018-04-09,Indian Premier League,4,Rajiv Gandhi International Stadium,"Rajiv Gandhi International Stadium, Uppal",Hyderabad,Hyderabad,Rajasthan Royals,Rajasthan Royals,Sunrisers Hyderabad,Sunrisers Hyderabad,Sunrisers Hyderabad,Sunrisers Hyderabad,field,Sunrisers Hyderabad,Sunrisers Hyderabad,0,9,S Dhawan
1136565,2018,2018-04-10,Indian Premier League,5,MA Chidambaram Stadium,MA Chidambaram Stadium,Chennai,Chennai,Kolkata Knight Riders,Kolkata Knight Riders,Chennai Super Kings,Chennai Super Kings,Chennai Super Kings,Chennai Super Kings,field,Chennai Super Kings,Chennai Super Kings,0,5,SW Billings
1136566,2018,2018-04-11,Indian Premier League,6,Sawai Mansingh Stadium,Sawai Mansingh Stadium,Jaipur,Jaipur,Rajasthan Royals,Rajasthan Royals,Delhi Daredevils,Delhi Capitals,Delhi Daredevils,Delhi Capitals,field,Rajasthan Royals,Rajasthan Royals,10,0,SV Samson
1136567,2018,2018-04-12,Indian Premier League,7,Rajiv Gandhi International Stadium,"Rajiv Gandhi International Stadium, Uppal",Hyderabad,Hyderabad,Mumbai Indians,Mumbai Indians,Sunrisers Hyderabad,Sunrisers Hyderabad,Sunrisers Hyderabad,Sunrisers Hyderabad,field,Sunrisers Hyderabad,Sunrisers Hyderabad,0,1,Rashid Khan
1136568,2018,2018-04-13,Indian Premier League,8,M.Chinnaswamy Stadium,M Chinnaswamy Stadium,Bengaluru,Bengaluru,Kings XI Punjab,Punjab Kings,Royal Challengers Bangalore,Royal Challengers Bengaluru,Royal Challengers Bangalore,Royal Challengers Bengaluru,field,Royal Challengers Bangalore,Royal Challengers Bengaluru,0,4,UT Yadav
1136569,2018,2018-04-14,Indian Premier League,9,Wankhede Stadium,Wankhede Stadium,Mumbai,Mumbai,Mumbai Indians,Mumbai Indians,Delhi Daredevils,Delhi Capitals,Delhi Daredevils,Delhi Capitals,field,Delhi Daredevils,Delhi Capitals,0,7,JJ Roy
1136570,2018,2018-04-14,Indian Premier League,10,Eden Gardens,Eden Gardens,Kolkata,Kolkata,Kolkata Knight Riders,Kolkata Knight Riders,Sunrisers Hyderabad,Sunrisers Hyderabad,Sunrisers Hyderabad,Sunrisers Hyderabad,field,Sunrisers Hyderabad,Sunrisers Hyderabad,0,5,B Stanlake
1136571,2018,2018-04-15,Indian Premier League,11,M.Chinnaswamy Stadium,M Chinnaswamy Stadium,Bengaluru,Bengaluru,Rajasthan Royals,Rajasthan Royals,Royal Challengers Bangalore,Royal Challengers Bengaluru,Royal Challengers Bangalore,Royal Challengers Bengaluru,field,Rajasthan Royals,Rajasthan Royals,19,0,SV Samson
1136572,2018,2018-04-15,Indian Premier League,12,Punjab Cricket Association IS Bindra Stadium,"Punjab Cricket Association IS Bindra Stadium, Mohali",Chandigarh,Chandigarh,Kings XI Punjab,Punjab Kings,Chennai Super Kings,Chennai Super Kings,Chennai Super Kings,Chennai Super Kings,field,Kings XI Punjab,Punjab Kings,4,0,CH Gayle
1136573,2018,2018-04-16,Indian Premier League,13,Eden Gardens,Eden Gardens,Kolkata,Kolkata,Kolkata Knight Riders,Kolkata Knight Riders,Delhi Daredevils,Delhi Capitals,Delhi Daredevils,Delhi Capitals,field,Kolkata Knight Riders,Kolkata Knight Riders,71,0,N Rana
1136574,2018,2018-04-17,Indian Premier League,14,Wankhede Stadium,Wankhede Stadium,Mumbai,Mumbai,Mumbai Indians,Mumbai Indians,Royal Challengers Bangalore,Royal Challengers Bengaluru,Royal Challengers Bangalore,Royal Challengers Bengaluru,field,Mumbai Indians,Mumbai Indians,46,0,RG Sharma
1136575,2018,2018-04-18,Indian Premier League,15,Sawai Mansingh Stadium,Sawai Mansingh Stadium,Jaipur,Jaipur,Rajasthan Royals,Rajasthan Royals,Kolkata Knight Riders,Kolkata Knight Riders,Kolkata Knight Riders,Kolkata Knight Riders,field,Kolkata Knight Riders,Kolkata Knight Riders,0,7,N Rana
1136576,2018,2018-04-19,Indian Premier League,16,Punjab Cricket Association IS Bindra Stadium,"Punjab Cricket Association IS Bindra Stadium, Mohali",Chandigarh,Chandigarh,Kings XI Punjab,Punjab Kings,Sunrisers Hyderabad,Sunrisers Hyderabad,Kings XI Punjab,Punjab Kings,bat,Kings XI Punjab,Punjab Kings,15,0,CH Gayle
1136577,2018,2018-04-20,Indian Premier League,17,Maharashtra Cricket Association Stadium,Maharashtra Cricket Association Stadium,Pune,Pune,Chennai Super Kings,Chennai Super Kings,Rajasthan Royals,Rajasthan Royals,Rajasthan Royals,Rajasthan Royals,field,Chennai Super Kings,Chennai Super Kings,64,0,SR Watson
1136578,2018,2018-04-21,Indian Premier League,18,Eden Gardens,Eden Gardens,Kolkata,Kolkata,Kolkata Knight Riders,Kolkata Knight Riders,Kings XI Punjab,Punjab Kings,Kings XI Punjab,Punjab Kings,field,Kings XI Punjab,Punjab Kings,0,9,KL Rahul
1136579,2018,2018-04-21,Indian Premier League,19,M.Chinnaswamy Stadium,M Chinnaswamy Stadium,Bengaluru,Bengaluru,Delhi Daredevils,Delhi Capitals,Royal Challengers Bangalore,Royal Challengers Bengaluru,Royal Challengers Bangalore,Royal Challengers Bengaluru,field,Royal Challengers Bangalore,Royal Challengers Bengaluru,0,6,AB de Villiers
1136580,2018,2018-04-22,Indian Premier League,20,Rajiv Gandhi International Stadium,"Rajiv Gandhi International Stadium, Uppal",Hyderabad,Hyderabad,Chennai Super Kings,Chennai Super Kings,Sunrisers Hyderabad,Sunrisers Hyderabad,Sunrisers Hyderabad,Sunrisers Hyderabad,field,Chennai Super Kings,Chennai Super Kings,4,0,AT Rayudu
1136581,2018,2018-04-22,Indian Premier League,21,Sawai Mansingh Stadium,Sawai Mansingh Stadium,Jaipur,Jaipur,Mumbai Indians,Mumbai Indians,Rajasthan Royals,Rajasthan Royals,Mumbai Indians,Mumbai Indians,bat,Rajasthan Royals,Rajasthan Royals,0,3,JC Archer
1136582,2018,2018-04-23,Indian Premier League,22,Arun Jaitley Stadium,Arun Jaitley Stadium,Delhi,Delhi,Kings XI Punjab,Punjab Kings,Delhi Daredevils,Delhi Capitals,Delhi Daredevils,Delhi Capitals,field,Kings XI Punjab,Punjab Kings,4,0,AS Rajpoot
1136583,2018,2018-04-24,Indian Premier League,23,Wankhede Stadium,Wankhede Stadium,Mumbai,Mumbai,Sunrisers Hyderabad,Sunrisers Hyderabad,Mumbai Indians,Mumbai Indians,Mumbai Indians,Mumbai Indians,field,Sunrisers Hyderabad,Sunrisers Hyderabad,31,0,Rashid Khan
1136584,2018,2018-04-25,Indian Premier League,24,M.Chinnaswamy Stadium,M Chinnaswamy Stadium,Bengaluru,Bengaluru,Royal Challengers Bangalore,Royal Challengers Bengaluru,Chennai Super Kings,Chennai Super Kings,Chennai Super Kings,Chennai Super Kings,field,Chennai Super Kings,Chennai Super Kings,0,5,MS Dhoni
1136585,2018,2018-04-26,Indian Premier League,25,Rajiv Gandhi International Stadium,"Rajiv Gandhi International Stadium, Uppal",Hyderabad,Hyderabad,Sunrisers Hyderabad,Sunrisers Hyderabad,Kings XI Punjab,Punjab Kings,Kings XI Punjab,Punjab Kings,field,Sunrisers Hyderabad,Sunrisers Hyderabad,13,0,AS Rajpoot
1136586,2018,2018-04-27,Indian Premier League,26,Arun Jaitley Stadium,Arun Jaitley Stadium,Delhi,Delhi,Delhi Daredevils,Delhi Capitals,Kolkata Knight Riders,Kolkata Knight Riders,Kolkata Knight Riders,Kolkata Knight Riders,field,Delhi Daredevils,Delhi Capitals,55,0,SS Iyer
1136587,2018,2018-04-28,Indian Premier League,27,Maharashtra Cricket Association Stadium,Maharashtra Cricket Association Stadium,Pune,Pune,Chennai Super Kings,Chennai Super Kings,Mumbai Indians,Mumbai Indians,Mumbai Indians,Mumbai Indians,field,Mumbai Indians,Mumbai Indians,0,8,RG Sharma
1136588,2018,2018-04-29,Indian Premier League,28,Sawai Mansingh Stadium,Sawai Mansingh Stadium,Jaipur,Jaipur,Sunrisers Hyderabad,Sunrisers Hyderabad,Rajasthan Royals,Rajasthan Royals,Sunrisers Hyderabad,Sunrisers Hyderabad,bat,Sunrisers Hyderabad,Sunrisers Hyderabad,11,0,KS Williamson
1136589,2018,2018-04-29,Indian Premier League,29,M.Chinnaswamy Stadium,M Chinnaswamy Stadium,Bengaluru,Bengaluru,Royal Challengers Bangalore,Royal Challengers Bengaluru,Kolkata Knight Riders,Kolkata Knight Riders,Kolkata Knight Riders,Kolkata Knight Riders,field,Kolkata Knight Riders,Kolkata Knight Riders,0,6,CA Lynn
1136590,2018,2018-04-30,Indian Premier League,30,Maharashtra Cricket Association Stadium,Maharashtra Cricket Association Stadium,Pune,Pune,Chennai Super Kings,Chennai Super Kings,Delhi Daredevils,Delhi Capitals,Delhi Daredevils,Delhi Capitals,field,Chennai Super Kings,Chennai Super Kings,13,0,SR Watson
1136591,2018,2018-05-01,Indian Premier League,31,M.Chinnaswamy Stadium,M Chinnaswamy Stadium,Bengaluru,Bengaluru,Royal Challengers Bangalore,Royal Challengers Bengaluru,Mumbai Indians,Mumbai Indians,Mumbai Indians,Mumbai Indians,field,Royal Challengers Bangalore,Royal Challengers Bengaluru,14,0,TG Southee
1136592,2018,2018-05-02,Indian Premier League,32,Arun Jaitley Stadium,Arun Jaitley Stadium,Delhi,Delhi,Delhi Daredevils,Delhi Capitals,Rajasthan Royals,Rajasthan Royals,Rajasthan Royals,Rajasthan Royals,field,Delhi Daredevils,Delhi Capitals,4,0,RR Pant
1136593,2018,2018-05-03,Indian Premier League,33,Eden Gardens,Eden Gardens,Kolkata,Kolkata,Chennai Super Kings,Chennai Super Kings,Kolkata Knight Riders,Kolkata Knight Riders,Kolkata Knight Riders,Kolkata Knight Riders,field,Kolkata Knight Riders,Kolkata Knight Riders,0,6,SP Narine
1136594,2018,2018-05-04,Indian Premier League,34,Holkar Cricket Stadium,Holkar Cricket Stadium,Indore,Indore,Kings XI Punjab,Punjab Kings,Mumbai Indians,Mumbai Indians,Mumbai Indians,Mumbai Indians,field,Mumbai Indians,Mumbai Indians,0,6,SA Yadav
1136595,2018,2018-05-05,Indian Premier League,35,Maharashtra Cricket Association Stadium,Maharashtra Cricket Association Stadium,Pune,Pune,Royal Challengers Bangalore,Royal Challengers Bengaluru,Chennai Super Kings,Chennai Super Kings,Chennai Super Kings,Chennai Super Kings,field,Chennai Super Kings,Chennai Super Kings,0,6,RA Jadeja
1136596,2018,2018-05-05,Indian Premier League,36,Rajiv Gandhi International Stadium,"Rajiv Gandhi International Stadium, Uppal",Hyderabad,Hyderabad,Delhi Daredevils,Delhi Capitals,Sunrisers Hyderabad,Sunrisers Hyderabad,Delhi Daredevils,Delhi Capitals,bat,Sunrisers Hyderabad,Sunrisers Hyderabad,0,7,Rashid Khan
1136597,2018,2018-05-06,Indian Premier League,37,Wankhede Stadium,Wankhede Stadium,Mumbai,Mumbai,Mumbai Indians,Mumbai Indians,Kolkata Knight Riders,Kolkata Knight Riders,Kolkata Knight Riders,Kolkata Knight Riders,field,Mumbai Indians,Mumbai Indians,13,0,HH Pandya
1136598,2018,2018-05-06,Indian Premier League,38,Holkar Cricket Stadium,Holkar Cricket Stadium,Indore,Indore,Rajasthan Royals,Rajasthan Royals,Kings XI Punjab,Punjab Kings,Kings XI Punjab,Punjab Kings,field,Kings XI Punjab,Punjab Kings,0,6,Mujeeb Ur Rahman
1136599,2018,2018-05-07,Indian Premier League,39,Rajiv Gandhi International Stadium,"Rajiv Gandhi International Stadium, Uppal",Hyderabad,Hyderabad,Sunrisers Hyderabad,Sunrisers Hyderabad,Royal Challengers Bangalore,Royal Challengers Bengaluru,Royal Challengers Bangalore,Royal Challengers Bengaluru,field,Sunrisers Hyderabad,Sunrisers Hyderabad,5,0,KS Williamson
1136600,2018,2018-05-08,Indian Premier League,40,Sawai Mansingh Stadium,Sawai Mansingh Stadium,Jaipur,Jaipur,Rajasthan Royals,Rajasthan Royals,Kings XI Punjab,Punjab Kings,Rajasthan Royals,Rajasthan Royals,bat,Rajasthan Royals,Rajasthan Royals,15,0,JC Buttler
1136601,2018,2018-05-09,Indian Premier League,41,Eden Gardens,Eden Gardens,Kolkata,Kolkata,Mumbai Indians,Mumbai Indians,Kolkata Knight Riders,Kolkata Knight Riders,Kolkata Knight Riders,Kolkata Knight Riders,field,Mumbai Indians,Mumbai Indians,102,0,Ishan Kishan
1136602,2018,2018-05-10,Indian Premier League,42,Arun Jaitley Stadium,Arun Jaitley Stadium,Delhi,Delhi,Delhi Daredevils,Delhi Capitals,Sunrisers Hyderabad,Sunrisers Hyderabad,Delhi Daredevils,Delhi Capitals,bat,Sunrisers Hyderabad,Sunrisers Hyderabad,0,9,S Dhawan
1136603,2018,2018-05-11,Indian Premier League,43,Sawai Mansingh Stadium,Sawai Mansingh Stadium,Jaipur,Jaipur,Chennai Super Kings,Chennai Super Kings,Rajasthan Royals,Rajasthan Royals,Chennai Super Kings,Chennai Super Kings,bat,Rajasthan Royals,Rajasthan Royals,0,4,JC Buttler
1136604,2018,2018-05-12,Indian Premier League,44,Holkar Cricket Stadium,Holkar Cricket Stadium,Indore,Indore,Kolkata Knight Riders,Kolkata Knight Riders,Kings XI Punjab,Punjab Kings,Kings XI Punjab,Punjab Kings,field,Kolkata Knight Riders,Kolkata Knight Riders,31,0,SP Narine
1136605,2018,2018-05-12,Indian Premier League,45,Arun Jaitley Stadium,Arun Jaitley Stadium,Delhi,Delhi,Delhi Daredevils,Delhi Capitals,Royal Challengers Bangalore,Royal Challengers Bengaluru,Royal Challengers Bangalore,Royal Challengers Bengaluru,field,Royal Challengers Bangalore,Royal Challengers Bengaluru,0,5,AB de Villiers
1136606,2018,2018-05-13,Indian Premier League,46,Maharashtra Cricket Association Stadium,Maharashtra Cricket Association Stadium,Pune,Pune,Sunrisers Hyderabad,Sunrisers Hyderabad,Chennai Super Kings,Chennai Super Kings,Chennai Super Kings,Chennai Super Kings,field,Chennai Super Kings,Chennai Super Kings,0,8,AT Rayudu
1136607,2018,2018-05-13,Indian Premier League,47,Wankhede Stadium,Wankhede Stadium,Mumbai,Mumbai,Mumbai Indians,Mumbai Indians,Rajasthan Royals,Rajasthan Royals,Rajasthan Royals,Rajasthan Royals,field,Rajasthan Royals,Rajasthan Royals,0,7,JC Buttler
1136608,2018,2018-05-14,Indian Premier League,48,Holkar Cricket Stadium,Holkar Cricket Stadium,Indore,Indore,Kings XI Punjab,Punjab Kings,Royal Challengers Bangalore,Royal Challengers Bengaluru,Royal Challengers Bangalore,Royal Challengers Bengaluru,field,Royal Challengers Bangalore,Royal Challengers Bengaluru,0,10,UT Yadav
1136609,2018,2018-05-15,Indian Premier League,49,Eden Gardens,Eden Gardens,Kolkata,Kolkata,Rajasthan Royals,Rajasthan Royals,Kolkata Knight Riders,Kolkata Knight Riders,Kolkata Knight Riders,Kolkata Knight Riders,field,Kolkata Knight Riders,Kolkata Knight Riders,0,6,Kuldeep Yadav
1136610,2018,2018-05-16,Indian Premier League,50,Wankhede Stadium,Wankhede Stadium,Mumbai,Mumbai,Mumbai Indians,Mumbai Indians,Kings XI Punjab,Punjab Kings,Kings XI Punjab,Punjab Kings,field,Mumbai Indians,Mumbai Indians,3,0,JJ Bumrah
1136611,2018,2018-05-17,Indian Premier League,51,M.Chinnaswamy Stadium,M Chinnaswamy Stadium,Bengaluru,Bengaluru,Royal Challengers Bangalore,Royal Challengers Bengaluru,Sunrisers Hyderabad,Sunrisers Hyderabad,Sunrisers Hyderabad,Sunrisers Hyderabad,field,Royal Challengers Bangalore,Royal Challengers Bengaluru,14,0,AB de Villiers
1136612,2018,2018-05-18,Indian Premier League,52,Arun Jaitley Stadium,Arun Jaitley Stadium,Delhi,Delhi,Delhi Daredevils,Delhi Capitals,Chennai Super Kings,Chennai Super Kings,Chennai Super Kings,Chennai Super Kings,field,Delhi Daredevils,Delhi Capitals,34,0,HV Patel
1136613,2018,2018-05-19,Indian Premier League,53,Sawai Mansingh Stadium,Sawai Mansingh Stadium,Jaipur,Jaipur,Rajasthan Royals,Rajasthan Royals,Royal Challengers Bangalore,Royal Challengers Bengaluru,Rajasthan Royals,Rajasthan Royals,bat,Rajasthan Royals,Rajasthan Royals,30,0,S Gopal
1136614,2018,2018-05-19,Indian Premier League,54,Rajiv Gandhi International Stadium,"Rajiv Gandhi International Stadium, Uppal",Hyderabad,Hyderabad,Sunrisers Hyderabad,Sunrisers Hyderabad,Kolkata Knight Riders,Kolkata Knight Riders,Sunrisers Hyderabad,Sunrisers Hyderabad,bat,Kolkata Knight Riders,Kolkata Knight Riders,0,5,CA Lynn
1136615,2018,2018-05-20,Indian Premier League,55,Arun Jaitley Stadium,Arun Jaitley Stadium,Delhi,Delhi,Delhi Daredevils,Delhi Capitals,Mumbai Indians,Mumbai Indians,Delhi Daredevils,Delhi Capitals,bat,Delhi Daredevils,Delhi Capitals,11,0,A Mishra
1136616,2018,2018-05-20,Indian Premier League,56,Maharashtra Cricket Association Stadium,Maharashtra Cricket Association Stadium,Pune,Pune,Kings XI Punjab,Punjab Kings,Chennai Super Kings,Chennai Super Kings,Chennai Super Kings,Chennai Super Kings,field,Chennai Super Kings,Chennai Super Kings,0,5,L Ngidi
1136617,2018,2018-05-22,Indian Premier League,,Wankhede Stadium,Wankhede Stadium,Mumbai,Mumbai,Sunrisers Hyderabad,Sunrisers Hyderabad,Chennai Super Kings,Chennai Super Kings,Chennai Super Kings,Chennai Super Kings,field,Chennai Super Kings,Chennai Super Kings,0,2,F du Plessis
1136618,2018,2018-05-23,Indian Premier League,,Eden Gardens,Eden Gardens,Kolkata,Kolkata,Kolkata Knight Riders,Kolkata Knight Riders,Rajasthan Royals,Rajasthan Royals,Rajasthan Royals,Rajasthan Royals,field,Kolkata Knight Riders,Kolkata Knight Riders,25,0,AD Russell
1136619,2018,2018-05-25,Indian Premier League,,Eden Gardens,Eden Gardens,Kolkata,Kolkata,Sunrisers Hyderabad,Sunrisers Hyderabad,Kolkata Knight Riders,Kolkata Knight Riders,Kolkata Knight Riders,Kolkata Knight Riders,field,Sunrisers Hyderabad,Sunrisers Hyderabad,14,0,Rashid Khan
1136620,2018,2018-05-27,Indian Premier League,,Wankhede Stadium,Wankhede Stadium,Mumbai,Mumbai,Sunrisers Hyderabad,Sunrisers Hyderabad,Chennai Super Kings,Chennai Super Kings,Chennai Super Kings,Chennai Super Kings,field,Chennai Super Kings,Chennai Super Kings,0,8,SR Watson
1175356,2019,2019-03-23,Indian Premier League,1,MA Chidambaram Stadium,MA Chidambaram Stadium,Chennai,Chennai,Royal Challengers Bangalore,Royal Challengers Bengaluru,Chennai Super Kings,Chennai Super Kings,Chennai Super Kings,Chennai Super Kings,field,Chennai Super Kings,Chennai Super Kings,0,7,Harbhajan Singh
1175357,2019,2019-03-24,Indian Premier League,2,Eden Gardens,Eden Gardens,Kolkata,Kolkata,Sunrisers Hyderabad,Sunrisers Hyderabad,Kolkata Knight Riders,Kolkata Knight Riders,Kolkata Knight Riders,Kolkata Knight Riders,field,Kolkata Knight Riders,Kolkata Knight Riders,0,6,AD Russell
1175358,2019,2019-03-24,Indian Premier League,3,Wankhede Stadium,Wankhede Stadium,Mumbai,Mumbai,Delhi Capitals,Delhi Capitals,Mumbai Indians,Mumbai Indians,Mumbai Indians,Mumbai Indians,field,Delhi Capitals,Delhi Capitals,37,0,RR Pant
1175359,2019,2019-03-25,Indian Premier League,4,Sawai Mansingh Stadium,Sawai Mansingh Stadium,Jaipur,Jaipur,Kings XI Punjab,Punjab Kings,Rajasthan Royals,Rajasthan Royals,Rajasthan Royals,Rajasthan Royals,field,Kings XI Punjab,Punjab Kings,14,0,CH Gayle
1175360,2019,2019-03-26,Indian Premier League,5,Arun Jaitley Stadium,Arun Jaitley Stadium,Delhi,Delhi,Delhi Capitals,Delhi Capitals,Chennai Super Kings,Chennai Super Kings,Delhi Capitals,Delhi Capitals,bat,Chennai Super Kings,Chennai Super Kings,0,6,SR Watson
1175361,2019,2019-03-27,Indian Premier League,6,Eden Gardens,Eden Gardens,Kolkata,Kolkata,Kolkata Knight Riders,Kolkata Knight Riders,Kings XI Punjab,Punjab Kings,Kings XI Punjab,Punjab Kings,field,Kolkata Knight Riders,Kolkata Knight Riders,28,0,AD Russell
1175362,2019,2019-03-28,Indian Premier League,7,M.Chinnaswamy Stadium,M Chinnaswamy Stadium,Bengaluru,Bengaluru,Mumbai Indians,Mumbai Indians,Royal Challengers Bangalore,Royal Challengers Bengaluru,Royal Challengers Bangalore,Royal Challengers Bengaluru,field,Mumbai Indians,Mumbai Indians,6,0,JJ Bumrah
1175363,2019,2019-03-29,Indian Premier League,8,Rajiv Gandhi International Stadium,"Rajiv Gandhi International Stadium, Uppal",Hyderabad,Hyderabad,Rajasthan Royals,Rajasthan Royals,Sunrisers Hyderabad,Sunrisers Hyderabad,Rajasthan Royals,Rajasthan Royals,bat,Sunrisers Hyderabad,Sunrisers Hyderabad,0,5,Rashid Khan
1175364,2019,2019-03-30,Indian Premier League,9,Punjab Cricket Association IS Bindra Stadium,"Punjab Cricket Association IS Bindra Stadium, Mohali",Chandigarh,Chandigarh,Mumbai Indians,Mumbai Indians,Kings XI Punjab,Punjab Kings,Kings XI Punjab,Punjab Kings,field,Kings XI Punjab,Punjab Kings,0,8,MA Agarwal
1175365,2019,2019-03-30,Indian Premier League,10,Arun Jaitley Stadium,Arun Jaitley Stadium,Delhi,Delhi,Kolkata Knight Riders,Kolkata Knight Riders,Delhi Capitals,Delhi Capitals,Delhi Capitals,Delhi Capitals,field,,,0,0,PP Shaw
1175366,2019,2019-03-31,Indian Premier League,11,Rajiv Gandhi International Stadium,"Rajiv Gandhi International Stadium, Uppal",Hyderabad,Hyderabad,Sunrisers Hyderabad,Sunrisers Hyderabad,Royal Challengers Bangalore,Royal Challengers Bengaluru,Royal Challengers Bangalore,Royal Challengers Bengaluru,field,Sunrisers Hyderabad,Sunrisers Hyderabad,118,0,JM Bairstow
1175367,2019,2019-03-31,Indian Premier League,12,MA Chidambaram Stadium,MA Chidambaram Stadium,Chennai,Chennai,Chennai Super Kings,Chennai Super Kings,Rajasthan Royals,Rajasthan Royals,Rajasthan Royals,Rajasthan Royals,field,Chennai Super Kings,Chennai Super Kings,8,0,MS Dhoni
1175368,2019,2019-04-01,Indian Premier League,13,Punjab Cricket Association IS Bindra Stadium,"Punjab Cricket Association IS Bindra Stadium, Mohali",Chandigarh,Chandigarh,Kings XI Punjab,Punjab Kings,Delhi Capitals,Delhi Capitals,Delhi Capitals,Delhi Capitals,field,Kings XI Punjab,Punjab Kings,14,0,SM Curran
1175369,2019,2019-04-02,Indian Premier League,14,Sawai Mansingh Stadium,Sawai Mansingh Stadium,Jaipur,Jaipur,Royal Challengers Bangalore,Royal Challengers Bengaluru,Rajasthan Royals,Rajasthan Royals,Rajasthan Royals,Rajasthan Royals,field,Rajasthan Royals,Rajasthan Royals,0,7,S Gopal
1175370,2019,2019-04-03,Indian Premier League,15,Wankhede Stadium,Wankhede Stadium,Mumbai,Mumbai,Mumbai Indians,Mumbai Indians,Chennai Super Kings,Chennai Super Kings,Chennai Super Kings,Chennai Super Kings,field,Mumbai Indians,Mumbai Indians,37,0,HH Pandya
1175371,2019,2019-04-04,Indian Premier League,16,Arun Jaitley Stadium,Arun Jaitley Stadium,Delhi,Delhi,Delhi Capitals,Delhi Capitals,Sunrisers Hyderabad,Sunrisers Hyderabad,Sunrisers Hyderabad,Sunrisers Hyderabad,field,Sunrisers Hyderabad,Sunrisers Hyderabad,0,5,JM Bairstow
1175372,2019,2019-04-05,Indian Premier League,17,M.Chinnaswamy Stadium,M Chinnaswamy Stadium,Bengaluru,Bengaluru,Royal Challengers Bangalore,Royal Challengers Bengaluru,Kolkata Knight Riders,Kolkata Knight Riders,Kolkata Knight Riders,Kolkata Knight Riders,field,Kolkata Knight Riders,Kolkata Knight Riders,0,5,AD Russell
1178393,2019,2019-04-06,Indian Premier League,18,MA Chidambaram Stadium,MA Chidambaram Stadium,Chennai,Chennai,Chennai Super Kings,Chennai Super Kings,Kings XI Punjab,Punjab Kings,Chennai Super Kings,Chennai Super Kings,bat,Chennai Super Kings,Chennai Super Kings,22,0,Harbhajan Singh
1178394,2019,2019-04-06,Indian Premier League,19,Rajiv Gandhi International Stadium,"Rajiv Gandhi International Stadium, Uppal",Hyderabad,Hyderabad,Mumbai Indians,Mumbai Indians,Sunrisers Hyderabad,Sunrisers Hyderabad,Sunrisers Hyderabad,Sunrisers Hyderabad,field,Mumbai Indians,Mumbai Indians,40,0,AS Joseph
1178395,2019,2019-04-07,Indian Premier League,20,M.Chinnaswamy Stadium,M Chinnaswamy Stadium,Bengaluru,Bengaluru,Royal Challengers Bangalore,Royal Challengers Bengaluru,Delhi Capitals,Delhi Capitals,Delhi Capitals,Delhi Capitals,field,Delhi Capitals,Delhi Capitals,0,4,K Rabada
1178396,2019,2019-04-07,Indian Premier League,21,Sawai Mansingh Stadium,Sawai Mansingh Stadium,Jaipur,Jaipur,Rajasthan Royals,Rajasthan Royals,Kolkata Knight Riders,Kolkata Knight Riders,Kolkata Knight Riders,Kolkata Knight Riders,field,Kolkata Knight Riders,Kolkata Knight Riders,0,8,HF Gurney
1178397,2019,2019-04-08,Indian Premier League,22,Punjab Cricket Association IS Bindra Stadium,"Punjab Cricket Association IS Bindra Stadium, Mohali",Chandigarh,Chandigarh,Sunrisers Hyderabad,Sunrisers Hyderabad,Kings XI Punjab,Punjab Kings,Kings XI Punjab,Punjab Kings,field,Kings XI Punjab,Punjab Kings,0,6,KL Rahul
1178398,2019,2019-04-09,Indian Premier League,23,MA Chidambaram Stadium,MA Chidambaram Stadium,Chennai,Chennai,Kolkata Knight Riders,Kolkata Knight Riders,Chennai Super Kings,Chennai Super Kings,Chennai Super Kings,Chennai Super Kings,field,Chennai Super Kings,Chennai Super Kings,0,7,DL Chahar
1178399,2019,2019-04-10,Indian Premier League,24,Wankhede Stadium,Wankhede Stadium,Mumbai,Mumbai,Kings XI Punjab,Punjab Kings,Mumbai Indians,Mumbai Indians,Mumbai Indians,Mumbai Indians,field,Mumbai Indians,Mumbai Indians,0,3,KA Pollard
1178400,2019,2019-04-11,Indian Premier League,25,Sawai Mansingh Stadium,Sawai Mansingh Stadium,Jaipur,Jaipur,Rajasthan Royals,Rajasthan Royals,Chennai Super Kings,Chennai Super Kings,Chennai Super Kings,Chennai Super Kings,field,Chennai Super Kings,Chennai Super Kings,0,4,MS Dhoni
1178401,2019,2019-04-12,Indian Premier League,26,Eden Gardens,Eden Gardens,Kolkata,Kolkata,Kolkata Knight Riders,Kolkata Knight Riders,Delhi Capitals,Delhi Capitals,Delhi Capitals,Delhi Capitals,field,Delhi Capitals,Delhi Capitals,0,7,S Dhawan
1178402,2019,2019-04-13,Indian Premier League,27,Wankhede Stadium,Wankhede Stadium,Mumbai,Mumbai,Mumbai Indians,Mumbai Indians,Rajasthan Royals,Rajasthan Royals,Rajasthan Royals,Rajasthan Royals,field,Rajasthan Royals,Rajasthan Royals,0,4,JC Buttler
1178403,2019,2019-04-13,Indian Premier League,28,Punjab Cricket Association IS Bindra Stadium,"Punjab Cricket Association IS Bindra Stadium, Mohali",Chandigarh,Chandigarh,Kings XI Punjab,Punjab Kings,Royal Challengers Bangalore,Royal Challengers Bengaluru,Royal Challengers Bangalore,Royal Challengers Bengaluru,field,Royal Challengers Bangalore,Royal Challengers Bengaluru,0,8,AB de Villiers
1178404,2019,2019-04-14,Indian Premier League,29,Eden Gardens,Eden Gardens,Kolkata,Kolkata,Kolkata Knight Riders,Kolkata Knight Riders,Chennai Super Kings,Chennai Super Kings,Chennai Super Kings,Chennai Super Kings,field,Chennai Super Kings,Chennai Super Kings,0,5,Imran Tahir
1178405,2019,2019-04-14,Indian Premier League,30,Rajiv Gandhi International Stadium,"Rajiv Gandhi International Stadium, Uppal",Hyderabad,Hyderabad,Delhi Capitals,Delhi Capitals,Sunrisers Hyderabad,Sunrisers Hyderabad,Sunrisers Hyderabad,Sunrisers Hyderabad,field,Delhi Capitals,Delhi Capitals,39,0,KMA Paul
1178406,2019,2019-04-15,Indian Premier League,31,Wankhede Stadium,Wankhede Stadium,Mumbai,Mumbai,Royal Challengers Bangalore,Royal Challengers Bengaluru,Mumbai Indians,Mumbai Indians,Mumbai Indians,Mumbai Indians,field,Mumbai Indians,Mumbai Indians,0,5,SL Malinga
1178407,2019,2019-04-16,Indian Premier League,32,Punjab Cricket Association IS Bindra Stadium,"Punjab Cricket Association IS Bindra Stadium, Mohali",Chandigarh,Chandigarh,Kings XI Punjab,Punjab Kings,Rajasthan Royals,Rajasthan Royals,Rajasthan Royals,Rajasthan Royals,field,Kings XI Punjab,Punjab Kings,12,0,R Ashwin
1178408,2019,2019-04-17,Indian Premier League,33,Rajiv Gandhi International Stadium,"Rajiv Gandhi International Stadium, Uppal",Hyderabad,Hyderabad,Chennai Super Kings,Chennai Super Kings,Sunrisers Hyderabad,Sunrisers Hyderabad,Chennai Super Kings,Chennai Super Kings,bat,Sunrisers Hyderabad,Sunrisers Hyderabad,0,6,DA Warner
1178409,2019,2019-04-18,Indian Premier League,34,Arun Jaitley Stadium,Arun Jaitley Stadium,Delhi,Delhi,Mumbai Indians,Mumbai Indians,Delhi Capitals,Delhi Capitals,Mumbai Indians,Mumbai Indians,bat,Mumbai Indians,Mumbai Indians,40,0,HH Pandya
1178410,2019,2019-04-19,Indian Premier League,35,Eden Gardens,Eden Gardens,Kolkata,Kolkata,Royal Challengers Bangalore,Royal Challengers Bengaluru,Kolkata Knight Riders,Kolkata Knight Riders,Kolkata Knight Riders,Kolkata Knight Riders,field,Royal Challengers Bangalore,Royal Challengers Bengaluru,10,0,V Kohli
1178411,2019,2019-04-20,Indian Premier League,36,Sawai Mansingh Stadium,Sawai Mansingh Stadium,Jaipur,Jaipur,Mumbai Indians,Mumbai Indians,Rajasthan Royals,Rajasthan Royals,Rajasthan Royals,Rajasthan Royals,field,Rajasthan Royals,Rajasthan Royals,0,5,SPD Smith
1178412,2019,2019-04-20,Indian Premier League,37,Arun Jaitley Stadium,Arun Jaitley Stadium,Delhi,Delhi,Kings XI Punjab,Punjab Kings,Delhi Capitals,Delhi Capitals,Delhi Capitals,Delhi Capitals,field,Delhi Capitals,Delhi Capitals,0,5,SS Iyer
1178413,2019,2019-04-21,Indian Premier League,38,Rajiv Gandhi International Stadium,"Rajiv Gandhi International Stadium, Uppal",Hyderabad,Hyderabad,Kolkata Knight Riders,Kolkata Knight Riders,Sunrisers Hyderabad,Sunrisers Hyderabad,Sunrisers Hyderabad,Sunrisers Hyderabad,field,Sunrisers Hyderabad,Sunrisers Hyderabad,0,9,KK Ahmed
1178414,2019,2019-04-21,Indian Premier League,39,M.Chinnaswamy Stadium,M Chinnaswamy Stadium,Bengaluru,Bengaluru,Royal Challengers Bangalore,Royal Challengers Bengaluru,Chennai Super Kings,Chennai Super Kings,Chennai Super Kings,Chennai Super Kings,field,Royal Challengers Bangalore,Royal Challengers Bengaluru,1,0,PA Patel
1178415,2019,2019-04-22,Indian Premier League,40,Sawai Mansingh Stadium,Sawai Mansingh Stadium,Jaipur,Jaipur,Rajasthan Royals,Rajasthan Royals,Delhi Capitals,Delhi Capitals,Delhi Capitals,Delhi Capitals,field,Delhi Capitals,Delhi Capitals,0,6,RR Pant
1178416,2019,2019-04-23,Indian Premier League,41,MA Chidambaram Stadium,MA Chidambaram Stadium,Chennai,Chennai,Sunrisers Hyderabad,Sunrisers Hyderabad,Chennai Super Kings,Chennai Super Kings,Chennai Super Kings,Chennai Super Kings,field,Chennai Super Kings,Chennai Super Kings,0,6,SR Watson
1178417,2019,2019-04-24,Indian Premier League,42,M.Chinnaswamy Stadium,M Chinnaswamy Stadium,Bengaluru,Bengaluru,Royal Challengers Bangalore,Royal Challengers Bengaluru,Kings XI Punjab,Punjab Kings,Kings XI Punjab,Punjab Kings,field,Royal Challengers Bangalore,Royal Challengers Bengaluru,17,0,AB de Villiers
1178418,2019,2019-04-25,Indian Premier League,43,Eden Gardens,Eden Gardens,Kolkata,Kolkata,Kolkata Knight Riders,Kolkata Knight Riders,Rajasthan Royals,Rajasthan Royals,Rajasthan Royals,Rajasthan Royals,field,Rajasthan Royals,Rajasthan Royals,0,3,VR Aaron
1178419,2019,2019-04-26,Indian Premier League,44,MA Chidambaram Stadium,MA Chidambaram Stadium,Chennai,Chennai,Mumbai Indians,Mumbai Indians,Chennai Super Kings,Chennai Super Kings,Chennai Super Kings,Chennai Super Kings,field,Mumbai Indians,Mumbai Indians,46,0,RG Sharma
1178420,2019,2019-04-27,Indian Premier League,45,Sawai Mansingh Stadium,Sawai Mansingh Stadium,Jaipur,Jaipur,Sunrisers Hyderabad,Sunrisers Hyderabad,Rajasthan Royals,Rajasthan Royals,Rajasthan Royals,Rajasthan Royals,field,Rajasthan Royals,Rajasthan Royals,0,7,JD Unadkat
1178421,2019,2019-04-28,Indian Premier League,46,Arun Jaitley Stadium,Arun Jaitley Stadium,Delhi,Delhi,Delhi Capitals,Delhi Capitals,Royal Challengers Bangalore,Royal Challengers Bengaluru,Delhi Capitals,Delhi Capitals,bat,Delhi Capitals,Delhi Capitals,16,0,S Dhawan
1178422,2019,2019-04-28,Indian Premier League,47,Eden Gardens,Eden Gardens,Kolkata,Kolkata,Kolkata Knight Riders,Kolkata Knight Riders,Mumbai Indians,Mumbai Indians,Mumbai Indians,Mumbai Indians,field,Kolkata Knight Riders,Kolkata Knight Riders,34,0,AD Russell
1178423,2019,2019-04-29,Indian Premier League,48,Rajiv Gandhi International Stadium,"Rajiv Gandhi International Stadium, Uppal",Hyderabad,Hyderabad,Sunrisers Hyderabad,Sunrisers Hyderabad,Kings XI Punjab,Punjab Kings,Kings XI Punjab,Punjab Kings,field,Sunrisers Hyderabad,Sunrisers Hyderabad,45,0,DA Warner
1178424,2019,2019-04-30,Indian Premier League,49,M.Chinnaswamy Stadium,M Chinnaswamy Stadium,Bengaluru,Bengaluru,Royal Challengers Bangalore,Royal Challengers Bengaluru,Rajasthan Royals,Rajasthan Royals,Rajasthan Royals,Rajasthan Royals,field,,,0,0,
1178425,2019,2019-05-01,Indian Premier League,50,MA Chidambaram Stadium,MA Chidambaram Stadium,Chennai,Chennai,Chennai Super Kings,Chennai Super Kings,Delhi Capitals,Delhi Capitals,Delhi Capitals,Delhi Capitals,field,Chennai Super Kings,Chennai Super Kings,80,0,MS Dhoni
1178426,2019,2019-05-02,Indian Premier League,51,Wankhede Stadium,Wankhede Stadium,Mumbai,Mumbai,Mumbai Indians,Mumbai Indians,Sunrisers Hyderabad,Sunrisers Hyderabad,Mumbai Indians,Mumbai Indians,bat,,,0,0,JJ Bumrah
1178427,2019,2019-05-03,Indian Premier League,52,Punjab Cricket Association IS Bindra Stadium,"Punjab Cricket Association IS Bindra Stadium, Mohali",Chandigarh,Chandigarh,Kings XI Punjab,Punjab Kings,Kolkata Knight Riders,Kolkata Knight Riders,Kolkata Knight Riders,Kolkata Knight Riders,field,Kolkata Knight Riders,Kolkata Knight Riders,0,7,Shubman Gill
1178428,2019,2019-05-04,Indian Premier League,53,Arun Jaitley Stadium,Arun Jaitley Stadium,Delhi,Delhi,Rajasthan Royals,Rajasthan Royals,Delhi Capitals,Delhi Capitals,Rajasthan Royals,Rajasthan Royals,bat,Delhi Capitals,Delhi Capitals,0,5,A Mishra
1178429,2019,2019-05-04,Indian Premier League,54,M.Chinnaswamy Stadium,M Chinnaswamy Stadium,Bengaluru,Bengaluru,Sunrisers Hyderabad,Sunrisers Hyderabad,Royal Challengers Bangalore,Royal Challengers Bengaluru,Royal Challengers Bangalore,Royal Challengers Bengaluru,field,Royal Challengers Bangalore,Royal Challengers Bengaluru,0,4,SO Hetmyer
1178430,2019,2019-05-05,Indian Premier League,55,Punjab Cricket Association IS Bindra Stadium,"Punjab Cricket Association IS Bindra Stadium, Mohali",Chandigarh,Chandigarh,Chennai Super Kings,Chennai Super Kings,Kings XI Punjab,Punjab Kings,Kings XI Punjab,Punjab Kings,field,Kings XI Punjab,Punjab Kings,0,6,KL Rahul
1178431,2019,2019-05-05,Indian Premier League,56,Wankhede Stadium,Wankhede Stadium,Mumbai,Mumbai,Kolkata Knight Riders,Kolkata Knight Riders,Mumbai Indians,Mumbai Indians,Mumbai Indians,Mumbai Indians,field,Mumbai Indians,Mumbai Indians,0,9,HH Pandya
1181764,2019,2019-05-07,Indian Premier League,,MA Chidambaram Stadium,MA Chidambaram Stadium,Chennai,Chennai,Chennai Super Kings,Chennai Super Kings,Mumbai Indians,Mumbai Indians,Chennai Super Kings,Chennai Super Kings,bat,Mumbai Indians,Mumbai Indians,0,6,SA Yadav
1181766,2019,2019-05-08,Indian Premier League,,Dr. Y.S. Rajasekhara Reddy ACA-VDCA Cricket Stadium,Dr Y.S. Rajasekhara Reddy ACA-VDCA Cricket Stadium,Visakhapatnam,Visakhapatnam,Sunrisers Hyderabad,Sunrisers Hyderabad,Delhi Capitals,Delhi Capitals,Delhi Capitals,Delhi Capitals,field,Delhi Capitals,Delhi Capitals,0,2,RR Pant
1181767,2019,2019-05-10,Indian Premier League,,Dr. Y.S. Rajasekhara Reddy ACA-VDCA Cricket Stadium,Dr Y.S. Rajasekhara Reddy ACA-VDCA Cricket Stadium,Visakhapatnam,Visakhapatnam,Delhi Capitals,Delhi Capitals,Chennai Super Kings,Chennai Super Kings,Chennai Super Kings,Chennai Super Kings,field,Chennai Super Kings,Chennai Super Kings,0,6,F du Plessis
1181768,2019,2019-05-12,Indian Premier League,,Rajiv Gandhi International Stadium,"Rajiv Gandhi International Stadium, Uppal",Hyderabad,Hyderabad,Mumbai Indians,Mumbai Indians,Chennai Super Kings,Chennai Super Kings,Mumbai Indians,Mumbai Indians,bat,Mumbai Indians,Mumbai Indians,1,0,JJ Bumrah
1216492,2021,2020-09-19,Indian Premier League,1,Sheikh Zayed Stadium,Sheikh Zayed Stadium,Abu Dhabi,Abu Dhabi,Mumbai Indians,Mumbai Indians,Chennai Super Kings,Chennai Super Kings,Chennai Super Kings,Chennai Super Kings,field,Chennai Super Kings,Chennai Super Kings,0,5,AT Rayudu
1216493,2021,2020-09-20,Indian Premier League,2,Dubai International Cricket Stadium,Dubai International Cricket Stadium,,,Delhi Capitals,Delhi Capitals,Kings XI Punjab,Punjab Kings,Kings XI Punjab,Punjab Kings,field,,,0,0,MP Stoinis
1216534,2021,2020-09-21,Indian Premier League,3,Dubai International Cricket Stadium,Dubai International Cricket Stadium,,,Royal Challengers Bangalore,Royal Challengers Bengaluru,Sunrisers Hyderabad,Sunrisers Hyderabad,Sunrisers Hyderabad,Sunrisers Hyderabad,field,Royal Challengers Bangalore,Royal Challengers Bengaluru,10,0,YS Chahal
1216496,2021,2020-09-22,Indian Premier League,4,Sharjah Cricket Stadium,Sharjah Cricket Stadium,,,Rajasthan Royals,Rajasthan Royals,Chennai Super Kings,Chennai Super Kings,Chennai Super Kings,Chennai Super Kings,field,Rajasthan Royals,Rajasthan Royals,16,0,SV Samson
1216508,2021,2020-09-23,Indian Premier League,5,Sheikh Zayed Stadium,Sheikh Zayed Stadium,Abu Dhabi,Abu Dhabi,Mumbai Indians,Mumbai Indians,Kolkata Knight Riders,Kolkata Knight Riders,Kolkata Knight Riders,Kolkata Knight Riders,field,Mumbai Indians,Mumbai Indians,49,0,RG Sharma
1216510,2021,2020-09-24,Indian Premier League,6,Dubai International Cricket Stadium,Dubai International Cricket Stadium,,,Kings XI Punjab,Punjab Kings,Royal Challengers Bangalore,Royal Challengers Bengaluru,Royal Challengers Bangalore,Royal Challengers Bengaluru,field,Kings XI Punjab,Punjab Kings,97,0,KL Rahul
1216539,2021,2020-09-25,Indian Premier League,7,Dubai International Cricket Stadium,Dubai International Cricket Stadium,,,Delhi Capitals,Delhi Capitals,Chennai Super Kings,Chennai Super Kings,Chennai Super Kings,Chennai Super Kings,field,Delhi Capitals,Delhi Capitals,44,0,PP Shaw
1216545,2021,2020-09-26,Indian Premier League,8,Sheikh Zayed Stadium,Sheikh Zayed Stadium,Abu Dhabi,Abu Dhabi,Sunrisers Hyderabad,Sunrisers Hyderabad,Kolkata Knight Riders,Kolkata Knight Riders,Sunrisers Hyderabad,Sunrisers Hyderabad,bat,Kolkata Knight Riders,Kolkata Knight Riders,0,7,Shubman Gill
1216527,2021,2020-09-27,Indian Premier League,9,Sharjah Cricket Stadium,Sharjah Cricket Stadium,,,Kings XI Punjab,Punjab Kings,Rajasthan Royals,Rajasthan Royals,Rajasthan Royals,Rajasthan Royals,field,Rajasthan Royals,Rajasthan Royals,0,4,SV Samson
1216547,2021,2020-09-28,Indian Premier League,10,Dubai International Cricket Stadium,Dubai International Cricket Stadium,,,Royal Challengers Bangalore,Royal Challengers Bengaluru,Mumbai Indians,Mumbai Indians,Mumbai Indians,Mumbai Indians,field,,,0,0,AB de Villiers
1216532,2021,2020-09-29,Indian Premier League,11,Sheikh Zayed Stadium,Sheikh Zayed Stadium,Abu Dhabi,Abu Dhabi,Sunrisers Hyderabad,Sunrisers Hyderabad,Delhi Capitals,Delhi Capitals,Delhi Capitals,Delhi Capitals,field,Sunrisers Hyderabad,Sunrisers Hyderabad,15,0,Rashid Khan
1216504,2021,2020-09-30,Indian Premier League,12,Dubai International Cricket Stadium,Dubai International Cricket Stadium,,,Kolkata Knight Riders,Kolkata Knight Riders,Rajasthan Royals,Rajasthan Royals,Rajasthan Royals,Rajasthan Royals,field,Kolkata Knight Riders,Kolkata Knight Riders,37,0,Shivam Mavi
1216503,2021,2020-10-01,Indian Premier League,13,Sheikh Zayed Stadium,Sheikh Zayed Stadium,Abu Dhabi,Abu Dhabi,Mumbai Indians,Mumbai Indians,Kings XI Punjab,Punjab Kings,Kings XI Punjab,Punjab Kings,field,Mumbai Indians,Mumbai Indians,48,0,KA Pollard
1216516,2021,2020-10-02,Indian Premier League,14,Dubai International Cricket Stadium,Dubai International Cricket Stadium,,,Sunrisers Hyderabad,Sunrisers Hyderabad,Chennai Super Kings,Chennai Super Kings,Sunrisers Hyderabad,Sunrisers Hyderabad,bat,Sunrisers Hyderabad,Sunrisers Hyderabad,7,0,PK Garg
1216514,2021,2020-10-03,Indian Premier League,15,Sheikh Zayed Stadium,Sheikh Zayed Stadium,Abu Dhabi,Abu Dhabi,Rajasthan Royals,Rajasthan Royals,Royal Challengers Bangalore,Royal Challengers Bengaluru,Rajasthan Royals,Rajasthan Royals,bat,Royal Challengers Bangalore,Royal Challengers Bengaluru,0,8,YS Chahal
1216515,2021,2020-10-03,Indian Premier League,16,Sharjah Cricket Stadium,Sharjah Cricket Stadium,,,Delhi Capitals,Delhi Capitals,Kolkata Knight Riders,Kolkata Knight Riders,Kolkata Knight Riders,Kolkata Knight Riders,field,Delhi Capitals,Delhi Capitals,18,0,SS Iyer
1216513,2021,2020-10-04,Indian Premier League,18,Dubai International Cricket Stadium,Dubai International Cricket Stadium,,,Kings XI Punjab,Punjab Kings,Chennai Super Kings,Chennai Super Kings,Kings XI Punjab,Punjab Kings,bat,Chennai Super Kings,Chennai Super Kings,0,10,SR Watson
1216538,2021,2020-10-04,Indian Premier League,17,Sharjah Cricket Stadium,Sharjah Cricket Stadium,,,Mumbai Indians,Mumbai Indians,Sunrisers Hyderabad,Sunrisers Hyderabad,Mumbai Indians,Mumbai Indians,bat,Mumbai Indians,Mumbai Indians,34,0,TA Boult
1216519,2021,2020-10-05,Indian Premier League,19,Dubai International Cricket Stadium,Dubai International Cricket Stadium,,,Delhi Capitals,Delhi Capitals,Royal Challengers Bangalore,Royal Challengers Bengaluru,Royal Challengers Bangalore,Royal Challengers Bengaluru,field,Delhi Capitals,Delhi Capitals,59,0,AR Patel
1216511,2021,2020-10-06,Indian Premier League,20,Sheikh Zayed Stadium,Sheikh Zayed Stadium,Abu Dhabi,Abu Dhabi,Mumbai Indians,Mumbai Indians,Rajasthan Royals,Rajasthan Royals,Mumbai Indians,Mumbai Indians,bat,Mumbai Indians,Mumbai Indians,57,0,SA Yadav
1216501,2021,2020-10-07,Indian Premier League,21,Sheikh Zayed Stadium,Sheikh Zayed Stadium,Abu Dhabi,Abu Dhabi,Kolkata Knight Riders,Kolkata Knight Riders,Chennai Super Kings,Chennai Super Kings,Kolkata Knight Riders,Kolkata Knight Riders,bat,Kolkata Knight Riders,Kolkata Knight Riders,10,0,RA Tripathi
1216542,2021,2020-10-08,Indian Premier League,22,Dubai International Cricket Stadium,Dubai International Cricket Stadium,,,Sunrisers Hyderabad,Sunrisers Hyderabad,Kings XI Punjab,Punjab Kings,Sunrisers Hyderabad,Sunrisers Hyderabad,bat,Sunrisers Hyderabad,Sunrisers Hyderabad,69,0,JM Bairstow
1216500,2021,2020-10-09,Indian Premier League,23,Sharjah Cricket Stadium,Sharjah Cricket Stadium,,,Delhi Capitals,Delhi Capitals,Rajasthan Royals,Rajasthan Royals,Rajasthan Royals,Rajasthan Royals,field,Delhi Capitals,Delhi Capitals,46,0,R Ashwin
1216523,2021,2020-10-10,Indian Premier League,24,Sheikh Zayed Stadium,Sheikh Zayed Stadium,Abu Dhabi,Abu Dhabi,Kolkata Knight Riders,Kolkata Knight Riders,Kings XI Punjab,Punjab Kings,Kolkata Knight Riders,Kolkata Knight Riders,bat,Kolkata Knight Riders,Kolkata Knight Riders,2,0,KD Karthik
1216525,2021,2020-10-10,Indian Premier League,25,Dubai International Cricket Stadium,Dubai International Cricket Stadium,,,Royal Challengers Bangalore,Royal Challengers Bengaluru,Chennai Super Kings,Chennai Super Kings,Royal Challengers Bangalore,Royal Challengers Bengaluru,bat,Royal Challengers Bangalore,Royal Challengers Bengaluru,37,0,V Kohli
1216507,2021,2020-10-11,Indian Premier League,26,Dubai International Cricket Stadium,Dubai International Cricket Stadium,,,Sunrisers Hyderabad,Sunrisers Hyderabad,Rajasthan Royals,Rajasthan Royals,Sunrisers Hyderabad,Sunrisers Hyderabad,bat,Rajasthan Royals,Rajasthan Royals,0,5,R Tewatia
1216529,2021,2020-10-11,Indian Premier League,27,Sheikh Zayed Stadium,Sheikh Zayed Stadium,Abu Dhabi,Abu Dhabi,Delhi Capitals,Delhi Capitals,Mumbai Indians,Mumbai Indians,Delhi Capitals,Delhi Capitals,bat,Mumbai Indians,Mumbai Indians,0,5,Q de Kock
1216540,2021,2020-10-12,Indian Premier League,28,Sharjah Cricket Stadium,Sharjah Cricket Stadium,,,Royal Challengers Bangalore,Royal Challengers Bengaluru,Kolkata Knight Riders,Kolkata Knight Riders,Royal Challengers Bangalore,Royal Challengers Bengaluru,bat,Royal Challengers Bangalore,Royal Challengers Bengaluru,82,0,AB de Villiers
1216528,2021,2020-10-13,Indian Premier League,29,Dubai International Cricket Stadium,Dubai International Cricket Stadium,,,Chennai Super Kings,Chennai Super Kings,Sunrisers Hyderabad,Sunrisers Hyderabad,Chennai Super Kings,Chennai Super Kings,bat,Chennai Super Kings,Chennai Super Kings,20,0,RA Jadeja
1216543,2021,2020-10-14,Indian Premier League,30,Dubai International Cricket Stadium,Dubai International Cricket Stadium,,,Delhi Capitals,Delhi Capitals,Rajasthan Royals,Rajasthan Royals,Delhi Capitals,Delhi Capitals,bat,Delhi Capitals,Delhi Capitals,13,0,A Nortje
1216531,2021,2020-10-15,Indian Premier League,31,Sharjah Cricket Stadium,Sharjah Cricket Stadium,,,Royal Challengers Bangalore,Royal Challengers Bengaluru,Kings XI Punjab,Punjab Kings,Royal Challengers Bangalore,Royal Challengers Bengaluru,bat,Kings XI Punjab,Punjab Kings,0,8,KL Rahul
1216526,2021,2020-10-16,Indian Premier League,32,Sheikh Zayed Stadium,Sheikh Zayed Stadium,Abu Dhabi,Abu Dhabi,Kolkata Knight Riders,Kolkata Knight Riders,Mumbai Indians,Mumbai Indians,Kolkata Knight Riders,Kolkata Knight Riders,bat,Mumbai Indians,Mumbai Indians,0,8,Q de Kock
1216509,2021,2020-10-17,Indian Premier League,34,Sharjah Cricket Stadium,Sharjah Cricket Stadium,,,Chennai Super Kings,Chennai Super Kings,Delhi Capitals,Delhi Capitals,Chennai Super Kings,Chennai Super Kings,bat,Delhi Capitals,Delhi Capitals,0,5,S Dhawan
1216522,2021,2020-10-17,Indian Premier League,33,Dubai International Cricket Stadium,Dubai International Cricket Stadium,,,Rajasthan Royals,Rajasthan Royals,Royal Challengers Bangalore,Royal Challengers Bengaluru,Rajasthan Royals,Rajasthan Royals,bat,Royal Challengers Bangalore,Royal Challengers Bengaluru,0,7,AB de Villiers
1216512,2021,2020-10-18,Indian Premier League,35,Sheikh Zayed Stadium,Sheikh Zayed Stadium,Abu Dhabi,Abu Dhabi,Kolkata Knight Riders,Kolkata Knight Riders,Sunrisers Hyderabad,Sunrisers Hyderabad,Sunrisers Hyderabad,Sunrisers Hyderabad,field,,,0,0,LH Ferguson
1216517,2021,2020-10-18,Indian Premier League,36,Dubai International Cricket Stadium,Dubai International Cricket Stadium,,,Mumbai Indians,Mumbai Indians,Kings XI Punjab,Punjab Kings,Mumbai Indians,Mumbai Indians,bat,,,0,0,KL Rahul
1216533,2021,2020-10-19,Indian Premier League,37,Sheikh Zayed Stadium,Sheikh Zayed Stadium,Abu Dhabi,Abu Dhabi,Chennai Super Kings,Chennai Super Kings,Rajasthan Royals,Rajasthan Royals,Chennai Super Kings,Chennai Super Kings,bat,Rajasthan Royals,Rajasthan Royals,0,7,JC Buttler
1216546,2021,2020-10-20,Indian Premier League,38,Dubai International Cricket Stadium,Dubai International Cricket Stadium,,,Delhi Capitals,Delhi Capitals,Kings XI Punjab,Punjab Kings,Delhi Capitals,Delhi Capitals,bat,Kings XI Punjab,Punjab Kings,0,5,S Dhawan
1216494,2021,2020-10-21,Indian Premier League,39,Sheikh Zayed Stadium,Sheikh Zayed Stadium,Abu Dhabi,Abu Dhabi,Kolkata Knight Riders,Kolkata Knight Riders,Royal Challengers Bangalore,Royal Challengers Bengaluru,Kolkata Knight Riders,Kolkata Knight Riders,bat,Royal Challengers Bangalore,Royal Challengers Bengaluru,0,8,Mohammed Siraj
1216518,2021,2020-10-22,Indian Premier League,40,Dubai International Cricket Stadium,Dubai International Cricket Stadium,,,Rajasthan Royals,Rajasthan Royals,Sunrisers Hyderabad,Sunrisers Hyderabad,Sunrisers Hyderabad,Sunrisers Hyderabad,field,Sunrisers Hyderabad,Sunrisers Hyderabad,0,8,MK Pandey
1216521,2021,2020-10-23,Indian Premier League,41,Sharjah Cricket Stadium,Sharjah Cricket Stadium,,,Chennai Super Kings,Chennai Super Kings,Mumbai Indians,Mumbai Indians,Mumbai Indians,Mumbai Indians,field,Mumbai Indians,Mumbai Indians,0,10,TA Boult
1216497,2021,2020-10-24,Indian Premier League,42,Sheikh Zayed Stadium,Sheikh Zayed Stadium,Abu Dhabi,Abu Dhabi,Kolkata Knight Riders,Kolkata Knight Riders,Delhi Capitals,Delhi Capitals,Delhi Capitals,Delhi Capitals,field,Kolkata Knight Riders,Kolkata Knight Riders,59,0,CV Varun
1216498,2021,2020-10-24,Indian Premier League,43,Dubai International Cricket Stadium,Dubai International Cricket Stadium,,,Kings XI Punjab,Punjab Kings,Sunrisers Hyderabad,Sunrisers Hyderabad,Sunrisers Hyderabad,Sunrisers Hyderabad,field,Kings XI Punjab,Punjab Kings,12,0,CJ Jordan
1216541,2021,2020-10-25,Indian Premier League,45,Sheikh Zayed Stadium,Sheikh Zayed Stadium,Abu Dhabi,Abu Dhabi,Mumbai Indians,Mumbai Indians,Rajasthan Royals,Rajasthan Royals,Mumbai Indians,Mumbai Indians,bat,Rajasthan Royals,Rajasthan Royals,0,8,BA Stokes
1216544,2021,2020-10-25,Indian Premier League,44,Dubai International Cricket Stadium,Dubai International Cricket Stadium,,,Royal Challengers Bangalore,Royal Challengers Bengaluru,Chennai Super Kings,Chennai Super Kings,Royal Challengers Bangalore,Royal Challengers Bengaluru,bat,Chennai Super Kings,Chennai Super Kings,0,8,RD Gaikwad
1216520,2021,2020-10-26,Indian Premier League,46,Sharjah Cricket Stadium,Sharjah Cricket Stadium,,,Kolkata Knight Riders,Kolkata Knight Riders,Kings XI Punjab,Punjab Kings,Kings XI Punjab,Punjab Kings,field,Kings XI Punjab,Punjab Kings,0,8,CH Gayle
1216524,2021,2020-10-27,Indian Premier League,47,Dubai International Cricket Stadium,Dubai International Cricket Stadium,,,Sunrisers Hyderabad,Sunrisers Hyderabad,Delhi Capitals,Delhi Capitals,Delhi Capitals,Delhi Capitals,field,Sunrisers Hyderabad,Sunrisers Hyderabad,88,0,WP Saha
1216499,2021,2020-10-28,Indian Premier League,48,Sheikh Zayed Stadium,Sheikh Zayed Stadium,Abu Dhabi,Abu Dhabi,Royal Challengers Bangalore,Royal Challengers Bengaluru,Mumbai Indians,Mumbai Indians,Mumbai Indians,Mumbai Indians,field,Mumbai Indians,Mumbai Indians,0,5,SA Yadav
1216536,2021,2020-10-29,Indian Premier League,49,Dubai International Cricket Stadium,Dubai International Cricket Stadium,,,Kolkata Knight Riders,Kolkata Knight Riders,Chennai Super Kings,Chennai Super Kings,Chennai Super Kings,Chennai Super Kings,field,Chennai Super Kings,Chennai Super Kings,0,6,RD Gaikwad
1216537,2021,2020-10-30,Indian Premier League,50,Sheikh Zayed Stadium,Sheikh Zayed Stadium,Abu Dhabi,Abu Dhabi,Kings XI Punjab,Punjab Kings,Rajasthan Royals,Rajasthan Royals,Rajasthan Royals,Rajasthan Royals,field,Rajasthan Royals,Rajasthan Royals,0,7,BA Stokes
1216502,2021,2020-10-31,Indian Premier League,52,Sharjah Cricket Stadium,Sharjah Cricket Stadium,,,Royal Challengers Bangalore,Royal Challengers Bengaluru,Sunrisers Hyderabad,Sunrisers Hyderabad,Sunrisers Hyderabad,Sunrisers Hyderabad,field,Sunrisers Hyderabad,Sunrisers Hyderabad,0,5,Sandeep Sharma
1216535,2021,2020-10-31,Indian Premier League,51,Dubai International Cricket Stadium,Dubai International Cricket Stadium,,,Delhi Capitals,Delhi Capitals,Mumbai Indians,Mumbai Indians,Mumbai Indians,Mumbai Indians,field,Mumbai Indians,Mumbai Indians,0,9,Ishan Kishan
1216506,2021,2020-11-01,Indian Premier League,53,Sheikh Zayed Stadium,Sheikh Zayed Stadium,Abu Dhabi,Abu Dhabi,Kings XI Punjab,Punjab Kings,Chennai Super Kings,Chennai Super Kings,Chennai Super Kings,Chennai Super Kings,field,Chennai Super Kings,Chennai Super Kings,0,9,RD Gaikwad
1216530,2021,2020-11-01,Indian Premier League,54,Dubai International Cricket Stadium,Dubai International Cricket Stadium,,,Kolkata Knight Riders,Kolkata Knight Riders,Rajasthan Royals,Rajasthan Royals,Rajasthan Royals,Rajasthan Royals,field,Kolkata Knight Riders,Kolkata Knight Riders,60,0,PJ Cummins
1216505,2021,2020-11-02,Indian Premier League,55,Sheikh Zayed Stadium,Sheikh Zayed Stadium,Abu Dhabi,Abu Dhabi,Royal Challengers Bangalore,Royal Challengers Bengaluru,Delhi Capitals,Delhi Capitals,Delhi Capitals,Delhi Capitals,field,Delhi Capitals,Delhi Capitals,0,6,A Nortje
1216495,2021,2020-11-03,Indian Premier League,56,Sharjah Cricket Stadium,Sharjah Cricket Stadium,,,Mumbai Indians,Mumbai Indians,Sunrisers Hyderabad,Sunrisers Hyderabad,Sunrisers Hyderabad,Sunrisers Hyderabad,field,Sunrisers Hyderabad,Sunrisers Hyderabad,0,10,S Nadeem
1237177,2021,2020-11-05,Indian Premier League,,Dubai International Cricket Stadium,Dubai International Cricket Stadium,,,Mumbai Indians,Mumbai Indians,Delhi Capitals,Delhi Capitals,Delhi Capitals,Delhi Capitals,field,Mumbai Indians,Mumbai Indians,57,0,JJ Bumrah
1237178,2021,2020-11-06,Indian Premier League,,Sheikh Zayed Stadium,Sheikh Zayed Stadium,Abu Dhabi,Abu Dhabi,Royal Challengers Bangalore,Royal Challengers Bengaluru,Sunrisers Hyderabad,Sunrisers Hyderabad,Sunrisers Hyderabad,Sunrisers Hyderabad,field,Sunrisers Hyderabad,Sunrisers Hyderabad,0,6,KS Williamson
1237180,2021,2020-11-08,Indian Premier League,,Sheikh Zayed Stadium,Sheikh Zayed Stadium,Abu Dhabi,Abu Dhabi,Delhi Capitals,Delhi Capitals,Sunrisers Hyderabad,Sunrisers Hyderabad,Delhi Capitals,Delhi Capitals,bat,Delhi Capitals,Delhi Capitals,17,0,MP Stoinis
1237181,2021,2020-11-10,Indian Premier League,,Dubai International Cricket Stadium,Dubai International Cricket Stadium,,,Delhi Capitals,Delhi Capitals,Mumbai Indians,Mumbai Indians,Delhi Capitals,Delhi Capitals,bat,Mumbai Indians,Mumbai Indians,0,5,TA Boult
1254058,2021,2021-04-09,Indian Premier League,1,"MA Chidambaram Stadium, Chepauk, Chennai",MA Chidambaram Stadium,Chennai,Chennai,Mumbai Indians,Mumbai Indians,Royal Challengers Bangalore,Royal Challengers Bengaluru,Royal Challengers Bangalore,Royal Challengers Bengaluru,field,Royal Challengers Bangalore,Royal Challengers Bengaluru,0,2,HV Patel
1254059,2021,2021-04-10,Indian Premier League,2,"Wankhede Stadium, Mumbai",Wankhede Stadium,Mumbai,Mumbai,Chennai Super Kings,Chennai Super Kings,Delhi Capitals,Delhi Capitals,Delhi Capitals,Delhi Capitals,field,Delhi Capitals,Delhi Capitals,0,7,S Dhawan
1254060,2021,2021-04-11,Indian Premier League,3,"MA Chidambaram Stadium, Chepauk, Chennai",MA Chidambaram Stadium,Chennai,Chennai,Kolkata Knight Riders,Kolkata Knight Riders,Sunrisers Hyderabad,Sunrisers Hyderabad,Sunrisers Hyderabad,Sunrisers Hyderabad,field,Kolkata Knight Riders,Kolkata Knight Riders,10,0,N Rana
1254061,2021,2021-04-12,Indian Premier League,4,"Wankhede Stadium, Mumbai",Wankhede Stadium,Mumbai,Mumbai,Punjab Kings,Punjab Kings,Rajasthan Royals,Rajasthan Royals,Rajasthan Royals,Rajasthan Royals,field,Punjab Kings,Punjab Kings,4,0,SV Samson
1254062,2021,2021-04-13,Indian Premier League,5,"MA Chidambaram Stadium, Chepauk, Chennai",MA Chidambaram Stadium,Chennai,Chennai,Mumbai Indians,Mumbai Indians,Kolkata Knight Riders,Kolkata Knight Riders,Kolkata Knight Riders,Kolkata Knight Riders,field,Mumbai Indians,Mumbai Indians,10,0,RD Chahar
1254063,2021,2021-04-14,Indian Premier League,6,"MA Chidambaram Stadium, Chepauk, Chennai",MA Chidambaram Stadium,Chennai,Chennai,Royal Challengers Bangalore,Royal Challengers Bengaluru,Sunrisers Hyderabad,Sunrisers Hyderabad,Sunrisers Hyderabad,Sunrisers Hyderabad,field,Royal Challengers Bangalore,Royal Challengers Bengaluru,6,0,GJ Maxwell
1254064,2021,2021-04-15,Indian Premier League,7,"Wankhede Stadium, Mumbai",Wankhede Stadium,Mumbai,Mumbai,Delhi Capitals,Delhi Capitals,Rajasthan Royals,Rajasthan Royals,Rajasthan Royals,Rajasthan Royals,field,Rajasthan Royals,Rajasthan Royals,0,3,JD Unadkat
1254065,2021,2021-04-16,Indian Premier League,8,"Wankhede Stadium, Mumbai",Wankhede Stadium,Mumbai,Mumbai,Punjab Kings,Punjab Kings,Chennai Super Kings,Chennai Super Kings,Chennai Super Kings,Chennai Super Kings,field,Chennai Super Kings,Chennai Super Kings,0,6,DL Chahar
1254066,2021,2021-04-17,Indian Premier League,9,"MA Chidambaram Stadium, Chepauk, Chennai",MA Chidambaram Stadium,Chennai,Chennai,Mumbai Indians,Mumbai Indians,Sunrisers Hyderabad,Sunrisers Hyderabad,Mumbai Indians,Mumbai Indians,bat,Mumbai Indians,Mumbai Indians,13,0,KA Pollard
1254067,2021,2021-04-18,Indian Premier League,10,"MA Chidambaram Stadium, Chepauk, Chennai",MA Chidambaram Stadium,Chennai,Chennai,Royal Challengers Bangalore,Royal Challengers Bengaluru,Kolkata Knight Riders,Kolkata Knight Riders,Royal Challengers Bangalore,Royal Challengers Bengaluru,bat,Royal Challengers Bangalore,Royal Challengers Bengaluru,38,0,AB de Villiers
1254068,2021,2021-04-18,Indian Premier League,11,"Wankhede Stadium, Mumbai",Wankhede Stadium,Mumbai,Mumbai,Punjab Kings,Punjab Kings,Delhi Capitals,Delhi Capitals,Delhi Capitals,Delhi Capitals,field,Delhi Capitals,Delhi Capitals,0,6,S Dhawan
1254069,2021,2021-04-19,Indian Premier League,12,"Wankhede Stadium, Mumbai",Wankhede Stadium,Mumbai,Mumbai,Chennai Super Kings,Chennai Super Kings,Rajasthan Royals,Rajasthan Royals,Rajasthan Royals,Rajasthan Royals,field,Chennai Super Kings,Chennai Super Kings,45,0,MM Ali
1254070,2021,2021-04-20,Indian Premier League,13,"MA Chidambaram Stadium, Chepauk, Chennai",MA Chidambaram Stadium,Chennai,Chennai,Mumbai Indians,Mumbai Indians,Delhi Capitals,Delhi Capitals,Mumbai Indians,Mumbai Indians,bat,Delhi Capitals,Delhi Capitals,0,6,A Mishra
1254071,2021,2021-04-21,Indian Premier League,14,"MA Chidambaram Stadium, Chepauk, Chennai",MA Chidambaram Stadium,Chennai,Chennai,Punjab Kings,Punjab Kings,Sunrisers Hyderabad,Sunrisers Hyderabad,Punjab Kings,Punjab Kings,bat,Sunrisers Hyderabad,Sunrisers Hyderabad,0,9,JM Bairstow
1254072,2021,2021-04-21,Indian Premier League,15,"Wankhede Stadium, Mumbai",Wankhede Stadium,Mumbai,Mumbai,Chennai Super Kings,Chennai Super Kings,Kolkata Knight Riders,Kolkata Knight Riders,Kolkata Knight Riders,Kolkata Knight Riders,field,Chennai Super Kings,Chennai Super Kings,18,0,F du Plessis
1254073,2021,2021-04-22,Indian Premier League,16,"Wankhede Stadium, Mumbai",Wankhede Stadium,Mumbai,Mumbai,Rajasthan Royals,Rajasthan Royals,Royal Challengers Bangalore,Royal Challengers Bengaluru,Royal Challengers Bangalore,Royal Challengers Bengaluru,field,Royal Challengers Bangalore,Royal Challengers Bengaluru,0,10,D Padikkal
1254074,2021,2021-04-23,Indian Premier League,17,"MA Chidambaram Stadium, Chepauk, Chennai",MA Chidambaram Stadium,Chennai,Chennai,Mumbai Indians,Mumbai Indians,Punjab Kings,Punjab Kings,Punjab Kings,Punjab Kings,field,Punjab Kings,Punjab Kings,0,9,KL Rahul
1254075,2021,2021-04-24,Indian Premier League,18,"Wankhede Stadium, Mumbai",Wankhede Stadium,Mumbai,Mumbai,Kolkata Knight Riders,Kolkata Knight Riders,Rajasthan Royals,Rajasthan Royals,Rajasthan Royals,Rajasthan Royals,field,Rajasthan Royals,Rajasthan Royals,0,6,CH Morris
1254076,2021,2021-04-25,Indian Premier League,19,"Wankhede Stadium, Mumbai",Wankhede Stadium,Mumbai,Mumbai,Chennai Super Kings,Chennai Super Kings,Royal Challengers Bangalore,Royal Challengers Bengaluru,Chennai Super Kings,Chennai Super Kings,bat,Chennai Super Kings,Chennai Super Kings,69,0,RA Jadeja
1254077,2021,2021-04-25,Indian Premier League,20,"MA Chidambaram Stadium, Chepauk, Chennai",MA Chidambaram Stadium,Chennai,Chennai,Delhi Capitals,Delhi Capitals,Sunrisers Hyderabad,Sunrisers Hyderabad,Delhi Capitals,Delhi Capitals,bat,,,0,0,PP Shaw
1254078,2021,2021-04-26,Indian Premier League,21,"Narendra Modi Stadium, Ahmedabad",Narendra Modi Stadium,Ahmedabad,Ahmedabad,Punjab Kings,Punjab Kings,Kolkata Knight Riders,Kolkata Knight Riders,Kolkata Knight Riders,Kolkata Knight Riders,field,Kolkata Knight Riders,Kolkata Knight Riders,0,5,EJG Morgan
1254079,2021,2021-04-27,Indian Premier League,22,"Narendra Modi Stadium, Ahmedabad",Narendra Modi Stadium,Ahmedabad,Ahmedabad,Royal Challengers Bangalore,Royal Challengers Bengaluru,Delhi Capitals,Delhi Capitals,Delhi Capitals,Delhi Capitals,field,Royal Challengers Bangalore,Royal Challengers Bengaluru,1,0,AB de Villiers
1254080,2021,2021-04-28,Indian Premier League,23,"Arun Jaitley Stadium, Delhi",Arun Jaitley Stadium,Delhi,Delhi,Sunrisers Hyderabad,Sunrisers Hyderabad,Chennai Super Kings,Chennai Super Kings,Sunrisers Hyderabad,Sunrisers Hyderabad,bat,Chennai Super Kings,Chennai Super Kings,0,7,RD Gaikwad
1254081,2021,2021-04-29,Indian Premier League,24,"Arun Jaitley Stadium, Delhi",Arun Jaitley Stadium,Delhi,Delhi,Rajasthan Royals,Rajasthan Royals,Mumbai Indians,Mumbai Indians,Mumbai Indians,Mumbai Indians,field,Mumbai Indians,Mumbai Indians,0,7,Q de Kock
1254082,2021,2021-04-29,Indian Premier League,25,"Narendra Modi Stadium, Ahmedabad",Narendra Modi Stadium,Ahmedabad,Ahmedabad,Kolkata Knight Riders,Kolkata Knight Riders,Delhi Capitals,Delhi Capitals,Delhi Capitals,Delhi Capitals,field,Delhi Capitals,Delhi Capitals,0,7,PP Shaw
1254083,2021,2021-04-30,Indian Premier League,26,"Narendra Modi Stadium, Ahmedabad",Narendra Modi Stadium,Ahmedabad,Ahmedabad,Punjab Kings,Punjab Kings,Royal Challengers Bangalore,Royal Challengers Bengaluru,Royal Challengers Bangalore,Royal Challengers Bengaluru,field,Punjab Kings,Punjab Kings,34,0,Harpreet Brar
1254084,2021,2021-05-01,Indian Premier League,27,"Arun Jaitley Stadium, Delhi",Arun Jaitley Stadium,Delhi,Delhi,Chennai Super Kings,Chennai Super Kings,Mumbai Indians,Mumbai Indians,Mumbai Indians,Mumbai Indians,field,Mumbai Indians,Mumbai Indians,0,4,KA Pollard
1254085,2021,2021-05-02,Indian Premier League,28,"Arun Jaitley Stadium, Delhi",Arun Jaitley Stadium,Delhi,Delhi,Rajasthan Royals,Rajasthan Royals,Sunrisers Hyderabad,Sunrisers Hyderabad,Sunrisers Hyderabad,Sunrisers Hyderabad,field,Rajasthan Royals,Rajasthan Royals,55,0,JC Buttler
1254086,2021,2021-05-02,Indian Premier League,29,"Narendra Modi Stadium, Ahmedabad",Narendra Modi Stadium,Ahmedabad,Ahmedabad,Punjab Kings,Punjab Kings,Delhi Capitals,Delhi Capitals,Delhi Capitals,Delhi Capitals,field,Delhi Capitals,Delhi Capitals,0,7,MA Agarwal
1254104,2021,2021-09-19,Indian Premier League,30,Dubai International Cricket Stadium,Dubai International Cricket Stadium,Dubai,Dubai,Chennai Super Kings,Chennai Super Kings,Mumbai Indians,Mumbai Indians,Chennai Super Kings,Chennai Super Kings,bat,Chennai Super Kings,Chennai Super Kings,20,0,RD Gaikwad
1254087,2021,2021-09-20,Indian Premier League,31,"Zayed Cricket Stadium, Abu Dhabi","Zayed Cricket Stadium, Abu Dhabi",Abu Dhabi,Abu Dhabi,Royal Challengers Bangalore,Royal Challengers Bengaluru,Kolkata Knight Riders,Kolkata Knight Riders,Royal Challengers Bangalore,Royal Challengers Bengaluru,bat,Kolkata Knight Riders,Kolkata Knight Riders,0,9,CV Varun
1254111,2021,2021-09-21,Indian Premier League,32,Dubai International Cricket Stadium,Dubai International Cricket Stadium,Dubai,Dubai,Rajasthan Royals,Rajasthan Royals,Punjab Kings,Punjab Kings,Punjab Kings,Punjab Kings,field,Rajasthan Royals,Rajasthan Royals,2,0,Kartik Tyagi
1254105,2021,2021-09-22,Indian Premier League,33,Dubai International Cricket Stadium,Dubai International Cricket Stadium,Dubai,Dubai,Sunrisers Hyderabad,Sunrisers Hyderabad,Delhi Capitals,Delhi Capitals,Sunrisers Hyderabad,Sunrisers Hyderabad,bat,Delhi Capitals,Delhi Capitals,0,8,A Nortje
1254096,2021,2021-09-23,Indian Premier League,34,"Zayed Cricket Stadium, Abu Dhabi","Zayed Cricket Stadium, Abu Dhabi",Abu Dhabi,Abu Dhabi,Mumbai Indians,Mumbai Indians,Kolkata Knight Riders,Kolkata Knight Riders,Kolkata Knight Riders,Kolkata Knight Riders,field,Kolkata Knight Riders,Kolkata Knight Riders,0,7,SP Narine
1254113,2021,2021-09-24,Indian Premier League,35,Sharjah Cricket Stadium,Sharjah Cricket Stadium,Sharjah,Sharjah,Royal Challengers Bangalore,Royal Challengers Bengaluru,Chennai Super Kings,Chennai Super Kings,Chennai Super Kings,Chennai Super Kings,field,Chennai Super Kings,Chennai Super Kings,0,6,DJ Bravo
1254097,2021,2021-09-25,Indian Premier League,36,"Zayed Cricket Stadium, Abu Dhabi","Zayed Cricket Stadium, Abu Dhabi",Abu Dhabi,Abu Dhabi,Delhi Capitals,Delhi Capitals,Rajasthan Royals,Rajasthan Royals,Rajasthan Royals,Rajasthan Royals,field,Delhi Capitals,Delhi Capitals,33,0,SS Iyer
1254107,2021,2021-09-25,Indian Premier League,37,Sharjah Cricket Stadium,Sharjah Cricket Stadium,Sharjah,Sharjah,Punjab Kings,Punjab Kings,Sunrisers Hyderabad,Sunrisers Hyderabad,Sunrisers Hyderabad,Sunrisers Hyderabad,field,Punjab Kings,Punjab Kings,5,0,JO Holder
1254098,2021,2021-09-26,Indian Premier League,38,"Zayed Cricket Stadium, Abu Dhabi","Zayed Cricket Stadium, Abu Dhabi",Abu Dhabi,Abu Dhabi,Kolkata Knight Riders,Kolkata Knight Riders,Chennai Super Kings,Chennai Super Kings,Kolkata Knight Riders,Kolkata Knight Riders,bat,Chennai Super Kings,Chennai Super Kings,0,2,RA Jadeja
1254108,2021,2021-09-26,Indian Premier League,39,Dubai International Cricket Stadium,Dubai International Cricket Stadium,Dubai,Dubai,Royal Challengers Bangalore,Royal Challengers Bengaluru,Mumbai Indians,Mumbai Indians,Mumbai Indians,Mumbai Indians,field,Royal Challengers Bangalore,Royal Challengers Bengaluru,54,0,GJ Maxwell
1254100,2021,2021-09-27,Indian Premier League,40,Dubai International Cricket Stadium,Dubai International Cricket Stadium,Dubai,Dubai,Rajasthan Royals,Rajasthan Royals,Sunrisers Hyderabad,Sunrisers Hyderabad,Rajasthan Royals,Rajasthan Royals,bat,Sunrisers Hyderabad,Sunrisers Hyderabad,0,7,JJ Roy
1254092,2021,2021-09-28,Indian Premier League,41,Sharjah Cricket Stadium,Sharjah Cricket Stadium,Sharjah,Sharjah,Delhi Capitals,Delhi Capitals,Kolkata Knight Riders,Kolkata Knight Riders,Kolkata Knight Riders,Kolkata Knight Riders,field,Kolkata Knight Riders,Kolkata Knight Riders,0,3,SP Narine
1254099,2021,2021-09-28,Indian Premier League,42,"Zayed Cricket Stadium, Abu Dhabi","Zayed Cricket Stadium, Abu Dhabi",Abu Dhabi,Abu Dhabi,Punjab Kings,Punjab Kings,Mumbai Indians,Mumbai Indians,Mumbai Indians,Mumbai Indians,field,Mumbai Indians,Mumbai Indians,0,6,KA Pollard
1254103,2021,2021-09-29,Indian Premier League,43,Dubai International Cricket Stadium,Dubai International Cricket Stadium,Dubai,Dubai,Rajasthan Royals,Rajasthan Royals,Royal Challengers Bangalore,Royal Challengers Bengaluru,Royal Challengers Bangalore,Royal Challengers Bengaluru,field,Royal Challengers Bangalore,Royal Challengers Bengaluru,0,7,YS Chahal
1254091,2021,2021-09-30,Indian Premier League,44,Sharjah Cricket Stadium,Sharjah Cricket Stadium,Sharjah,Sharjah,Sunrisers Hyderabad,Sunrisers Hyderabad,Chennai Super Kings,Chennai Super Kings,Chennai Super Kings,Chennai Super Kings,field,Chennai Super Kings,Chennai Super Kings,0,6,JR Hazlewood
1254102,2021,2021-10-01,Indian Premier League,45,Dubai International Cricket Stadium,Dubai International Cricket Stadium,Dubai,Dubai,Kolkata Knight Riders,Kolkata Knight Riders,Punjab Kings,Punjab Kings,Punjab Kings,Punjab Kings,field,Punjab Kings,Punjab Kings,0,5,KL Rahul
1254089,2021,2021-10-02,Indian Premier League,47,"Zayed Cricket Stadium, Abu Dhabi","Zayed Cricket Stadium, Abu Dhabi",Abu Dhabi,Abu Dhabi,Chennai Super Kings,Chennai Super Kings,Rajasthan Royals,Rajasthan Royals,Rajasthan Royals,Rajasthan Royals,field,Rajasthan Royals,Rajasthan Royals,0,7,RD Gaikwad
1254112,2021,2021-10-02,Indian Premier League,46,Sharjah Cricket Stadium,Sharjah Cricket Stadium,Sharjah,Sharjah,Mumbai Indians,Mumbai Indians,Delhi Capitals,Delhi Capitals,Delhi Capitals,Delhi Capitals,field,Delhi Capitals,Delhi Capitals,0,4,AR Patel
1254090,2021,2021-10-03,Indian Premier League,48,Sharjah Cricket Stadium,Sharjah Cricket Stadium,Sharjah,Sharjah,Royal Challengers Bangalore,Royal Challengers Bengaluru,Punjab Kings,Punjab Kings,Royal Challengers Bangalore,Royal Challengers Bengaluru,bat,Royal Challengers Bangalore,Royal Challengers Bengaluru,6,0,GJ Maxwell
1254109,2021,2021-10-03,Indian Premier League,49,Dubai International Cricket Stadium,Dubai International Cricket Stadium,Dubai,Dubai,Sunrisers Hyderabad,Sunrisers Hyderabad,Kolkata Knight Riders,Kolkata Knight Riders,Sunrisers Hyderabad,Sunrisers Hyderabad,bat,Kolkata Knight Riders,Kolkata Knight Riders,0,6,Shubman Gill
1254110,2021,2021-10-04,Indian Premier League,50,Dubai International Cricket Stadium,Dubai International Cricket Stadium,Dubai,Dubai,Chennai Super Kings,Chennai Super Kings,Delhi Capitals,Delhi Capitals,Delhi Capitals,Delhi Capitals,field,Delhi Capitals,Delhi Capitals,0,3,AR Patel
1254093,2021,2021-10-05,Indian Premier League,51,Sharjah Cricket Stadium,Sharjah Cricket Stadium,Sharjah,Sharjah,Rajasthan Royals,Rajasthan Royals,Mumbai Indians,Mumbai Indians,Mumbai Indians,Mumbai Indians,field,Mumbai Indians,Mumbai Indians,0,8,NM Coulter-Nile
1254095,2021,2021-10-06,Indian Premier League,52,"Zayed Cricket Stadium, Abu Dhabi","Zayed Cricket Stadium, Abu Dhabi",Abu Dhabi,Abu Dhabi,Sunrisers Hyderabad,Sunrisers Hyderabad,Royal Challengers Bangalore,Royal Challengers Bengaluru,Royal Challengers Bangalore,Royal Challengers Bengaluru,field,Sunrisers Hyderabad,Sunrisers Hyderabad,4,0,KS Williamson
1254094,2021,2021-10-07,Indian Premier League,53,Dubai International Cricket Stadium,Dubai International Cricket Stadium,Dubai,Dubai,Chennai Super Kings,Chennai Super Kings,Punjab Kings,Punjab Kings,Punjab Kings,Punjab Kings,field,Punjab Kings,Punjab Kings,0,6,KL Rahul
1254106,2021,2021-10-07,Indian Premier League,54,Sharjah Cricket Stadium,Sharjah Cricket Stadium,Sharjah,Sharjah,Kolkata Knight Riders,Kolkata Knight Riders,Rajasthan Royals,Rajasthan Royals,Rajasthan Royals,Rajasthan Royals,field,Kolkata Knight Riders,Kolkata Knight Riders,86,0,Shivam Mavi
1254088,2021,2021-10-08,Indian Premier League,55,"Zayed Cricket Stadium, Abu Dhabi","Zayed Cricket Stadium, Abu Dhabi",Abu Dhabi,Abu Dhabi,Mumbai Indians,Mumbai Indians,Sunrisers Hyderabad,Sunrisers Hyderabad,Mumbai Indians,Mumbai Indians,bat,Mumbai Indians,Mumbai Indians,42,0,Ishan Kishan
1254101,2021,2021-10-08,Indian Premier League,56,Dubai International Cricket Stadium,Dubai International Cricket Stadium,Dubai,Dubai,Delhi Capitals,Delhi Capitals,Royal Challengers Bangalore,Royal Challengers Bengaluru,Royal Challengers Bangalore,Royal Challengers Bengaluru,field,Royal Challengers Bangalore,Royal Challengers Bengaluru,0,7,KS Bharat
1254114,2021,2021-10-10,Indian Premier League,,Dubai International Cricket Stadium,Dubai International Cricket Stadium,Dubai,Dubai,Delhi Capitals,Delhi Capitals,Chennai Super Kings,Chennai Super Kings,Chennai Super Kings,Chennai Super Kings,field,Chennai Super Kings,Chennai Super Kings,0,4,RD Gaikwad
1254115,2021,2021-10-11,Indian Premier League,,Sharjah Cricket Stadium,Sharjah Cricket Stadium,Sharjah,Sharjah,Royal Challengers Bangalore,Royal Challengers Bengaluru,Kolkata Knight Riders,Kolkata Knight Riders,Royal Challengers Bangalore,Royal Challengers Bengaluru,bat,Kolkata Knight Riders,Kolkata Knight Riders,0,4,SP Narine
1254116,2021,2021-10-13,Indian Premier League,,Sharjah Cricket Stadium,Sharjah Cricket Stadium,Sharjah,Sharjah,Delhi Capitals,Delhi Capitals,Kolkata Knight Riders,Kolkata Knight Riders,Kolkata Knight Riders,Kolkata Knight Riders,field,Kolkata Knight Riders,Kolkata Knight Riders,0,3,VR Iyer
1254117,2021,2021-10-15,Indian Premier League,,Dubai International Cricket Stadium,Dubai International Cricket Stadium,Dubai,Dubai,Chennai Super Kings,Chennai Super Kings,Kolkata Knight Riders,Kolkata Knight Riders,Kolkata Knight Riders,Kolkata Knight Riders,field,Chennai Super Kings,Chennai Super Kings,27,0,F du Plessis
1304047,2022,2022-03-26,Indian Premier League,1,"Wankhede Stadium, Mumbai",Wankhede Stadium,Mumbai,Mumbai,Chennai Super Kings,Chennai Super Kings,Kolkata Knight Riders,Kolkata Knight Riders,Kolkata Knight Riders,Kolkata Knight Riders,field,Kolkata Knight Riders,Kolkata Knight Riders,0,6,UT Yadav
1304048,2022,2022-03-27,Indian Premier League,2,"Brabourne Stadium, Mumbai",Brabourne Stadium,Mumbai,Mumbai,Mumbai Indians,Mumbai Indians,Delhi Capitals,Delhi Capitals,Delhi Capitals,Delhi Capitals,field,Delhi Capitals,Delhi Capitals,0,4,Kuldeep Yadav
1304049,2022,2022-03-27,Indian Premier League,3,"Dr DY Patil Sports Academy, Mumbai","Dr DY Patil Sports Academy, Mumbai",Mumbai,Mumbai,Royal Challengers Bangalore,Royal Challengers Bengaluru,Punjab Kings,Punjab Kings,Punjab Kings,Punjab Kings,field,Punjab Kings,Punjab Kings,0,5,OF Smith
1304050,2022,2022-03-28,Indian Premier League,4,"Wankhede Stadium, Mumbai",Wankhede Stadium,Mumbai,Mumbai,Lucknow Super Giants,Lucknow Super Giants,Gujarat Titans,Gujarat Titans,Gujarat Titans,Gujarat Titans,field,Gujarat Titans,Gujarat Titans,0,5,Mohammed Shami
1304051,2022,2022-03-29,Indian Premier League,5,"Maharashtra Cricket Association Stadium, Pune",Maharashtra Cricket Association Stadium,Pune,Pune,Rajasthan Royals,Rajasthan Royals,Sunrisers Hyderabad,Sunrisers Hyderabad,Sunrisers Hyderabad,Sunrisers Hyderabad,field,Rajasthan Royals,Rajasthan Royals,61,0,SV Samson
1304052,2022,2022-03-30,Indian Premier League,6,"Dr DY Patil Sports Academy, Mumbai","Dr DY Patil Sports Academy, Mumbai",Mumbai,Mumbai,Kolkata Knight Riders,Kolkata Knight Riders,Royal Challengers Bangalore,Royal Challengers Bengaluru,Royal Challengers Bangalore,Royal Challengers Bengaluru,field,Royal Challengers Bangalore,Royal Challengers Bengaluru,0,3,PWH de Silva
1304053,2022,2022-03-31,Indian Premier League,7,"Brabourne Stadium, Mumbai",Brabourne Stadium,Mumbai,Mumbai,Chennai Super Kings,Chennai Super Kings,Lucknow Super Giants,Lucknow Super Giants,Lucknow Super Giants,Lucknow Super Giants,field,Lucknow Super Giants,Lucknow Super Giants,0,6,E Lewis
1304054,2022,2022-04-01,Indian Premier League,8,"Wankhede Stadium, Mumbai",Wankhede Stadium,Mumbai,Mumbai,Punjab Kings,Punjab Kings,Kolkata Knight Riders,Kolkata Knight Riders,Kolkata Knight Riders,Kolkata Knight Riders,field,Kolkata Knight Riders,Kolkata Knight Riders,0,6,UT Yadav
1304055,2022,2022-04-02,Indian Premier League,9,"Dr DY Patil Sports Academy, Mumbai","Dr DY Patil Sports Academy, Mumbai",Mumbai,Mumbai,Rajasthan Royals,Rajasthan Royals,Mumbai Indians,Mumbai Indians,Mumbai Indians,Mumbai Indians,field,Rajasthan Royals,Rajasthan Royals,23,0,JC Buttler
1304056,2022,2022-04-02,Indian Premier League,10,"Maharashtra Cricket Association Stadium, Pune",Maharashtra Cricket Association Stadium,Pune,Pune,Gujarat Titans,Gujarat Titans,Delhi Capitals,Delhi Capitals,Delhi Capitals,Delhi Capitals,field,Gujarat Titans,Gujarat Titans,14,0,LH Ferguson
1304057,2022,2022-04-03,Indian Premier League,11,"Brabourne Stadium, Mumbai",Brabourne Stadium,Mumbai,Mumbai,Punjab Kings,Punjab Kings,Chennai Super Kings,Chennai Super Kings,Chennai Super Kings,Chennai Super Kings,field,Punjab Kings,Punjab Kings,54,0,LS Livingstone
1304058,2022,2022-04-04,Indian Premier League,12,"Dr DY Patil Sports Academy, Mumbai","Dr DY Patil Sports Academy, Mumbai",Mumbai,Mumbai,Lucknow Super Giants,Lucknow Super Giants,Sunrisers Hyderabad,Sunrisers Hyderabad,Sunrisers Hyderabad,Sunrisers Hyderabad,field,Lucknow Super Giants,Lucknow Super Giants,12,0,Avesh Khan
1304059,2022,2022-04-05,Indian Premier League,13,"Wankhede Stadium, Mumbai",Wankhede Stadium,Mumbai,Mumbai,Rajasthan Royals,Rajasthan Royals,Royal Challengers Bangalore,Royal Challengers Bengaluru,Royal Challengers Bangalore,Royal Challengers Bengaluru,field,Royal Challengers Bangalore,Royal Challengers Bengaluru,0,4,KD Karthik
1304060,2022,2022-04-06,Indian Premier League,14,"Maharashtra Cricket Association Stadium, Pune",Maharashtra Cricket Association Stadium,Pune,Pune,Mumbai Indians,Mumbai Indians,Kolkata Knight Riders,Kolkata Knight Riders,Kolkata Knight Riders,Kolkata Knight Riders,field,Kolkata Knight Riders,Kolkata Knight Riders,0,5,PJ Cummins
1304061,2022,2022-04-07,Indian Premier League,15,"Dr DY Patil Sports Academy, Mumbai","Dr DY Patil Sports Academy, Mumbai",Mumbai,Mumbai,Delhi Capitals,Delhi Capitals,Lucknow Super Giants,Lucknow Super Giants,Lucknow Super Giants,Lucknow Super Giants,field,Lucknow Super Giants,Lucknow Super Giants,0,6,Q de Kock
1304062,2022,2022-04-08,Indian Premier League,16,"Brabourne Stadium, Mumbai",Brabourne Stadium,Mumbai,Mumbai,Punjab Kings,Punjab Kings,Gujarat Titans,Gujarat Titans,Gujarat Titans,Gujarat Titans,field,Gujarat Titans,Gujarat Titans,0,6,Shubman Gill
1304063,2022,2022-04-09,Indian Premier League,17,"Dr DY Patil Sports Academy, Mumbai","Dr DY Patil Sports Academy, Mumbai",Mumbai,Mumbai,Chennai Super Kings,Chennai Super Kings,Sunrisers Hyderabad,Sunrisers Hyderabad,Sunrisers Hyderabad,Sunrisers Hyderabad,field,Sunrisers Hyderabad,Sunrisers Hyderabad,0,8,Abhishek Sharma
1304064,2022,2022-04-09,Indian Premier League,18,"Maharashtra Cricket Association Stadium, Pune",Maharashtra Cricket Association Stadium,Pune,Pune,Mumbai Indians,Mumbai Indians,Royal Challengers Bangalore,Royal Challengers Bengaluru,Royal Challengers Bangalore,Royal Challengers Bengaluru,field,Royal Challengers Bangalore,Royal Challengers Bengaluru,0,7,Anuj Rawat
1304065,2022,2022-04-10,Indian Premier League,19,"Brabourne Stadium, Mumbai",Brabourne Stadium,Mumbai,Mumbai,Delhi Capitals,Delhi Capitals,Kolkata Knight Riders,Kolkata Knight Riders,Kolkata Knight Riders,Kolkata Knight Riders,field,Delhi Capitals,Delhi Capitals,44,0,Kuldeep Yadav
1304066,2022,2022-04-10,Indian Premier League,20,"Wankhede Stadium, Mumbai",Wankhede Stadium,Mumbai,Mumbai,Rajasthan Royals,Rajasthan Royals,Lucknow Super Giants,Lucknow Super Giants,Lucknow Super Giants,Lucknow Super Giants,field,Rajasthan Royals,Rajasthan Royals,3,0,YS Chahal
1304067,2022,2022-04-11,Indian Premier League,21,"Dr DY Patil Sports Academy, Mumbai","Dr DY Patil Sports Academy, Mumbai",Mumbai,Mumbai,Gujarat Titans,Gujarat Titans,Sunrisers Hyderabad,Sunrisers Hyderabad,Sunrisers Hyderabad,Sunrisers Hyderabad,field,Sunrisers Hyderabad,Sunrisers Hyderabad,0,8,KS Williamson
1304068,2022,2022-04-12,Indian Premier League,22,"Dr DY Patil Sports Academy, Mumbai","Dr DY Patil Sports Academy, Mumbai",Mumbai,Mumbai,Chennai Super Kings,Chennai Super Kings,Royal Challengers Bangalore,Royal Challengers Bengaluru,Royal Challengers Bangalore,Royal Challengers Bengaluru,field,Chennai Super Kings,Chennai Super Kings,23,0,S Dube
1304069,2022,2022-04-13,Indian Premier League,23,"Maharashtra Cricket Association Stadium, Pune",Maharashtra Cricket Association Stadium,Pune,Pune,Punjab Kings,Punjab Kings,Mumbai Indians,Mumbai Indians,Mumbai Indians,Mumbai Indians,field,Punjab Kings,Punjab Kings,12,0,MA Agarwal
1304070,2022,2022-04-14,Indian Premier League,24,"Dr DY Patil Sports Academy, Mumbai","Dr DY Patil Sports Academy, Mumbai",Mumbai,Mumbai,Gujarat Titans,Gujarat Titans,Rajasthan Royals,Rajasthan Royals,Rajasthan Royals,Rajasthan Royals,field,Gujarat Titans,Gujarat Titans,37,0,HH Pandya
1304071,2022,2022-04-15,Indian Premier League,25,"Brabourne Stadium, Mumbai",Brabourne Stadium,Mumbai,Mumbai,Kolkata Knight Riders,Kolkata Knight Riders,Sunrisers Hyderabad,Sunrisers Hyderabad,Sunrisers Hyderabad,Sunrisers Hyderabad,field,Sunrisers Hyderabad,Sunrisers Hyderabad,0,7,RA Tripathi
1304072,2022,2022-04-16,Indian Premier League,26,"Brabourne Stadium, Mumbai",Brabourne Stadium,Mumbai,Mumbai,Lucknow Super Giants,Lucknow Super Giants,Mumbai Indians,Mumbai Indians,Mumbai Indians,Mumbai Indians,field,Lucknow Super Giants,Lucknow Super Giants,18,0,KL Rahul
1304073,2022,2022-04-16,Indian Premier League,27,"Wankhede Stadium, Mumbai",Wankhede Stadium,Mumbai,Mumbai,Royal Challengers Bangalore,Royal Challengers Bengaluru,Delhi Capitals,Delhi Capitals,Delhi Capitals,Delhi Capitals,field,Royal Challengers Bangalore,Royal Challengers Bengaluru,16,0,KD Karthik
1304074,2022,2022-04-17,Indian Premier League,28,"Dr DY Patil Sports Academy, Mumbai","Dr DY Patil Sports Academy, Mumbai",Mumbai,Mumbai,Punjab Kings,Punjab Kings,Sunrisers Hyderabad,Sunrisers Hyderabad,Sunrisers Hyderabad,Sunrisers Hyderabad,field,Sunrisers Hyderabad,Sunrisers Hyderabad,0,7,Umran Malik
1304075,2022,2022-04-17,Indian Premier League,29,"Maharashtra Cricket Association Stadium, Pune",Maharashtra Cricket Association Stadium,Pune,Pune,Chennai Super Kings,Chennai Super Kings,Gujarat Titans,Gujarat Titans,Gujarat Titans,Gujarat Titans,field,Gujarat Titans,Gujarat Titans,0,3,DA Miller
1304076,2022,2022-04-18,Indian Premier League,30,"Brabourne Stadium, Mumbai",Brabourne Stadium,Mumbai,Mumbai,Rajasthan Royals,Rajasthan Royals,Kolkata Knight Riders,Kolkata Knight Riders,Kolkata Knight Riders,Kolkata Knight Riders,field,Rajasthan Royals,Rajasthan Royals,7,0,YS Chahal
1304077,2022,2022-04-19,Indian Premier League,31,"Dr DY Patil Sports Academy, Mumbai","Dr DY Patil Sports Academy, Mumbai",Mumbai,Mumbai,Royal Challengers Bangalore,Royal Challengers Bengaluru,Lucknow Super Giants,Lucknow Super Giants,Lucknow Super Giants,Lucknow Super Giants,field,Royal Challengers Bangalore,Royal Challengers Bengaluru,18,0,F du Plessis
1304078,2022,2022-04-20,Indian Premier League,32,"Brabourne Stadium, Mumbai",Brabourne Stadium,Mumbai,Mumbai,Punjab Kings,Punjab Kings,Delhi Capitals,Delhi Capitals,Delhi Capitals,Delhi Capitals,field,Delhi Capitals,Delhi Capitals,0,9,Kuldeep Yadav
1304079,2022,2022-04-21,Indian Premier League,33,"Dr DY Patil Sports Academy, Mumbai","Dr DY Patil Sports Academy, Mumbai",Navi Mumbai,Navi Mumbai,Mumbai Indians,Mumbai Indians,Chennai Super Kings,Chennai Super Kings,Chennai Super Kings,Chennai Super Kings,field,Chennai Super Kings,Chennai Super Kings,0,3,Mukesh Choudhary
1304080,2022,2022-04-22,Indian Premier League,34,"Wankhede Stadium, Mumbai",Wankhede Stadium,Mumbai,Mumbai,Rajasthan Royals,Rajasthan Royals,Delhi Capitals,Delhi Capitals,Delhi Capitals,Delhi Capitals,field,Rajasthan Royals,Rajasthan Royals,15,0,JC Buttler
1304081,2022,2022-04-23,Indian Premier League,35,"Dr DY Patil Sports Academy, Mumbai","Dr DY Patil Sports Academy, Mumbai",Navi Mumbai,Navi Mumbai,Gujarat Titans,Gujarat Titans,Kolkata Knight Riders,Kolkata Knight Riders,Gujarat Titans,Gujarat Titans,bat,Gujarat Titans,Gujarat Titans,8,0,Rashid Khan
1304082,2022,2022-04-23,Indian Premier League,36,"Brabourne Stadium, Mumbai",Brabourne Stadium,Mumbai,Mumbai,Royal Challengers Bangalore,Royal Challengers Bengaluru,Sunrisers Hyderabad,Sunrisers Hyderabad,Sunrisers Hyderabad,Sunrisers Hyderabad,field,Sunrisers Hyderabad,Sunrisers Hyderabad,0,9,M Jansen
1304083,2022,2022-04-24,Indian Premier League,37,"Wankhede Stadium, Mumbai",Wankhede Stadium,Mumbai,Mumbai,Lucknow Super Giants,Lucknow Super Giants,Mumbai Indians,Mumbai Indians,Mumbai Indians,Mumbai Indians,field,Lucknow Super Giants,Lucknow Super Giants,36,0,KL Rahul
1304084,2022,2022-04-25,Indian Premier League,38,"Wankhede Stadium, Mumbai",Wankhede Stadium,Mumbai,Mumbai,Punjab Kings,Punjab Kings,Chennai Super Kings,Chennai Super Kings,Chennai Super Kings,Chennai Super Kings,field,Punjab Kings,Punjab Kings,11,0,S Dhawan
1304085,2022,2022-04-26,Indian Premier League,39,"Maharashtra Cricket Association Stadium, Pune",Maharashtra Cricket Association Stadium,Pune,Pune,Rajasthan Royals,Rajasthan Royals,Royal Challengers Bangalore,Royal Challengers Bengaluru,Royal Challengers Bangalore,Royal Challengers Bengaluru,field,Rajasthan Royals,Rajasthan Royals,29,0,R Parag
1304086,2022,2022-04-27,Indian Premier League,40,"Wankhede Stadium, Mumbai",Wankhede Stadium,Mumbai,Mumbai,Sunrisers Hyderabad,Sunrisers Hyderabad,Gujarat Titans,Gujarat Titans,Gujarat Titans,Gujarat Titans,field,Gujarat Titans,Gujarat Titans,0,5,Umran Malik
1304087,2022,2022-04-28,Indian Premier League,41,"Wankhede Stadium, Mumbai",Wankhede Stadium,Mumbai,Mumbai,Kolkata Knight Riders,Kolkata Knight Riders,Delhi Capitals,Delhi Capitals,Delhi Capitals,Delhi Capitals,field,Delhi Capitals,Delhi Capitals,0,4,Kuldeep Yadav
1304088,2022,2022-04-29,Indian Premier League,42,"Maharashtra Cricket Association Stadium, Pune",Maharashtra Cricket Association Stadium,Pune,Pune,Lucknow Super Giants,Lucknow Super Giants,Punjab Kings,Punjab Kings,Punjab Kings,Punjab Kings,field,Lucknow Super Giants,Lucknow Super Giants,20,0,KH Pandya
1304089,2022,2022-04-30,Indian Premier League,43,"Brabourne Stadium, Mumbai",Brabourne Stadium,Mumbai,Mumbai,Royal Challengers Bangalore,Royal Challengers Bengaluru,Gujarat Titans,Gujarat Titans,Royal Challengers Bangalore,Royal Challengers Bengaluru,bat,Gujarat Titans,Gujarat Titans,0,6,R Tewatia
1304090,2022,2022-04-30,Indian Premier League,44,"Dr DY Patil Sports Academy, Mumbai","Dr DY Patil Sports Academy, Mumbai",Navi Mumbai,Navi Mumbai,Rajasthan Royals,Rajasthan Royals,Mumbai Indians,Mumbai Indians,Mumbai Indians,Mumbai Indians,field,Mumbai Indians,Mumbai Indians,0,5,SA Yadav
1304091,2022,2022-05-01,Indian Premier League,45,"Wankhede Stadium, Mumbai",Wankhede Stadium,Mumbai,Mumbai,Lucknow Super Giants,Lucknow Super Giants,Delhi Capitals,Delhi Capitals,Lucknow Super Giants,Lucknow Super Giants,bat,Lucknow Super Giants,Lucknow Super Giants,6,0,Mohsin Khan
1304092,2022,2022-05-01,Indian Premier League,46,"Maharashtra Cricket Association Stadium, Pune",Maharashtra Cricket Association Stadium,Pune,Pune,Chennai Super Kings,Chennai Super Kings,Sunrisers Hyderabad,Sunrisers Hyderabad,Sunrisers Hyderabad,Sunrisers Hyderabad,field,Chennai Super Kings,Chennai Super Kings,13,0,RD Gaikwad
1304093,2022,2022-05-02,Indian Premier League,47,"Wankhede Stadium, Mumbai",Wankhede Stadium,Mumbai,Mumbai,Rajasthan Royals,Rajasthan Royals,Kolkata Knight Riders,Kolkata Knight Riders,Kolkata Knight Riders,Kolkata Knight Riders,field,Kolkata Knight Riders,Kolkata Knight Riders,0,7,RK Singh
1304094,2022,2022-05-03,Indian Premier League,48,"Dr DY Patil Sports Academy, Mumbai","Dr DY Patil Sports Academy, Mumbai",Navi Mumbai,Navi Mumbai,Gujarat Titans,Gujarat Titans,Punjab Kings,Punjab Kings,Gujarat Titans,Gujarat Titans,bat,Punjab Kings,Punjab Kings,0,8,K Rabada
1304095,2022,2022-05-04,Indian Premier League,49,"Maharashtra Cricket Association Stadium, Pune",Maharashtra Cricket Association Stadium,Pune,Pune,Royal Challengers Bangalore,Royal Challengers Bengaluru,Chennai Super Kings,Chennai Super Kings,Chennai Super Kings,Chennai Super Kings,field,Royal Challengers Bangalore,Royal Challengers Bengaluru,13,0,HV Patel
1304096,2022,2022-05-05,Indian Premier League,50,"Brabourne Stadium, Mumbai",Brabourne Stadium,Mumbai,Mumbai,Delhi Capitals,Delhi Capitals,Sunrisers Hyderabad,Sunrisers Hyderabad,Sunrisers Hyderabad,Sunrisers Hyderabad,field,Delhi Capitals,Delhi Capitals,21,0,DA Warner
1304097,2022,2022-05-06,Indian Premier League,51,"Brabourne Stadium, Mumbai",Brabourne Stadium,Mumbai,Mumbai,Mumbai Indians,Mumbai Indians,Gujarat Titans,Gujarat Titans,Gujarat Titans,Gujarat Titans,field,Mumbai Indians,Mumbai Indians,5,0,TH David
1304098,2022,2022-05-07,Indian Premier League,52,"Wankhede Stadium, Mumbai",Wankhede Stadium,Mumbai,Mumbai,Punjab Kings,Punjab Kings,Rajasthan Royals,Rajasthan Royals,Punjab Kings,Punjab Kings,bat,Rajasthan Royals,Rajasthan Royals,0,6,YBK Jaiswal
1304099,2022,2022-05-07,Indian Premier League,53,"Maharashtra Cricket Association Stadium, Pune",Maharashtra Cricket Association Stadium,Pune,Pune,Lucknow Super Giants,Lucknow Super Giants,Kolkata Knight Riders,Kolkata Knight Riders,Kolkata Knight Riders,Kolkata Knight Riders,field,Lucknow Super Giants,Lucknow Super Giants,75,0,Avesh Khan
1304100,2022,2022-05-08,Indian Premier League,54,"Wankhede Stadium, Mumbai",Wankhede Stadium,Mumbai,Mumbai,Royal Challengers Bangalore,Royal Challengers Bengaluru,Sunrisers Hyderabad,Sunrisers Hyderabad,Royal Challengers Bangalore,Royal Challengers Bengaluru,bat,Royal Challengers Bangalore,Royal Challengers Bengaluru,67,0,PWH de Silva
1304101,2022,2022-05-08,Indian Premier League,55,"Dr DY Patil Sports Academy, Mumbai","Dr DY Patil Sports Academy, Mumbai",Navi Mumbai,Navi Mumbai,Chennai Super Kings,Chennai Super Kings,Delhi Capitals,Delhi Capitals,Delhi Capitals,Delhi Capitals,field,Chennai Super Kings,Chennai Super Kings,91,0,DP Conway
1304102,2022,2022-05-09,Indian Premier League,56,"Dr DY Patil Sports Academy, Mumbai","Dr DY Patil Sports Academy, Mumbai",Navi Mumbai,Navi Mumbai,Kolkata Knight Riders,Kolkata Knight Riders,Mumbai Indians,Mumbai Indians,Mumbai Indians,Mumbai Indians,field,Kolkata Knight Riders,Kolkata Knight Riders,52,0,JJ Bumrah
1304103,2022,2022-05-10,Indian Premier League,57,"Maharashtra Cricket Association Stadium, Pune",Maharashtra Cricket Association Stadium,Pune,Pune,Gujarat Titans,Gujarat Titans,Lucknow Super Giants,Lucknow Super Giants,Gujarat Titans,Gujarat Titans,bat,Gujarat Titans,Gujarat Titans,62,0,Shubman Gill
1304104,2022,2022-05-11,Indian Premier League,58,"Dr DY Patil Sports Academy, Mumbai","Dr DY Patil Sports Academy, Mumbai",Navi Mumbai,Navi Mumbai,Rajasthan Royals,Rajasthan Royals,Delhi Capitals,Delhi Capitals,Delhi Capitals,Delhi Capitals,field,Delhi Capitals,Delhi Capitals,0,8,MR Marsh
1304105,2022,2022-05-12,Indian Premier League,59,"Wankhede Stadium, Mumbai",Wankhede Stadium,Mumbai,Mumbai,Chennai Super Kings,Chennai Super Kings,Mumbai Indians,Mumbai Indians,Mumbai Indians,Mumbai Indians,field,Mumbai Indians,Mumbai Indians,0,5,DR Sams
1304106,2022,2022-05-13,Indian Premier League,60,"Brabourne Stadium, Mumbai",Brabourne Stadium,Mumbai,Mumbai,Punjab Kings,Punjab Kings,Royal Challengers Bangalore,Royal Challengers Bengaluru,Royal Challengers Bangalore,Royal Challengers Bengaluru,field,Punjab Kings,Punjab Kings,54,0,JM Bairstow
1304107,2022,2022-05-14,Indian Premier League,61,"Maharashtra Cricket Association Stadium, Pune",Maharashtra Cricket Association Stadium,Pune,Pune,Kolkata Knight Riders,Kolkata Knight Riders,Sunrisers Hyderabad,Sunrisers Hyderabad,Kolkata Knight Riders,Kolkata Knight Riders,bat,Kolkata Knight Riders,Kolkata Knight Riders,54,0,AD Russell
1304108,2022,2022-05-15,Indian Premier League,62,"Wankhede Stadium, Mumbai",Wankhede Stadium,Mumbai,Mumbai,Chennai Super Kings,Chennai Super Kings,Gujarat Titans,Gujarat Titans,Chennai Super Kings,Chennai Super Kings,bat,Gujarat Titans,Gujarat Titans,0,7,WP Saha
1304109,2022,2022-05-15,Indian Premier League,63,"Brabourne Stadium, Mumbai",Brabourne Stadium,Mumbai,Mumbai,Rajasthan Royals,Rajasthan Royals,Lucknow Super Giants,Lucknow Super Giants,Rajasthan Royals,Rajasthan Royals,bat,Rajasthan Royals,Rajasthan Royals,24,0,TA Boult
1304110,2022,2022-05-16,Indian Premier League,64,"Dr DY Patil Sports Academy, Mumbai","Dr DY Patil Sports Academy, Mumbai",Navi Mumbai,Navi Mumbai,Delhi Capitals,Delhi Capitals,Punjab Kings,Punjab Kings,Punjab Kings,Punjab Kings,field,Delhi Capitals,Delhi Capitals,17,0,SN Thakur
1304111,2022,2022-05-17,Indian Premier League,65,"Wankhede Stadium, Mumbai",Wankhede Stadium,Mumbai,Mumbai,Sunrisers Hyderabad,Sunrisers Hyderabad,Mumbai Indians,Mumbai Indians,Mumbai Indians,Mumbai Indians,field,Sunrisers Hyderabad,Sunrisers Hyderabad,3,0,RA Tripathi
1304112,2022,2022-05-18,Indian Premier League,66,"Dr DY Patil Sports Academy, Mumbai","Dr DY Patil Sports Academy, Mumbai",Navi Mumbai,Navi Mumbai,Lucknow Super Giants,Lucknow Super Giants,Kolkata Knight Riders,Kolkata Knight Riders,Lucknow Super Giants,Lucknow Super Giants,bat,Lucknow Super Giants,Lucknow Super Giants,2,0,Q de Kock
1304113,2022,2022-05-19,Indian Premier League,67,"Wankhede Stadium, Mumbai",Wankhede Stadium,Mumbai,Mumbai,Gujarat Titans,Gujarat Titans,Royal Challengers Bangalore,Royal Challengers Bengaluru,Gujarat Titans,Gujarat Titans,bat,Royal Challengers Bangalore,Royal Challengers Bengaluru,0,8,V Kohli
1304114,2022,2022-05-20,Indian Premier League,68,"Brabourne Stadium, Mumbai",Brabourne Stadium,Mumbai,Mumbai,Chennai Super Kings,Chennai Super Kings,Rajasthan Royals,Rajasthan Royals,Chennai Super Kings,Chennai Super Kings,bat,Rajasthan Royals,Rajasthan Royals,0,5,R Ashwin
1304115,2022,2022-05-21,Indian Premier League,69,"Wankhede Stadium, Mumbai",Wankhede Stadium,Mumbai,Mumbai,Delhi Capitals,Delhi Capitals,Mumbai Indians,Mumbai Indians,Mumbai Indians,Mumbai Indians,field,Mumbai Indians,Mumbai Indians,0,5,JJ Bumrah
1304116,2022,2022-05-22,Indian Premier League,70,"Wankhede Stadium, Mumbai",Wankhede Stadium,Mumbai,Mumbai,Sunrisers Hyderabad,Sunrisers Hyderabad,Punjab Kings,Punjab Kings,Sunrisers Hyderabad,Sunrisers Hyderabad,bat,Punjab Kings,Punjab Kings,0,5,Harpreet Brar
1312197,2022,2022-05-24,Indian Premier League,,"Eden Gardens, Kolkata",Eden Gardens,Kolkata,Kolkata,Rajasthan Royals,Rajasthan Royals,Gujarat Titans,Gujarat Titans,Gujarat Titans,Gujarat Titans,field,Gujarat Titans,Gujarat Titans,0,7,DA Miller
1312198,2022,2022-05-25,Indian Premier League,,"Eden Gardens, Kolkata",Eden Gardens,Kolkata,Kolkata,Royal Challengers Bangalore,Royal Challengers Bengaluru,Lucknow Super Giants,Lucknow Super Giants,Lucknow Super Giants,Lucknow Super Giants,field,Royal Challengers Bangalore,Royal Challengers Bengaluru,14,0,RM Patidar
1312199,2022,2022-05-27,Indian Premier League,,"Narendra Modi Stadium, Ahmedabad",Narendra Modi Stadium,Ahmedabad,Ahmedabad,Royal Challengers Bangalore,Royal Challengers Bengaluru,Rajasthan Royals,Rajasthan Royals,Rajasthan Royals,Rajasthan Royals,field,Rajasthan Royals,Rajasthan Royals,0,7,JC Buttler
1312200,2022,2022-05-29,Indian Premier League,,"Narendra Modi Stadium, Ahmedabad",Narendra Modi Stadium,Ahmedabad,Ahmedabad,Rajasthan Royals,Rajasthan Royals,Gujarat Titans,Gujarat Titans,Rajasthan Royals,Rajasthan Royals,bat,Gujarat Titans,Gujarat Titans,0,7,HH Pandya
1359475,2023,2023-03-31,Indian Premier League,1,"Narendra Modi Stadium, Ahmedabad",Narendra Modi Stadium,Ahmedabad,Ahmedabad,Chennai Super Kings,Chennai Super Kings,Gujarat Titans,Gujarat Titans,Gujarat Titans,Gujarat Titans,field,Gujarat Titans,Gujarat Titans,0,5,Rashid Khan
1359476,2023,2023-04-01,Indian Premier League,2,"Punjab Cricket Association IS Bindra Stadium, Mohali, Chandigarh","Punjab Cricket Association IS Bindra Stadium, Mohali",Chandigarh,Chandigarh,Punjab Kings,Punjab Kings,Kolkata Knight Riders,Kolkata Knight Riders,Kolkata Knight Riders,Kolkata Knight Riders,field,Punjab Kings,Punjab Kings,7,0,Arshdeep Singh
1359477,2023,2023-04-01,Indian Premier League,3,"Bharat Ratna Shri Atal Bihari Vajpayee Ekana Cricket Stadium, Lucknow",Bharat Ratna Shri Atal Bihari Vajpayee Ekana Cricket Stadium,Lucknow,Lucknow,Lucknow Super Giants,Lucknow Super Giants,Delhi Capitals,Delhi Capitals,Delhi Capitals,Delhi Capitals,field,Lucknow Super Giants,Lucknow Super Giants,50,0,MA Wood
1359478,2023,2023-04-02,Indian Premier League,4,"Rajiv Gandhi International Stadium, Uppal, Hyderabad","Rajiv Gandhi International Stadium, Uppal",Hyderabad,Hyderabad,Rajasthan Royals,Rajasthan Royals,Sunrisers Hyderabad,Sunrisers Hyderabad,Sunrisers Hyderabad,Sunrisers Hyderabad,field,Rajasthan Royals,Rajasthan Royals,72,0,JC Buttler
1359479,2023,2023-04-02,Indian Premier League,5,"M Chinnaswamy Stadium, Bengaluru",M Chinnaswamy Stadium,Bengaluru,Bengaluru,Mumbai Indians,Mumbai Indians,Royal Challengers Bangalore,Royal Challengers Bengaluru,Royal Challengers Bangalore,Royal Challengers Bengaluru,field,Royal Challengers Bangalore,Royal Challengers Bengaluru,0,8,F du Plessis
1359480,2023,2023-04-03,Indian Premier League,6,"MA Chidambaram Stadium, Chepauk, Chennai",MA Chidambaram Stadium,Chennai,Chennai,Chennai Super Kings,Chennai Super Kings,Lucknow Super Giants,Lucknow Super Giants,Lucknow Super Giants,Lucknow Super Giants,field,Chennai Super Kings,Chennai Super Kings,12,0,MM Ali
1359481,2023,2023-04-04,Indian Premier League,7,"Arun Jaitley Stadium, Delhi",Arun Jaitley Stadium,Delhi,Delhi,Delhi Capitals,Delhi Capitals,Gujarat Titans,Gujarat Titans,Gujarat Titans,Gujarat Titans,field,Gujarat Titans,Gujarat Titans,0,6,B Sai Sudharsan
1359482,2023,2023-04-05,Indian Premier League,8,"Barsapara Cricket Stadium, Guwahati",Barsapara Cricket Stadium,Guwahati,Guwahati,Punjab Kings,Punjab Kings,Rajasthan Royals,Rajasthan Royals,Rajasthan Royals,Rajasthan Royals,field,Punjab Kings,Punjab Kings,5,0,NT Ellis
1359483,2023,2023-04-06,Indian Premier League,9,"Eden Gardens, Kolkata",Eden Gardens,Kolkata,Kolkata,Kolkata Knight Riders,Kolkata Knight Riders,Royal Challengers Bangalore,Royal Challengers Bengaluru,Royal Challengers Bangalore,Royal Challengers Bengaluru,field,Kolkata Knight Riders,Kolkata Knight Riders,81,0,SN Thakur
1359484,2023,2023-04-07,Indian Premier League,10,"Bharat Ratna Shri Atal Bihari Vajpayee Ekana Cricket Stadium, Lucknow",Bharat Ratna Shri Atal Bihari Vajpayee Ekana Cricket Stadium,Lucknow,Lucknow,Sunrisers Hyderabad,Sunrisers Hyderabad,Lucknow Super Giants,Lucknow Super Giants,Sunrisers Hyderabad,Sunrisers Hyderabad,bat,Lucknow Super Giants,Lucknow Super Giants,0,5,KH Pandya
1359485,2023,2023-04-08,Indian Premier League,11,"Barsapara Cricket Stadium, Guwahati",Barsapara Cricket Stadium,Guwahati,Guwahati,Rajasthan Royals,Rajasthan Royals,Delhi Capitals,Delhi Capitals,Delhi Capitals,Delhi Capitals,field,Rajasthan Royals,Rajasthan Royals,57,0,YBK Jaiswal
1359486,2023,2023-04-08,Indian Premier League,12,"Wankhede Stadium, Mumbai",Wankhede Stadium,Mumbai,Mumbai,Mumbai Indians,Mumbai Indians,Chennai Super Kings,Chennai Super Kings,Chennai Super Kings,Chennai Super Kings,field,Chennai Super Kings,Chennai Super Kings,0,7,RA Jadeja
1359487,2023,2023-04-09,Indian Premier League,13,"Narendra Modi Stadium, Ahmedabad",Narendra Modi Stadium,Ahmedabad,Ahmedabad,Gujarat Titans,Gujarat Titans,Kolkata Knight Riders,Kolkata Knight Riders,Gujarat Titans,Gujarat Titans,bat,Kolkata Knight Riders,Kolkata Knight Riders,0,3,RK Singh
1359488,2023,2023-04-09,Indian Premier League,14,"Rajiv Gandhi International Stadium, Uppal, Hyderabad","Rajiv Gandhi International Stadium, Uppal",Hyderabad,Hyderabad,Punjab Kings,Punjab Kings,Sunrisers Hyderabad,Sunrisers Hyderabad,Sunrisers Hyderabad,Sunrisers Hyderabad,field,Sunrisers Hyderabad,Sunrisers Hyderabad,0,8,S Dhawan
1359489,2023,2023-04-10,Indian Premier League,15,"M Chinnaswamy Stadium, Bengaluru",M Chinnaswamy Stadium,Bengaluru,Bengaluru,Royal Challengers Bangalore,Royal Challengers Bengaluru,Lucknow Super Giants,Lucknow Super Giants,Lucknow Super Giants,Lucknow Super Giants,field,Lucknow Super Giants,Lucknow Super Giants,0,1,N Pooran
1359490,2023,2023-04-11,Indian Premier League,16,"Arun Jaitley Stadium, Delhi",Arun Jaitley Stadium,Delhi,Delhi,Delhi Capitals,Delhi Capitals,Mumbai Indians,Mumbai Indians,Mumbai Indians,Mumbai Indians,field,Mumbai Indians,Mumbai Indians,0,6,RG Sharma
1359491,2023,2023-04-12,Indian Premier League,17,"MA Chidambaram Stadium, Chepauk, Chennai",MA Chidambaram Stadium,Chennai,Chennai,Rajasthan Royals,Rajasthan Royals,Chennai Super Kings,Chennai Super Kings,Chennai Super Kings,Chennai Super Kings,field,Rajasthan Royals,Rajasthan Royals,3,0,R Ashwin
1359492,2023,2023-04-13,Indian Premier League,18,"Punjab Cricket Association IS Bindra Stadium, Mohali, Chandigarh","Punjab Cricket Association IS Bindra Stadium, Mohali",Chandigarh,Chandigarh,Punjab Kings,Punjab Kings,Gujarat Titans,Gujarat Titans,Gujarat Titans,Gujarat Titans,field,Gujarat Titans,Gujarat Titans,0,6,MM Sharma
1359493,2023,2023-04-14,Indian Premier League,19,"Eden Gardens, Kolkata",Eden Gardens,Kolkata,Kolkata,Sunrisers Hyderabad,Sunrisers Hyderabad,Kolkata Knight Riders,Kolkata Knight Riders,Kolkata Knight Riders,Kolkata Knight Riders,field,Sunrisers Hyderabad,Sunrisers Hyderabad,23,0,HC Brook
1359494,2023,2023-04-15,Indian Premier League,20,"M Chinnaswamy Stadium, Bengaluru",M Chinnaswamy Stadium,Bengaluru,Bengaluru,Royal Challengers Bangalore,Royal Challengers Bengaluru,Delhi Capitals,Delhi Capitals,Delhi Capitals,Delhi Capitals,field,Royal Challengers Bangalore,Royal Challengers Bengaluru,23,0,V Kohli
1359495,2023,2023-04-15,Indian Premier League,21,"Bharat Ratna Shri Atal Bihari Vajpayee Ekana Cricket Stadium, Lucknow",Bharat Ratna Shri Atal Bihari Vajpayee Ekana Cricket Stadium,Lucknow,Lucknow,Lucknow Super Giants,Lucknow Super Giants,Punjab Kings,Punjab Kings,Punjab Kings,Punjab Kings,field,Punjab Kings,Punjab Kings,0,2,Sikandar Raza
1359496,2023,2023-04-16,Indian Premier League,22,"Wankhede Stadium, Mumbai",Wankhede Stadium,Mumbai,Mumbai,Kolkata Knight Riders,Kolkata Knight Riders,Mumbai Indians,Mumbai Indians,Mumbai Indians,Mumbai Indians,field,Mumbai Indians,Mumbai Indians,0,5,VR Iyer
1359497,2023,2023-04-16,Indian Premier League,23,"Narendra Modi Stadium, Ahmedabad",Narendra Modi Stadium,Ahmedabad,Ahmedabad,Gujarat Titans,Gujarat Titans,Rajasthan Royals,Rajasthan Royals,Rajasthan Royals,Rajasthan Royals,field,Rajasthan Royals,Rajasthan Royals,0,3,SO Hetmyer
1359498,2023,2023-04-17,Indian Premier League,24,"M Chinnaswamy Stadium, Bengaluru",M Chinnaswamy Stadium,Bengaluru,Bengaluru,Chennai Super Kings,Chennai Super Kings,Royal Challengers Bangalore,Royal Challengers Bengaluru,Royal Challengers Bangalore,Royal Challengers Bengaluru,field,Chennai Super Kings,Chennai Super Kings,8,0,DP Conway
1359499,2023,2023-04-18,Indian Premier League,25,"Rajiv Gandhi International Stadium, Uppal, Hyderabad","Rajiv Gandhi International Stadium, Uppal",Hyderabad,Hyderabad,Mumbai Indians,Mumbai Indians,Sunrisers Hyderabad,Sunrisers Hyderabad,Sunrisers Hyderabad,Sunrisers Hyderabad,field,Mumbai Indians,Mumbai Indians,14,0,C Green
1359500,2023,2023-04-19,Indian Premier League,26,"Sawai Mansingh Stadium, Jaipur",Sawai Mansingh Stadium,Jaipur,Jaipur,Lucknow Super Giants,Lucknow Super Giants,Rajasthan Royals,Rajasthan Royals,Rajasthan Royals,Rajasthan Royals,field,Lucknow Super Giants,Lucknow Super Giants,10,0,MP Stoinis
1359501,2023,2023-04-20,Indian Premier League,27,"Punjab Cricket Association IS Bindra Stadium, Mohali, Chandigarh","Punjab Cricket Association IS Bindra Stadium, Mohali",Chandigarh,Chandigarh,Royal Challengers Bangalore,Royal Challengers Bengaluru,Punjab Kings,Punjab Kings,Punjab Kings,Punjab Kings,field,Royal Challengers Bangalore,Royal Challengers Bengaluru,24,0,Mohammed Siraj
1359502,2023,2023-04-20,Indian Premier League,28,"Arun Jaitley Stadium, Delhi",Arun Jaitley Stadium,Delhi,Delhi,Kolkata Knight Riders,Kolkata Knight Riders,Delhi Capitals,Delhi Capitals,Delhi Capitals,Delhi Capitals,field,Delhi Capitals,Delhi Capitals,0,4,I Sharma
1359503,2023,2023-04-21,Indian Premier League,29,"MA Chidambaram Stadium, Chepauk, Chennai",MA Chidambaram Stadium,Chennai,Chennai,Sunrisers Hyderabad,Sunrisers Hyderabad,Chennai Super Kings,Chennai Super Kings,Chennai Super Kings,Chennai Super Kings,field,Chennai Super Kings,Chennai Super Kings,0,7,RA Jadeja
1359504,2023,2023-04-22,Indian Premier League,30,"Bharat Ratna Shri Atal Bihari Vajpayee Ekana Cricket Stadium, Lucknow",Bharat Ratna Shri Atal Bihari Vajpayee Ekana Cricket Stadium,Lucknow,Lucknow,Gujarat Titans,Gujarat Titans,Lucknow Super Giants,Lucknow Super Giants,Gujarat Titans,Gujarat Titans,bat,Gujarat Titans,Gujarat Titans,7,0,MM Sharma
1359505,2023,2023-04-22,Indian Premier League,31,"Wankhede Stadium, Mumbai",Wankhede Stadium,Mumbai,Mumbai,Punjab Kings,Punjab Kings,Mumbai Indians,Mumbai Indians,Mumbai Indians,Mumbai Indians,field,Punjab Kings,Punjab Kings,13,0,SM Curran
1359506,2023,2023-04-23,Indian Premier League,32,"M Chinnaswamy Stadium, Bengaluru",M Chinnaswamy Stadium,Bengaluru,Bengaluru,Royal Challengers Bangalore,Royal Challengers Bengaluru,Rajasthan Royals,Rajasthan Royals,Rajasthan Royals,Rajasthan Royals,field,Royal Challengers Bangalore,Royal Challengers Bengaluru,7,0,GJ Maxwell
1359507,2023,2023-04-23,Indian Premier League,33,"Eden Gardens, Kolkata",Eden Gardens,Kolkata,Kolkata,Chennai Super Kings,Chennai Super Kings,Kolkata Knight Riders,Kolkata Knight Riders,Kolkata Knight Riders,Kolkata Knight Riders,field,Chennai Super Kings,Chennai Super Kings,49,0,AM Rahane
1359508,2023,2023-04-24,Indian Premier League,34,"Rajiv Gandhi International Stadium, Uppal, Hyderabad","Rajiv Gandhi International Stadium, Uppal",Hyderabad,Hyderabad,Delhi Capitals,Delhi Capitals,Sunrisers Hyderabad,Sunrisers Hyderabad,Delhi Capitals,Delhi Capitals,bat,Delhi Capitals,Delhi Capitals,7,0,AR Patel
1359509,2023,2023-04-25,Indian Premier League,35,"Narendra Modi Stadium, Ahmedabad",Narendra Modi Stadium,Ahmedabad,Ahmedabad,Gujarat Titans,Gujarat Titans,Mumbai Indians,Mumbai Indians,Mumbai Indians,Mumbai Indians,field,Gujarat Titans,Gujarat Titans,55,0,A Manohar
1359510,2023,2023-04-26,Indian Premier League,36,"M Chinnaswamy Stadium, Bengaluru",M Chinnaswamy Stadium,Bengaluru,Bengaluru,Kolkata Knight Riders,Kolkata Knight Riders,Royal Challengers Bangalore,Royal Challengers Bengaluru,Royal Challengers Bangalore,Royal Challengers Bengaluru,field,Kolkata Knight Riders,Kolkata Knight Riders,21,0,CV Varun
1359511,2023,2023-04-27,Indian Premier League,37,"Sawai Mansingh Stadium, Jaipur",Sawai Mansingh Stadium,Jaipur,Jaipur,Rajasthan Royals,Rajasthan Royals,Chennai Super Kings,Chennai Super Kings,Rajasthan Royals,Rajasthan Royals,bat,Rajasthan Royals,Rajasthan Royals,32,0,YBK Jaiswal
1359512,2023,2023-04-28,Indian Premier League,38,"Punjab Cricket Association IS Bindra Stadium, Mohali, Chandigarh","Punjab Cricket Association IS Bindra Stadium, Mohali",Chandigarh,Chandigarh,Lucknow Super Giants,Lucknow Super Giants,Punjab Kings,Punjab Kings,Punjab Kings,Punjab Kings,field,Lucknow Super Giants,Lucknow Super Giants,56,0,MP Stoinis
1359513,2023,2023-04-29,Indian Premier League,39,"Eden Gardens, Kolkata",Eden Gardens,Kolkata,Kolkata,Kolkata Knight Riders,Kolkata Knight Riders,Gujarat Titans,Gujarat Titans,Gujarat Titans,Gujarat Titans,field,Gujarat Titans,Gujarat Titans,0,7,J Little
1359514,2023,2023-04-29,Indian Premier League,40,"Arun Jaitley Stadium, Delhi",Arun Jaitley Stadium,Delhi,Delhi,Sunrisers Hyderabad,Sunrisers Hyderabad,Delhi Capitals,Delhi Capitals,Sunrisers Hyderabad,Sunrisers Hyderabad,bat,Sunrisers Hyderabad,Sunrisers Hyderabad,9,0,MR Marsh
1359515,2023,2023-04-30,Indian Premier League,41,"MA Chidambaram Stadium, Chepauk, Chennai",MA Chidambaram Stadium,Chennai,Chennai,Chennai Super Kings,Chennai Super Kings,Punjab Kings,Punjab Kings,Chennai Super Kings,Chennai Super Kings,bat,Punjab Kings,Punjab Kings,0,4,DP Conway
1359516,2023,2023-04-30,Indian Premier League,42,"Wankhede Stadium, Mumbai",Wankhede Stadium,Mumbai,Mumbai,Rajasthan Royals,Rajasthan Royals,Mumbai Indians,Mumbai Indians,Rajasthan Royals,Rajasthan Royals,bat,Mumbai Indians,Mumbai Indians,0,6,YBK Jaiswal
1359517,2023,2023-05-01,Indian Premier League,43,"Bharat Ratna Shri Atal Bihari Vajpayee Ekana Cricket Stadium, Lucknow",Bharat Ratna Shri Atal Bihari Vajpayee Ekana Cricket Stadium,Lucknow,Lucknow,Royal Challengers Bangalore,Royal Challengers Bengaluru,Lucknow Super Giants,Lucknow Super Giants,Royal Challengers Bangalore,Royal Challengers Bengaluru,bat,Royal Challengers Bangalore,Royal Challengers Bengaluru,18,0,F du Plessis
1359518,2023,2023-05-02,Indian Premier League,44,"Narendra Modi Stadium, Ahmedabad",Narendra Modi Stadium,Ahmedabad,Ahmedabad,Delhi Capitals,Delhi Capitals,Gujarat Titans,Gujarat Titans,Delhi Capitals,Delhi Capitals,bat,Delhi Capitals,Delhi Capitals,5,0,Mohammed Shami
1359519,2023,2023-05-03,Indian Premier League,45,"Bharat Ratna Shri Atal Bihari Vajpayee Ekana Cricket Stadium, Lucknow",Bharat Ratna Shri Atal Bihari Vajpayee Ekana Cricket Stadium,Lucknow,Lucknow,Lucknow Super Giants,Lucknow Super Giants,Chennai Super Kings,Chennai Super Kings,Chennai Super Kings,Chennai Super Kings,field,,,0,0,
1359520,2023,2023-05-03,Indian Premier League,46,"Punjab Cricket Association IS Bindra Stadium, Mohali, Chandigarh","Punjab Cricket Association IS Bindra Stadium, Mohali",Chandigarh,Chandigarh,Punjab Kings,Punjab Kings,Mumbai Indians,Mumbai Indians,Mumbai Indians,Mumbai Indians,field,Mumbai Indians,Mumbai Indians,0,6,Ishan Kishan
1359521,2023,2023-05-04,Indian Premier League,47,"Rajiv Gandhi International Stadium, Uppal, Hyderabad","Rajiv Gandhi International Stadium, Uppal",Hyderabad,Hyderabad,Kolkata Knight Riders,Kolkata Knight Riders,Sunrisers Hyderabad,Sunrisers Hyderabad,Kolkata Knight Riders,Kolkata Knight Riders,bat,Kolkata Knight Riders,Kolkata Knight Riders,5,0,CV Varun
1359522,2023,2023-05-05,Indian Premier League,48,"Sawai Mansingh Stadium, Jaipur",Sawai Mansingh Stadium,Jaipur,Jaipur,Rajasthan Royals,Rajasthan Royals,Gujarat Titans,Gujarat Titans,Rajasthan Royals,Rajasthan Royals,bat,Gujarat Titans,Gujarat Titans,0,9,Rashid Khan
1359523,2023,2023-05-06,Indian Premier League,49,"MA Chidambaram Stadium, Chepauk, Chennai",MA Chidambaram Stadium,Chennai,Chennai,Mumbai Indians,Mumbai Indians,Chennai Super Kings,Chennai Super Kings,Chennai Super Kings,Chennai Super Kings,field,Chennai Super Kings,Chennai Super Kings,0,6,M Pathirana
1359524,2023,2023-05-06,Indian Premier League,50,"Arun Jaitley Stadium, Delhi",Arun Jaitley Stadium,Delhi,Delhi,Royal Challengers Bangalore,Royal Challengers Bengaluru,Delhi Capitals,Delhi Capitals,Royal Challengers Bangalore,Royal Challengers Bengaluru,bat,Delhi Capitals,Delhi Capitals,0,7,PD Salt
1359525,2023,2023-05-07,Indian Premier League,51,"Narendra Modi Stadium, Ahmedabad",Narendra Modi Stadium,Ahmedabad,Ahmedabad,Gujarat Titans,Gujarat Titans,Lucknow Super Giants,Lucknow Super Giants,Lucknow Super Giants,Lucknow Super Giants,field,Gujarat Titans,Gujarat Titans,56,0,Shubman Gill
1359526,2023,2023-05-07,Indian Premier League,52,"Sawai Mansingh Stadium, Jaipur",Sawai Mansingh Stadium,Jaipur,Jaipur,Rajasthan Royals,Rajasthan Royals,Sunrisers Hyderabad,Sunrisers Hyderabad,Rajasthan Royals,Rajasthan Royals,bat,Sunrisers Hyderabad,Sunrisers Hyderabad,0,4,GD Phillips
1359527,2023,2023-05-08,Indian Premier League,53,"Eden Gardens, Kolkata",Eden Gardens,Kolkata,Kolkata,Punjab Kings,Punjab Kings,Kolkata Knight Riders,Kolkata Knight Riders,Punjab Kings,Punjab Kings,bat,Kolkata Knight Riders,Kolkata Knight Riders,0,5,AD Russell
1359528,2023,2023-05-09,Indian Premier League,54,"Wankhede Stadium, Mumbai",Wankhede Stadium,Mumbai,Mumbai,Royal Challengers Bangalore,Royal Challengers Bengaluru,Mumbai Indians,Mumbai Indians,Mumbai Indians,Mumbai Indians,field,Mumbai Indians,Mumbai Indians,0,6,SA Yadav
1359529,2023,2023-05-10,Indian Premier League,55,"MA Chidambaram Stadium, Chepauk, Chennai",MA Chidambaram Stadium,Chennai,Chennai,Chennai Super Kings,Chennai Super Kings,Delhi Capitals,Delhi Capitals,Chennai Super Kings,Chennai Super Kings,bat,Chennai Super Kings,Chennai Super Kings,27,0,RA Jadeja
1359530,2023,2023-05-11,Indian Premier League,56,"Eden Gardens, Kolkata",Eden Gardens,Kolkata,Kolkata,Kolkata Knight Riders,Kolkata Knight Riders,Rajasthan Royals,Rajasthan Royals,Rajasthan Royals,Rajasthan Royals,field,Rajasthan Royals,Rajasthan Royals,0,9,YBK Jaiswal
1359531,2023,2023-05-12,Indian Premier League,57,"Wankhede Stadium, Mumbai",Wankhede Stadium,Mumbai,Mumbai,Mumbai Indians,Mumbai Indians,Gujarat Titans,Gujarat Titans,Gujarat Titans,Gujarat Titans,field,Mumbai Indians,Mumbai Indians,27,0,SA Yadav
1359532,2023,2023-05-13,Indian Premier League,58,"Rajiv Gandhi International Stadium, Uppal, Hyderabad","Rajiv Gandhi International Stadium, Uppal",Hyderabad,Hyderabad,Sunrisers Hyderabad,Sunrisers Hyderabad,Lucknow Super Giants,Lucknow Super Giants,Sunrisers Hyderabad,Sunrisers Hyderabad,bat,Lucknow Super Giants,Lucknow Super Giants,0,7,PN Mankad
1359533,2023,2023-05-13,Indian Premier League,59,"Arun Jaitley Stadium, Delhi",Arun Jaitley Stadium,Delhi,Delhi,Punjab Kings,Punjab Kings,Delhi Capitals,Delhi Capitals,Delhi Capitals,Delhi Capitals,field,Punjab Kings,Punjab Kings,31,0,P Simran Singh
1359534,2023,2023-05-14,Indian Premier League,60,"Sawai Mansingh Stadium, Jaipur",Sawai Mansingh Stadium,Jaipur,Jaipur,Royal Challengers Bangalore,Royal Challengers Bengaluru,Rajasthan Royals,Rajasthan Royals,Royal Challengers Bangalore,Royal Challengers Bengaluru,bat,Royal Challengers Bangalore,Royal Challengers Bengaluru,112,0,WD Parnell
1359535,2023,2023-05-14,Indian Premier League,61,"MA Chidambaram Stadium, Chepauk, Chennai",MA Chidambaram Stadium,Chennai,Chennai,Chennai Super Kings,Chennai Super Kings,Kolkata Knight Riders,Kolkata Knight Riders,Chennai Super Kings,Chennai Super Kings,bat,Kolkata Knight Riders,Kolkata Knight Riders,0,6,RK Singh
1359536,2023,2023-05-15,Indian Premier League,62,"Narendra Modi Stadium, Ahmedabad",Narendra Modi Stadium,Ahmedabad,Ahmedabad,Gujarat Titans,Gujarat Titans,Sunrisers Hyderabad,Sunrisers Hyderabad,Sunrisers Hyderabad,Sunrisers Hyderabad,field,Gujarat Titans,Gujarat Titans,34,0,Shubman Gill
1359537,2023,2023-05-16,Indian Premier League,63,"Bharat Ratna Shri Atal Bihari Vajpayee Ekana Cricket Stadium, Lucknow",Bharat Ratna Shri Atal Bihari Vajpayee Ekana Cricket Stadium,Lucknow,Lucknow,Lucknow Super Giants,Lucknow Super Giants,Mumbai Indians,Mumbai Indians,Mumbai Indians,Mumbai Indians,field,Lucknow Super Giants,Lucknow Super Giants,5,0,MP Stoinis
1359538,2023,2023-05-17,Indian Premier League,64,"Himachal Pradesh Cricket Association Stadium, Dharamsala",Himachal Pradesh Cricket Association Stadium,Dharamsala,Dharamsala,Delhi Capitals,Delhi Capitals,Punjab Kings,Punjab Kings,Punjab Kings,Punjab Kings,field,Delhi Capitals,Delhi Capitals,15,0,RR Rossouw
1359539,2023,2023-05-18,Indian Premier League,65,"Rajiv Gandhi International Stadium, Uppal, Hyderabad","Rajiv Gandhi International Stadium, Uppal",Hyderabad,Hyderabad,Sunrisers Hyderabad,Sunrisers Hyderabad,Royal Challengers Bangalore,Royal Challengers Bengaluru,Royal Challengers Bangalore,Royal Challengers Bengaluru,field,Royal Challengers Bangalore,Royal Challengers Bengaluru,0,8,V Kohli
1359540,2023,2023-05-19,Indian Premier League,66,"Himachal Pradesh Cricket Association Stadium, Dharamsala",Himachal Pradesh Cricket Association Stadium,Dharamsala,Dharamsala,Punjab Kings,Punjab Kings,Rajasthan Royals,Rajasthan Royals,Rajasthan Royals,Rajasthan Royals,field,Rajasthan Royals,Rajasthan Royals,0,4,D Padikkal
1359541,2023,2023-05-20,Indian Premier League,67,"Arun Jaitley Stadium, Delhi",Arun Jaitley Stadium,Delhi,Delhi,Chennai Super Kings,Chennai Super Kings,Delhi Capitals,Delhi Capitals,Chennai Super Kings,Chennai Super Kings,bat,Chennai Super Kings,Chennai Super Kings,77,0,RD Gaikwad
1359542,2023,2023-05-20,Indian Premier League,68,"Eden Gardens, Kolkata",Eden Gardens,Kolkata,Kolkata,Lucknow Super Giants,Lucknow Super Giants,Kolkata Knight Riders,Kolkata Knight Riders,Kolkata Knight Riders,Kolkata Knight Riders,field,Lucknow Super Giants,Lucknow Super Giants,1,0,N Pooran
1359543,2023,2023-05-21,Indian Premier League,69,"Wankhede Stadium, Mumbai",Wankhede Stadium,Mumbai,Mumbai,Sunrisers Hyderabad,Sunrisers Hyderabad,Mumbai Indians,Mumbai Indians,Mumbai Indians,Mumbai Indians,field,Mumbai Indians,Mumbai Indians,0,8,C Green
1359544,2023,2023-05-21,Indian Premier League,70,"M Chinnaswamy Stadium, Bengaluru",M Chinnaswamy Stadium,Bengaluru,Bengaluru,Royal Challengers Bangalore,Royal Challengers Bengaluru,Gujarat Titans,Gujarat Titans,Gujarat Titans,Gujarat Titans,field,Gujarat Titans,Gujarat Titans,0,6,Shubman Gill
1370350,2023,2023-05-23,Indian Premier League,,"MA Chidambaram Stadium, Chepauk, Chennai",MA Chidambaram Stadium,Chennai,Chennai,Chennai Super Kings,Chennai Super Kings,Gujarat Titans,Gujarat Titans,Gujarat Titans,Gujarat Titans,field,Chennai Super Kings,Chennai Super Kings,15,0,RD Gaikwad
1370351,2023,2023-05-24,Indian Premier League,,"MA Chidambaram Stadium, Chepauk, Chennai",MA Chidambaram Stadium,Chennai,Chennai,Mumbai Indians,Mumbai Indians,Lucknow Super Giants,Lucknow Super Giants,Mumbai Indians,Mumbai Indians,bat,Mumbai Indians,Mumbai Indians,81,0,Akash Madhwal
1370352,2023,2023-05-26,Indian Premier League,,"Narendra Modi Stadium, Ahmedabad",Narendra Modi Stadium,Ahmedabad,Ahmedabad,Gujarat Titans,Gujarat Titans,Mumbai Indians,Mumbai Indians,Mumbai Indians,Mumbai Indians,field,Gujarat Titans,Gujarat Titans,62,0,Shubman Gill
1370353,2023,2023-05-29,Indian Premier League,,"Narendra Modi Stadium, Ahmedabad",Narendra Modi Stadium,Ahmedabad,Ahmedabad,Gujarat Titans,Gujarat Titans,Chennai Super Kings,Chennai Super Kings,Chennai Super Kings,Chennai Super Kings,field,Chennai Super Kings,Chennai Super Kings,0,5,DP Conway
1422119,2024,2024-03-22,Indian Premier League,1,"MA Chidambaram Stadium, Chepauk, Chennai",MA Chidambaram Stadium,Chennai,Chennai,Royal Challengers Bengaluru,Royal Challengers Bengaluru,Chennai Super Kings,Chennai Super Kings,Royal Challengers Bengaluru,Royal Challengers Bengaluru,bat,Chennai Super Kings,Chennai Super Kings,0,6,Mustafizur Rahman
1422120,2024,2024-03-23,Indian Premier League,2,"Maharaja Yadavindra Singh International Cricket Stadium, Mullanpur",Maharaja Yadavindra Singh International Cricket Stadium,Mohali,Mohali,Delhi Capitals,Delhi Capitals,Punjab Kings,Punjab Kings,Punjab Kings,Punjab Kings,field,Punjab Kings,Punjab Kings,0,4,SM Curran
1422121,2024,2024-03-23,Indian Premier League,3,"Eden Gardens, Kolkata",Eden Gardens,Kolkata,Kolkata,Kolkata Knight Riders,Kolkata Knight Riders,Sunrisers Hyderabad,Sunrisers Hyderabad,Sunrisers Hyderabad,Sunrisers Hyderabad,field,Kolkata Knight Riders,Kolkata Knight Riders,4,0,AD Russell
1422122,2024,2024-03-24,Indian Premier League,4,"Sawai Mansingh Stadium, Jaipur",Sawai Mansingh Stadium,Jaipur,Jaipur,Rajasthan Royals,Rajasthan Royals,Lucknow Super Giants,Lucknow Super Giants,Rajasthan Royals,Rajasthan Royals,bat,Rajasthan Royals,Rajasthan Royals,20,0,SV Samson
1422123,2024,2024-03-24,Indian Premier League,5,"Narendra Modi Stadium, Ahmedabad",Narendra Modi Stadium,Ahmedabad,Ahmedabad,Gujarat Titans,Gujarat Titans,Mumbai Indians,Mumbai Indians,Mumbai Indians,Mumbai Indians,field,Gujarat Titans,Gujarat Titans,6,0,B Sai Sudharsan
1422124,2024,2024-03-25,Indian Premier League,6,"M Chinnaswamy Stadium, Bengaluru",M Chinnaswamy Stadium,Bengaluru,Bengaluru,Punjab Kings,Punjab Kings,Royal Challengers Bengaluru,Royal Challengers Bengaluru,Royal Challengers Bengaluru,Royal Challengers Bengaluru,field,Royal Challengers Bengaluru,Royal Challengers Bengaluru,0,4,V Kohli
1422125,2024,2024-03-26,Indian Premier League,7,"MA Chidambaram Stadium, Chepauk, Chennai",MA Chidambaram Stadium,Chennai,Chennai,Chennai Super Kings,Chennai Super Kings,Gujarat Titans,Gujarat Titans,Gujarat Titans,Gujarat Titans,field,Chennai Super Kings,Chennai Super Kings,63,0,S Dube
1422126,2024,2024-03-27,Indian Premier League,8,"Rajiv Gandhi International Stadium, Uppal, Hyderabad","Rajiv Gandhi International Stadium, Uppal",Hyderabad,Hyderabad,Sunrisers Hyderabad,Sunrisers Hyderabad,Mumbai Indians,Mumbai Indians,Mumbai Indians,Mumbai Indians,field,Sunrisers Hyderabad,Sunrisers Hyderabad,31,0,Abhishek Sharma
1422127,2024,2024-03-28,Indian Premier League,9,"Sawai Mansingh Stadium, Jaipur",Sawai Mansingh Stadium,Jaipur,Jaipur,Rajasthan Royals,Rajasthan Royals,Delhi Capitals,Delhi Capitals,Delhi Capitals,Delhi Capitals,field,Rajasthan Royals,Rajasthan Royals,12,0,R Parag
1422128,2024,2024-03-29,Indian Premier League,10,"M Chinnaswamy Stadium, Bengaluru",M Chinnaswamy Stadium,Bengaluru,Bengaluru,Royal Challengers Bengaluru,Royal Challengers Bengaluru,Kolkata Knight Riders,Kolkata Knight Riders,Kolkata Knight Riders,Kolkata Knight Riders,field,Kolkata Knight Riders,Kolkata Knight Riders,0,7,SP Narine
1422129,2024,2024-03-30,Indian Premier League,11,"Bharat Ratna Shri Atal Bihari Vajpayee Ekana Cricket Stadium, Lucknow",Bharat Ratna Shri Atal Bihari Vajpayee Ekana Cricket Stadium,Lucknow,Lucknow,Lucknow Super Giants,Lucknow Super Giants,Punjab Kings,Punjab Kings,Lucknow Super Giants,Lucknow Super Giants,bat,Lucknow Super Giants,Lucknow Super Giants,21,0,MP Yadav
1422130,2024,2024-03-31,Indian Premier League,12,"Narendra Modi Stadium, Ahmedabad",Narendra Modi Stadium,Ahmedabad,Ahmedabad,Sunrisers Hyderabad,Sunrisers Hyderabad,Gujarat Titans,Gujarat Titans,Sunrisers Hyderabad,Sunrisers Hyderabad,bat,Gujarat Titans,Gujarat Titans,0,7,MM Sharma
1422131,2024,2024-03-31,Indian Premier League,13,"Dr. Y.S. Rajasekhara Reddy ACA-VDCA Cricket Stadium, Visakhapatnam",Dr Y.S. Rajasekhara Reddy ACA-VDCA Cricket Stadium,Visakhapatnam,Visakhapatnam,Delhi Capitals,Delhi Capitals,Chennai Super Kings,Chennai Super Kings,Delhi Capitals,Delhi Capitals,bat,Delhi Capitals,Delhi Capitals,20,0,KK Ahmed
1422132,2024,2024-04-01,Indian Premier League,14,"Wankhede Stadium, Mumbai",Wankhede Stadium,Mumbai,Mumbai,Mumbai Indians,Mumbai Indians,Rajasthan Royals,Rajasthan Royals,Rajasthan Royals,Rajasthan Royals,field,Rajasthan Royals,Rajasthan Royals,0,6,TA Boult
1422133,2024,2024-04-02,Indian Premier League,15,"M Chinnaswamy Stadium, Bengaluru",M Chinnaswamy Stadium,Bengaluru,Bengaluru,Lucknow Super Giants,Lucknow Super Giants,Royal Challengers Bengaluru,Royal Challengers Bengaluru,Royal Challengers Bengaluru,Royal Challengers Bengaluru,field,Lucknow Super Giants,Lucknow Super Giants,28,0,MP Yadav
1422134,2024,2024-04-03,Indian Premier League,16,"Dr. Y.S. Rajasekhara Reddy ACA-VDCA Cricket Stadium, Visakhapatnam",Dr Y.S. Rajasekhara Reddy ACA-VDCA Cricket Stadium,Visakhapatnam,Visakhapatnam,Kolkata Knight Riders,Kolkata Knight Riders,Delhi Capitals,Delhi Capitals,Kolkata Knight Riders,Kolkata Knight Riders,bat,Kolkata Knight Riders,Kolkata Knight Riders,106,0,SP Narine
1422135,2024,2024-04-04,Indian Premier League,17,"Narendra Modi Stadium, Ahmedabad",Narendra Modi Stadium,Ahmedabad,Ahmedabad,Gujarat Titans,Gujarat Titans,Punjab Kings,Punjab Kings,Punjab Kings,Punjab Kings,field,Punjab Kings,Punjab Kings,0,3,Shashank Singh
1422136,2024,2024-04-05,Indian Premier League,18,"Rajiv Gandhi International Stadium, Uppal, Hyderabad","Rajiv Gandhi International Stadium, Uppal",Hyderabad,Hyderabad,Chennai Super Kings,Chennai Super Kings,Sunrisers Hyderabad,Sunrisers Hyderabad,Sunrisers Hyderabad,Sunrisers Hyderabad,field,Sunrisers Hyderabad,Sunrisers Hyderabad,0,6,Abhishek Sharma
1422137,2024,2024-04-06,Indian Premier League,19,"Sawai Mansingh Stadium, Jaipur",Sawai Mansingh Stadium,Jaipur,Jaipur,Royal Challengers Bengaluru,Royal Challengers Bengaluru,Rajasthan Royals,Rajasthan Royals,Rajasthan Royals,Rajasthan Royals,field,Rajasthan Royals,Rajasthan Royals,0,6,JC Buttler
1422138,2024,2024-04-07,Indian Premier League,20,"Wankhede Stadium, Mumbai",Wankhede Stadium,Mumbai,Mumbai,Mumbai Indians,Mumbai Indians,Delhi Capitals,Delhi Capitals,Delhi Capitals,Delhi Capitals,field,Mumbai Indians,Mumbai Indians,29,0,R Shepherd
1422139,2024,2024-04-07,Indian Premier League,21,"Bharat Ratna Shri Atal Bihari Vajpayee Ekana Cricket Stadium, Lucknow",Bharat Ratna Shri Atal Bihari Vajpayee Ekana Cricket Stadium,Lucknow,Lucknow,Lucknow Super Giants,Lucknow Super Giants,Gujarat Titans,Gujarat Titans,Lucknow Super Giants,Lucknow Super Giants,bat,Lucknow Super Giants,Lucknow Super Giants,33,0,Yash Thakur
1426260,2024,2024-04-08,Indian Premier League,22,"MA Chidambaram Stadium, Chepauk, Chennai",MA Chidambaram Stadium,Chennai,Chennai,Kolkata Knight Riders,Kolkata Knight Riders,Chennai Super Kings,Chennai Super Kings,Chennai Super Kings,Chennai Super Kings,field,Chennai Super Kings,Chennai Super Kings,0,7,RA Jadeja
1426261,2024,2024-04-09,Indian Premier League,23,"Maharaja Yadavindra Singh International Cricket Stadium, Mullanpur",Maharaja Yadavindra Singh International Cricket Stadium,Mohali,Mohali,Sunrisers Hyderabad,Sunrisers Hyderabad,Punjab Kings,Punjab Kings,Punjab Kings,Punjab Kings,field,Sunrisers Hyderabad,Sunrisers Hyderabad,2,0,Nithish Kumar Reddy
1426262,2024,2024-04-10,Indian Premier League,24,"Sawai Mansingh Stadium, Jaipur",Sawai Mansingh Stadium,Jaipur,Jaipur,Rajasthan Royals,Rajasthan Royals,Gujarat Titans,Gujarat Titans,Gujarat Titans,Gujarat Titans,field,Gujarat Titans,Gujarat Titans,0,3,Rashid Khan
1426263,2024,2024-04-11,Indian Premier League,25,"Wankhede Stadium, Mumbai",Wankhede Stadium,Mumbai,Mumbai,Royal Challengers Bengaluru,Royal Challengers Bengaluru,Mumbai Indians,Mumbai Indians,Mumbai Indians,Mumbai Indians,field,Mumbai Indians,Mumbai Indians,0,7,JJ Bumrah
1426264,2024,2024-04-12,Indian Premier League,26,"Bharat Ratna Shri Atal Bihari Vajpayee Ekana Cricket Stadium, Lucknow",Bharat Ratna Shri Atal Bihari Vajpayee Ekana Cricket Stadium,Lucknow,Lucknow,Lucknow Super Giants,Lucknow Super Giants,Delhi Capitals,Delhi Capitals,Lucknow Super Giants,Lucknow Super Giants,bat,Delhi Capitals,Delhi Capitals,0,6,Kuldeep Yadav
1426265,2024,2024-04-13,Indian Premier League,27,"Maharaja Yadavindra Singh International Cricket Stadium, Mullanpur",Maharaja Yadavindra Singh International Cricket Stadium,Mohali,Mohali,Punjab Kings,Punjab Kings,Rajasthan Royals,Rajasthan Royals,Rajasthan Royals,Rajasthan Royals,field,Rajasthan Royals,Rajasthan Royals,0,3,SO Hetmyer
1426266,2024,2024-04-14,Indian Premier League,28,"Eden Gardens, Kolkata",Eden Gardens,Kolkata,Kolkata,Lucknow Super Giants,Lucknow Super Giants,Kolkata Knight Riders,Kolkata Knight Riders,Kolkata Knight Riders,Kolkata Knight Riders,field,Kolkata Knight Riders,Kolkata Knight Riders,0,8,PD Salt
1426267,2024,2024-04-14,Indian Premier League,29,"Wankhede Stadium, Mumbai",Wankhede Stadium,Mumbai,Mumbai,Chennai Super Kings,Chennai Super Kings,Mumbai Indians,Mumbai Indians,Mumbai Indians,Mumbai Indians,field,Chennai Super Kings,Chennai Super Kings,20,0,M Pathirana
1426268,2024,2024-04-15,Indian Premier League,30,"M Chinnaswamy Stadium, Bengaluru",M Chinnaswamy Stadium,Bengaluru,Bengaluru,Sunrisers Hyderabad,Sunrisers Hyderabad,Royal Challengers Bengaluru,Royal Challengers Bengaluru,Royal Challengers Bengaluru,Royal Challengers Bengaluru,field,Sunrisers Hyderabad,Sunrisers Hyderabad,25,0,TM Head
1426269,2024,2024-04-16,Indian Premier League,31,"Eden Gardens, Kolkata",Eden Gardens,Kolkata,Kolkata,Kolkata Knight Riders,Kolkata Knight Riders,Rajasthan Royals,Rajasthan Royals,Rajasthan Royals,Rajasthan Royals,field,Rajasthan Royals,Rajasthan Royals,0,2,JC Buttler
1426270,2024,2024-04-17,Indian Premier League,32,"Narendra Modi Stadium, Ahmedabad",Narendra Modi Stadium,Ahmedabad,Ahmedabad,Gujarat Titans,Gujarat Titans,Delhi Capitals,Delhi Capitals,Delhi Capitals,Delhi Capitals,field,Delhi Capitals,Delhi Capitals,0,6,RR Pant
1426271,2024,2024-04-18,Indian Premier League,33,"Maharaja Yadavindra Singh International Cricket Stadium, Mullanpur",Maharaja Yadavindra Singh International Cricket Stadium,Mohali,Mohali,Mumbai Indians,Mumbai Indians,Punjab Kings,Punjab Kings,Punjab Kings,Punjab Kings,field,Mumbai Indians,Mumbai Indians,9,0,JJ Bumrah
1426272,2024,2024-04-19,Indian Premier League,34,"Bharat Ratna Shri Atal Bihari Vajpayee Ekana Cricket Stadium, Lucknow",Bharat Ratna Shri Atal Bihari Vajpayee Ekana Cricket Stadium,Lucknow,Lucknow,Chennai Super Kings,Chennai Super Kings,Lucknow Super Giants,Lucknow Super Giants,Lucknow Super Giants,Lucknow Super Giants,field,Lucknow Super Giants,Lucknow Super Giants,0,8,KL Rahul
1426273,2024,2024-04-20,Indian Premier League,35,"Arun Jaitley Stadium, Delhi",Arun Jaitley Stadium,Delhi,Delhi,Sunrisers Hyderabad,Sunrisers Hyderabad,Delhi Capitals,Delhi Capitals,Delhi Capitals,Delhi Capitals,field,Sunrisers Hyderabad,Sunrisers Hyderabad,67,0,TM Head
1426274,2024,2024-04-21,Indian Premier League,36,"Eden Gardens, Kolkata",Eden Gardens,Kolkata,Kolkata,Kolkata Knight Riders,Kolkata Knight Riders,Royal Challengers Bengaluru,Royal Challengers Bengaluru,Royal Challengers Bengaluru,Royal Challengers Bengaluru,field,Kolkata Knight Riders,Kolkata Knight Riders,1,0,AD Russell
1426275,2024,2024-04-21,Indian Premier League,37,"Maharaja Yadavindra Singh International Cricket Stadium, Mullanpur",Maharaja Yadavindra Singh International Cricket Stadium,Mohali,Mohali,Punjab Kings,Punjab Kings,Gujarat Titans,Gujarat Titans,Punjab Kings,Punjab Kings,bat,Gujarat Titans,Gujarat Titans,0,3,R Sai Kishore
1426276,2024,2024-04-22,Indian Premier League,38,"Sawai Mansingh Stadium, Jaipur",Sawai Mansingh Stadium,Jaipur,Jaipur,Mumbai Indians,Mumbai Indians,Rajasthan Royals,Rajasthan Royals,Mumbai Indians,Mumbai Indians,bat,Rajasthan Royals,Rajasthan Royals,0,9,Sandeep Sharma
1426277,2024,2024-04-23,Indian Premier League,39,"MA Chidambaram Stadium, Chepauk, Chennai",MA Chidambaram Stadium,Chennai,Chennai,Chennai Super Kings,Chennai Super Kings,Lucknow Super Giants,Lucknow Super Giants,Lucknow Super Giants,Lucknow Super Giants,field,Lucknow Super Giants,Lucknow Super Giants,0,6,MP Stoinis
1426278,2024,2024-04-24,Indian Premier League,40,"Arun Jaitley Stadium, Delhi",Arun Jaitley Stadium,Delhi,Delhi,Delhi Capitals,Delhi Capitals,Gujarat Titans,Gujarat Titans,Gujarat Titans,Gujarat Titans,field,Delhi Capitals,Delhi Capitals,4,0,RR Pant
1426279,2024,2024-04-25,Indian Premier League,41,"Rajiv Gandhi International Stadium, Uppal, Hyderabad","Rajiv Gandhi International Stadium, Uppal",Hyderabad,Hyderabad,Royal Challengers Bengaluru,Royal Challengers Bengaluru,Sunrisers Hyderabad,Sunrisers Hyderabad,Royal Challengers Bengaluru,Royal Challengers Bengaluru,bat,Royal Challengers Bengaluru,Royal Challengers Bengaluru,35,0,RM Patidar
1426280,2024,2024-04-26,Indian Premier League,42,"Eden Gardens, Kolkata",Eden Gardens,Kolkata,Kolkata,Kolkata Knight Riders,Kolkata Knight Riders,Punjab Kings,Punjab Kings,Punjab Kings,Punjab Kings,field,Punjab Kings,Punjab Kings,0,8,JM Bairstow
1426281,2024,2024-04-27,Indian Premier League,43,"Arun Jaitley Stadium, Delhi",Arun Jaitley Stadium,Delhi,Delhi,Delhi Capitals,Delhi Capitals,Mumbai Indians,Mumbai Indians,Mumbai Indians,Mumbai Indians,field,Delhi Capitals,Delhi Capitals,10,0,J Fraser-McGurk
1426282,2024,2024-04-27,Indian Premier League,44,"Bharat Ratna Shri Atal Bihari Vajpayee Ekana Cricket Stadium, Lucknow",Bharat Ratna Shri Atal Bihari Vajpayee Ekana Cricket Stadium,Lucknow,Lucknow,Lucknow Super Giants,Lucknow Super Giants,Rajasthan Royals,Rajasthan Royals,Rajasthan Royals,Rajasthan Royals,field,Rajasthan Royals,Rajasthan Royals,0,7,SV Samson
1426283,2024,2024-04-28,Indian Premier League,45,"Narendra Modi Stadium, Ahmedabad",Narendra Modi Stadium,Ahmedabad,Ahmedabad,Gujarat Titans,Gujarat Titans,Royal Challengers Bengaluru,Royal Challengers Bengaluru,Royal Challengers Bengaluru,Royal Challengers Bengaluru,field,Royal Challengers Bengaluru,Royal Challengers Bengaluru,0,9,WG Jacks
1426284,2024,2024-04-28,Indian Premier League,46,"MA Chidambaram Stadium, Chepauk, Chennai",MA Chidambaram Stadium,Chennai,Chennai,Chennai Super Kings,Chennai Super Kings,Sunrisers Hyderabad,Sunrisers Hyderabad,Sunrisers Hyderabad,Sunrisers Hyderabad,field,Chennai Super Kings,Chennai Super Kings,78,0,RD Gaikwad
1426285,2024,2024-04-29,Indian Premier League,47,"Eden Gardens, Kolkata",Eden Gardens,Kolkata,Kolkata,Delhi Capitals,Delhi Capitals,Kolkata Knight Riders,Kolkata Knight Riders,Delhi Capitals,Delhi Capitals,bat,Kolkata Knight Riders,Kolkata Knight Riders,0,7,CV Varun
1426286,2024,2024-04-30,Indian Premier League,48,"Bharat Ratna Shri Atal Bihari Vajpayee Ekana Cricket Stadium, Lucknow",Bharat Ratna Shri Atal Bihari Vajpayee Ekana Cricket Stadium,Lucknow,Lucknow,Mumbai Indians,Mumbai Indians,Lucknow Super Giants,Lucknow Super Giants,Lucknow Super Giants,Lucknow Super Giants,field,Lucknow Super Giants,Lucknow Super Giants,0,4,MP Stoinis
1426287,2024,2024-05-01,Indian Premier League,49,"MA Chidambaram Stadium, Chepauk, Chennai",MA Chidambaram Stadium,Chennai,Chennai,Chennai Super Kings,Chennai Super Kings,Punjab Kings,Punjab Kings,Punjab Kings,Punjab Kings,field,Punjab Kings,Punjab Kings,0,7,Harpreet Brar
1426288,2024,2024-05-02,Indian Premier League,50,"Rajiv Gandhi International Stadium, Uppal, Hyderabad","Rajiv Gandhi International Stadium, Uppal",Hyderabad,Hyderabad,Sunrisers Hyderabad,Sunrisers Hyderabad,Rajasthan Royals,Rajasthan Royals,Sunrisers Hyderabad,Sunrisers Hyderabad,bat,Sunrisers Hyderabad,Sunrisers Hyderabad,1,0,B Kumar
1426289,2024,2024-05-03,Indian Premier League,51,"Wankhede Stadium, Mumbai",Wankhede Stadium,Mumbai,Mumbai,Kolkata Knight Riders,Kolkata Knight Riders,Mumbai Indians,Mumbai Indians,Mumbai Indians,Mumbai Indians,field,Kolkata Knight Riders,Kolkata Knight Riders,24,0,VR Iyer
1426290,2024,2024-05-04,Indian Premier League,52,"M Chinnaswamy Stadium, Bengaluru",M Chinnaswamy Stadium,Bengaluru,Bengaluru,Gujarat Titans,Gujarat Titans,Royal Challengers Bengaluru,Royal Challengers Bengaluru,Royal Challengers Bengaluru,Royal Challengers Bengaluru,field,Royal Challengers Bengaluru,Royal Challengers Bengaluru,0,4,Mohammed Siraj
1426291,2024,2024-05-05,Indian Premier League,53,"Himachal Pradesh Cricket Association Stadium, Dharamsala",Himachal Pradesh Cricket Association Stadium,Dharamsala,Dharamsala,Chennai Super Kings,Chennai Super Kings,Punjab Kings,Punjab Kings,Punjab Kings,Punjab Kings,field,Chennai Super Kings,Chennai Super Kings,28,0,RA Jadeja
1426292,2024,2024-05-05,Indian Premier League,54,"Bharat Ratna Shri Atal Bihari Vajpayee Ekana Cricket Stadium, Lucknow",Bharat Ratna Shri Atal Bihari Vajpayee Ekana Cricket Stadium,Lucknow,Lucknow,Kolkata Knight Riders,Kolkata Knight Riders,Lucknow Super Giants,Lucknow Super Giants,Lucknow Super Giants,Lucknow Super Giants,field,Kolkata Knight Riders,Kolkata Knight Riders,98,0,SP Narine
1426293,2024,2024-05-06,Indian Premier League,55,"Wankhede Stadium, Mumbai",Wankhede Stadium,Mumbai,Mumbai,Sunrisers Hyderabad,Sunrisers Hyderabad,Mumbai Indians,Mumbai Indians,Mumbai Indians,Mumbai Indians,field,Mumbai Indians,Mumbai Indians,0,7,SA Yadav
1426294,2024,2024-05-07,Indian Premier League,56,"Arun Jaitley Stadium, Delhi",Arun Jaitley Stadium,Delhi,Delhi,Delhi Capitals,Delhi Capitals,Rajasthan Royals,Rajasthan Royals,Rajasthan Royals,Rajasthan Royals,field,Delhi Capitals,Delhi Capitals,20,0,Kuldeep Yadav
1426295,2024,2024-05-08,Indian Premier League,57,"Rajiv Gandhi International Stadium, Uppal, Hyderabad","Rajiv Gandhi International Stadium, Uppal",Hyderabad,Hyderabad,Lucknow Super Giants,Lucknow Super Giants,Sunrisers Hyderabad,Sunrisers Hyderabad,Lucknow Super Giants,Lucknow Super Giants,bat,Sunrisers Hyderabad,Sunrisers Hyderabad,0,10,TM Head
1426296,2024,2024-05-09,Indian Premier League,58,"Himachal Pradesh Cricket Association Stadium, Dharamsala",Himachal Pradesh Cricket Association Stadium,Dharamsala,Dharamsala,Royal Challengers Bengaluru,Royal Challengers Bengaluru,Punjab Kings,Punjab Kings,Punjab Kings,Punjab Kings,field,Royal Challengers Bengaluru,Royal Challengers Bengaluru,60,0,V Kohli
1426297,2024,2024-05-10,Indian Premier League,59,"Narendra Modi Stadium, Ahmedabad",Narendra Modi Stadium,Ahmedabad,Ahmedabad,Gujarat Titans,Gujarat Titans,Chennai Super Kings,Chennai Super Kings,Chennai Super Kings,Chennai Super Kings,field,Gujarat Titans,Gujarat Titans,35,0,Shubman Gill
1426298,2024,2024-05-11,Indian Premier League,60,"Eden Gardens, Kolkata",Eden Gardens,Kolkata,Kolkata,Kolkata Knight Riders,Kolkata Knight Riders,Mumbai Indians,Mumbai Indians,Mumbai Indians,Mumbai Indians,field,Kolkata Knight Riders,Kolkata Knight Riders,18,0,CV Varun
1426299,2024,2024-05-12,Indian Premier League,61,"MA Chidambaram Stadium, Chepauk, Chennai",MA Chidambaram Stadium,Chennai,Chennai,Rajasthan Royals,Rajasthan Royals,Chennai Super Kings,Chennai Super Kings,Rajasthan Royals,Rajasthan Royals,bat,Chennai Super Kings,Chennai Super Kings,0,5,Simarjeet Singh
1426300,2024,2024-05-12,Indian Premier League,62,"M Chinnaswamy Stadium, Bengaluru",M Chinnaswamy Stadium,Bengaluru,Bengaluru,Royal Challengers Bengaluru,Royal Challengers Bengaluru,Delhi Capitals,Delhi Capitals,Delhi Capitals,Delhi Capitals,field,Royal Challengers Bengaluru,Royal Challengers Bengaluru,47,0,C Green
1426302,2024,2024-05-14,Indian Premier League,64,"Arun Jaitley Stadium, Delhi",Arun Jaitley Stadium,Delhi,Delhi,Delhi Capitals,Delhi Capitals,Lucknow Super Giants,Lucknow Super Giants,Lucknow Super Giants,Lucknow Super Giants,field,Delhi Capitals,Delhi Capitals,19,0,I Sharma
1426303,2024,2024-05-15,Indian Premier League,65,"Barsapara Cricket Stadium, Guwahati",Barsapara Cricket Stadium,Guwahati,Guwahati,Rajasthan Royals,Rajasthan Royals,Punjab Kings,Punjab Kings,Rajasthan Royals,Rajasthan Royals,bat,Punjab Kings,Punjab Kings,0,5,SM Curran
1426305,2024,2024-05-17,Indian Premier League,67,"Wankhede Stadium, Mumbai",Wankhede Stadium,Mumbai,Mumbai,Lucknow Super Giants,Lucknow Super Giants,Mumbai Indians,Mumbai Indians,Mumbai Indians,Mumbai Indians,field,Lucknow Super Giants,Lucknow Super Giants,18,0,N Pooran
1426306,2024,2024-05-18,Indian Premier League,68,"M Chinnaswamy Stadium, Bengaluru",M Chinnaswamy Stadium,Bengaluru,Bengaluru,Royal Challengers Bengaluru,Royal Challengers Bengaluru,Chennai Super Kings,Chennai Super Kings,Chennai Super Kings,Chennai Super Kings,field,Royal Challengers Bengaluru,Royal Challengers Bengaluru,27,0,F du Plessis
1426307,2024,2024-05-19,Indian Premier League,69,"Rajiv Gandhi International Stadium, Uppal, Hyderabad","Rajiv Gandhi International Stadium, Uppal",Hyderabad,Hyderabad,Punjab Kings,Punjab Kings,Sunrisers Hyderabad,Sunrisers Hyderabad,Punjab Kings,Punjab Kings,bat,Sunrisers Hyderabad,Sunrisers Hyderabad,0,4,Abhishek Sharma
1426309,2024,2024-05-21,Indian Premier League,,"Narendra Modi Stadium, Ahmedabad",Narendra Modi Stadium,Ahmedabad,Ahmedabad,Sunrisers Hyderabad,Sunrisers Hyderabad,Kolkata Knight Riders,Kolkata Knight Riders,Sunrisers Hyderabad,Sunrisers Hyderabad,bat,Kolkata Knight Riders,Kolkata Knight Riders,0,8,MA Starc
1426310,2024,2024-05-22,Indian Premier League,,"Narendra Modi Stadium, Ahmedabad",Narendra Modi Stadium,Ahmedabad,Ahmedabad,Royal Challengers Bengaluru,Royal Challengers Bengaluru,Rajasthan Royals,Rajasthan Royals,Rajasthan Royals,Rajasthan Royals,field,Rajasthan Royals,Rajasthan Royals,0,4,R Ashwin
1426311,2024,2024-05-24,Indian Premier League,,"MA Chidambaram Stadium, Chepauk, Chennai",MA Chidambaram Stadium,Chennai,Chennai,Sunrisers Hyderabad,Sunrisers Hyderabad,Rajasthan Royals,Rajasthan Royals,Rajasthan Royals,Rajasthan Royals,field,Sunrisers Hyderabad,Sunrisers Hyderabad,36,0,Shahbaz Ahmed
1426312,2024,2024-05-26,Indian Premier League,,"MA Chidambaram Stadium, Chepauk, Chennai",MA Chidambaram Stadium,Chennai,Chennai,Sunrisers Hyderabad,Sunrisers Hyderabad,Kolkata Knight Riders,Kolkata Knight Riders,Sunrisers Hyderabad,Sunrisers Hyderabad,bat,Kolkata Knight Riders,Kolkata Knight Riders,0,8,MA Starc
1473438,2025,2025-03-22,Indian Premier League,1,"Eden Gardens, Kolkata",Eden Gardens,Kolkata,Kolkata,Kolkata Knight Riders,Kolkata Knight Riders,Royal Challengers Bengaluru,Royal Challengers Bengaluru,Royal Challengers Bengaluru,Royal Challengers Bengaluru,field,Royal Challengers Bengaluru,Royal Challengers Bengaluru,0,7,KH Pandya
1473439,2025,2025-03-23,Indian Premier League,2,"Rajiv Gandhi International Stadium, Uppal, Hyderabad","Rajiv Gandhi International Stadium, Uppal",Hyderabad,Hyderabad,Sunrisers Hyderabad,Sunrisers Hyderabad,Rajasthan Royals,Rajasthan Royals,Rajasthan Royals,Rajasthan Royals,field,Sunrisers Hyderabad,Sunrisers Hyderabad,44,0,Ishan Kishan
1473440,2025,2025-03-23,Indian Premier League,3,"MA Chidambaram Stadium, Chepauk, Chennai",MA Chidambaram Stadium,Chennai,Chennai,Mumbai Indians,Mumbai Indians,Chennai Super Kings,Chennai Super Kings,Chennai Super Kings,Chennai Super Kings,field,Chennai Super Kings,Chennai Super Kings,0,4,Noor Ahmad
1473441,2025,2025-03-24,Indian Premier League,4,"Dr. Y.S. Rajasekhara Reddy ACA-VDCA Cricket Stadium, Visakhapatnam",Dr Y.S. Rajasekhara Reddy ACA-VDCA Cricket Stadium,Visakhapatnam,Visakhapatnam,Lucknow Super Giants,Lucknow Super Giants,Delhi Capitals,Delhi Capitals,Delhi Capitals,Delhi Capitals,field,Delhi Capitals,Delhi Capitals,0,1,Ashutosh Sharma
1473442,2025,2025-03-25,Indian Premier League,5,"Narendra Modi Stadium, Ahmedabad",Narendra Modi Stadium,Ahmedabad,Ahmedabad,Punjab Kings,Punjab Kings,Gujarat Titans,Gujarat Titans,Gujarat Titans,Gujarat Titans,field,Punjab Kings,Punjab Kings,11,0,SS Iyer
1473443,2025,2025-03-26,Indian Premier League,6,"Barsapara Cricket Stadium, Guwahati",Barsapara Cricket Stadium,Guwahati,Guwahati,Rajasthan Royals,Rajasthan Royals,Kolkata Knight Riders,Kolkata Knight Riders,Kolkata Knight Riders,Kolkata Knight Riders,field,Kolkata Knight Riders,Kolkata Knight Riders,0,8,Q de Kock
1473444,2025,2025-03-27,Indian Premier League,7,"Rajiv Gandhi International Stadium, Uppal, Hyderabad","Rajiv Gandhi International Stadium, Uppal",Hyderabad,Hyderabad,Sunrisers Hyderabad,Sunrisers Hyderabad,Lucknow Super Giants,Lucknow Super Giants,Lucknow Super Giants,Lucknow Super Giants,field,Lucknow Super Giants,Lucknow Super Giants,0,5,SN Thakur
1473445,2025,2025-03-28,Indian Premier League,8,"MA Chidambaram Stadium, Chepauk, Chennai",MA Chidambaram Stadium,Chennai,Chennai,Royal Challengers Bengaluru,Royal Challengers Bengaluru,Chennai Super Kings,Chennai Super Kings,Chennai Super Kings,Chennai Super Kings,field,Royal Challengers Bengaluru,Royal Challengers Bengaluru,50,0,RM Patidar
1473446,2025,2025-03-29,Indian Premier League,9,"Narendra Modi Stadium, Ahmedabad",Narendra Modi Stadium,Ahmedabad,Ahmedabad,Gujarat Titans,Gujarat Titans,Mumbai Indians,Mumbai Indians,Mumbai Indians,Mumbai Indians,field,Gujarat Titans,Gujarat Titans,36,0,M Prasidh Krishna
1473447,2025,2025-03-30,Indian Premier League,10,"Dr. Y.S. Rajasekhara Reddy ACA-VDCA Cricket Stadium, Visakhapatnam",Dr Y.S. Rajasekhara Reddy ACA-VDCA Cricket Stadium,Visakhapatnam,Visakhapatnam,Sunrisers Hyderabad,Sunrisers Hyderabad,Delhi Capitals,Delhi Capitals,Sunrisers Hyderabad,Sunrisers Hyderabad,bat,Delhi Capitals,Delhi Capitals,0,7,MA Starc
1473448,2025,2025-03-30,Indian Premier League,11,"Barsapara Cricket Stadium, Guwahati",Barsapara Cricket Stadium,Guwahati,Guwahati,Rajasthan Royals,Rajasthan Royals,Chennai Super Kings,Chennai Super Kings,Chennai Super Kings,Chennai Super Kings,field,Rajasthan Royals,Rajasthan Royals,6,0,N Rana
1473449,2025,2025-03-31,Indian Premier League,12,"Wankhede Stadium, Mumbai",Wankhede Stadium,Mumbai,Mumbai,Kolkata Knight Riders,Kolkata Knight Riders,Mumbai Indians,Mumbai Indians,Mumbai Indians,Mumbai Indians,field,Mumbai Indians,Mumbai Indians,0,8,Ashwani Kumar
1473450,2025,2025-04-01,Indian Premier League,13,"Bharat Ratna Shri Atal Bihari Vajpayee Ekana Cricket Stadium, Lucknow",Bharat Ratna Shri Atal Bihari Vajpayee Ekana Cricket Stadium,Lucknow,Lucknow,Lucknow Super Giants,Lucknow Super Giants,Punjab Kings,Punjab Kings,Punjab Kings,Punjab Kings,field,Punjab Kings,Punjab Kings,0,8,P Simran Singh
1473451,2025,2025-04-02,Indian Premier League,14,"M Chinnaswamy Stadium, Bengaluru",M Chinnaswamy Stadium,Bengaluru,Bengaluru,Royal Challengers Bengaluru,Royal Challengers Bengaluru,Gujarat Titans,Gujarat Titans,Gujarat Titans,Gujarat Titans,field,Gujarat Titans,Gujarat Titans,0,8,Mohammed Siraj
1473452,2025,2025-04-03,Indian Premier League,15,"Eden Gardens, Kolkata",Eden Gardens,Kolkata,Kolkata,Kolkata Knight Riders,Kolkata Knight Riders,Sunrisers Hyderabad,Sunrisers Hyderabad,Sunrisers Hyderabad,Sunrisers Hyderabad,field,Kolkata Knight Riders,Kolkata Knight Riders,80,0,VG Arora
1473453,2025,2025-04-04,Indian Premier League,16,"Bharat Ratna Shri Atal Bihari Vajpayee Ekana Cricket Stadium, Lucknow",Bharat Ratna Shri Atal Bihari Vajpayee Ekana Cricket Stadium,Lucknow,Lucknow,Lucknow Super Giants,Lucknow Super Giants,Mumbai Indians,Mumbai Indians,Mumbai Indians,Mumbai Indians,field,Lucknow Super Giants,Lucknow Super Giants,12,0,DS Rathi
1473454,2025,2025-04-05,Indian Premier League,17,"MA Chidambaram Stadium, Chepauk, Chennai",MA Chidambaram Stadium,Chennai,Chennai,Delhi Capitals,Delhi Capitals,Chennai Super Kings,Chennai Super Kings,Delhi Capitals,Delhi Capitals,bat,Delhi Capitals,Delhi Capitals,25,0,KL Rahul
1473455,2025,2025-04-05,Indian Premier League,18,"Maharaja Yadavindra Singh International Cricket Stadium, Mullanpur",Maharaja Yadavindra Singh International Cricket Stadium,Mohali,Mohali,Rajasthan Royals,Rajasthan Royals,Punjab Kings,Punjab Kings,Punjab Kings,Punjab Kings,field,Rajasthan Royals,Rajasthan Royals,50,0,JC Archer
1473457,2025,2025-04-06,Indian Premier League,19,"Rajiv Gandhi International Stadium, Uppal, Hyderabad","Rajiv Gandhi International Stadium, Uppal",Hyderabad,Hyderabad,Sunrisers Hyderabad,Sunrisers Hyderabad,Gujarat Titans,Gujarat Titans,Gujarat Titans,Gujarat Titans,field,Gujarat Titans,Gujarat Titans,0,7,Mohammed Siraj
1473458,2025,2025-04-07,Indian Premier League,20,"Wankhede Stadium, Mumbai",Wankhede Stadium,Mumbai,Mumbai,Royal Challengers Bengaluru,Royal Challengers Bengaluru,Mumbai Indians,Mumbai Indians,Mumbai Indians,Mumbai Indians,field,Royal Challengers Bengaluru,Royal Challengers Bengaluru,12,0,RM Patidar
1473456,2025,2025-04-08,Indian Premier League,21,"Eden Gardens, Kolkata",Eden Gardens,Kolkata,Kolkata,Lucknow Super Giants,Lucknow Super Giants,Kolkata Knight Riders,Kolkata Knight Riders,Kolkata Knight Riders,Kolkata Knight Riders,field,Lucknow Super Giants,Lucknow Super Giants,4,0,N Pooran
1473459,2025,2025-04-08,Indian Premier League,22,"Maharaja Yadavindra Singh International Cricket Stadium, Mullanpur",Maharaja Yadavindra Singh International Cricket Stadium,Mohali,Mohali,Punjab Kings,Punjab Kings,Chennai Super Kings,Chennai Super Kings,Punjab Kings,Punjab Kings,bat,Punjab Kings,Punjab Kings,18,0,Priyansh Arya
1473460,2025,2025-04-09,Indian Premier League,23,"Narendra Modi Stadium, Ahmedabad",Narendra Modi Stadium,Ahmedabad,Ahmedabad,Gujarat Titans,Gujarat Titans,Rajasthan Royals,Rajasthan Royals,Rajasthan Royals,Rajasthan Royals,field,Gujarat Titans,Gujarat Titans,58,0,B Sai Sudharsan
1473461,2025,2025-04-10,Indian Premier League,24,"M Chinnaswamy Stadium, Bengaluru",M Chinnaswamy Stadium,Bengaluru,Bengaluru,Royal Challengers Bengaluru,Royal Challengers Bengaluru,Delhi Capitals,Delhi Capitals,Delhi Capitals,Delhi Capitals,field,Delhi Capitals,Delhi Capitals,0,6,KL Rahul
1473462,2025,2025-04-11,Indian Premier League,25,"MA Chidambaram Stadium, Chepauk, Chennai",MA Chidambaram Stadium,Chennai,Chennai,Chennai Super Kings,Chennai Super Kings,Kolkata Knight Riders,Kolkata Knight Riders,Kolkata Knight Riders,Kolkata Knight Riders,field,Kolkata Knight Riders,Kolkata Knight Riders,0,8,SP Narine
1473463,2025,2025-04-12,Indian Premier League,26,"Bharat Ratna Shri Atal Bihari Vajpayee Ekana Cricket Stadium, Lucknow",Bharat Ratna Shri Atal Bihari Vajpayee Ekana Cricket Stadium,Lucknow,Lucknow,Gujarat Titans,Gujarat Titans,Lucknow Super Giants,Lucknow Super Giants,Lucknow Super Giants,Lucknow Super Giants,field,Lucknow Super Giants,Lucknow Super Giants,0,6,AK Markram
1473464,2025,2025-04-12,Indian Premier League,27,"Rajiv Gandhi International Stadium, Uppal, Hyderabad","Rajiv Gandhi International Stadium, Uppal",Hyderabad,Hyderabad,Punjab Kings,Punjab Kings,Sunrisers Hyderabad,Sunrisers Hyderabad,Punjab Kings,Punjab Kings,bat,Sunrisers Hyderabad,Sunrisers Hyderabad,0,8,Abhishek Sharma
1473465,2025,2025-04-13,Indian Premier League,28,"Sawai Mansingh Stadium, Jaipur",Sawai Mansingh Stadium,Jaipur,Jaipur,Rajasthan Royals,Rajasthan Royals,Royal Challengers Bengaluru,Royal Challengers Bengaluru,Royal Challengers Bengaluru,Royal Challengers Bengaluru,field,Royal Challengers Bengaluru,Royal Challengers Bengaluru,0,9,PD Salt
1473466,2025,2025-04-13,Indian Premier League,29,"Arun Jaitley Stadium, Delhi",Arun Jaitley Stadium,Delhi,Delhi,Mumbai Indians,Mumbai Indians,Delhi Capitals,Delhi Capitals,Delhi Capitals,Delhi Capitals,field,Mumbai Indians,Mumbai Indians,12,0,KV Sharma
1473467,2025,2025-04-14,Indian Premier League,30,"Bharat Ratna Shri Atal Bihari Vajpayee Ekana Cricket Stadium, Lucknow",Bharat Ratna Shri Atal Bihari Vajpayee Ekana Cricket Stadium,Lucknow,Lucknow,Lucknow Super Giants,Lucknow Super Giants,Chennai Super Kings,Chennai Super Kings,Chennai Super Kings,Chennai Super Kings,field,Chennai Super Kings,Chennai Super Kings,0,5,MS Dhoni
1473468,2025,2025-04-15,Indian Premier League,31,"Maharaja Yadavindra Singh International Cricket Stadium, Mullanpur",Maharaja Yadavindra Singh International Cricket Stadium,Mohali,Mohali,Punjab Kings,Punjab Kings,Kolkata Knight Riders,Kolkata Knight Riders,Punjab Kings,Punjab Kings,bat,Punjab Kings,Punjab Kings,16,0,YS Chahal
1473469,2025,2025-04-16,Indian Premier League,32,"Arun Jaitley Stadium, Delhi",Arun Jaitley Stadium,Delhi,Delhi,Delhi Capitals,Delhi Capitals,Rajasthan Royals,Rajasthan Royals,Rajasthan Royals,Rajasthan Royals,field,,,0,0,MA Starc
1473470,2025,2025-04-17,Indian Premier League,33,"Wankhede Stadium, Mumbai",Wankhede Stadium,Mumbai,Mumbai,Sunrisers Hyderabad,Sunrisers Hyderabad,Mumbai Indians,Mumbai Indians,Mumbai Indians,Mumbai Indians,field,Mumbai Indians,Mumbai Indians,0,4,WG Jacks
1473471,2025,2025-04-18,Indian Premier League,34,"M Chinnaswamy Stadium, Bengaluru",M Chinnaswamy Stadium,Bengaluru,Bengaluru,Royal Challengers Bengaluru,Royal Challengers Bengaluru,Punjab Kings,Punjab Kings,Punjab Kings,Punjab Kings,field,Punjab Kings,Punjab Kings,0,5,TH David
1473472,2025,2025-04-19,Indian Premier League,35,"Narendra Modi Stadium, Ahmedabad",Narendra Modi Stadium,Ahmedabad,Ahmedabad,Delhi Capitals,Delhi Capitals,Gujarat Titans,Gujarat Titans,Gujarat Titans,Gujarat Titans,field,Gujarat Titans,Gujarat Titans,0,7,JC Buttler
1473473,2025,2025-04-19,Indian Premier League,36,"Sawai Mansingh Stadium, Jaipur",Sawai Mansingh Stadium,Jaipur,Jaipur,Lucknow Super Giants,Lucknow Super Giants,Rajasthan Royals,Rajasthan Royals,Lucknow Super Giants,Lucknow Super Giants,bat,Lucknow Super Giants,Lucknow Super Giants,2,0,Avesh Khan
1473474,2025,2025-04-20,Indian Premier League,37,"Maharaja Yadavindra Singh International Cricket Stadium, Mullanpur",Maharaja Yadavindra Singh International Cricket Stadium,Mohali,Mohali,Punjab Kings,Punjab Kings,Royal Challengers Bengaluru,Royal Challengers Bengaluru,Royal Challengers Bengaluru,Royal Challengers Bengaluru,field,Royal Challengers Bengaluru,Royal Challengers Bengaluru,0,7,V Kohli
1473475,2025,2025-04-20,Indian Premier League,38,"Wankhede Stadium, Mumbai",Wankhede Stadium,Mumbai,Mumbai,Chennai Super Kings,Chennai Super Kings,Mumbai Indians,Mumbai Indians,Mumbai Indians,Mumbai Indians,field,Mumbai Indians,Mumbai Indians,0,9,RG Sharma
1473476,2025,2025-04-21,Indian Premier League,39,"Eden Gardens, Kolkata",Eden Gardens,Kolkata,Kolkata,Gujarat Titans,Gujarat Titans,Kolkata Knight Riders,Kolkata Knight Riders,Kolkata Knight Riders,Kolkata Knight Riders,field,Gujarat Titans,Gujarat Titans,39,0,Shubman Gill
1473477,2025,2025-04-22,Indian Premier League,40,"Bharat Ratna Shri Atal Bihari Vajpayee Ekana Cricket Stadium, Lucknow",Bharat Ratna Shri Atal Bihari Vajpayee Ekana Cricket Stadium,Lucknow,Lucknow,Lucknow Super Giants,Lucknow Super Giants,Delhi Capitals,Delhi Capitals,Delhi Capitals,Delhi Capitals,field,Delhi Capitals,Delhi Capitals,0,8,Mukesh Kumar
1473478,2025,2025-04-23,Indian Premier League,41,"Rajiv Gandhi International Stadium, Uppal, Hyderabad","Rajiv Gandhi International Stadium, Uppal",Hyderabad,Hyderabad,Sunrisers Hyderabad,Sunrisers Hyderabad,Mumbai Indians,Mumbai Indians,Mumbai Indians,Mumbai Indians,field,Mumbai Indians,Mumbai Indians,0,7,TA Boult
1473479,2025,2025-04-24,Indian Premier League,42,"M Chinnaswamy Stadium, Bengaluru",M Chinnaswamy Stadium,Bengaluru,Bengaluru,Royal Challengers Bengaluru,Royal Challengers Bengaluru,Rajasthan Royals,Rajasthan Royals,Rajasthan Royals,Rajasthan Royals,field,Royal Challengers Bengaluru,Royal Challengers Bengaluru,11,0,JR Hazlewood
1473480,2025,2025-04-25,Indian Premier League,43,"MA Chidambaram Stadium, Chepauk, Chennai",MA Chidambaram Stadium,Chennai,Chennai,Chennai Super Kings,Chennai Super Kings,Sunrisers Hyderabad,Sunrisers Hyderabad,Sunrisers Hyderabad,Sunrisers Hyderabad,field,Sunrisers Hyderabad,Sunrisers Hyderabad,0,5,HV Patel
1473481,2025,2025-04-26,Indian Premier League,44,"Eden Gardens, Kolkata",Eden Gardens,Kolkata,Kolkata,Punjab Kings,Punjab Kings,Kolkata Knight Riders,Kolkata Knight Riders,Punjab Kings,Punjab Kings,bat,,,0,0,
1473482,2025,2025-04-27,Indian Premier League,45,"Wankhede Stadium, Mumbai",Wankhede Stadium,Mumbai,Mumbai,Mumbai Indians,Mumbai Indians,Lucknow Super Giants,Lucknow Super Giants,Lucknow Super Giants,Lucknow Super Giants,field,Mumbai Indians,Mumbai Indians,54,0,WG Jacks
1473483,2025,2025-04-27,Indian Premier League,46,"Arun Jaitley Stadium, Delhi",Arun Jaitley Stadium,Delhi,Delhi,Delhi Capitals,Delhi Capitals,Royal Challengers Bengaluru,Royal Challengers Bengaluru,Royal Challengers Bengaluru,Royal Challengers Bengaluru,field,Royal Challengers Bengaluru,Royal Challengers Bengaluru,0,6,KH Pandya
1473484,2025,2025-04-28,Indian Premier League,47,"Sawai Mansingh Stadium, Jaipur",Sawai Mansingh Stadium,Jaipur,Jaipur,Gujarat Titans,Gujarat Titans,Rajasthan Royals,Rajasthan Royals,Rajasthan Royals,Rajasthan Royals,field,Rajasthan Royals,Rajasthan Royals,0,8,V Suryavanshi
1473485,2025,2025-04-29,Indian Premier League,48,"Arun Jaitley Stadium, Delhi",Arun Jaitley Stadium,Delhi,Delhi,Kolkata Knight Riders,Kolkata Knight Riders,Delhi Capitals,Delhi Capitals,Delhi Capitals,Delhi Capitals,field,Kolkata Knight Riders,Kolkata Knight Riders,14,0,SP Narine
1473486,2025,2025-04-30,Indian Premier League,49,"MA Chidambaram Stadium, Chepauk, Chennai",MA Chidambaram Stadium,Chennai,Chennai,Chennai Super Kings,Chennai Super Kings,Punjab Kings,Punjab Kings,Punjab Kings,Punjab Kings,field,Punjab Kings,Punjab Kings,0,4,SS Iyer
1473487,2025,2025-05-01,Indian Premier League,50,"Sawai Mansingh Stadium, Jaipur",Sawai Mansingh Stadium,Jaipur,Jaipur,Mumbai Indians,Mumbai Indians,Rajasthan Royals,Rajasthan Royals,Rajasthan Royals,Rajasthan Royals,field,Mumbai Indians,Mumbai Indians,100,0,RD Rickelton
1473488,2025,2025-05-02,Indian Premier League,51,"Narendra Modi Stadium, Ahmedabad",Narendra Modi Stadium,Ahmedabad,Ahmedabad,Gujarat Titans,Gujarat Titans,Sunrisers Hyderabad,Sunrisers Hyderabad,Sunrisers Hyderabad,Sunrisers Hyderabad,field,Gujarat Titans,Gujarat Titans,38,0,M Prasidh Krishna
1473489,2025,2025-05-03,Indian Premier League,52,"M Chinnaswamy Stadium, Bengaluru",M Chinnaswamy Stadium,Bengaluru,Bengaluru,Royal Challengers Bengaluru,Royal Challengers Bengaluru,Chennai Super Kings,Chennai Super Kings,Chennai Super Kings,Chennai Super Kings,field,Royal Challengers Bengaluru,Royal Challengers Bengaluru,2,0,R Shepherd
1473490,2025,2025-05-04,Indian Premier League,53,"Eden Gardens, Kolkata",Eden Gardens,Kolkata,Kolkata,Kolkata Knight Riders,Kolkata Knight Riders,Rajasthan Royals,Rajasthan Royals,Kolkata Knight Riders,Kolkata Knight Riders,bat,Kolkata Knight Riders,Kolkata Knight Riders,1,0,AD Russell
1473491,2025,2025-05-04,Indian Premier League,54,"Himachal Pradesh Cricket Association Stadium, Dharamsala",Himachal Pradesh Cricket Association Stadium,Dharamsala,Dharamsala,Punjab Kings,Punjab Kings,Lucknow Super Giants,Lucknow Super Giants,Lucknow Super Giants,Lucknow Super Giants,field,Punjab Kings,Punjab Kings,37,0,P Simran Singh
1473492,2025,2025-05-05,Indian Premier League,55,"Rajiv Gandhi International Stadium, Uppal, Hyderabad","Rajiv Gandhi International Stadium, Uppal",Hyderabad,Hyderabad,Delhi Capitals,Delhi Capitals,Sunrisers Hyderabad,Sunrisers Hyderabad,Sunrisers Hyderabad,Sunrisers Hyderabad,field,,,0,0,
1473493,2025,2025-05-06,Indian Premier League,56,"Wankhede Stadium, Mumbai",Wankhede Stadium,Mumbai,Mumbai,Mumbai Indians,Mumbai Indians,Gujarat Titans,Gujarat Titans,Gujarat Titans,Gujarat Titans,field,Gujarat Titans,Gujarat Titans,0,3,Shubman Gill
1473494,2025,2025-05-07,Indian Premier League,57,"Eden Gardens, Kolkata",Eden Gardens,Kolkata,Kolkata,Kolkata Knight Riders,Kolkata Knight Riders,Chennai Super Kings,Chennai Super Kings,Kolkata Knight Riders,Kolkata Knight Riders,bat,Chennai Super Kings,Chennai Super Kings,0,2,Noor Ahmad
1473495,2025,2025-05-08,Indian Premier League,58,"Himachal Pradesh Cricket Association Stadium, Dharamsala",Himachal Pradesh Cricket Association Stadium,Dharamsala,Dharamsala,Punjab Kings,Punjab Kings,Delhi Capitals,Delhi Capitals,Punjab Kings,Punjab Kings,bat,,,0,0,
1473497,2025,2025-05-18,Indian Premier League,59,"Sawai Mansingh Stadium, Jaipur",Sawai Mansingh Stadium,Jaipur,Jaipur,Punjab Kings,Punjab Kings,Rajasthan Royals,Rajasthan Royals,Punjab Kings,Punjab Kings,bat,Punjab Kings,Punjab Kings,10,0,Harpreet Brar
1473498,2025,2025-05-18,Indian Premier League,60,"Arun Jaitley Stadium, Delhi",Arun Jaitley Stadium,Delhi,Delhi,Delhi Capitals,Delhi Capitals,Gujarat Titans,Gujarat Titans,Gujarat Titans,Gujarat Titans,field,Gujarat Titans,Gujarat Titans,0,10,B Sai Sudharsan
1473499,2025,2025-05-19,Indian Premier League,61,"Bharat Ratna Shri Atal Bihari Vajpayee Ekana Cricket Stadium, Lucknow",Bharat Ratna Shri Atal Bihari Vajpayee Ekana Cricket Stadium,Lucknow,Lucknow,Lucknow Super Giants,Lucknow Super Giants,Sunrisers Hyderabad,Sunrisers Hyderabad,Sunrisers Hyderabad,Sunrisers Hyderabad,field,Sunrisers Hyderabad,Sunrisers Hyderabad,0,6,Abhishek Sharma
1473500,2025,2025-05-20,Indian Premier League,62,"Arun Jaitley Stadium, Delhi",Arun Jaitley Stadium,Delhi,Delhi,Chennai Super Kings,Chennai Super Kings,Rajasthan Royals,Rajasthan Royals,Rajasthan Royals,Rajasthan Royals,field,Rajasthan Royals,Rajasthan Royals,0,6,Akash Madhwal
1473501,2025,2025-05-21,Indian Premier League,63,"Wankhede Stadium, Mumbai",Wankhede Stadium,Mumbai,Mumbai,Mumbai Indians,Mumbai Indians,Delhi Capitals,Delhi Capitals,Delhi Capitals,Delhi Capitals,field,Mumbai Indians,Mumbai Indians,59,0,SA Yadav
1473502,2025,2025-05-22,Indian Premier League,64,"Narendra Modi Stadium, Ahmedabad",Narendra Modi Stadium,Ahmedabad,Ahmedabad,Lucknow Super Giants,Lucknow Super Giants,Gujarat Titans,Gujarat Titans,Gujarat Titans,Gujarat Titans,field,Lucknow Super Giants,Lucknow Super Giants,33,0,MR Marsh
1473503,2025,2025-05-23,Indian Premier League,65,"Bharat Ratna Shri Atal Bihari Vajpayee Ekana Cricket Stadium, Lucknow",Bharat Ratna Shri Atal Bihari Vajpayee Ekana Cricket Stadium,Lucknow,Lucknow,Sunrisers Hyderabad,Sunrisers Hyderabad,Royal Challengers Bengaluru,Royal Challengers Bengaluru,Royal Challengers Bengaluru,Royal Challengers Bengaluru,field,Sunrisers Hyderabad,Sunrisers Hyderabad,42,0,Ishan Kishan
1485779,2025,2025-05-24,Indian Premier League,66,"Sawai Mansingh Stadium, Jaipur",Sawai Mansingh Stadium,Jaipur,Jaipur,Punjab Kings,Punjab Kings,Delhi Capitals,Delhi Capitals,Delhi Capitals,Delhi Capitals,field,Delhi Capitals,Delhi Capitals,0,6,Sameer Rizvi
1473504,2025,2025-05-25,Indian Premier League,67,"Narendra Modi Stadium, Ahmedabad",Narendra Modi Stadium,Ahmedabad,Ahmedabad,Chennai Super Kings,Chennai Super Kings,Gujarat Titans,Gujarat Titans,Chennai Super Kings,Chennai Super Kings,bat,Chennai Super Kings,Chennai Super Kings,83,0,D Brevis
1473505,2025,2025-05-25,Indian Premier League,68,"Arun Jaitley Stadium, Delhi",Arun Jaitley Stadium,Delhi,Delhi,Sunrisers Hyderabad,Sunrisers Hyderabad,Kolkata Knight Riders,Kolkata Knight Riders,Sunrisers Hyderabad,Sunrisers Hyderabad,bat,Sunrisers Hyderabad,Sunrisers Hyderabad,110,0,H Klaasen
1473506,2025,2025-05-26,Indian Premier League,69,"Sawai Mansingh Stadium, Jaipur",Sawai Mansingh Stadium,Jaipur,Jaipur,Mumbai Indians,Mumbai Indians,Punjab Kings,Punjab Kings,Punjab Kings,Punjab Kings,field,Punjab Kings,Punjab Kings,0,7,JP Inglis
1473507,2025,2025-05-27,Indian Premier League,70,"Bharat Ratna Shri Atal Bihari Vajpayee Ekana Cricket Stadium, Lucknow",Bharat Ratna Shri Atal Bihari Vajpayee Ekana Cricket Stadium,Lucknow,Lucknow,Lucknow Super Giants,Lucknow Super Giants,Royal Challengers Bengaluru,Royal Challengers Bengaluru,Royal Challengers Bengaluru,Royal Challengers Bengaluru,field,Royal Challengers Bengaluru,Royal Challengers Bengaluru,0,6,JM Sharma
1473508,2025,2025-05-29,Indian Premier League,,"Maharaja Yadavindra Singh International Cricket Stadium, Mullanpur",Maharaja Yadavindra Singh International Cricket Stadium,New Chandigarh,New Chandigarh,Punjab Kings,Punjab Kings,Royal Challengers Bengaluru,Royal Challengers Bengaluru,Royal Challengers Bengaluru,Royal Challengers Bengaluru,field,Royal Challengers Bengaluru,Royal Challengers Bengaluru,0,8,Suyash Sharma
1473509,2025,2025-05-30,Indian Premier League,,"Maharaja Yadavindra Singh International Cricket Stadium, New Chandigarh",Maharaja Yadavindra Singh International Cricket Stadium,New Chandigarh,New Chandigarh,Mumbai Indians,Mumbai Indians,Gujarat Titans,Gujarat Titans,Mumbai Indians,Mumbai Indians,bat,Mumbai Indians,Mumbai Indians,20,0,RG Sharma
1473510,2025,2025-06-01,Indian Premier League,,"Narendra Modi Stadium, Ahmedabad",Narendra Modi Stadium,Ahmedabad,Ahmedabad,Mumbai Indians,Mumbai Indians,Punjab Kings,Punjab Kings,Punjab Kings,Punjab Kings,field,Punjab Kings,Punjab Kings,0,5,SS Iyer
1473511,2025,2025-06-03,Indian Premier League,,"Narendra Modi Stadium, Ahmedabad",Narendra Modi Stadium,Ahmedabad,Ahmedabad,Royal Challengers Bengaluru,Royal Challengers Bengaluru,Punjab Kings,Punjab Kings,Punjab Kings,Punjab Kings,field,Royal Challengers Bengaluru,Royal Challengers Bengaluru,6,0,KH Pandya
1527674,2026,2026-03-28,Indian Premier League,1,"M Chinnaswamy Stadium, Bengaluru",M Chinnaswamy Stadium,Bengaluru,Bengaluru,Sunrisers Hyderabad,Sunrisers Hyderabad,Royal Challengers Bengaluru,Royal Challengers Bengaluru,Royal Challengers Bengaluru,Royal Challengers Bengaluru,field,Royal Challengers Bengaluru,Royal Challengers Bengaluru,0,6,JA Duffy
1527675,2026,2026-03-29,Indian Premier League,2,"Wankhede Stadium, Mumbai",Wankhede Stadium,Mumbai,Mumbai,Kolkata Knight Riders,Kolkata Knight Riders,Mumbai Indians,Mumbai Indians,Mumbai Indians,Mumbai Indians,field,Mumbai Indians,Mumbai Indians,0,6,SN Thakur
1527676,2026,2026-03-30,Indian Premier League,3,"Barsapara Cricket Stadium, Guwahati",Barsapara Cricket Stadium,Guwahati,Guwahati,Chennai Super Kings,Chennai Super Kings,Rajasthan Royals,Rajasthan Royals,Rajasthan Royals,Rajasthan Royals,field,Rajasthan Royals,Rajasthan Royals,0,8,N Burger
1527677,2026,2026-03-31,Indian Premier League,4,"Maharaja Yadavindra Singh International Cricket Stadium, New Chandigarh",Maharaja Yadavindra Singh International Cricket Stadium,New Chandigarh,New Chandigarh,Gujarat Titans,Gujarat Titans,Punjab Kings,Punjab Kings,Punjab Kings,Punjab Kings,field,Punjab Kings,Punjab Kings,0,3,C Connolly
1527678,2026,2026-04-01,Indian Premier League,5,"Bharat Ratna Shri Atal Bihari Vajpayee Ekana Cricket Stadium, Lucknow",Bharat Ratna Shri Atal Bihari Vajpayee Ekana Cricket Stadium,Lucknow,Lucknow,Lucknow Super Giants,Lucknow Super Giants,Delhi Capitals,Delhi Capitals,Delhi Capitals,Delhi Capitals,field,Delhi Capitals,Delhi Capitals,0,6,Sameer Rizvi
1527679,2026,2026-04-02,Indian Premier League,6,"Eden Gardens, Kolkata",Eden Gardens,Kolkata,Kolkata,Sunrisers Hyderabad,Sunrisers Hyderabad,Kolkata Knight Riders,Kolkata Knight Riders,Kolkata Knight Riders,Kolkata Knight Riders,field,Sunrisers Hyderabad,Sunrisers Hyderabad,65,0,Nithish Kumar Reddy
1527680,2026,2026-04-03,Indian Premier League,7,"MA Chidambaram Stadium, Chepauk, Chennai",MA Chidambaram Stadium,Chennai,Chennai,Chennai Super Kings,Chennai Super Kings,Punjab Kings,Punjab Kings,Punjab Kings,Punjab Kings,field,Punjab Kings,Punjab Kings,0,5,Priyansh Arya
1527681,2026,2026-04-04,Indian Premier League,8,"Arun Jaitley Stadium, Delhi",Arun Jaitley Stadium,Delhi,Delhi,Mumbai Indians,Mumbai Indians,Delhi Capitals,Delhi Capitals,Delhi Capitals,Delhi Capitals,field,Delhi Capitals,Delhi Capitals,0,6,Sameer Rizvi
1527682,2026,2026-04-04,Indian Premier League,9,"Narendra Modi Stadium, Ahmedabad",Narendra Modi Stadium,Ahmedabad,Ahmedabad,Rajasthan Royals,Rajasthan Royals,Gujarat Titans,Gujarat Titans,Rajasthan Royals,Rajasthan Royals,bat,Rajasthan Royals,Rajasthan Royals,6,0,Ravi Bishnoi
1527683,2026,2026-04-05,Indian Premier League,10,"Rajiv Gandhi International Stadium, Uppal, Hyderabad","Rajiv Gandhi International Stadium, Uppal",Hyderabad,Hyderabad,Sunrisers Hyderabad,Sunrisers Hyderabad,Lucknow Super Giants,Lucknow Super Giants,Lucknow Super Giants,Lucknow Super Giants,field,Lucknow Super Giants,Lucknow Super Giants,0,5,Mohammed Shami
1527684,2026,2026-04-05,Indian Premier League,11,"M Chinnaswamy Stadium, Bengaluru",M Chinnaswamy Stadium,Bengaluru,Bengaluru,Royal Challengers Bengaluru,Royal Challengers Bengaluru,Chennai Super Kings,Chennai Super Kings,Chennai Super Kings,Chennai Super Kings,field,Royal Challengers Bengaluru,Royal Challengers Bengaluru,43,0,TH David
1527685,2026,2026-04-06,Indian Premier League,12,"Eden Gardens, Kolkata",Eden Gardens,Kolkata,Kolkata,Kolkata Knight Riders,Kolkata Knight Riders,Punjab Kings,Punjab Kings,Kolkata Knight Riders,Kolkata Knight Riders,bat,,,0,0,
1527686,2026,2026-04-07,Indian Premier League,13,"Barsapara Cricket Stadium, Guwahati",Barsapara Cricket Stadium,Guwahati,Guwahati,Rajasthan Royals,Rajasthan Royals,Mumbai Indians,Mumbai Indians,Mumbai Indians,Mumbai Indians,field,Rajasthan Royals,Rajasthan Royals,27,0,YBK Jaiswal
1527687,2026,2026-04-08,Indian Premier League,14,"Arun Jaitley Stadium, Delhi",Arun Jaitley Stadium,Delhi,Delhi,Gujarat Titans,Gujarat Titans,Delhi Capitals,Delhi Capitals,Delhi Capitals,Delhi Capitals,field,Gujarat Titans,Gujarat Titans,1,0,Rashid Khan
1527688,2026,2026-04-09,Indian Premier League,15,"Eden Gardens, Kolkata",Eden Gardens,Kolkata,Kolkata,Kolkata Knight Riders,Kolkata Knight Riders,Lucknow Super Giants,Lucknow Super Giants,Lucknow Super Giants,Lucknow Super Giants,field,Lucknow Super Giants,Lucknow Super Giants,0,3,MD Choudhary
1527689,2026,2026-04-10,Indian Premier League,16,"Barsapara Cricket Stadium, Guwahati",Barsapara Cricket Stadium,Guwahati,Guwahati,Royal Challengers Bengaluru,Royal Challengers Bengaluru,Rajasthan Royals,Rajasthan Royals,Rajasthan Royals,Rajasthan Royals,field,Rajasthan Royals,Rajasthan Royals,0,6,V Suryavanshi
1527690,2026,2026-04-11,Indian Premier League,17,"Maharaja Yadavindra Singh International Cricket Stadium, New Chandigarh",Maharaja Yadavindra Singh International Cricket Stadium,New Chandigarh,New Chandigarh,Sunrisers Hyderabad,Sunrisers Hyderabad,Punjab Kings,Punjab Kings,Punjab Kings,Punjab Kings,field,Punjab Kings,Punjab Kings,0,6,SS Iyer
1527691,2026,2026-04-11,Indian Premier League,18,"MA Chidambaram Stadium, Chepauk, Chennai",MA Chidambaram Stadium,Chennai,Chennai,Chennai Super Kings,Chennai Super Kings,Delhi Capitals,Delhi Capitals,Delhi Capitals,Delhi Capitals,field,Chennai Super Kings,Chennai Super Kings,23,0,SV Samson
1527692,2026,2026-04-12,Indian Premier League,19,"Bharat Ratna Shri Atal Bihari Vajpayee Ekana Cricket Stadium, Lucknow",Bharat Ratna Shri Atal Bihari Vajpayee Ekana Cricket Stadium,Lucknow,Lucknow,Lucknow Super Giants,Lucknow Super Giants,Gujarat Titans,Gujarat Titans,Gujarat Titans,Gujarat Titans,field,Gujarat Titans,Gujarat Titans,0,7,M Prasidh Krishna
1527693,2026,2026-04-12,Indian Premier League,20,"Wankhede Stadium, Mumbai",Wankhede Stadium,Mumbai,Mumbai,Royal Challengers Bengaluru,Royal Challengers Bengaluru,Mumbai Indians,Mumbai Indians,Mumbai Indians,Mumbai Indians,field,Royal Challengers Bengaluru,Royal Challengers Bengaluru,18,0,PD Salt
1529264,2026,2026-04-13,Indian Premier League,21,"Rajiv Gandhi International Stadium, Uppal, Hyderabad","Rajiv Gandhi International Stadium, Uppal",Hyderabad,Hyderabad,Sunrisers Hyderabad,Sunrisers Hyderabad,Rajasthan Royals,Rajasthan Royals,Rajasthan Royals,Rajasthan Royals,field,Sunrisers Hyderabad,Sunrisers Hyderabad,57,0,PP Hinge
1529265,2026,2026-04-14,Indian Premier League,22,"MA Chidambaram Stadium, Chepauk, Chennai",MA Chidambaram Stadium,Chennai,Chennai,Chennai Super Kings,Chennai Super Kings,Kolkata Knight Riders,Kolkata Knight Riders,Kolkata Knight Riders,Kolkata Knight Riders,field,Chennai Super Kings,Chennai Super Kings,32,0,Noor Ahmad
