match_id,season,match_date,innings,venue_raw,venue,city_raw,city,batting_team_raw,batting_team,bowling_team_raw,bowling_team,total_runs,batter_runs,extras,wickets_lost,valid_balls,overs_batted,boundary_runs,fours,sixes,dot_balls,wide_runs,no_ball_runs,byes,leg_byes,powerplay_runs,powerplay_wickets,powerplay_valid_balls,powerplay_boundary_runs,powerplay_fours,powerplay_sixes,powerplay_dot_balls,middle_runs,middle_wickets,middle_valid_balls,middle_boundary_runs,middle_fours,middle_sixes,middle_dot_balls,death_runs,death_wickets,death_valid_balls,death_boundary_runs,death_fours,death_sixes,death_dot_balls
335982,2008,2008-04-18,1,M Chinnaswamy Stadium,M Chinnaswamy Stadium,Bangalore,Bengaluru,Kolkata Knight Riders,Kolkata Knight Riders,Royal Challengers Bangalore,Royal Challengers Bengaluru,222,205,17,3,120,20,144,15,14,36,9,0,4,4,61,1,36,46,7,3,17,93,1,54,50,5,5,12,68,1,30,48,3,6,7
335982,2008,2008-04-18,2,M Chinnaswamy Stadium,M Chinnaswamy Stadium,Bangalore,Bengaluru,Royal Challengers Bangalore,Royal Challengers Bengaluru,Kolkata Knight Riders,Kolkata Knight Riders,82,63,19,10,91,15.17,30,3,3,50,11,0,0,8,26,4,36,6,0,1,21,55,5,54,24,3,2,28,1,1,1,0,0,0,1
335983,2008,2008-04-19,1,"Punjab Cricket Association Stadium, Mohali","Punjab Cricket Association IS Bindra Stadium, Mohali",Chandigarh,Chandigarh,Chennai Super Kings,Chennai Super Kings,Kings XI Punjab,Punjab Kings,240,234,6,5,120,20,176,20,16,34,3,1,0,2,53,1,36,42,9,1,19,108,3,54,72,6,8,11,79,1,30,62,5,7,4
335983,2008,2008-04-19,2,"Punjab Cricket Association Stadium, Mohali","Punjab Cricket Association IS Bindra Stadium, Mohali",Chandigarh,Chandigarh,Kings XI Punjab,Punjab Kings,Chennai Super Kings,Chennai Super Kings,207,196,11,4,120,20,126,18,9,23,5,0,2,4,63,1,36,46,7,3,12,102,2,54,66,9,5,7,42,1,30,14,2,1,4
335984,2008,2008-04-19,1,Feroz Shah Kotla,Feroz Shah Kotla,Delhi,Delhi,Rajasthan Royals,Rajasthan Royals,Delhi Daredevils,Delhi Capitals,129,122,7,8,120,20,74,14,3,54,3,0,1,3,40,2,36,30,6,1,20,56,5,54,24,3,2,20,33,1,30,20,5,0,14
335984,2008,2008-04-19,2,Feroz Shah Kotla,Feroz Shah Kotla,Delhi,Delhi,Delhi Daredevils,Delhi Capitals,Rajasthan Royals,Rajasthan Royals,132,122,10,1,91,15.17,78,18,1,31,10,0,0,0,55,1,36,46,10,1,18,73,0,54,28,7,0,13,4,0,1,4,1,0,0
335985,2008,2008-04-20,1,Wankhede Stadium,Wankhede Stadium,Mumbai,Mumbai,Mumbai Indians,Mumbai Indians,Royal Challengers Bangalore,Royal Challengers Bengaluru,165,154,11,7,120,20,102,18,5,45,3,0,2,6,47,3,36,34,7,1,21,58,1,54,26,5,1,19,60,3,30,42,6,3,5
335985,2008,2008-04-20,2,Wankhede Stadium,Wankhede Stadium,Mumbai,Mumbai,Royal Challengers Bangalore,Royal Challengers Bengaluru,Mumbai Indians,Mumbai Indians,166,161,5,5,118,19.67,96,15,6,36,5,0,0,0,40,1,36,24,6,0,15,78,3,54,42,6,3,15,48,1,28,30,3,3,6
335986,2008,2008-04-20,1,Eden Gardens,Eden Gardens,Kolkata,Kolkata,Deccan Chargers,Deccan Chargers,Kolkata Knight Riders,Kolkata Knight Riders,110,100,10,10,112,18.67,60,6,6,62,4,2,0,4,39,2,36,20,2,2,21,38,4,54,18,3,1,31,33,4,22,22,1,3,10
335986,2008,2008-04-20,2,Eden Gardens,Eden Gardens,Kolkata,Kolkata,Kolkata Knight Riders,Kolkata Knight Riders,Deccan Chargers,Deccan Chargers,112,84,28,5,114,19,44,5,4,61,15,1,4,8,26,3,36,8,2,0,20,55,1,54,16,1,2,32,31,1,24,20,2,2,9
335987,2008,2008-04-21,1,Sawai Mansingh Stadium,Sawai Mansingh Stadium,Jaipur,Jaipur,Kings XI Punjab,Punjab Kings,Rajasthan Royals,Rajasthan Royals,166,162,4,8,119,19.83,114,18,7,54,2,1,0,1,54,1,36,50,8,3,21,61,3,53,30,6,1,21,51,4,30,34,4,3,12
335987,2008,2008-04-21,2,Sawai Mansingh Stadium,Sawai Mansingh Stadium,Jaipur,Jaipur,Rajasthan Royals,Rajasthan Royals,Kings XI Punjab,Punjab Kings,168,156,12,4,109,18.17,110,17,7,47,6,4,0,2,53,3,36,36,6,2,21,89,1,54,62,8,5,20,26,0,19,12,3,0,6
335988,2008,2008-04-22,1,"Rajiv Gandhi International Stadium, Uppal","Rajiv Gandhi International Stadium, Uppal",Hyderabad,Hyderabad,Deccan Chargers,Deccan Chargers,Delhi Daredevils,Delhi Capitals,142,137,5,8,120,20,84,12,6,56,1,1,0,3,25,2,36,14,2,1,26,48,3,54,20,5,0,23,69,3,30,50,5,5,7
335988,2008,2008-04-22,2,"Rajiv Gandhi International Stadium, Uppal","Rajiv Gandhi International Stadium, Uppal",Hyderabad,Hyderabad,Delhi Daredevils,Delhi Capitals,Deccan Chargers,Deccan Chargers,143,131,12,1,78,13,96,15,6,26,7,0,0,0,48,1,36,32,8,0,14,95,0,42,64,7,6,12,0,0,0,0,0,0,0
335989,2008,2008-04-23,1,"MA Chidambaram Stadium, Chepauk",MA Chidambaram Stadium,Chennai,Chennai,Chennai Super Kings,Chennai Super Kings,Mumbai Indians,Mumbai Indians,208,190,18,5,120,20,132,24,6,37,9,2,4,3,53,2,36,38,8,1,19,90,1,54,48,6,4,12,65,2,30,46,10,1,6
335989,2008,2008-04-23,2,"MA Chidambaram Stadium, Chepauk",MA Chidambaram Stadium,Chennai,Chennai,Mumbai Indians,Mumbai Indians,Chennai Super Kings,Chennai Super Kings,202,189,13,7,120,20,124,19,8,38,6,2,0,5,52,2,36,34,7,1,16,82,3,54,36,6,2,14,68,2,30,54,6,5,8
335990,2008,2008-04-24,1,"Rajiv Gandhi International Stadium, Uppal","Rajiv Gandhi International Stadium, Uppal",Hyderabad,Hyderabad,Deccan Chargers,Deccan Chargers,Rajasthan Royals,Rajasthan Royals,214,208,6,5,120,20,150,24,9,37,5,1,0,0,58,2,36,50,11,1,19,90,1,54,52,4,6,12,66,2,30,48,9,2,6
335990,2008,2008-04-24,2,"Rajiv Gandhi International Stadium, Uppal","Rajiv Gandhi International Stadium, Uppal",Hyderabad,Hyderabad,Rajasthan Royals,Rajasthan Royals,Deccan Chargers,Deccan Chargers,217,210,7,7,119,19.83,156,18,14,34,2,1,0,4,73,1,36,62,8,5,14,86,2,54,56,5,6,14,58,4,29,38,5,3,6
335991,2008,2008-04-25,1,"Punjab Cricket Association Stadium, Mohali","Punjab Cricket Association IS Bindra Stadium, Mohali",Chandigarh,Chandigarh,Kings XI Punjab,Punjab Kings,Mumbai Indians,Mumbai Indians,182,175,7,10,120,20,102,18,5,40,4,1,1,1,60,1,36,38,8,1,15,78,3,54,38,5,3,13,44,6,30,26,5,1,12
335991,2008,2008-04-25,2,"Punjab Cricket Association Stadium, Mohali","Punjab Cricket Association IS Bindra Stadium, Mohali",Chandigarh,Chandigarh,Mumbai Indians,Mumbai Indians,Kings XI Punjab,Punjab Kings,116,109,7,9,120,20,72,12,4,69,4,2,0,1,39,2,36,26,5,1,20,62,5,54,38,5,3,25,15,2,30,8,2,0,24
335992,2008,2008-04-26,1,M Chinnaswamy Stadium,M Chinnaswamy Stadium,Bangalore,Bengaluru,Royal Challengers Bangalore,Royal Challengers Bengaluru,Rajasthan Royals,Rajasthan Royals,135,129,6,8,120,20,90,12,7,64,3,1,0,2,57,2,36,50,8,3,19,38,5,54,16,1,2,32,40,1,30,24,3,2,13
335992,2008,2008-04-26,2,M Chinnaswamy Stadium,M Chinnaswamy Stadium,Bangalore,Bengaluru,Rajasthan Royals,Rajasthan Royals,Royal Challengers Bangalore,Royal Challengers Bengaluru,138,135,3,3,103,17.17,100,22,2,44,2,0,0,1,45,2,36,32,8,0,16,76,0,54,52,10,2,20,17,1,13,16,4,0,8
335993,2008,2008-04-26,1,"MA Chidambaram Stadium, Chepauk",MA Chidambaram Stadium,Chennai,Chennai,Kolkata Knight Riders,Kolkata Knight Riders,Chennai Super Kings,Chennai Super Kings,147,139,8,9,120,20,80,14,4,49,4,2,0,2,61,3,36,50,8,3,17,43,3,54,12,3,0,25,43,3,30,18,3,1,7
335993,2008,2008-04-26,2,"MA Chidambaram Stadium, Chepauk",MA Chidambaram Stadium,Chennai,Chennai,Chennai Super Kings,Chennai Super Kings,Kolkata Knight Riders,Kolkata Knight Riders,152,134,18,1,102,17,78,12,5,34,12,1,1,4,45,0,36,28,7,0,21,76,1,54,34,4,3,12,31,0,12,16,1,2,1
335994,2008,2008-04-27,1,Dr DY Patil Sports Academy,Dr DY Patil Sports Academy,Mumbai,Mumbai,Mumbai Indians,Mumbai Indians,Deccan Chargers,Deccan Chargers,154,143,11,7,120,20,86,14,5,49,3,2,2,4,27,3,36,16,4,0,26,72,2,54,40,7,2,17,55,2,30,30,3,3,6
335994,2008,2008-04-27,2,Dr DY Patil Sports Academy,Dr DY Patil Sports Academy,Mumbai,Mumbai,Deccan Chargers,Deccan Chargers,Mumbai Indians,Mumbai Indians,155,146,9,0,73,12.17,118,13,11,21,4,0,4,1,60,0,36,48,9,2,15,95,0,37,70,4,9,6,0,0,0,0,0,0,0
335995,2008,2008-04-27,1,"Punjab Cricket Association Stadium, Mohali","Punjab Cricket Association IS Bindra Stadium, Mohali",Chandigarh,Chandigarh,Delhi Daredevils,Delhi Capitals,Kings XI Punjab,Punjab Kings,158,147,11,8,120,20,84,18,2,39,6,0,0,5,45,3,36,28,7,0,14,62,2,54,30,6,1,21,51,3,30,26,5,1,4
335995,2008,2008-04-27,2,"Punjab Cricket Association Stadium, Mohali","Punjab Cricket Association IS Bindra Stadium, Mohali",Chandigarh,Chandigarh,Kings XI Punjab,Punjab Kings,Delhi Daredevils,Delhi Capitals,162,153,9,6,117,19.5,94,19,3,46,4,2,0,3,55,2,36,40,10,0,15,68,2,54,32,5,2,22,39,2,27,22,4,1,9
335996,2008,2008-04-28,1,M Chinnaswamy Stadium,M Chinnaswamy Stadium,Bangalore,Bengaluru,Chennai Super Kings,Chennai Super Kings,Royal Challengers Bangalore,Royal Challengers Bengaluru,178,174,4,5,120,20,116,17,8,43,3,0,0,1,36,1,36,20,5,0,18,66,2,54,30,3,3,18,76,2,30,66,9,5,7
335996,2008,2008-04-28,2,M Chinnaswamy Stadium,M Chinnaswamy Stadium,Bangalore,Bengaluru,Royal Challengers Bangalore,Royal Challengers Bengaluru,Chennai Super Kings,Chennai Super Kings,165,158,7,10,118,19.67,86,14,5,35,6,0,0,1,45,1,36,28,4,2,17,87,2,54,46,7,3,11,33,7,28,12,3,0,7
335997,2008,2008-04-29,1,Eden Gardens,Eden Gardens,Kolkata,Kolkata,Kolkata Knight Riders,Kolkata Knight Riders,Mumbai Indians,Mumbai Indians,137,124,13,8,120,20,78,15,3,53,7,0,1,5,40,3,36,30,6,1,20,47,3,54,24,6,0,28,50,2,30,24,3,2,5
335997,2008,2008-04-29,2,Eden Gardens,Eden Gardens,Kolkata,Kolkata,Mumbai Indians,Mumbai Indians,Kolkata Knight Riders,Kolkata Knight Riders,138,123,15,3,112,18.67,80,17,2,52,9,1,0,5,38,3,36,34,7,1,27,72,0,54,34,7,1,18,28,0,22,12,3,0,7
335998,2008,2008-04-30,1,Feroz Shah Kotla,Feroz Shah Kotla,Delhi,Delhi,Delhi Daredevils,Delhi Capitals,Royal Challengers Bangalore,Royal Challengers Bengaluru,191,187,4,5,120,20,114,21,5,31,1,1,0,2,58,1,36,42,9,1,13,93,1,54,56,8,4,11,40,3,30,16,4,0,7
335998,2008,2008-04-30,2,Feroz Shah Kotla,Feroz Shah Kotla,Delhi,Delhi,Royal Challengers Bangalore,Royal Challengers Bengaluru,Delhi Daredevils,Delhi Capitals,181,169,12,5,120,20,106,16,7,32,0,1,1,10,55,3,36,38,5,3,13,79,0,54,40,7,2,12,47,2,30,28,4,2,7
335999,2008,2008-05-01,1,"Rajiv Gandhi International Stadium, Uppal","Rajiv Gandhi International Stadium, Uppal",Hyderabad,Hyderabad,Deccan Chargers,Deccan Chargers,Kings XI Punjab,Punjab Kings,164,160,4,8,120,20,94,19,3,40,2,0,1,1,50,1,36,28,7,0,13,61,5,54,28,4,2,18,53,2,30,38,8,1,9
335999,2008,2008-05-01,2,"Rajiv Gandhi International Stadium, Uppal","Rajiv Gandhi International Stadium, Uppal",Hyderabad,Hyderabad,Kings XI Punjab,Punjab Kings,Deccan Chargers,Deccan Chargers,167,161,6,3,113,18.83,96,21,2,32,4,0,0,2,41,1,36,24,6,0,15,88,2,54,54,12,1,14,38,0,23,18,3,1,3
336000,2008,2008-05-01,1,Sawai Mansingh Stadium,Sawai Mansingh Stadium,Jaipur,Jaipur,Rajasthan Royals,Rajasthan Royals,Kolkata Knight Riders,Kolkata Knight Riders,196,182,14,7,120,20,118,22,5,37,3,4,1,6,45,1,36,30,6,1,19,97,3,54,64,13,2,11,54,3,30,24,3,2,7
336000,2008,2008-05-01,2,Sawai Mansingh Stadium,Sawai Mansingh Stadium,Jaipur,Jaipur,Kolkata Knight Riders,Kolkata Knight Riders,Rajasthan Royals,Rajasthan Royals,151,139,12,10,115,19.17,68,8,6,36,7,0,3,2,51,3,36,32,5,2,17,77,2,54,36,3,4,14,23,5,25,0,0,0,5
336001,2008,2008-05-02,1,"MA Chidambaram Stadium, Chepauk",MA Chidambaram Stadium,Chennai,Chennai,Chennai Super Kings,Chennai Super Kings,Delhi Daredevils,Delhi Capitals,169,162,7,6,120,20,98,17,5,44,5,2,0,0,47,1,36,28,7,0,17,79,2,54,44,8,2,17,43,3,30,26,2,3,10
336001,2008,2008-05-02,2,"MA Chidambaram Stadium, Chepauk",MA Chidambaram Stadium,Chennai,Chennai,Delhi Daredevils,Delhi Capitals,Chennai Super Kings,Chennai Super Kings,172,166,6,2,114,19,94,16,5,36,2,2,1,1,64,0,36,46,7,3,12,78,2,54,36,6,2,15,30,0,24,12,3,0,9
336003,2008,2008-05-03,1,"Punjab Cricket Association Stadium, Mohali","Punjab Cricket Association IS Bindra Stadium, Mohali",Chandigarh,Chandigarh,Kings XI Punjab,Punjab Kings,Kolkata Knight Riders,Kolkata Knight Riders,178,164,14,6,120,20,112,22,4,42,4,1,4,5,49,1,36,36,9,0,16,70,4,54,38,5,3,21,59,1,30,38,8,1,5
336003,2008,2008-05-03,2,"Punjab Cricket Association Stadium, Mohali","Punjab Cricket Association IS Bindra Stadium, Mohali",Chandigarh,Chandigarh,Kolkata Knight Riders,Kolkata Knight Riders,Kings XI Punjab,Punjab Kings,169,162,7,6,120,20,90,9,9,46,6,0,1,0,31,4,36,18,3,1,25,70,1,54,34,4,3,17,68,1,30,38,2,5,4
336034,2008,2008-05-03,1,M Chinnaswamy Stadium,M Chinnaswamy Stadium,Bangalore,Bengaluru,Royal Challengers Bangalore,Royal Challengers Bengaluru,Deccan Chargers,Deccan Chargers,156,151,5,8,120,20,84,15,4,34,2,0,0,3,46,1,36,28,7,0,14,68,4,54,28,4,2,10,42,3,30,28,4,2,10
336034,2008,2008-05-03,2,M Chinnaswamy Stadium,M Chinnaswamy Stadium,Bangalore,Bengaluru,Deccan Chargers,Deccan Chargers,Royal Challengers Bangalore,Royal Challengers Bengaluru,153,147,6,6,120,20,90,15,5,40,2,0,1,3,33,2,36,20,5,0,20,79,0,54,48,9,2,13,41,4,30,22,1,3,7
336004,2008,2008-05-04,1,Dr DY Patil Sports Academy,Dr DY Patil Sports Academy,Mumbai,Mumbai,Mumbai Indians,Mumbai Indians,Delhi Daredevils,Delhi Capitals,162,152,10,8,120,20,104,14,8,50,3,1,4,2,50,2,36,38,8,1,17,62,3,54,32,2,4,23,50,3,30,34,4,3,10
336004,2008,2008-05-04,2,Dr DY Patil Sports Academy,Dr DY Patil Sports Academy,Mumbai,Mumbai,Delhi Daredevils,Delhi Capitals,Mumbai Indians,Mumbai Indians,133,129,4,10,113,18.83,66,9,5,43,0,1,0,3,37,2,36,24,3,2,20,77,3,54,36,6,2,11,19,5,23,6,0,1,12
336005,2008,2008-05-04,1,Sawai Mansingh Stadium,Sawai Mansingh Stadium,Jaipur,Jaipur,Chennai Super Kings,Chennai Super Kings,Rajasthan Royals,Rajasthan Royals,109,102,7,10,114,19,54,12,1,61,2,0,4,1,38,4,36,24,6,0,23,53,3,54,22,4,1,22,18,3,24,8,2,0,16
336005,2008,2008-05-04,2,Sawai Mansingh Stadium,Sawai Mansingh Stadium,Jaipur,Jaipur,Rajasthan Royals,Rajasthan Royals,Chennai Super Kings,Chennai Super Kings,110,89,21,2,86,14.33,52,10,2,39,14,1,0,6,44,0,36,32,8,0,16,66,2,50,20,2,2,23,0,0,0,0,0,0,0
336006,2008,2008-05-05,1,M Chinnaswamy Stadium,M Chinnaswamy Stadium,Bangalore,Bengaluru,Royal Challengers Bangalore,Royal Challengers Bengaluru,Kings XI Punjab,Punjab Kings,126,116,10,10,116,19.33,70,16,1,58,9,0,0,1,26,3,36,16,4,0,27,71,1,54,32,8,0,17,29,6,26,22,4,1,14
336006,2008,2008-05-05,2,M Chinnaswamy Stadium,M Chinnaswamy Stadium,Bangalore,Bengaluru,Kings XI Punjab,Punjab Kings,Royal Challengers Bangalore,Royal Challengers Bengaluru,127,110,17,4,110,18.33,66,12,3,51,7,0,0,10,52,1,36,32,5,2,16,57,3,54,24,6,0,24,18,0,20,10,1,1,11
336007,2008,2008-05-06,1,"MA Chidambaram Stadium, Chepauk",MA Chidambaram Stadium,Chennai,Chennai,Chennai Super Kings,Chennai Super Kings,Deccan Chargers,Deccan Chargers,144,134,10,7,120,20,78,12,5,53,4,0,0,6,34,3,36,16,4,0,22,52,3,54,24,6,0,26,58,1,30,38,2,5,5
336007,2008,2008-05-06,2,"MA Chidambaram Stadium, Chepauk",MA Chidambaram Stadium,Chennai,Chennai,Deccan Chargers,Deccan Chargers,Chennai Super Kings,Chennai Super Kings,148,143,5,3,108,18,102,15,7,50,2,2,0,1,50,1,36,38,5,3,19,65,1,54,38,8,1,24,33,1,18,26,2,3,7
336008,2008,2008-05-07,1,Dr DY Patil Sports Academy,Dr DY Patil Sports Academy,Mumbai,Mumbai,Rajasthan Royals,Rajasthan Royals,Mumbai Indians,Mumbai Indians,103,96,7,10,98,16.33,48,9,2,43,5,0,0,2,48,2,36,32,5,2,16,54,5,54,16,4,0,20,1,3,8,0,0,0,7
336008,2008,2008-05-07,2,Dr DY Patil Sports Academy,Dr DY Patil Sports Academy,Mumbai,Mumbai,Mumbai Indians,Mumbai Indians,Rajasthan Royals,Rajasthan Royals,104,92,12,3,91,15.17,46,7,3,44,10,0,0,2,34,0,36,12,0,2,22,68,3,54,34,7,1,21,2,0,1,0,0,0,1
336009,2008,2008-05-08,1,Feroz Shah Kotla,Feroz Shah Kotla,Delhi,Delhi,Delhi Daredevils,Delhi Capitals,Chennai Super Kings,Chennai Super Kings,187,175,12,5,120,20,106,22,3,26,4,2,0,6,50,2,36,28,7,0,11,83,0,54,44,8,2,11,54,3,30,34,7,1,4
336009,2008,2008-05-08,2,Feroz Shah Kotla,Feroz Shah Kotla,Delhi,Delhi,Chennai Super Kings,Chennai Super Kings,Delhi Daredevils,Delhi Capitals,188,177,11,6,120,20,110,20,5,33,6,0,1,4,62,0,36,42,9,1,12,80,4,54,50,8,3,18,46,2,30,18,3,1,3
336010,2008,2008-05-08,1,Eden Gardens,Eden Gardens,Kolkata,Kolkata,Kolkata Knight Riders,Kolkata Knight Riders,Royal Challengers Bangalore,Royal Challengers Bengaluru,129,124,5,7,96,16,78,12,5,40,2,0,0,3,41,2,36,22,4,1,19,74,4,54,44,8,2,19,14,1,6,12,0,2,2
336010,2008,2008-05-08,2,Eden Gardens,Eden Gardens,Kolkata,Kolkata,Royal Challengers Bangalore,Royal Challengers Bengaluru,Kolkata Knight Riders,Kolkata Knight Riders,124,118,6,4,96,16,72,15,2,36,2,1,0,3,35,2,36,24,6,0,21,76,2,54,40,7,2,14,13,0,6,8,2,0,1
336011,2008,2008-05-09,1,Sawai Mansingh Stadium,Sawai Mansingh Stadium,Jaipur,Jaipur,Deccan Chargers,Deccan Chargers,Rajasthan Royals,Rajasthan Royals,140,134,6,8,120,20,78,15,3,47,1,1,0,4,50,0,36,38,8,1,17,53,4,54,18,3,1,19,37,4,30,22,4,1,11
336011,2008,2008-05-09,2,Sawai Mansingh Stadium,Sawai Mansingh Stadium,Jaipur,Jaipur,Rajasthan Royals,Rajasthan Royals,Deccan Chargers,Deccan Chargers,141,130,11,2,96,16,76,16,2,33,10,0,1,0,50,0,36,32,5,2,14,79,1,54,36,9,0,17,12,1,6,8,2,0,2
336013,2008,2008-05-10,1,"MA Chidambaram Stadium, Chepauk",MA Chidambaram Stadium,Chennai,Chennai,Chennai Super Kings,Chennai Super Kings,Kings XI Punjab,Punjab Kings,181,166,15,4,120,20,98,14,7,40,10,1,0,4,53,2,36,30,6,1,17,91,1,54,58,7,5,17,37,1,30,10,1,1,6
336013,2008,2008-05-10,2,"MA Chidambaram Stadium, Chepauk",MA Chidambaram Stadium,Chennai,Chennai,Kings XI Punjab,Punjab Kings,Chennai Super Kings,Chennai Super Kings,163,160,3,9,120,20,92,8,10,46,2,0,0,1,35,2,36,18,3,1,18,80,4,54,42,3,5,15,48,3,30,32,2,4,13
336014,2008,2008-05-11,1,"Rajiv Gandhi International Stadium, Uppal","Rajiv Gandhi International Stadium, Uppal",Hyderabad,Hyderabad,Kolkata Knight Riders,Kolkata Knight Riders,Deccan Chargers,Deccan Chargers,204,199,5,4,120,20,142,22,9,42,3,1,0,1,43,1,36,32,8,0,18,75,1,54,44,8,2,20,86,2,30,66,6,7,4
336014,2008,2008-05-11,2,"Rajiv Gandhi International Stadium, Uppal","Rajiv Gandhi International Stadium, Uppal",Hyderabad,Hyderabad,Deccan Chargers,Deccan Chargers,Kolkata Knight Riders,Kolkata Knight Riders,181,165,16,7,120,20,112,16,8,48,4,4,0,8,55,3,36,40,10,0,17,70,3,54,38,2,5,22,56,1,30,34,4,3,9
336015,2008,2008-05-11,1,Sawai Mansingh Stadium,Sawai Mansingh Stadium,Jaipur,Jaipur,Delhi Daredevils,Delhi Capitals,Rajasthan Royals,Rajasthan Royals,156,145,11,7,120,20,70,10,5,41,4,0,1,6,47,1,36,24,6,0,12,49,4,54,4,1,0,21,60,2,30,42,3,5,8
336015,2008,2008-05-11,2,Sawai Mansingh Stadium,Sawai Mansingh Stadium,Jaipur,Jaipur,Rajasthan Royals,Rajasthan Royals,Delhi Daredevils,Delhi Capitals,159,142,17,7,114,19,88,13,6,47,5,3,2,7,21,2,36,4,1,0,24,99,2,53,56,8,4,13,39,3,25,28,4,2,10
336016,2008,2008-05-12,1,"Punjab Cricket Association Stadium, Mohali","Punjab Cricket Association IS Bindra Stadium, Mohali",Chandigarh,Chandigarh,Royal Challengers Bangalore,Royal Challengers Bengaluru,Kings XI Punjab,Punjab Kings,143,128,15,8,120,20,64,13,2,42,8,0,5,2,50,3,36,34,7,1,18,52,2,54,12,3,0,15,41,3,30,18,3,1,9
336016,2008,2008-05-12,2,"Punjab Cricket Association Stadium, Mohali","Punjab Cricket Association IS Bindra Stadium, Mohali",Chandigarh,Chandigarh,Kings XI Punjab,Punjab Kings,Royal Challengers Bangalore,Royal Challengers Bengaluru,144,135,9,1,94,15.67,90,12,7,32,4,0,0,5,42,0,36,22,1,3,16,99,1,54,68,11,4,15,3,0,4,0,0,0,1
336017,2008,2008-05-13,1,Eden Gardens,Eden Gardens,Kolkata,Kolkata,Kolkata Knight Riders,Kolkata Knight Riders,Delhi Daredevils,Delhi Capitals,133,122,11,6,120,20,58,10,3,43,7,1,0,3,35,1,36,20,5,0,19,60,2,54,22,4,1,17,38,3,30,16,1,2,7
336017,2008,2008-05-13,2,Eden Gardens,Eden Gardens,Kolkata,Kolkata,Delhi Daredevils,Delhi Capitals,Kolkata Knight Riders,Kolkata Knight Riders,110,102,8,10,107,17.83,52,13,0,46,7,0,0,1,37,4,36,24,6,0,19,60,2,54,28,7,0,18,13,4,17,0,0,0,9
336018,2008,2008-05-14,1,Wankhede Stadium,Wankhede Stadium,Mumbai,Mumbai,Chennai Super Kings,Chennai Super Kings,Mumbai Indians,Mumbai Indians,156,144,12,6,120,20,102,21,3,56,9,0,0,3,28,2,36,16,4,0,22,61,2,54,40,10,0,29,67,2,30,46,7,3,5
336018,2008,2008-05-14,2,Wankhede Stadium,Wankhede Stadium,Mumbai,Mumbai,Mumbai Indians,Mumbai Indians,Chennai Super Kings,Chennai Super Kings,158,142,16,1,83,13.83,120,12,12,37,12,0,0,4,78,0,36,64,4,8,17,80,1,47,56,8,4,20,0,0,0,0,0,0,0
336020,2008,2008-05-15,1,Feroz Shah Kotla,Feroz Shah Kotla,Delhi,Delhi,Delhi Daredevils,Delhi Capitals,Deccan Chargers,Deccan Chargers,194,186,8,4,120,20,108,18,6,31,5,0,0,3,48,1,36,28,4,2,15,90,0,54,46,10,1,9,56,3,30,34,4,3,7
336020,2008,2008-05-15,2,Feroz Shah Kotla,Feroz Shah Kotla,Delhi,Delhi,Deccan Chargers,Deccan Chargers,Delhi Daredevils,Delhi Capitals,182,179,3,9,120,20,114,15,9,39,2,0,0,1,71,1,36,52,7,4,12,57,3,54,24,3,2,21,54,5,30,38,5,3,6
336021,2008,2008-05-16,1,Wankhede Stadium,Wankhede Stadium,Mumbai,Mumbai,Kolkata Knight Riders,Kolkata Knight Riders,Mumbai Indians,Mumbai Indians,67,59,8,10,92,15.33,34,7,1,59,6,0,0,2,27,3,36,14,2,1,26,40,6,54,20,5,0,31,0,1,2,0,0,0,2
336021,2008,2008-05-16,2,Wankhede Stadium,Wankhede Stadium,Mumbai,Mumbai,Mumbai Indians,Mumbai Indians,Kolkata Knight Riders,Kolkata Knight Riders,68,58,10,2,33,5.5,50,8,3,14,4,1,0,5,68,2,33,50,8,3,14,0,0,0,0,0,0,0,0,0,0,0,0,0,0
336022,2008,2008-05-17,1,Feroz Shah Kotla,Feroz Shah Kotla,Delhi,Delhi,Delhi Daredevils,Delhi Capitals,Kings XI Punjab,Punjab Kings,118,108,10,4,66,11,76,10,6,24,7,1,0,2,68,0,36,46,7,3,15,50,4,30,30,3,3,9,0,0,0,0,0,0,0
336022,2008,2008-05-17,2,Feroz Shah Kotla,Feroz Shah Kotla,Delhi,Delhi,Kings XI Punjab,Punjab Kings,Delhi Daredevils,Delhi Capitals,94,90,4,3,48,8,64,4,8,11,2,0,0,2,73,3,36,52,4,6,9,21,0,12,12,0,2,2,0,0,0,0,0,0,0
336023,2008,2008-05-17,1,Sawai Mansingh Stadium,Sawai Mansingh Stadium,Jaipur,Jaipur,Rajasthan Royals,Rajasthan Royals,Royal Challengers Bangalore,Royal Challengers Bengaluru,197,171,26,1,120,20,102,21,3,34,18,1,1,6,51,0,36,30,6,1,16,92,1,54,48,9,2,16,54,0,30,24,6,0,2
336023,2008,2008-05-17,2,Sawai Mansingh Stadium,Sawai Mansingh Stadium,Jaipur,Jaipur,Royal Challengers Bangalore,Royal Challengers Bengaluru,Rajasthan Royals,Rajasthan Royals,132,126,6,9,120,20,76,10,6,59,6,0,0,0,23,3,36,12,3,0,25,60,4,54,24,3,2,20,49,2,30,40,4,4,14
336024,2008,2008-05-18,1,"Rajiv Gandhi International Stadium, Uppal","Rajiv Gandhi International Stadium, Uppal",Hyderabad,Hyderabad,Mumbai Indians,Mumbai Indians,Deccan Chargers,Deccan Chargers,178,158,20,7,120,20,104,17,6,43,7,2,0,11,57,1,36,48,9,2,17,57,3,54,18,3,1,19,64,3,30,38,5,3,7
336024,2008,2008-05-18,2,"Rajiv Gandhi International Stadium, Uppal","Rajiv Gandhi International Stadium, Uppal",Hyderabad,Hyderabad,Deccan Chargers,Deccan Chargers,Mumbai Indians,Mumbai Indians,153,145,8,7,120,20,88,13,6,47,3,1,1,3,32,3,36,20,5,0,22,74,1,54,42,6,3,17,47,3,30,26,2,3,8
336025,2008,2008-05-18,1,Eden Gardens,Eden Gardens,Kolkata,Kolkata,Kolkata Knight Riders,Kolkata Knight Riders,Chennai Super Kings,Chennai Super Kings,149,136,13,5,120,20,78,15,3,45,3,1,2,7,35,2,36,20,5,0,19,66,0,54,30,3,3,18,48,3,30,28,7,0,8
336025,2008,2008-05-18,2,Eden Gardens,Eden Gardens,Kolkata,Kolkata,Chennai Super Kings,Chennai Super Kings,Kolkata Knight Riders,Kolkata Knight Riders,55,51,4,0,48,8,32,8,0,21,3,0,0,1,43,0,36,28,7,0,17,12,0,12,4,1,0,4,0,0,0,0,0,0,0
336026,2008,2008-05-19,1,M Chinnaswamy Stadium,M Chinnaswamy Stadium,Bangalore,Bengaluru,Royal Challengers Bangalore,Royal Challengers Bengaluru,Delhi Daredevils,Delhi Capitals,154,145,9,7,120,20,92,14,6,53,9,0,0,0,41,1,36,22,4,1,22,61,2,54,34,7,1,22,52,4,30,36,3,4,9
336026,2008,2008-05-19,2,M Chinnaswamy Stadium,M Chinnaswamy Stadium,Bangalore,Bengaluru,Delhi Daredevils,Delhi Capitals,Royal Challengers Bangalore,Royal Challengers Bengaluru,158,146,12,5,110,18.33,94,19,3,37,5,0,1,6,71,0,36,48,12,0,10,56,4,54,22,4,1,19,31,1,20,24,3,2,8
336027,2008,2008-05-20,1,Eden Gardens,Eden Gardens,Kolkata,Kolkata,Kolkata Knight Riders,Kolkata Knight Riders,Rajasthan Royals,Rajasthan Royals,147,142,5,8,120,20,88,13,6,51,3,0,0,2,32,1,36,20,5,0,22,70,3,54,44,5,4,22,45,4,30,24,3,2,7
336027,2008,2008-05-20,2,Eden Gardens,Eden Gardens,Kolkata,Kolkata,Rajasthan Royals,Rajasthan Royals,Kolkata Knight Riders,Kolkata Knight Riders,150,143,7,4,99,16.5,98,17,5,38,3,0,0,4,42,3,36,30,6,1,18,86,1,54,54,9,3,18,22,0,9,14,2,1,2
336028,2008,2008-05-21,1,Wankhede Stadium,Wankhede Stadium,Mumbai,Mumbai,Kings XI Punjab,Punjab Kings,Mumbai Indians,Mumbai Indians,189,177,12,4,120,20,120,18,8,42,9,0,0,3,43,1,36,28,4,2,18,91,1,54,56,8,4,14,55,2,30,36,6,2,10
336028,2008,2008-05-21,2,Wankhede Stadium,Wankhede Stadium,Mumbai,Mumbai,Mumbai Indians,Mumbai Indians,Kings XI Punjab,Punjab Kings,188,165,23,10,120,20,104,17,6,41,9,1,1,12,68,1,36,46,7,3,16,76,2,54,40,7,2,15,44,7,30,18,3,1,10
336029,2008,2008-05-21,1,"MA Chidambaram Stadium, Chepauk",MA Chidambaram Stadium,Chennai,Chennai,Royal Challengers Bangalore,Royal Challengers Bengaluru,Chennai Super Kings,Chennai Super Kings,126,122,4,8,120,20,62,14,1,51,1,0,0,3,23,2,36,12,3,0,23,53,3,54,20,5,0,20,50,3,30,30,6,1,8
336029,2008,2008-05-21,2,"MA Chidambaram Stadium, Chepauk",MA Chidambaram Stadium,Chennai,Chennai,Chennai Super Kings,Chennai Super Kings,Royal Challengers Bangalore,Royal Challengers Bengaluru,112,100,12,8,120,20,52,10,2,67,8,2,0,2,44,0,36,26,5,1,24,48,4,54,14,2,1,22,20,4,30,12,3,0,21
336031,2008,2008-05-23,1,"Punjab Cricket Association Stadium, Mohali","Punjab Cricket Association IS Bindra Stadium, Mohali",Chandigarh,Chandigarh,Deccan Chargers,Deccan Chargers,Kings XI Punjab,Punjab Kings,175,170,5,4,120,20,110,14,9,44,1,0,0,4,42,0,36,28,7,0,16,69,2,54,38,2,5,22,64,2,30,44,5,4,6
336031,2008,2008-05-23,2,"Punjab Cricket Association Stadium, Mohali","Punjab Cricket Association IS Bindra Stadium, Mohali",Chandigarh,Chandigarh,Kings XI Punjab,Punjab Kings,Deccan Chargers,Deccan Chargers,178,170,8,4,117,19.5,100,13,8,32,5,0,0,3,74,0,36,56,8,4,11,61,2,54,22,4,1,15,43,2,27,22,1,3,6
336032,2008,2008-05-24,1,Feroz Shah Kotla,Feroz Shah Kotla,Delhi,Delhi,Mumbai Indians,Mumbai Indians,Delhi Daredevils,Delhi Capitals,176,167,9,8,120,20,114,18,7,45,7,1,0,1,60,0,36,50,8,3,16,63,4,54,32,5,2,24,53,4,30,32,5,2,5
336032,2008,2008-05-24,2,Feroz Shah Kotla,Feroz Shah Kotla,Delhi,Delhi,Delhi Daredevils,Delhi Capitals,Mumbai Indians,Mumbai Indians,179,176,3,5,119,19.83,116,20,6,39,1,0,0,2,56,2,36,46,7,3,16,74,3,54,34,7,1,14,49,0,29,36,6,2,9
336033,2008,2008-05-24,1,"MA Chidambaram Stadium, Chepauk",MA Chidambaram Stadium,Chennai,Chennai,Rajasthan Royals,Rajasthan Royals,Chennai Super Kings,Chennai Super Kings,211,204,7,5,120,20,134,20,9,30,1,1,0,5,67,0,36,48,9,2,12,100,2,54,64,7,6,10,44,3,30,22,4,1,8
336033,2008,2008-05-24,2,"MA Chidambaram Stadium, Chepauk",MA Chidambaram Stadium,Chennai,Chennai,Chennai Super Kings,Chennai Super Kings,Rajasthan Royals,Rajasthan Royals,201,192,9,7,120,20,130,19,9,35,3,3,1,2,65,1,36,56,8,4,16,92,2,54,52,7,4,11,44,4,30,22,4,1,8
336002,2008,2008-05-25,1,"Rajiv Gandhi International Stadium, Uppal","Rajiv Gandhi International Stadium, Uppal",Hyderabad,Hyderabad,Deccan Chargers,Deccan Chargers,Royal Challengers Bangalore,Royal Challengers Bengaluru,165,152,13,10,120,20,102,15,7,51,8,2,0,3,41,0,36,16,4,0,15,82,4,54,56,8,4,22,42,6,30,30,3,3,14
336002,2008,2008-05-25,2,"Rajiv Gandhi International Stadium, Uppal","Rajiv Gandhi International Stadium, Uppal",Hyderabad,Hyderabad,Royal Challengers Bangalore,Royal Challengers Bengaluru,Deccan Chargers,Deccan Chargers,171,168,3,5,114,19,118,19,7,38,0,0,0,3,43,1,36,32,8,0,18,63,2,54,30,3,3,17,65,2,24,56,8,4,3
336035,2008,2008-05-25,1,Eden Gardens,Eden Gardens,Kolkata,Kolkata,Kings XI Punjab,Punjab Kings,Kolkata Knight Riders,Kolkata Knight Riders,174,163,11,6,120,20,98,17,5,42,10,0,0,1,47,1,36,24,6,0,16,86,2,54,54,6,5,15,41,3,30,20,5,0,11
336035,2008,2008-05-25,2,Eden Gardens,Eden Gardens,Kolkata,Kolkata,Kolkata Knight Riders,Kolkata Knight Riders,Kings XI Punjab,Punjab Kings,175,166,9,7,118,19.67,122,17,9,50,4,0,0,5,51,2,36,42,9,1,19,53,3,54,26,5,1,25,71,2,28,54,3,7,6
336036,2008,2008-05-26,1,Sawai Mansingh Stadium,Sawai Mansingh Stadium,Jaipur,Jaipur,Mumbai Indians,Mumbai Indians,Rajasthan Royals,Rajasthan Royals,145,132,13,7,120,20,62,14,1,46,6,1,0,6,29,0,36,8,2,0,22,68,2,54,24,6,0,13,48,5,30,30,6,1,11
336036,2008,2008-05-26,2,Sawai Mansingh Stadium,Sawai Mansingh Stadium,Jaipur,Jaipur,Rajasthan Royals,Rajasthan Royals,Mumbai Indians,Mumbai Indians,146,130,16,5,120,20,56,11,2,42,5,1,4,6,36,2,36,20,5,0,19,54,3,54,16,4,0,19,56,0,30,20,2,2,4
336037,2008,2008-05-27,1,"Rajiv Gandhi International Stadium, Uppal","Rajiv Gandhi International Stadium, Uppal",Hyderabad,Hyderabad,Deccan Chargers,Deccan Chargers,Chennai Super Kings,Chennai Super Kings,147,131,16,8,120,20,70,13,3,43,7,0,1,8,26,2,36,12,3,0,21,67,1,54,26,5,1,16,54,5,30,32,5,2,6
336037,2008,2008-05-27,2,"Rajiv Gandhi International Stadium, Uppal","Rajiv Gandhi International Stadium, Uppal",Hyderabad,Hyderabad,Chennai Super Kings,Chennai Super Kings,Deccan Chargers,Deccan Chargers,148,137,11,3,116,19.33,82,16,3,46,8,0,0,3,44,1,36,32,8,0,20,70,1,54,36,6,2,19,34,1,26,14,2,1,7
336012,2008,2008-05-28,1,M Chinnaswamy Stadium,M Chinnaswamy Stadium,Bangalore,Bengaluru,Royal Challengers Bangalore,Royal Challengers Bengaluru,Mumbai Indians,Mumbai Indians,122,111,11,9,108,18,56,11,2,49,10,1,0,0,36,2,36,16,4,0,16,56,5,54,26,5,1,25,30,2,18,14,2,1,8
336012,2008,2008-05-28,2,M Chinnaswamy Stadium,M Chinnaswamy Stadium,Bangalore,Bengaluru,Mumbai Indians,Mumbai Indians,Royal Challengers Bangalore,Royal Challengers Bengaluru,126,113,13,1,96,16,76,10,6,43,11,0,0,2,39,0,36,14,2,1,18,78,1,54,54,6,5,22,9,0,6,8,2,0,3
336019,2008,2008-05-28,1,"Punjab Cricket Association Stadium, Mohali","Punjab Cricket Association IS Bindra Stadium, Mohali",Chandigarh,Chandigarh,Kings XI Punjab,Punjab Kings,Rajasthan Royals,Rajasthan Royals,221,216,5,3,120,20,164,20,14,41,3,1,0,1,51,0,36,42,9,1,18,93,1,54,62,8,5,14,77,2,30,60,3,8,9
336019,2008,2008-05-28,2,"Punjab Cricket Association Stadium, Mohali","Punjab Cricket Association IS Bindra Stadium, Mohali",Chandigarh,Chandigarh,Rajasthan Royals,Rajasthan Royals,Kings XI Punjab,Punjab Kings,180,176,4,7,120,20,120,18,8,43,1,0,0,3,38,2,36,28,7,0,20,102,3,54,68,5,8,12,40,2,30,24,6,0,11
336038,2008,2008-05-30,1,Wankhede Stadium,Wankhede Stadium,Mumbai,Mumbai,Rajasthan Royals,Rajasthan Royals,Delhi Daredevils,Delhi Capitals,192,188,4,9,120,20,136,19,10,46,3,0,0,1,58,0,36,46,10,1,17,84,4,54,52,7,4,18,50,5,30,38,2,5,11
336038,2008,2008-05-30,2,Wankhede Stadium,Wankhede Stadium,Mumbai,Mumbai,Delhi Daredevils,Delhi Capitals,Rajasthan Royals,Rajasthan Royals,87,80,7,10,97,16.17,42,9,1,49,4,0,0,3,28,3,36,8,2,0,18,54,5,54,30,6,1,26,5,2,7,4,1,0,5
336039,2008,2008-05-31,1,Wankhede Stadium,Wankhede Stadium,Mumbai,Mumbai,Kings XI Punjab,Punjab Kings,Chennai Super Kings,Chennai Super Kings,112,108,4,8,120,20,56,11,2,62,2,0,2,0,35,4,36,18,3,1,20,33,3,54,12,3,0,34,44,1,30,26,5,1,8
336039,2008,2008-05-31,2,Wankhede Stadium,Wankhede Stadium,Mumbai,Mumbai,Chennai Super Kings,Chennai Super Kings,Kings XI Punjab,Punjab Kings,116,112,4,1,89,14.83,76,13,4,37,4,0,0,0,35,1,36,24,6,0,21,81,0,53,52,7,4,16,0,0,0,0,0,0,0
336040,2008,2008-06-01,1,Dr DY Patil Sports Academy,Dr DY Patil Sports Academy,Mumbai,Mumbai,Chennai Super Kings,Chennai Super Kings,Rajasthan Royals,Rajasthan Royals,163,156,7,5,120,20,78,9,7,37,3,1,1,2,42,1,36,22,4,1,15,75,2,54,38,2,5,16,46,2,30,18,3,1,6
336040,2008,2008-06-01,2,Dr DY Patil Sports Academy,Dr DY Patil Sports Academy,Mumbai,Mumbai,Rajasthan Royals,Rajasthan Royals,Chennai Super Kings,Chennai Super Kings,164,150,14,7,120,20,78,12,5,43,5,2,1,6,41,1,36,20,5,0,16,71,3,54,32,5,2,20,52,3,30,26,2,3,7
392181,2009,2009-04-18,1,Newlands,Newlands,Cape Town,Cape Town,Mumbai Indians,Mumbai Indians,Chennai Super Kings,Chennai Super Kings,165,162,3,7,120,20,94,19,3,35,1,0,1,1,40,1,36,24,6,0,15,65,3,54,28,7,0,14,60,3,30,42,6,3,6
392181,2009,2009-04-18,2,Newlands,Newlands,Cape Town,Cape Town,Chennai Super Kings,Chennai Super Kings,Mumbai Indians,Mumbai Indians,146,137,9,7,120,20,76,10,6,46,3,0,0,6,40,2,36,22,4,1,21,68,3,54,38,5,3,16,38,2,30,16,1,2,9
392182,2009,2009-04-18,1,Newlands,Newlands,Cape Town,Cape Town,Royal Challengers Bangalore,Royal Challengers Bengaluru,Rajasthan Royals,Rajasthan Royals,133,129,4,8,120,20,72,15,2,55,2,0,0,2,29,3,36,12,3,0,20,58,2,54,28,7,0,22,46,3,30,32,5,2,13
392182,2009,2009-04-18,2,Newlands,Newlands,Cape Town,Cape Town,Rajasthan Royals,Rajasthan Royals,Royal Challengers Bangalore,Royal Challengers Bengaluru,58,49,9,10,91,15.17,16,1,2,59,7,1,0,1,14,2,36,0,0,0,29,44,7,54,16,1,2,29,0,1,1,0,0,0,1
392183,2009,2009-04-19,1,Newlands,Newlands,Cape Town,Cape Town,Kings XI Punjab,Punjab Kings,Delhi Daredevils,Delhi Capitals,104,96,8,7,72,12,62,5,7,28,4,0,0,4,67,1,36,42,3,5,9,37,6,36,20,2,2,19,0,0,0,0,0,0,0
392183,2009,2009-04-19,2,Newlands,Newlands,Cape Town,Cape Town,Delhi Daredevils,Delhi Capitals,Kings XI Punjab,Punjab Kings,58,53,5,0,29,4.83,42,6,3,9,3,0,1,1,58,0,29,42,6,3,9,0,0,0,0,0,0,0,0,0,0,0,0,0,0
392184,2009,2009-04-19,1,Newlands,Newlands,Cape Town,Cape Town,Kolkata Knight Riders,Kolkata Knight Riders,Deccan Chargers,Deccan Chargers,101,96,5,10,118,19.67,52,7,4,66,1,0,0,4,21,3,36,14,2,1,28,43,2,54,18,3,1,28,37,5,28,20,2,2,10
392184,2009,2009-04-19,2,Newlands,Newlands,Cape Town,Cape Town,Deccan Chargers,Deccan Chargers,Kolkata Knight Riders,Kolkata Knight Riders,104,102,2,2,79,13.17,68,11,4,36,1,0,1,0,37,2,36,26,5,1,22,67,0,43,42,6,3,14,0,0,0,0,0,0,0
392185,2009,2009-04-20,1,St George's Park,St George's Park,Port Elizabeth,Port Elizabeth,Chennai Super Kings,Chennai Super Kings,Royal Challengers Bangalore,Royal Challengers Bengaluru,179,166,13,5,120,20,96,15,6,34,8,0,0,5,68,0,36,46,7,3,10,67,2,54,22,4,1,15,44,3,30,28,4,2,9
392185,2009,2009-04-20,2,St George's Park,St George's Park,Port Elizabeth,Port Elizabeth,Royal Challengers Bangalore,Royal Challengers Bengaluru,Chennai Super Kings,Chennai Super Kings,87,82,5,10,92,15.33,42,9,1,48,4,0,0,1,46,2,36,28,7,0,17,39,7,54,14,2,1,30,2,1,2,0,0,0,1
392186,2009,2009-04-21,1,Kingsmead,Kingsmead,Durban,Durban,Kings XI Punjab,Punjab Kings,Kolkata Knight Riders,Kolkata Knight Riders,158,146,12,6,120,20,84,15,4,46,11,0,1,0,46,1,36,34,7,1,17,71,3,54,28,4,2,19,41,2,30,22,4,1,10
392186,2009,2009-04-21,2,Kingsmead,Kingsmead,Durban,Durban,Kolkata Knight Riders,Kolkata Knight Riders,Kings XI Punjab,Punjab Kings,79,75,4,1,56,9.33,48,3,6,26,4,0,0,0,60,1,36,42,3,5,16,19,0,20,6,0,1,10,0,0,0,0,0,0,0
392188,2009,2009-04-22,1,Newlands,Newlands,Cape Town,Cape Town,Deccan Chargers,Deccan Chargers,Royal Challengers Bangalore,Royal Challengers Bengaluru,184,175,9,6,120,20,108,9,12,39,1,0,0,8,62,1,36,46,7,3,13,77,2,54,40,1,6,16,45,3,30,22,1,3,10
392188,2009,2009-04-22,2,Newlands,Newlands,Cape Town,Cape Town,Royal Challengers Bangalore,Royal Challengers Bengaluru,Deccan Chargers,Deccan Chargers,160,153,7,8,120,20,92,17,4,48,6,0,0,1,31,2,36,16,4,0,19,78,2,54,44,8,2,20,51,4,30,32,5,2,9
392189,2009,2009-04-23,1,Kingsmead,Kingsmead,Durban,Durban,Delhi Daredevils,Delhi Capitals,Chennai Super Kings,Chennai Super Kings,189,188,1,5,120,20,112,16,8,35,1,0,0,0,59,2,36,46,7,3,14,64,2,54,22,4,1,16,66,1,30,44,5,4,5
392189,2009,2009-04-23,2,Kingsmead,Kingsmead,Durban,Durban,Chennai Super Kings,Chennai Super Kings,Delhi Daredevils,Delhi Capitals,180,165,15,9,120,20,86,14,5,31,8,1,0,6,61,1,36,30,6,1,8,87,3,54,46,7,3,14,32,5,30,10,1,1,9
392190,2009,2009-04-23,1,Newlands,Newlands,Cape Town,Cape Town,Rajasthan Royals,Rajasthan Royals,Kolkata Knight Riders,Kolkata Knight Riders,150,140,10,6,120,20,74,11,5,45,7,0,0,3,54,2,36,46,7,3,20,53,2,54,8,2,0,14,43,2,30,20,2,2,11
392190,2009,2009-04-23,2,Newlands,Newlands,Cape Town,Cape Town,Kolkata Knight Riders,Kolkata Knight Riders,Rajasthan Royals,Rajasthan Royals,150,132,18,8,120,20,76,10,6,51,9,1,0,8,38,1,36,26,2,3,23,60,4,54,22,4,1,21,52,3,30,28,4,2,7
392190,2009,2009-04-23,3,Newlands,Newlands,Cape Town,Cape Town,Kolkata Knight Riders,Kolkata Knight Riders,Rajasthan Royals,Rajasthan Royals,15,14,1,1,6,1,12,3,0,1,1,0,0,0,15,1,6,12,3,0,1,0,0,0,0,0,0,0,0,0,0,0,0,0,0
392190,2009,2009-04-23,4,Newlands,Newlands,Cape Town,Cape Town,Rajasthan Royals,Rajasthan Royals,Kolkata Knight Riders,Kolkata Knight Riders,18,18,0,0,4,0.67,16,1,2,0,0,0,0,0,18,0,4,16,1,2,0,0,0,0,0,0,0,0,0,0,0,0,0,0,0
392191,2009,2009-04-24,1,Kingsmead,Kingsmead,Durban,Durban,Royal Challengers Bangalore,Royal Challengers Bengaluru,Kings XI Punjab,Punjab Kings,168,160,8,9,120,20,94,16,5,46,3,0,4,1,49,3,36,34,7,1,19,69,1,54,32,5,2,19,50,5,30,28,4,2,8
392191,2009,2009-04-24,2,Kingsmead,Kingsmead,Durban,Durban,Kings XI Punjab,Punjab Kings,Royal Challengers Bangalore,Royal Challengers Bengaluru,173,160,13,3,114,19,82,10,7,23,9,0,1,3,44,0,36,8,2,0,8,65,2,54,28,4,2,13,64,1,24,46,4,5,2
392192,2009,2009-04-25,1,Kingsmead,Kingsmead,Durban,Durban,Deccan Chargers,Deccan Chargers,Mumbai Indians,Mumbai Indians,168,154,14,9,120,20,90,12,7,39,5,0,2,7,55,0,36,40,7,2,16,82,4,54,46,4,5,14,31,5,30,4,1,0,9
392192,2009,2009-04-25,2,Kingsmead,Kingsmead,Durban,Durban,Mumbai Indians,Mumbai Indians,Deccan Chargers,Deccan Chargers,156,143,13,7,120,20,82,10,7,42,6,1,0,6,50,1,36,32,5,2,18,58,3,54,20,2,2,16,48,3,30,30,3,3,8
392194,2009,2009-04-26,1,St George's Park,St George's Park,Port Elizabeth,Port Elizabeth,Royal Challengers Bangalore,Royal Challengers Bengaluru,Delhi Daredevils,Delhi Capitals,149,138,11,7,120,20,62,8,5,45,5,1,0,5,45,2,36,18,3,1,16,55,2,54,18,3,1,20,49,3,30,26,2,3,9
392194,2009,2009-04-26,2,St George's Park,St George's Park,Port Elizabeth,Port Elizabeth,Delhi Daredevils,Delhi Capitals,Royal Challengers Bangalore,Royal Challengers Bengaluru,150,146,4,4,116,19.33,64,10,4,35,4,0,0,0,43,2,36,20,2,2,14,56,1,54,18,3,1,18,51,1,26,26,5,1,3
392195,2009,2009-04-26,1,Newlands,Newlands,Cape Town,Cape Town,Kings XI Punjab,Punjab Kings,Rajasthan Royals,Rajasthan Royals,139,126,13,6,120,20,66,12,3,50,9,0,2,2,38,2,36,24,6,0,23,60,2,54,20,2,2,17,41,2,30,22,4,1,10
392195,2009,2009-04-26,2,Newlands,Newlands,Cape Town,Cape Town,Rajasthan Royals,Rajasthan Royals,Kings XI Punjab,Punjab Kings,112,102,10,7,120,20,36,9,0,52,5,0,0,5,32,4,36,20,5,0,23,50,2,54,12,3,0,22,30,1,30,4,1,0,7
392196,2009,2009-04-27,1,Kingsmead,Kingsmead,Durban,Durban,Chennai Super Kings,Chennai Super Kings,Deccan Chargers,Deccan Chargers,165,158,7,6,120,20,100,16,6,45,4,3,0,0,62,1,36,44,8,2,15,51,3,54,18,3,1,20,52,2,30,38,5,3,10
392196,2009,2009-04-27,2,Kingsmead,Kingsmead,Durban,Durban,Deccan Chargers,Deccan Chargers,Chennai Super Kings,Chennai Super Kings,169,159,10,4,117,19.5,94,13,7,37,3,5,0,2,69,1,36,56,8,4,14,60,2,54,24,3,2,17,40,1,27,14,2,1,6
392197,2009,2009-04-27,1,St George's Park,St George's Park,Port Elizabeth,Port Elizabeth,Mumbai Indians,Mumbai Indians,Kolkata Knight Riders,Kolkata Knight Riders,187,178,9,6,120,20,104,11,10,42,8,0,0,1,61,0,36,40,4,4,20,90,3,54,56,5,6,14,36,3,30,8,2,0,8
392197,2009,2009-04-27,2,St George's Park,St George's Park,Port Elizabeth,Port Elizabeth,Kolkata Knight Riders,Kolkata Knight Riders,Mumbai Indians,Mumbai Indians,95,91,4,9,92,15.33,44,8,2,40,2,2,0,0,47,2,36,32,5,2,19,48,5,54,12,3,0,19,0,2,2,0,0,0,2
392198,2009,2009-04-28,1,SuperSport Park,SuperSport Park,Centurion,Centurion,Delhi Daredevils,Delhi Capitals,Rajasthan Royals,Rajasthan Royals,143,138,5,7,120,20,74,14,3,44,1,1,0,3,42,3,36,30,6,1,19,59,1,54,18,3,1,14,42,3,30,26,5,1,11
392198,2009,2009-04-28,2,SuperSport Park,SuperSport Park,Centurion,Centurion,Rajasthan Royals,Rajasthan Royals,Delhi Daredevils,Delhi Capitals,147,138,9,5,112,18.67,86,11,7,47,5,1,0,3,33,2,36,26,5,1,26,63,3,55,24,3,2,17,51,0,21,36,3,4,4
392199,2009,2009-04-29,1,Kingsmead,Kingsmead,Durban,Durban,Kolkata Knight Riders,Kolkata Knight Riders,Royal Challengers Bangalore,Royal Challengers Bengaluru,139,130,9,6,120,20,60,12,2,43,7,0,0,2,45,2,36,30,6,1,21,49,2,54,12,3,0,18,45,2,30,18,3,1,4
392199,2009,2009-04-29,2,Kingsmead,Kingsmead,Durban,Durban,Royal Challengers Bangalore,Royal Challengers Bengaluru,Kolkata Knight Riders,Kolkata Knight Riders,143,134,9,5,119,19.83,66,12,3,43,7,0,1,1,46,0,36,28,7,0,19,52,2,54,12,3,0,16,45,3,29,26,2,3,8
392200,2009,2009-04-29,1,Kingsmead,Kingsmead,Durban,Durban,Kings XI Punjab,Punjab Kings,Mumbai Indians,Mumbai Indians,119,102,17,8,120,20,28,4,2,42,11,0,4,2,26,2,36,10,1,1,20,60,3,54,10,1,1,13,33,3,30,8,2,0,9
392200,2009,2009-04-29,2,Kingsmead,Kingsmead,Durban,Durban,Mumbai Indians,Mumbai Indians,Kings XI Punjab,Punjab Kings,116,105,11,7,120,20,34,7,1,54,8,1,1,1,23,3,36,8,2,0,24,58,1,54,22,4,1,23,35,3,30,4,1,0,7
392201,2009,2009-04-30,1,SuperSport Park,SuperSport Park,Centurion,Centurion,Deccan Chargers,Deccan Chargers,Delhi Daredevils,Delhi Capitals,148,137,11,9,120,20,70,13,3,45,2,1,0,8,37,2,36,24,6,0,22,81,3,54,38,5,3,14,30,4,30,8,2,0,9
392201,2009,2009-04-30,2,SuperSport Park,SuperSport Park,Centurion,Centurion,Delhi Daredevils,Delhi Capitals,Deccan Chargers,Deccan Chargers,150,138,12,4,112,18.67,84,15,4,45,7,1,0,4,41,2,36,28,7,0,20,60,1,54,24,3,2,19,49,1,22,32,5,2,6
392202,2009,2009-04-30,1,SuperSport Park,SuperSport Park,Centurion,Centurion,Chennai Super Kings,Chennai Super Kings,Rajasthan Royals,Rajasthan Royals,164,159,5,5,120,20,96,15,6,45,2,1,0,2,40,2,36,24,3,2,19,64,2,54,38,8,1,21,60,1,30,34,4,3,5
392202,2009,2009-04-30,2,SuperSport Park,SuperSport Park,Centurion,Centurion,Rajasthan Royals,Rajasthan Royals,Chennai Super Kings,Chennai Super Kings,126,118,8,9,117,19.5,56,11,2,47,3,0,0,5,38,2,36,18,3,1,16,60,3,54,24,6,0,19,28,4,27,14,2,1,12
392203,2009,2009-05-01,1,Buffalo Park,Buffalo Park,East London,East London,Mumbai Indians,Mumbai Indians,Kolkata Knight Riders,Kolkata Knight Riders,148,135,13,6,120,20,68,8,6,42,6,1,3,3,40,2,36,18,3,1,17,48,2,54,14,2,1,22,60,2,30,36,3,4,3
392203,2009,2009-05-01,2,Buffalo Park,Buffalo Park,East London,East London,Kolkata Knight Riders,Kolkata Knight Riders,Mumbai Indians,Mumbai Indians,139,131,8,6,120,20,58,10,3,43,6,1,0,1,26,2,36,16,4,0,23,72,1,54,28,4,2,15,41,3,30,14,2,1,5
392204,2009,2009-05-01,1,Kingsmead,Kingsmead,Durban,Durban,Royal Challengers Bangalore,Royal Challengers Bengaluru,Kings XI Punjab,Punjab Kings,145,139,6,9,120,20,82,13,5,52,4,0,1,1,38,2,36,20,2,2,20,62,4,54,34,7,1,22,45,3,30,28,4,2,10
392204,2009,2009-05-01,2,Kingsmead,Kingsmead,Durban,Durban,Kings XI Punjab,Punjab Kings,Royal Challengers Bangalore,Royal Challengers Bengaluru,137,124,13,7,120,20,68,11,4,56,3,0,4,6,35,0,36,16,4,0,19,60,3,54,36,3,4,27,42,4,30,16,4,0,10
392205,2009,2009-05-02,1,St George's Park,St George's Park,Port Elizabeth,Port Elizabeth,Deccan Chargers,Deccan Chargers,Rajasthan Royals,Rajasthan Royals,141,134,7,5,120,20,74,11,5,51,4,0,0,3,39,2,36,30,6,1,22,63,1,54,26,2,3,19,39,2,30,18,3,1,10
392205,2009,2009-05-02,2,St George's Park,St George's Park,Port Elizabeth,Port Elizabeth,Rajasthan Royals,Rajasthan Royals,Deccan Chargers,Deccan Chargers,142,135,7,7,118,19.67,78,12,5,49,3,1,1,2,30,3,36,20,5,0,26,68,3,54,34,4,3,18,44,1,28,24,3,2,5
392206,2009,2009-05-02,1,New Wanderers Stadium,New Wanderers Stadium,Johannesburg,Johannesburg,Chennai Super Kings,Chennai Super Kings,Delhi Daredevils,Delhi Capitals,163,154,9,10,120,20,90,15,5,44,5,0,4,0,53,2,36,36,6,2,16,77,2,54,42,6,3,17,33,6,30,12,3,0,11
392206,2009,2009-05-02,2,New Wanderers Stadium,New Wanderers Stadium,Johannesburg,Johannesburg,Delhi Daredevils,Delhi Capitals,Chennai Super Kings,Chennai Super Kings,145,142,3,8,120,20,84,15,4,52,0,1,0,2,49,2,36,30,6,1,16,71,1,54,36,6,2,16,25,5,30,18,3,1,20
392207,2009,2009-05-03,1,St George's Park,St George's Park,Port Elizabeth,Port Elizabeth,Kolkata Knight Riders,Kolkata Knight Riders,Kings XI Punjab,Punjab Kings,153,146,7,3,120,20,82,16,3,46,4,0,0,3,28,1,36,12,3,0,23,64,1,54,34,7,1,20,61,1,30,36,6,2,3
392207,2009,2009-05-03,2,St George's Park,St George's Park,Port Elizabeth,Port Elizabeth,Kings XI Punjab,Punjab Kings,Kolkata Knight Riders,Kolkata Knight Riders,154,144,10,4,120,20,76,13,4,41,8,0,0,2,51,2,36,32,2,4,16,65,2,54,24,6,0,18,38,0,30,20,5,0,7
392208,2009,2009-05-03,1,New Wanderers Stadium,New Wanderers Stadium,Johannesburg,Johannesburg,Mumbai Indians,Mumbai Indians,Royal Challengers Bangalore,Royal Challengers Bengaluru,149,143,6,4,120,20,70,13,3,47,3,1,0,2,25,3,36,12,3,0,24,61,1,54,26,5,1,20,63,0,30,32,5,2,3
392208,2009,2009-05-03,2,New Wanderers Stadium,New Wanderers Stadium,Johannesburg,Johannesburg,Royal Challengers Bangalore,Royal Challengers Bengaluru,Mumbai Indians,Mumbai Indians,150,142,8,1,109,18.17,80,14,4,43,7,0,0,1,51,1,36,40,7,2,22,71,0,54,30,6,1,17,28,0,19,10,1,1,4
392209,2009,2009-05-04,1,Buffalo Park,Buffalo Park,East London,East London,Chennai Super Kings,Chennai Super Kings,Deccan Chargers,Deccan Chargers,178,168,10,3,120,20,98,14,7,35,5,0,0,5,53,0,36,38,5,3,17,77,2,54,36,3,4,13,48,1,30,24,6,0,5
392209,2009,2009-05-04,2,Buffalo Park,Buffalo Park,East London,East London,Deccan Chargers,Deccan Chargers,Chennai Super Kings,Chennai Super Kings,100,93,7,10,88,14.67,60,6,6,43,2,1,1,3,52,3,36,38,2,5,20,48,7,52,22,4,1,23,0,0,0,0,0,0,0
392210,2009,2009-05-05,1,Kingsmead,Kingsmead,Durban,Durban,Rajasthan Royals,Rajasthan Royals,Kings XI Punjab,Punjab Kings,211,207,4,4,120,20,148,25,8,40,0,4,0,0,57,0,36,42,6,3,16,79,1,54,50,11,1,18,75,3,30,56,8,4,6
392210,2009,2009-05-05,2,Kingsmead,Kingsmead,Durban,Durban,Kings XI Punjab,Punjab Kings,Rajasthan Royals,Rajasthan Royals,133,114,19,8,120,20,68,11,4,59,13,0,1,5,29,4,36,16,4,0,20,67,2,54,32,5,2,24,37,2,30,20,2,2,15
392211,2009,2009-05-05,1,Kingsmead,Kingsmead,Durban,Durban,Kolkata Knight Riders,Kolkata Knight Riders,Delhi Daredevils,Delhi Capitals,154,150,4,3,120,20,80,14,4,44,3,1,0,0,54,0,36,34,4,3,16,49,2,54,20,5,0,23,51,1,30,26,5,1,5
392211,2009,2009-05-05,2,Kingsmead,Kingsmead,Durban,Durban,Delhi Daredevils,Delhi Capitals,Kolkata Knight Riders,Kolkata Knight Riders,157,149,8,1,114,19,80,17,2,41,7,0,0,1,57,0,36,38,8,1,15,57,1,54,16,4,0,19,43,0,24,26,5,1,7
392212,2009,2009-05-06,1,SuperSport Park,SuperSport Park,Centurion,Centurion,Deccan Chargers,Deccan Chargers,Mumbai Indians,Mumbai Indians,145,136,9,6,120,20,68,8,6,44,4,0,0,5,37,2,36,24,3,2,22,62,2,54,26,2,3,16,46,2,30,18,3,1,6
392212,2009,2009-05-06,2,SuperSport Park,SuperSport Park,Centurion,Centurion,Mumbai Indians,Mumbai Indians,Deccan Chargers,Deccan Chargers,126,123,3,8,120,20,62,11,3,51,1,0,0,2,41,2,36,28,4,2,20,59,2,54,28,7,0,21,26,4,30,6,0,1,10
392213,2009,2009-05-07,1,SuperSport Park,SuperSport Park,Centurion,Centurion,Royal Challengers Bangalore,Royal Challengers Bengaluru,Rajasthan Royals,Rajasthan Royals,105,100,5,10,120,20,42,6,3,59,4,1,0,0,29,3,36,14,2,1,23,47,3,54,16,4,0,23,29,4,30,12,0,2,13
392213,2009,2009-05-07,2,SuperSport Park,SuperSport Park,Centurion,Centurion,Rajasthan Royals,Rajasthan Royals,Royal Challengers Bangalore,Royal Challengers Bengaluru,107,104,3,3,90,15,58,10,3,41,3,0,0,0,31,1,36,20,5,0,21,76,2,54,38,5,3,20,0,0,0,0,0,0,0
392214,2009,2009-05-07,1,SuperSport Park,SuperSport Park,Centurion,Centurion,Chennai Super Kings,Chennai Super Kings,Kings XI Punjab,Punjab Kings,185,179,6,3,108,18,130,19,9,37,1,0,0,5,57,1,36,44,8,2,16,88,1,54,60,9,4,18,40,1,18,26,2,3,3
392214,2009,2009-05-07,2,SuperSport Park,SuperSport Park,Centurion,Centurion,Kings XI Punjab,Punjab Kings,Chennai Super Kings,Chennai Super Kings,174,168,6,3,108,18,96,12,8,26,3,0,0,3,53,1,36,30,3,3,14,95,2,54,58,7,5,11,26,0,18,8,2,0,1
392215,2009,2009-05-08,1,Buffalo Park,Buffalo Park,East London,East London,Mumbai Indians,Mumbai Indians,Delhi Daredevils,Delhi Capitals,116,103,13,10,120,20,46,7,3,56,8,2,1,2,30,3,36,8,2,0,21,44,1,54,10,1,1,23,42,6,30,28,4,2,12
392215,2009,2009-05-08,2,Buffalo Park,Buffalo Park,East London,East London,Delhi Daredevils,Delhi Capitals,Mumbai Indians,Mumbai Indians,118,112,6,3,113,18.83,56,11,2,48,6,0,0,0,36,0,36,14,2,1,16,38,2,54,8,2,0,24,44,1,23,34,7,1,8
392216,2009,2009-05-09,1,De Beers Diamond Oval,De Beers Diamond Oval,Kimberley,Kimberley,Deccan Chargers,Deccan Chargers,Kings XI Punjab,Punjab Kings,168,161,7,5,120,20,90,9,9,47,3,2,0,2,52,1,36,32,5,2,17,48,3,54,22,1,3,27,68,1,30,36,3,4,3
392216,2009,2009-05-09,2,De Beers Diamond Oval,De Beers Diamond Oval,Kimberley,Kimberley,Kings XI Punjab,Punjab Kings,Deccan Chargers,Deccan Chargers,169,160,9,7,119,19.83,82,10,7,31,3,0,0,6,45,2,36,26,5,1,14,74,3,54,30,3,3,14,50,2,29,26,2,3,3
392217,2009,2009-05-09,1,De Beers Diamond Oval,De Beers Diamond Oval,Kimberley,Kimberley,Rajasthan Royals,Rajasthan Royals,Chennai Super Kings,Chennai Super Kings,140,133,7,7,120,20,74,11,5,49,1,1,0,5,34,1,36,18,3,1,19,65,3,54,36,6,2,21,41,3,30,20,2,2,9
392217,2009,2009-05-09,2,De Beers Diamond Oval,De Beers Diamond Oval,Kimberley,Kimberley,Chennai Super Kings,Chennai Super Kings,Rajasthan Royals,Rajasthan Royals,141,131,10,3,110,18.33,80,14,4,50,8,0,0,2,37,2,36,24,3,2,22,60,0,54,26,5,1,23,44,1,20,30,6,1,5
392218,2009,2009-05-10,1,St George's Park,St George's Park,Port Elizabeth,Port Elizabeth,Mumbai Indians,Mumbai Indians,Royal Challengers Bangalore,Royal Challengers Bengaluru,157,150,7,2,120,20,64,10,4,40,7,0,0,0,46,1,36,22,4,1,21,58,1,54,14,2,1,16,53,0,30,28,4,2,3
392218,2009,2009-05-10,2,St George's Park,St George's Park,Port Elizabeth,Port Elizabeth,Royal Challengers Bangalore,Royal Challengers Bengaluru,Mumbai Indians,Mumbai Indians,141,127,14,7,120,20,54,9,3,46,8,0,0,6,39,2,36,28,7,0,21,61,4,54,12,0,2,17,41,1,30,14,2,1,8
392219,2009,2009-05-10,1,New Wanderers Stadium,New Wanderers Stadium,Johannesburg,Johannesburg,Kolkata Knight Riders,Kolkata Knight Riders,Delhi Daredevils,Delhi Capitals,123,115,8,8,120,20,54,6,5,57,5,1,0,2,37,3,36,20,2,2,21,40,3,54,10,1,1,28,46,2,30,24,3,2,8
392219,2009,2009-05-10,2,New Wanderers Stadium,New Wanderers Stadium,Johannesburg,Johannesburg,Delhi Daredevils,Delhi Capitals,Kolkata Knight Riders,Kolkata Knight Riders,125,112,13,3,103,17.17,58,13,1,40,6,0,2,5,47,0,36,30,6,1,19,53,3,54,16,4,0,21,25,0,13,12,3,0,0
392220,2009,2009-05-11,1,De Beers Diamond Oval,De Beers Diamond Oval,Kimberley,Kimberley,Deccan Chargers,Deccan Chargers,Rajasthan Royals,Rajasthan Royals,166,164,2,7,120,20,80,8,8,36,1,0,0,1,42,2,36,24,3,2,18,66,2,54,20,2,2,12,58,3,30,36,3,4,6
392220,2009,2009-05-11,2,De Beers Diamond Oval,De Beers Diamond Oval,Kimberley,Kimberley,Rajasthan Royals,Rajasthan Royals,Deccan Chargers,Deccan Chargers,113,109,4,10,117,19.5,46,10,1,51,3,0,0,1,30,2,36,20,5,0,25,65,4,54,26,5,1,16,18,4,27,0,0,0,10
392221,2009,2009-05-12,1,SuperSport Park,SuperSport Park,Centurion,Centurion,Kolkata Knight Riders,Kolkata Knight Riders,Royal Challengers Bangalore,Royal Challengers Bengaluru,173,164,9,4,120,20,98,17,5,40,2,2,5,0,38,2,36,30,6,1,22,64,1,54,18,3,1,14,71,1,30,50,8,3,4
392221,2009,2009-05-12,2,SuperSport Park,SuperSport Park,Centurion,Centurion,Royal Challengers Bangalore,Royal Challengers Bengaluru,Kolkata Knight Riders,Kolkata Knight Riders,176,167,9,4,116,19.33,102,15,7,42,6,2,0,1,46,0,36,30,6,1,18,73,3,54,32,5,2,18,57,1,26,40,4,4,6
392222,2009,2009-05-12,1,SuperSport Park,SuperSport Park,Centurion,Centurion,Kings XI Punjab,Punjab Kings,Mumbai Indians,Mumbai Indians,119,101,18,9,120,20,58,10,3,64,12,2,3,1,51,3,36,38,5,3,21,41,4,54,8,2,0,27,27,2,30,12,3,0,16
392222,2009,2009-05-12,2,SuperSport Park,SuperSport Park,Centurion,Centurion,Mumbai Indians,Mumbai Indians,Kings XI Punjab,Punjab Kings,122,116,6,2,98,16.33,72,12,4,47,4,2,0,0,42,2,36,28,4,2,21,71,0,54,40,7,2,22,9,0,8,4,1,0,4
392223,2009,2009-05-13,1,Kingsmead,Kingsmead,Durban,Durban,Delhi Daredevils,Delhi Capitals,Deccan Chargers,Deccan Chargers,173,161,12,7,120,20,100,16,6,45,9,2,0,1,56,1,36,40,7,2,18,53,3,54,18,3,1,19,64,3,30,42,6,3,8
392223,2009,2009-05-13,2,Kingsmead,Kingsmead,Durban,Durban,Deccan Chargers,Deccan Chargers,Delhi Daredevils,Delhi Capitals,161,153,8,10,118,19.67,94,13,7,44,5,0,0,3,50,2,36,36,6,2,17,84,1,54,46,4,5,14,27,7,28,12,3,0,13
392224,2009,2009-05-14,1,Kingsmead,Kingsmead,Durban,Durban,Chennai Super Kings,Chennai Super Kings,Royal Challengers Bangalore,Royal Challengers Bengaluru,129,125,4,10,118,19.67,66,12,3,48,1,0,0,3,52,2,36,38,8,1,15,53,2,54,16,1,2,19,24,6,28,12,3,0,14
392224,2009,2009-05-14,2,Kingsmead,Kingsmead,Durban,Durban,Royal Challengers Bangalore,Royal Challengers Bengaluru,Chennai Super Kings,Chennai Super Kings,132,124,8,8,118,19.67,68,11,4,51,3,0,4,1,33,3,36,20,5,0,21,58,1,54,32,5,2,23,41,4,28,16,1,2,7
392225,2009,2009-05-14,1,Kingsmead,Kingsmead,Durban,Durban,Rajasthan Royals,Rajasthan Royals,Mumbai Indians,Mumbai Indians,145,138,7,7,120,20,82,16,3,48,4,0,0,3,42,0,36,24,6,0,16,81,2,54,54,9,3,17,22,5,30,4,1,0,15
392225,2009,2009-05-14,2,Kingsmead,Kingsmead,Durban,Durban,Mumbai Indians,Mumbai Indians,Rajasthan Royals,Rajasthan Royals,143,125,18,10,119,19.83,52,10,2,44,14,1,0,3,26,3,36,8,2,0,19,72,2,54,22,4,1,16,45,5,29,22,4,1,9
392226,2009,2009-05-15,1,OUTsurance Oval,OUTsurance Oval,Bloemfontein,Bloemfontein,Delhi Daredevils,Delhi Capitals,Kings XI Punjab,Punjab Kings,120,106,14,9,120,20,30,6,1,53,7,0,0,7,38,2,36,16,4,0,20,59,2,54,14,2,1,21,23,5,30,0,0,0,12
392226,2009,2009-05-15,2,OUTsurance Oval,OUTsurance Oval,Bloemfontein,Bloemfontein,Kings XI Punjab,Punjab Kings,Delhi Daredevils,Delhi Capitals,123,114,9,4,115,19.17,72,12,4,63,3,4,0,2,37,3,36,26,5,1,24,49,0,54,24,6,0,28,37,1,25,22,1,3,11
392227,2009,2009-05-16,1,St George's Park,St George's Park,Port Elizabeth,Port Elizabeth,Mumbai Indians,Mumbai Indians,Chennai Super Kings,Chennai Super Kings,147,142,5,5,120,20,72,9,6,43,1,1,0,3,49,2,36,36,6,2,19,47,1,54,12,0,2,20,51,2,30,24,3,2,4
392227,2009,2009-05-16,2,St George's Park,St George's Park,Port Elizabeth,Port Elizabeth,Chennai Super Kings,Chennai Super Kings,Mumbai Indians,Mumbai Indians,151,125,26,3,115,19.17,64,10,4,45,10,0,0,16,35,2,36,28,4,2,25,67,1,54,14,2,1,16,49,0,25,22,4,1,4
392228,2009,2009-05-16,1,New Wanderers Stadium,New Wanderers Stadium,Johannesburg,Johannesburg,Kolkata Knight Riders,Kolkata Knight Riders,Deccan Chargers,Deccan Chargers,160,153,7,5,120,20,80,11,6,45,2,2,1,2,31,1,36,14,2,1,21,58,1,54,20,5,0,17,71,3,30,46,4,5,7
392228,2009,2009-05-16,2,New Wanderers Stadium,New Wanderers Stadium,Johannesburg,Johannesburg,Deccan Chargers,Deccan Chargers,Kolkata Knight Riders,Kolkata Knight Riders,166,159,7,4,120,20,92,14,6,43,2,2,1,2,50,0,36,40,7,2,20,55,2,54,18,3,1,19,61,2,30,34,4,3,4
392229,2009,2009-05-17,1,New Wanderers Stadium,New Wanderers Stadium,Johannesburg,Johannesburg,Kings XI Punjab,Punjab Kings,Deccan Chargers,Deccan Chargers,134,127,7,7,120,20,58,10,3,48,5,1,1,0,39,3,36,24,3,2,21,55,1,54,16,4,0,17,40,3,30,18,3,1,10
392229,2009,2009-05-17,2,New Wanderers Stadium,New Wanderers Stadium,Johannesburg,Johannesburg,Deccan Chargers,Deccan Chargers,Kings XI Punjab,Punjab Kings,133,128,5,8,120,20,72,12,4,62,2,2,1,0,46,2,36,38,8,1,21,40,3,54,4,1,0,29,47,3,30,30,3,3,12
392230,2009,2009-05-17,1,OUTsurance Oval,OUTsurance Oval,Bloemfontein,Bloemfontein,Delhi Daredevils,Delhi Capitals,Rajasthan Royals,Rajasthan Royals,150,145,5,3,120,20,56,11,2,37,1,3,0,1,35,2,36,16,4,0,20,60,0,54,16,4,0,13,55,1,30,24,3,2,4
392230,2009,2009-05-17,2,OUTsurance Oval,OUTsurance Oval,Bloemfontein,Bloemfontein,Rajasthan Royals,Rajasthan Royals,Delhi Daredevils,Delhi Capitals,136,123,13,9,120,20,58,13,1,52,5,2,0,6,24,2,36,8,2,0,23,69,3,54,20,5,0,16,43,4,30,30,6,1,13
392231,2009,2009-05-18,1,SuperSport Park,SuperSport Park,Centurion,Centurion,Chennai Super Kings,Chennai Super Kings,Kolkata Knight Riders,Kolkata Knight Riders,188,168,20,3,120,20,100,16,6,35,13,0,4,3,54,0,36,32,8,0,14,69,2,54,22,4,1,15,65,1,30,46,4,5,6
392231,2009,2009-05-18,2,SuperSport Park,SuperSport Park,Centurion,Centurion,Kolkata Knight Riders,Kolkata Knight Riders,Chennai Super Kings,Chennai Super Kings,189,184,5,3,120,20,116,17,8,41,0,1,0,4,56,1,36,48,9,2,19,75,1,54,34,4,3,19,58,1,30,34,4,3,3
392232,2009,2009-05-19,1,New Wanderers Stadium,New Wanderers Stadium,Johannesburg,Johannesburg,Delhi Daredevils,Delhi Capitals,Royal Challengers Bangalore,Royal Challengers Bengaluru,134,131,3,7,120,20,38,8,1,36,3,0,0,0,37,3,36,22,4,1,19,52,2,54,8,2,0,14,45,2,30,8,2,0,3
392232,2009,2009-05-19,2,New Wanderers Stadium,New Wanderers Stadium,Johannesburg,Johannesburg,Royal Challengers Bangalore,Royal Challengers Bengaluru,Delhi Daredevils,Delhi Capitals,135,132,3,3,114,19,62,8,5,41,0,2,0,1,27,1,36,18,3,1,23,75,2,54,30,3,3,10,33,0,24,14,2,1,8
392233,2009,2009-05-20,1,Kingsmead,Kingsmead,Durban,Durban,Rajasthan Royals,Rajasthan Royals,Kolkata Knight Riders,Kolkata Knight Riders,101,96,5,9,120,20,46,7,3,65,3,0,0,2,46,4,36,38,5,3,23,33,3,54,4,1,0,29,22,2,30,4,1,0,13
392233,2009,2009-05-20,2,Kingsmead,Kingsmead,Durban,Durban,Kolkata Knight Riders,Kolkata Knight Riders,Rajasthan Royals,Rajasthan Royals,102,97,5,6,117,19.5,48,9,2,62,1,1,2,1,29,3,36,20,5,0,25,36,3,54,14,2,1,31,37,0,27,14,2,1,6
392234,2009,2009-05-20,1,Kingsmead,Kingsmead,Durban,Durban,Chennai Super Kings,Chennai Super Kings,Kings XI Punjab,Punjab Kings,116,109,7,9,120,20,56,11,2,53,2,0,3,2,50,1,36,38,8,1,15,46,5,54,14,2,1,23,20,3,30,4,1,0,15
392234,2009,2009-05-20,2,Kingsmead,Kingsmead,Durban,Durban,Kings XI Punjab,Punjab Kings,Chennai Super Kings,Chennai Super Kings,92,86,6,8,120,20,26,5,1,60,3,0,0,3,29,1,36,14,2,1,21,30,3,54,0,0,0,26,33,4,30,12,3,0,13
392235,2009,2009-05-21,1,SuperSport Park,SuperSport Park,Centurion,Centurion,Mumbai Indians,Mumbai Indians,Delhi Daredevils,Delhi Capitals,165,141,24,8,120,20,84,18,2,45,11,1,6,6,30,3,36,16,4,0,24,79,2,54,36,9,0,15,56,3,30,32,5,2,6
392235,2009,2009-05-21,2,SuperSport Park,SuperSport Park,Centurion,Centurion,Delhi Daredevils,Delhi Capitals,Mumbai Indians,Mumbai Indians,166,157,9,6,105,17.5,104,17,6,36,8,1,0,0,60,1,36,42,9,1,9,86,3,54,48,6,4,19,20,2,15,14,2,1,8
392236,2009,2009-05-21,1,SuperSport Park,SuperSport Park,Centurion,Centurion,Royal Challengers Bangalore,Royal Challengers Bengaluru,Deccan Chargers,Deccan Chargers,170,168,2,4,120,20,94,13,7,45,1,0,0,1,33,1,36,16,4,0,21,83,2,54,46,7,3,16,54,1,30,32,2,4,8
392236,2009,2009-05-21,2,SuperSport Park,SuperSport Park,Centurion,Centurion,Deccan Chargers,Deccan Chargers,Royal Challengers Bangalore,Royal Challengers Bengaluru,158,145,13,6,120,20,70,10,5,37,6,0,4,3,64,0,36,44,5,4,14,55,3,54,14,2,1,18,39,3,30,12,3,0,5
392237,2009,2009-05-22,1,SuperSport Park,SuperSport Park,Centurion,Centurion,Delhi Daredevils,Delhi Capitals,Deccan Chargers,Deccan Chargers,153,143,10,8,120,20,76,13,4,46,4,1,5,0,49,2,36,34,7,1,21,60,1,54,20,5,0,17,44,5,30,22,1,3,8
392237,2009,2009-05-22,2,SuperSport Park,SuperSport Park,Centurion,Centurion,Deccan Chargers,Deccan Chargers,Delhi Daredevils,Delhi Capitals,154,148,6,4,106,17.67,96,15,6,41,4,2,0,0,84,1,36,66,9,5,12,62,3,54,30,6,1,20,8,0,16,0,0,0,9
392238,2009,2009-05-23,1,New Wanderers Stadium,New Wanderers Stadium,Johannesburg,Johannesburg,Chennai Super Kings,Chennai Super Kings,Royal Challengers Bangalore,Royal Challengers Bengaluru,146,140,6,5,120,20,68,11,4,40,3,0,0,3,52,0,36,36,9,0,13,55,3,54,16,1,2,20,39,2,30,16,1,2,7
392238,2009,2009-05-23,2,New Wanderers Stadium,New Wanderers Stadium,Johannesburg,Johannesburg,Royal Challengers Bangalore,Royal Challengers Bengaluru,Chennai Super Kings,Chennai Super Kings,149,144,5,4,113,18.83,88,16,4,46,0,2,0,3,59,2,36,44,11,0,16,51,1,54,16,4,0,20,39,1,23,28,1,4,10
392239,2009,2009-05-24,1,New Wanderers Stadium,New Wanderers Stadium,Johannesburg,Johannesburg,Deccan Chargers,Deccan Chargers,Royal Challengers Bangalore,Royal Challengers Bengaluru,143,135,8,6,120,20,60,9,4,47,6,0,0,2,31,2,36,12,3,0,21,70,1,54,34,4,3,19,42,3,30,14,2,1,7
392239,2009,2009-05-24,2,New Wanderers Stadium,New Wanderers Stadium,Johannesburg,Johannesburg,Royal Challengers Bangalore,Royal Challengers Bengaluru,Deccan Chargers,Deccan Chargers,137,127,10,9,120,20,70,10,5,53,1,0,0,9,36,1,36,24,3,2,21,67,5,54,32,5,2,20,34,3,30,14,2,1,12
419106,2010,2010-03-12,1,Dr DY Patil Sports Academy,Dr DY Patil Sports Academy,Mumbai,Mumbai,Kolkata Knight Riders,Kolkata Knight Riders,Deccan Chargers,Deccan Chargers,161,146,15,4,120,20,92,11,8,50,6,1,0,8,38,4,36,24,3,2,23,54,0,54,18,3,1,21,69,0,30,50,5,5,6
419106,2010,2010-03-12,2,Dr DY Patil Sports Academy,Dr DY Patil Sports Academy,Mumbai,Mumbai,Deccan Chargers,Deccan Chargers,Kolkata Knight Riders,Kolkata Knight Riders,150,138,12,7,120,20,68,11,4,45,5,2,4,1,62,1,36,38,5,3,11,60,3,54,22,4,1,20,28,3,30,8,2,0,14
419107,2010,2010-03-13,1,Brabourne Stadium,Brabourne Stadium,Mumbai,Mumbai,Mumbai Indians,Mumbai Indians,Rajasthan Royals,Rajasthan Royals,212,196,16,7,120,20,128,23,6,33,13,0,0,3,69,1,36,48,9,2,15,90,2,54,54,9,3,12,53,4,30,26,5,1,6
419107,2010,2010-03-13,2,Brabourne Stadium,Brabourne Stadium,Mumbai,Mumbai,Rajasthan Royals,Rajasthan Royals,Mumbai Indians,Mumbai Indians,208,203,5,7,120,20,138,18,11,35,5,0,0,0,39,2,36,24,6,0,17,104,2,54,74,8,7,14,65,3,30,40,4,4,4
419108,2010,2010-03-13,1,"Punjab Cricket Association Stadium, Mohali","Punjab Cricket Association IS Bindra Stadium, Mohali",Chandigarh,Chandigarh,Kings XI Punjab,Punjab Kings,Delhi Daredevils,Delhi Capitals,142,129,13,9,120,20,68,14,2,52,5,0,0,8,44,3,36,24,3,2,20,69,3,54,36,9,0,17,29,3,30,8,2,0,15
419108,2010,2010-03-13,2,"Punjab Cricket Association Stadium, Mohali","Punjab Cricket Association IS Bindra Stadium, Mohali",Chandigarh,Chandigarh,Delhi Daredevils,Delhi Capitals,Kings XI Punjab,Punjab Kings,146,139,7,5,119,19.83,70,16,1,44,2,0,0,5,39,2,36,20,5,0,19,66,2,54,32,8,0,18,41,1,29,18,3,1,7
419109,2010,2010-03-14,1,Eden Gardens,Eden Gardens,Kolkata,Kolkata,Royal Challengers Bangalore,Royal Challengers Bengaluru,Kolkata Knight Riders,Kolkata Knight Riders,135,130,5,7,120,20,64,13,2,44,1,1,1,2,24,3,36,16,4,0,26,65,2,54,22,4,1,11,46,2,30,26,5,1,7
419109,2010,2010-03-14,2,Eden Gardens,Eden Gardens,Kolkata,Kolkata,Kolkata Knight Riders,Kolkata Knight Riders,Royal Challengers Bangalore,Royal Challengers Bengaluru,136,130,6,3,116,19.33,74,14,3,50,5,0,0,1,61,0,36,44,8,2,13,55,2,54,20,5,0,22,20,1,26,10,1,1,15
419110,2010,2010-03-14,1,"MA Chidambaram Stadium, Chepauk",MA Chidambaram Stadium,Chennai,Chennai,Deccan Chargers,Deccan Chargers,Chennai Super Kings,Chennai Super Kings,190,174,16,4,120,20,120,18,8,42,9,2,2,3,57,2,36,42,6,3,16,70,0,54,36,6,2,21,63,2,30,42,6,3,5
419110,2010,2010-03-14,2,"MA Chidambaram Stadium, Chepauk",MA Chidambaram Stadium,Chennai,Chennai,Chennai Super Kings,Chennai Super Kings,Deccan Chargers,Deccan Chargers,159,156,3,9,120,20,88,7,10,44,3,0,0,0,34,4,36,22,1,3,22,74,2,54,34,4,3,14,51,3,30,32,2,4,8
419111,2010,2010-03-15,1,"Sardar Patel Stadium, Motera",Narendra Modi Stadium,Ahmedabad,Ahmedabad,Rajasthan Royals,Rajasthan Royals,Delhi Daredevils,Delhi Capitals,141,136,5,6,120,20,80,14,4,54,5,0,0,0,47,3,36,38,8,1,20,44,1,54,14,2,1,29,50,2,30,28,4,2,5
419111,2010,2010-03-15,2,"Sardar Patel Stadium, Motera",Narendra Modi Stadium,Ahmedabad,Ahmedabad,Delhi Daredevils,Delhi Capitals,Rajasthan Royals,Rajasthan Royals,142,133,9,4,103,17.17,78,12,5,34,5,0,1,3,60,2,36,40,7,2,13,71,2,54,34,4,3,15,11,0,13,4,1,0,6
419112,2010,2010-03-16,1,M Chinnaswamy Stadium,M Chinnaswamy Stadium,Bangalore,Bengaluru,Kings XI Punjab,Punjab Kings,Royal Challengers Bangalore,Royal Challengers Bengaluru,203,190,13,3,120,20,122,20,7,36,9,1,2,1,50,0,36,32,5,2,18,83,1,54,42,6,3,14,70,2,30,48,9,2,4
419112,2010,2010-03-16,2,M Chinnaswamy Stadium,M Chinnaswamy Stadium,Bangalore,Bengaluru,Royal Challengers Bangalore,Royal Challengers Bengaluru,Kings XI Punjab,Punjab Kings,204,194,10,2,113,18.83,138,15,13,36,4,5,0,1,61,0,36,42,6,3,16,88,2,54,56,5,6,16,55,0,23,40,4,4,4
419113,2010,2010-03-16,1,Eden Gardens,Eden Gardens,Kolkata,Kolkata,Chennai Super Kings,Chennai Super Kings,Kolkata Knight Riders,Kolkata Knight Riders,164,161,3,3,120,20,88,16,4,40,1,0,0,2,31,1,36,20,5,0,20,65,2,54,22,4,1,16,68,0,30,46,7,3,4
419113,2010,2010-03-16,2,Eden Gardens,Eden Gardens,Kolkata,Kolkata,Kolkata Knight Riders,Kolkata Knight Riders,Chennai Super Kings,Chennai Super Kings,109,101,8,10,116,19.33,56,14,0,57,3,0,0,5,45,3,36,36,9,0,20,45,6,54,16,4,0,25,19,1,26,4,1,0,12
419114,2010,2010-03-17,1,Feroz Shah Kotla,Feroz Shah Kotla,Delhi,Delhi,Mumbai Indians,Mumbai Indians,Delhi Daredevils,Delhi Capitals,218,201,17,7,120,20,130,19,9,30,11,2,1,3,67,1,36,46,10,1,11,98,2,54,50,5,5,9,53,4,30,34,4,3,10
419114,2010,2010-03-17,2,Feroz Shah Kotla,Feroz Shah Kotla,Delhi,Delhi,Delhi Daredevils,Delhi Capitals,Mumbai Indians,Mumbai Indians,120,109,11,9,99,16.5,68,14,2,42,8,0,1,2,56,1,36,36,9,0,9,63,7,54,32,5,2,25,1,1,9,0,0,0,8
419115,2010,2010-03-18,1,M Chinnaswamy Stadium,M Chinnaswamy Stadium,Bangalore,Bengaluru,Rajasthan Royals,Rajasthan Royals,Royal Challengers Bangalore,Royal Challengers Bengaluru,92,85,7,10,119,19.83,32,5,2,64,4,1,0,2,31,1,36,8,2,0,18,47,3,54,20,2,2,25,14,6,29,4,1,0,21
419115,2010,2010-03-18,2,M Chinnaswamy Stadium,M Chinnaswamy Stadium,Bangalore,Bengaluru,Royal Challengers Bangalore,Royal Challengers Bengaluru,Rajasthan Royals,Rajasthan Royals,93,86,7,0,64,10.67,62,14,1,27,7,0,0,0,59,0,36,44,11,0,15,34,0,28,18,3,1,12,0,0,0,0,0,0,0
419116,2010,2010-03-19,1,Feroz Shah Kotla,Feroz Shah Kotla,Delhi,Delhi,Delhi Daredevils,Delhi Capitals,Chennai Super Kings,Chennai Super Kings,185,175,10,6,120,20,114,21,5,34,5,1,0,4,52,1,36,42,9,1,18,87,3,54,48,9,2,11,46,2,30,24,3,2,5
419116,2010,2010-03-19,2,Feroz Shah Kotla,Feroz Shah Kotla,Delhi,Delhi,Chennai Super Kings,Chennai Super Kings,Delhi Daredevils,Delhi Capitals,190,180,10,5,115,19.17,134,17,11,41,8,0,0,2,56,1,36,46,10,1,17,97,2,54,66,6,7,16,37,2,25,22,1,3,8
419117,2010,2010-03-19,1,Barabati Stadium,Barabati Stadium,Cuttack,Cuttack,Deccan Chargers,Deccan Chargers,Kings XI Punjab,Punjab Kings,170,169,1,8,120,20,94,13,7,35,1,0,0,0,56,2,36,36,6,2,12,69,3,54,38,5,3,17,45,3,30,20,2,2,6
419117,2010,2010-03-19,2,Barabati Stadium,Barabati Stadium,Cuttack,Cuttack,Kings XI Punjab,Punjab Kings,Deccan Chargers,Deccan Chargers,164,152,12,8,120,20,102,18,5,50,2,0,0,10,27,3,36,20,5,0,26,71,3,54,36,6,2,18,66,2,30,46,7,3,6
419118,2010,2010-03-20,1,"Sardar Patel Stadium, Motera",Narendra Modi Stadium,Ahmedabad,Ahmedabad,Rajasthan Royals,Rajasthan Royals,Kolkata Knight Riders,Kolkata Knight Riders,168,160,8,7,120,20,92,20,2,34,3,0,1,4,56,2,36,40,10,0,13,68,2,54,32,8,0,16,44,3,30,20,2,2,5
419118,2010,2010-03-20,2,"Sardar Patel Stadium, Motera",Narendra Modi Stadium,Ahmedabad,Ahmedabad,Kolkata Knight Riders,Kolkata Knight Riders,Rajasthan Royals,Rajasthan Royals,134,129,5,5,120,20,60,12,2,42,1,0,0,4,38,1,36,28,7,0,19,61,2,54,16,4,0,11,35,2,30,16,1,2,12
419119,2010,2010-03-20,1,Brabourne Stadium,Brabourne Stadium,Mumbai,Mumbai,Mumbai Indians,Mumbai Indians,Royal Challengers Bangalore,Royal Challengers Bengaluru,151,137,14,9,120,20,76,16,2,48,4,0,0,10,45,2,36,24,6,0,18,57,4,54,20,5,0,20,49,3,30,32,5,2,10
419119,2010,2010-03-20,2,Brabourne Stadium,Brabourne Stadium,Mumbai,Mumbai,Royal Challengers Bangalore,Royal Challengers Bengaluru,Mumbai Indians,Mumbai Indians,155,153,2,3,115,19.17,90,15,5,39,0,0,1,1,55,0,36,38,8,1,13,62,2,54,32,5,2,19,38,1,25,20,2,2,7
419120,2010,2010-03-21,1,Barabati Stadium,Barabati Stadium,Cuttack,Cuttack,Deccan Chargers,Deccan Chargers,Delhi Daredevils,Delhi Capitals,171,169,2,6,120,20,114,15,9,46,0,1,0,1,47,2,36,36,6,2,19,68,2,54,42,6,3,19,56,2,30,36,3,4,8
419120,2010,2010-03-21,2,Barabati Stadium,Barabati Stadium,Cuttack,Cuttack,Delhi Daredevils,Delhi Capitals,Deccan Chargers,Deccan Chargers,161,157,4,9,120,20,88,13,6,38,1,0,1,2,48,1,36,36,6,2,17,68,3,54,24,3,2,12,45,5,30,28,4,2,9
419121,2010,2010-03-21,1,"MA Chidambaram Stadium, Chepauk",MA Chidambaram Stadium,Chennai,Chennai,Kings XI Punjab,Punjab Kings,Chennai Super Kings,Chennai Super Kings,136,132,4,8,120,20,74,14,3,50,2,0,0,2,38,1,36,24,6,0,19,60,3,54,30,3,3,21,38,4,30,20,5,0,10
419121,2010,2010-03-21,2,"MA Chidambaram Stadium, Chepauk",MA Chidambaram Stadium,Chennai,Chennai,Chennai Super Kings,Chennai Super Kings,Kings XI Punjab,Punjab Kings,136,123,13,7,120,20,66,9,5,50,7,1,2,3,42,0,36,26,5,1,19,67,4,54,32,2,4,17,27,3,30,8,2,0,14
419121,2010,2010-03-21,3,"MA Chidambaram Stadium, Chepauk",MA Chidambaram Stadium,Chennai,Chennai,Chennai Super Kings,Chennai Super Kings,Kings XI Punjab,Punjab Kings,9,9,0,2,5,0.83,6,0,1,2,0,0,0,0,9,2,5,6,0,1,2,0,0,0,0,0,0,0,0,0,0,0,0,0,0
419121,2010,2010-03-21,4,"MA Chidambaram Stadium, Chepauk",MA Chidambaram Stadium,Chennai,Chennai,Kings XI Punjab,Punjab Kings,Chennai Super Kings,Chennai Super Kings,10,10,0,1,4,0.67,10,1,1,2,0,0,0,0,10,1,4,10,1,1,2,0,0,0,0,0,0,0,0,0,0,0,0,0,0
419122,2010,2010-03-22,1,Brabourne Stadium,Brabourne Stadium,Mumbai,Mumbai,Kolkata Knight Riders,Kolkata Knight Riders,Mumbai Indians,Mumbai Indians,155,140,15,3,120,20,72,15,2,38,6,0,6,3,41,0,36,28,7,0,22,61,1,54,18,3,1,12,53,2,30,26,5,1,4
419122,2010,2010-03-22,2,Brabourne Stadium,Brabourne Stadium,Mumbai,Mumbai,Mumbai Indians,Mumbai Indians,Kolkata Knight Riders,Kolkata Knight Riders,156,152,4,3,111,18.5,90,21,1,37,4,0,0,0,57,0,36,44,11,0,16,65,2,54,30,6,1,18,34,1,21,16,4,0,3
419123,2010,2010-03-23,1,M Chinnaswamy Stadium,M Chinnaswamy Stadium,Bangalore,Bengaluru,Royal Challengers Bangalore,Royal Challengers Bengaluru,Chennai Super Kings,Chennai Super Kings,171,157,14,5,120,20,104,14,8,46,3,1,0,10,38,1,36,24,6,0,19,66,2,54,28,7,0,20,67,2,30,52,1,8,7
419123,2010,2010-03-23,2,M Chinnaswamy Stadium,M Chinnaswamy Stadium,Bangalore,Bengaluru,Chennai Super Kings,Chennai Super Kings,Royal Challengers Bangalore,Royal Challengers Bengaluru,135,124,11,7,120,20,74,14,3,54,6,0,0,5,29,1,36,12,3,0,22,66,4,54,38,8,1,22,40,2,30,24,3,2,10
419124,2010,2010-03-24,1,"Punjab Cricket Association Stadium, Mohali","Punjab Cricket Association IS Bindra Stadium, Mohali",Chandigarh,Chandigarh,Rajasthan Royals,Rajasthan Royals,Kings XI Punjab,Punjab Kings,183,173,10,5,120,20,102,21,3,35,5,2,0,3,53,1,36,36,9,0,15,80,2,54,36,6,2,13,50,2,30,30,6,1,7
419124,2010,2010-03-24,2,"Punjab Cricket Association Stadium, Mohali","Punjab Cricket Association IS Bindra Stadium, Mohali",Chandigarh,Chandigarh,Kings XI Punjab,Punjab Kings,Rajasthan Royals,Rajasthan Royals,152,146,6,10,115,19.17,76,13,4,38,3,1,0,2,76,1,36,56,11,2,10,51,5,54,10,1,1,16,25,4,25,10,1,1,12
419125,2010,2010-03-25,1,"Brabourne Stadium, Mumbai",Brabourne Stadium,Mumbai,Mumbai,Chennai Super Kings,Chennai Super Kings,Mumbai Indians,Mumbai Indians,180,166,14,2,120,20,90,18,3,30,9,1,0,4,51,2,36,30,6,1,16,75,0,54,34,7,1,13,54,0,30,26,5,1,1
419125,2010,2010-03-25,2,"Brabourne Stadium, Mumbai",Brabourne Stadium,Mumbai,Mumbai,Mumbai Indians,Mumbai Indians,Chennai Super Kings,Chennai Super Kings,181,167,14,5,114,19,100,16,6,35,9,1,0,4,63,0,36,36,6,2,13,70,3,54,28,4,2,16,48,2,24,36,6,2,6
419128,2010,2010-03-25,1,M Chinnaswamy Stadium,M Chinnaswamy Stadium,Bangalore,Bengaluru,Delhi Daredevils,Delhi Capitals,Royal Challengers Bangalore,Royal Challengers Bengaluru,183,175,8,4,120,20,90,15,5,31,7,0,0,1,64,2,36,40,7,2,11,64,1,54,22,4,1,12,55,1,30,28,4,2,8
419128,2010,2010-03-25,2,M Chinnaswamy Stadium,M Chinnaswamy Stadium,Bangalore,Bengaluru,Royal Challengers Bangalore,Royal Challengers Bengaluru,Delhi Daredevils,Delhi Capitals,166,150,16,9,120,20,78,15,3,31,4,1,0,11,46,0,36,20,5,0,12,75,5,54,36,6,2,12,45,4,30,22,4,1,7
419126,2010,2010-03-26,1,"Sardar Patel Stadium, Motera",Narendra Modi Stadium,Ahmedabad,Ahmedabad,Deccan Chargers,Deccan Chargers,Rajasthan Royals,Rajasthan Royals,148,137,11,9,120,20,68,8,6,40,7,0,2,2,55,2,36,36,6,2,13,53,4,54,14,2,1,18,40,3,30,18,0,3,9
419126,2010,2010-03-26,2,"Sardar Patel Stadium, Motera",Narendra Modi Stadium,Ahmedabad,Ahmedabad,Rajasthan Royals,Rajasthan Royals,Deccan Chargers,Deccan Chargers,151,140,11,2,94,15.67,98,11,9,35,7,0,0,4,54,0,36,38,8,1,15,85,2,54,48,3,6,18,12,0,4,12,0,2,2
419127,2010,2010-03-27,1,"Punjab Cricket Association Stadium, Mohali","Punjab Cricket Association IS Bindra Stadium, Mohali",Chandigarh,Chandigarh,Kolkata Knight Riders,Kolkata Knight Riders,Kings XI Punjab,Punjab Kings,183,165,18,5,120,20,98,20,3,40,8,2,8,0,50,2,36,32,8,0,21,76,1,54,34,7,1,14,57,2,30,32,5,2,5
419127,2010,2010-03-27,2,"Punjab Cricket Association Stadium, Mohali","Punjab Cricket Association IS Bindra Stadium, Mohali",Chandigarh,Chandigarh,Kings XI Punjab,Punjab Kings,Kolkata Knight Riders,Kolkata Knight Riders,144,138,6,6,120,20,70,13,3,45,5,0,1,0,42,2,36,26,5,1,19,60,3,54,20,5,0,17,42,1,30,24,3,2,9
419129,2010,2010-03-28,1,"Sardar Patel Stadium, Motera",Narendra Modi Stadium,Ahmedabad,Ahmedabad,Rajasthan Royals,Rajasthan Royals,Chennai Super Kings,Chennai Super Kings,177,174,3,8,120,20,102,15,7,36,2,0,0,1,58,1,36,42,6,3,15,71,2,54,28,4,2,12,48,5,30,32,5,2,9
419129,2010,2010-03-28,2,"Sardar Patel Stadium, Motera",Narendra Modi Stadium,Ahmedabad,Ahmedabad,Chennai Super Kings,Chennai Super Kings,Rajasthan Royals,Rajasthan Royals,160,154,6,6,120,20,80,11,6,36,3,0,0,3,58,1,36,38,5,3,13,61,2,54,20,5,0,14,41,3,30,22,1,3,9
419130,2010,2010-03-28,1,Dr DY Patil Sports Academy,Dr DY Patil Sports Academy,Mumbai,Mumbai,Mumbai Indians,Mumbai Indians,Deccan Chargers,Deccan Chargers,172,162,10,7,120,20,114,24,3,50,5,4,1,0,52,1,36,38,8,1,20,48,5,54,20,5,0,24,72,1,30,56,11,2,6
419130,2010,2010-03-28,2,Dr DY Patil Sports Academy,Dr DY Patil Sports Academy,Mumbai,Mumbai,Deccan Chargers,Deccan Chargers,Mumbai Indians,Mumbai Indians,131,120,11,10,106,17.67,72,9,6,47,4,0,2,5,50,4,36,34,4,3,19,72,3,54,38,5,3,19,9,3,16,0,0,0,9
419131,2010,2010-03-29,1,Feroz Shah Kotla,Feroz Shah Kotla,Delhi,Delhi,Delhi Daredevils,Delhi Capitals,Kolkata Knight Riders,Kolkata Knight Riders,177,173,4,4,120,20,102,15,7,34,3,1,0,0,62,3,36,48,9,2,14,73,0,54,32,5,2,13,42,1,30,22,1,3,7
419131,2010,2010-03-29,2,Feroz Shah Kotla,Feroz Shah Kotla,Delhi,Delhi,Kolkata Knight Riders,Kolkata Knight Riders,Delhi Daredevils,Delhi Capitals,137,126,11,9,120,20,62,11,3,44,5,1,2,3,36,3,36,24,3,2,21,62,2,54,26,5,1,17,39,4,30,12,3,0,6
419132,2010,2010-03-30,1,Brabourne Stadium,Brabourne Stadium,Mumbai,Mumbai,Kings XI Punjab,Punjab Kings,Mumbai Indians,Mumbai Indians,163,142,21,10,120,20,62,14,1,37,10,1,4,6,48,2,36,20,5,0,18,70,2,54,22,4,1,10,45,6,30,20,5,0,9
419132,2010,2010-03-30,2,Brabourne Stadium,Brabourne Stadium,Mumbai,Mumbai,Mumbai Indians,Mumbai Indians,Kings XI Punjab,Punjab Kings,164,147,17,6,117,19.5,80,14,4,40,15,0,0,2,45,1,36,24,6,0,17,73,2,54,32,5,2,16,46,3,27,24,3,2,7
419133,2010,2010-03-31,1,"MA Chidambaram Stadium, Chepauk",MA Chidambaram Stadium,Chennai,Chennai,Royal Challengers Bangalore,Royal Challengers Bengaluru,Chennai Super Kings,Chennai Super Kings,161,156,5,4,120,20,94,16,5,41,4,0,0,1,52,1,36,36,6,2,15,65,1,54,30,6,1,16,44,2,30,28,4,2,10
419133,2010,2010-03-31,2,"MA Chidambaram Stadium, Chepauk",MA Chidambaram Stadium,Chennai,Chennai,Chennai Super Kings,Chennai Super Kings,Royal Challengers Bangalore,Royal Challengers Bengaluru,162,152,10,5,113,18.83,84,9,8,35,2,2,1,5,56,0,36,36,3,4,12,69,2,54,34,4,3,17,37,3,23,14,2,1,6
419134,2010,2010-03-31,1,Feroz Shah Kotla,Feroz Shah Kotla,Delhi,Delhi,Delhi Daredevils,Delhi Capitals,Rajasthan Royals,Rajasthan Royals,188,175,13,6,120,20,104,17,6,33,4,5,0,4,52,3,36,36,6,2,17,68,1,54,24,6,0,11,68,2,30,44,5,4,5
419134,2010,2010-03-31,2,Feroz Shah Kotla,Feroz Shah Kotla,Delhi,Delhi,Rajasthan Royals,Rajasthan Royals,Delhi Daredevils,Delhi Capitals,121,118,3,10,106,17.67,72,9,6,52,3,0,0,0,39,4,36,26,5,1,19,68,4,54,40,4,4,25,14,2,16,6,0,1,8
419135,2010,2010-04-01,1,Eden Gardens,Eden Gardens,Kolkata,Kolkata,Kolkata Knight Riders,Kolkata Knight Riders,Deccan Chargers,Deccan Chargers,181,167,14,6,120,20,110,17,7,43,9,1,0,4,46,2,36,28,7,0,18,70,1,54,36,6,2,18,65,3,30,46,4,5,7
419135,2010,2010-04-01,2,Eden Gardens,Eden Gardens,Kolkata,Kolkata,Deccan Chargers,Deccan Chargers,Kolkata Knight Riders,Kolkata Knight Riders,157,150,7,5,120,20,84,18,2,41,5,0,0,2,59,1,36,46,10,1,15,66,2,54,28,7,0,15,32,2,30,10,1,1,11
419136,2010,2010-04-02,1,"Punjab Cricket Association Stadium, Mohali","Punjab Cricket Association IS Bindra Stadium, Mohali",Chandigarh,Chandigarh,Kings XI Punjab,Punjab Kings,Royal Challengers Bangalore,Royal Challengers Bengaluru,181,170,11,5,120,20,98,20,3,36,7,1,2,1,41,1,36,32,8,0,19,78,2,54,34,7,1,14,62,2,30,32,5,2,3
419136,2010,2010-04-02,2,"Punjab Cricket Association Stadium, Mohali","Punjab Cricket Association IS Bindra Stadium, Mohali",Chandigarh,Chandigarh,Royal Challengers Bangalore,Royal Challengers Bengaluru,Kings XI Punjab,Punjab Kings,184,174,10,4,115,19.17,92,17,4,25,6,1,0,3,51,1,36,28,7,0,12,71,1,54,26,5,1,10,62,2,25,38,5,3,3
419137,2010,2010-04-03,1,"MA Chidambaram Stadium, Chepauk",MA Chidambaram Stadium,Chennai,Chennai,Chennai Super Kings,Chennai Super Kings,Rajasthan Royals,Rajasthan Royals,246,240,6,5,120,20,178,19,17,33,2,0,4,0,66,1,36,54,9,3,13,104,1,54,62,5,7,13,76,3,30,62,5,7,7
419137,2010,2010-04-03,2,"MA Chidambaram Stadium, Chepauk",MA Chidambaram Stadium,Chennai,Chennai,Rajasthan Royals,Rajasthan Royals,Chennai Super Kings,Chennai Super Kings,223,208,15,5,120,20,158,20,13,36,4,1,4,6,62,0,36,44,8,2,14,113,2,54,86,8,9,13,48,3,30,28,4,2,9
419138,2010,2010-04-03,1,Brabourne Stadium,Brabourne Stadium,Mumbai,Mumbai,Mumbai Indians,Mumbai Indians,Deccan Chargers,Deccan Chargers,178,171,7,5,120,20,94,16,5,35,5,0,0,2,53,0,36,24,6,0,10,61,3,54,30,3,3,20,64,2,30,40,7,2,5
419138,2010,2010-04-03,2,Brabourne Stadium,Brabourne Stadium,Mumbai,Mumbai,Deccan Chargers,Deccan Chargers,Mumbai Indians,Mumbai Indians,115,108,7,10,110,18.33,38,8,1,43,3,1,1,2,40,2,36,22,4,1,17,58,4,54,8,2,0,15,17,4,20,8,2,0,11
419139,2010,2010-04-04,1,Eden Gardens,Eden Gardens,Kolkata,Kolkata,Kolkata Knight Riders,Kolkata Knight Riders,Kings XI Punjab,Punjab Kings,200,187,13,3,120,20,124,16,10,36,11,1,0,1,53,0,36,38,8,1,17,96,1,54,58,4,7,14,51,2,30,28,4,2,5
419139,2010,2010-04-04,2,Eden Gardens,Eden Gardens,Kolkata,Kolkata,Kings XI Punjab,Punjab Kings,Kolkata Knight Riders,Kolkata Knight Riders,204,199,5,2,110,18.33,132,21,8,18,2,0,0,3,69,1,36,48,9,2,5,87,1,54,50,8,3,12,48,0,20,34,4,3,1
419140,2010,2010-04-04,1,Feroz Shah Kotla,Feroz Shah Kotla,Delhi,Delhi,Delhi Daredevils,Delhi Capitals,Royal Challengers Bangalore,Royal Challengers Bengaluru,184,176,8,5,120,20,122,14,11,45,2,1,1,4,54,2,36,44,8,2,18,71,3,54,38,2,5,20,59,0,30,40,4,4,7
419140,2010,2010-04-04,2,Feroz Shah Kotla,Feroz Shah Kotla,Delhi,Delhi,Royal Challengers Bangalore,Royal Challengers Bengaluru,Delhi Daredevils,Delhi Capitals,147,145,2,9,120,20,72,9,6,40,0,1,0,1,38,1,36,22,4,1,18,73,3,54,34,1,5,14,36,5,30,16,4,0,8
419141,2010,2010-04-05,1,"Vidarbha Cricket Association Stadium, Jamtha","Vidarbha Cricket Association Stadium, Jamtha",Nagpur,Nagpur,Rajasthan Royals,Rajasthan Royals,Deccan Chargers,Deccan Chargers,159,147,12,10,119,19.83,80,14,4,45,6,0,2,4,48,2,36,30,3,3,19,80,2,54,30,6,1,9,31,6,29,20,5,0,17
419141,2010,2010-04-05,2,"Vidarbha Cricket Association Stadium, Jamtha","Vidarbha Cricket Association Stadium, Jamtha",Nagpur,Nagpur,Deccan Chargers,Deccan Chargers,Rajasthan Royals,Rajasthan Royals,157,147,10,10,119,19.83,90,15,5,49,6,1,1,2,52,2,36,38,5,3,20,66,2,54,30,6,1,18,39,6,29,22,4,1,11
419142,2010,2010-04-06,1,"MA Chidambaram Stadium, Chepauk",MA Chidambaram Stadium,Chennai,Chennai,Chennai Super Kings,Chennai Super Kings,Mumbai Indians,Mumbai Indians,165,147,18,4,120,20,68,14,2,35,15,1,1,1,42,1,36,22,4,1,19,82,3,54,30,6,1,11,41,0,30,16,4,0,5
419142,2010,2010-04-06,2,"MA Chidambaram Stadium, Chepauk",MA Chidambaram Stadium,Chennai,Chennai,Mumbai Indians,Mumbai Indians,Chennai Super Kings,Chennai Super Kings,141,127,14,9,120,20,62,11,3,47,7,2,0,5,46,0,36,28,7,0,14,46,7,54,8,2,0,23,49,2,30,26,2,3,10
419143,2010,2010-04-07,1,Sawai Mansingh Stadium,Sawai Mansingh Stadium,Jaipur,Jaipur,Kings XI Punjab,Punjab Kings,Rajasthan Royals,Rajasthan Royals,153,144,9,6,120,20,76,13,4,39,7,0,0,2,52,1,36,34,7,1,15,74,3,54,42,6,3,16,27,2,30,0,0,0,8
419143,2010,2010-04-07,2,Sawai Mansingh Stadium,Sawai Mansingh Stadium,Jaipur,Jaipur,Rajasthan Royals,Rajasthan Royals,Kings XI Punjab,Punjab Kings,157,148,9,1,90,15,110,20,5,30,4,3,0,2,70,0,36,54,12,1,13,87,1,54,56,8,4,17,0,0,0,0,0,0,0
419144,2010,2010-04-07,1,Eden Gardens,Eden Gardens,Kolkata,Kolkata,Kolkata Knight Riders,Kolkata Knight Riders,Delhi Daredevils,Delhi Capitals,181,174,7,3,120,20,104,17,6,38,6,0,0,1,50,0,36,36,9,0,18,76,3,54,34,4,3,12,55,0,30,34,4,3,8
419144,2010,2010-04-07,2,Eden Gardens,Eden Gardens,Kolkata,Kolkata,Delhi Daredevils,Delhi Capitals,Kolkata Knight Riders,Kolkata Knight Riders,167,158,9,8,120,20,88,16,4,35,4,0,1,4,44,1,36,28,4,2,15,91,3,54,48,9,2,10,32,4,30,12,3,0,10
419145,2010,2010-04-08,1,M Chinnaswamy Stadium,M Chinnaswamy Stadium,Bangalore,Bengaluru,Royal Challengers Bangalore,Royal Challengers Bengaluru,Deccan Chargers,Deccan Chargers,184,169,15,6,120,20,108,15,8,46,14,0,0,1,46,1,36,28,4,2,20,61,3,54,16,4,0,19,77,2,30,64,7,6,7
419145,2010,2010-04-08,2,M Chinnaswamy Stadium,M Chinnaswamy Stadium,Bangalore,Bengaluru,Deccan Chargers,Deccan Chargers,Royal Challengers Bangalore,Royal Challengers Bengaluru,186,178,8,3,116,19.33,116,17,8,34,6,0,0,2,32,1,36,20,5,0,20,93,2,54,54,9,3,12,61,0,26,42,3,5,2
419146,2010,2010-04-09,1,"Punjab Cricket Association Stadium, Mohali","Punjab Cricket Association IS Bindra Stadium, Mohali",Chandigarh,Chandigarh,Mumbai Indians,Mumbai Indians,Kings XI Punjab,Punjab Kings,154,150,4,9,120,20,72,15,2,33,1,0,0,3,51,2,36,32,8,0,12,58,3,54,18,3,1,16,45,4,30,22,4,1,5
419146,2010,2010-04-09,2,"Punjab Cricket Association Stadium, Mohali","Punjab Cricket Association IS Bindra Stadium, Mohali",Chandigarh,Chandigarh,Kings XI Punjab,Punjab Kings,Mumbai Indians,Mumbai Indians,158,154,4,4,116,19.33,98,20,3,42,3,0,0,1,56,1,36,46,10,1,15,60,1,54,26,5,1,18,42,2,26,26,5,1,9
419147,2010,2010-04-10,1,"Vidarbha Cricket Association Stadium, Jamtha","Vidarbha Cricket Association Stadium, Jamtha",Nagpur,Nagpur,Chennai Super Kings,Chennai Super Kings,Deccan Chargers,Deccan Chargers,138,130,8,8,120,20,54,9,3,41,3,0,2,3,55,1,36,34,7,1,13,55,3,54,16,1,2,18,28,4,30,4,1,0,10
419147,2010,2010-04-10,2,"Vidarbha Cricket Association Stadium, Jamtha","Vidarbha Cricket Association Stadium, Jamtha",Nagpur,Nagpur,Deccan Chargers,Deccan Chargers,Chennai Super Kings,Chennai Super Kings,139,131,8,4,115,19.17,68,8,6,50,6,0,0,2,37,2,36,18,3,1,20,65,1,54,34,4,3,23,37,1,25,16,1,2,7
419148,2010,2010-04-10,1,M Chinnaswamy Stadium,M Chinnaswamy Stadium,Bangalore,Bengaluru,Kolkata Knight Riders,Kolkata Knight Riders,Royal Challengers Bangalore,Royal Challengers Bengaluru,160,149,11,9,120,20,100,13,8,52,10,0,0,1,61,1,36,46,7,3,14,63,3,54,36,6,2,25,36,5,30,18,0,3,13
419148,2010,2010-04-10,2,M Chinnaswamy Stadium,M Chinnaswamy Stadium,Bangalore,Bengaluru,Royal Challengers Bangalore,Royal Challengers Bengaluru,Kolkata Knight Riders,Kolkata Knight Riders,162,151,11,3,103,17.17,94,13,7,31,8,0,0,3,48,1,36,24,6,0,12,72,2,54,32,2,4,16,42,0,13,38,5,3,3
419149,2010,2010-04-11,1,Feroz Shah Kotla,Feroz Shah Kotla,Delhi,Delhi,Delhi Daredevils,Delhi Capitals,Kings XI Punjab,Punjab Kings,111,93,18,10,118,19.67,32,8,0,58,16,0,0,2,45,3,36,24,6,0,22,36,4,54,4,1,0,29,30,3,28,4,1,0,7
419149,2010,2010-04-11,2,Feroz Shah Kotla,Feroz Shah Kotla,Delhi,Delhi,Kings XI Punjab,Punjab Kings,Delhi Daredevils,Delhi Capitals,112,106,6,3,112,18.67,56,11,2,45,1,0,0,5,39,0,36,22,4,1,14,49,2,54,18,3,1,21,24,1,22,16,4,0,10
419150,2010,2010-04-11,1,Sawai Mansingh Stadium,Sawai Mansingh Stadium,Jaipur,Jaipur,Mumbai Indians,Mumbai Indians,Rajasthan Royals,Rajasthan Royals,174,162,12,5,120,20,98,20,3,38,8,0,0,4,47,3,36,32,8,0,17,59,1,54,16,4,0,14,68,1,30,50,8,3,7
419150,2010,2010-04-11,2,Sawai Mansingh Stadium,Sawai Mansingh Stadium,Jaipur,Jaipur,Rajasthan Royals,Rajasthan Royals,Mumbai Indians,Mumbai Indians,137,129,8,8,120,20,58,7,5,46,7,0,0,1,34,3,36,18,3,1,21,55,4,54,14,2,1,17,48,1,30,26,2,3,8
419151,2010,2010-04-12,1,"Vidarbha Cricket Association Stadium, Jamtha","Vidarbha Cricket Association Stadium, Jamtha",Nagpur,Nagpur,Deccan Chargers,Deccan Chargers,Royal Challengers Bangalore,Royal Challengers Bengaluru,151,142,9,6,120,20,74,11,5,46,4,1,0,4,35,3,36,18,3,1,20,76,1,54,42,6,3,18,40,2,30,14,2,1,8
419151,2010,2010-04-12,2,"Vidarbha Cricket Association Stadium, Jamtha","Vidarbha Cricket Association Stadium, Jamtha",Nagpur,Nagpur,Royal Challengers Bangalore,Royal Challengers Bengaluru,Deccan Chargers,Deccan Chargers,138,125,13,10,118,19.67,54,9,3,44,9,0,0,4,38,1,36,20,5,0,20,64,3,54,22,4,1,12,36,6,28,12,0,2,12
419152,2010,2010-04-13,1,Brabourne Stadium,Brabourne Stadium,Mumbai,Mumbai,Mumbai Indians,Mumbai Indians,Delhi Daredevils,Delhi Capitals,183,173,10,4,120,20,98,14,7,35,3,2,0,5,44,1,36,20,5,0,17,64,2,54,24,3,2,15,75,1,30,54,6,5,3
419152,2010,2010-04-13,2,Brabourne Stadium,Brabourne Stadium,Mumbai,Mumbai,Delhi Daredevils,Delhi Capitals,Mumbai Indians,Mumbai Indians,144,136,8,7,120,20,56,11,2,30,1,1,0,6,69,1,36,50,11,1,8,39,5,54,0,0,0,17,36,1,30,6,0,1,5
419153,2010,2010-04-13,1,"MA Chidambaram Stadium, Chepauk",MA Chidambaram Stadium,Chennai,Chennai,Kolkata Knight Riders,Kolkata Knight Riders,Chennai Super Kings,Chennai Super Kings,139,119,20,8,120,20,66,9,5,56,14,0,1,5,22,4,36,14,2,1,27,71,1,54,28,4,2,18,46,3,30,24,3,2,11
419153,2010,2010-04-13,2,"MA Chidambaram Stadium, Chepauk",MA Chidambaram Stadium,Chennai,Chennai,Chennai Super Kings,Chennai Super Kings,Kolkata Knight Riders,Kolkata Knight Riders,143,128,15,1,81,13.5,90,15,5,27,13,0,0,2,67,1,36,40,10,0,14,76,0,45,50,5,5,13,0,0,0,0,0,0,0
419154,2010,2010-04-14,1,Sawai Mansingh Stadium,Sawai Mansingh Stadium,Jaipur,Jaipur,Rajasthan Royals,Rajasthan Royals,Royal Challengers Bangalore,Royal Challengers Bengaluru,130,122,8,6,120,20,62,14,1,56,2,1,0,5,30,3,36,16,4,0,22,57,3,54,28,7,0,28,43,0,30,18,3,1,6
419154,2010,2010-04-14,2,Sawai Mansingh Stadium,Sawai Mansingh Stadium,Jaipur,Jaipur,Royal Challengers Bangalore,Royal Challengers Bengaluru,Rajasthan Royals,Rajasthan Royals,132,131,1,5,94,15.67,96,18,4,43,0,0,0,1,59,2,36,54,12,1,19,65,3,54,36,6,2,23,8,0,4,6,0,1,1
419155,2010,2010-04-15,1,"MA Chidambaram Stadium, Chepauk",MA Chidambaram Stadium,Chennai,Chennai,Chennai Super Kings,Chennai Super Kings,Delhi Daredevils,Delhi Capitals,112,104,8,9,121,20.17,46,10,1,62,6,2,0,0,39,3,36,20,5,0,22,35,4,54,8,2,0,28,38,2,31,18,3,1,12
419155,2010,2010-04-15,2,"MA Chidambaram Stadium, Chepauk",MA Chidambaram Stadium,Chennai,Chennai,Delhi Daredevils,Delhi Capitals,Chennai Super Kings,Chennai Super Kings,113,100,13,4,112,18.67,32,8,0,49,9,0,4,0,33,3,36,8,2,0,17,47,1,54,4,1,0,24,33,0,22,20,5,0,8
419156,2010,2010-04-16,1,Himachal Pradesh Cricket Association Stadium,Himachal Pradesh Cricket Association Stadium,Dharamsala,Dharamsala,Kings XI Punjab,Punjab Kings,Deccan Chargers,Deccan Chargers,174,166,8,3,120,20,116,23,4,48,4,1,0,3,43,1,36,32,8,0,20,55,1,54,26,5,1,23,76,1,30,58,10,3,5
419156,2010,2010-04-16,2,Himachal Pradesh Cricket Association Stadium,Himachal Pradesh Cricket Association Stadium,Dharamsala,Dharamsala,Deccan Chargers,Deccan Chargers,Kings XI Punjab,Punjab Kings,178,165,13,5,115,19.17,110,17,7,39,7,0,0,6,45,1,36,34,7,1,20,86,3,54,52,7,4,17,47,1,25,24,3,2,2
419157,2010,2010-04-17,1,M Chinnaswamy Stadium,M Chinnaswamy Stadium,Bangalore,Bengaluru,Mumbai Indians,Mumbai Indians,Royal Challengers Bangalore,Royal Challengers Bengaluru,191,176,15,4,120,20,116,14,10,40,11,0,0,4,34,1,36,16,4,0,18,104,1,54,66,6,7,16,53,2,30,34,4,3,6
419157,2010,2010-04-17,2,M Chinnaswamy Stadium,M Chinnaswamy Stadium,Bangalore,Bengaluru,Royal Challengers Bangalore,Royal Challengers Bengaluru,Mumbai Indians,Mumbai Indians,134,129,5,9,120,20,58,10,3,39,2,0,1,2,34,2,36,14,2,1,17,64,4,54,24,3,2,12,36,3,30,20,5,0,10
419158,2010,2010-04-17,1,Eden Gardens,Eden Gardens,Kolkata,Kolkata,Rajasthan Royals,Rajasthan Royals,Kolkata Knight Riders,Kolkata Knight Riders,132,129,3,9,120,20,68,14,2,48,2,0,1,0,46,0,36,34,7,1,17,55,5,54,26,5,1,21,31,4,30,8,2,0,10
419158,2010,2010-04-17,2,Eden Gardens,Eden Gardens,Kolkata,Kolkata,Kolkata Knight Riders,Kolkata Knight Riders,Rajasthan Royals,Rajasthan Royals,133,126,7,2,97,16.17,86,17,3,40,7,0,0,0,42,2,36,32,8,0,22,76,0,54,44,8,2,17,15,0,7,10,1,1,1
419159,2010,2010-04-18,1,Himachal Pradesh Cricket Association Stadium,Himachal Pradesh Cricket Association Stadium,Dharamsala,Dharamsala,Kings XI Punjab,Punjab Kings,Chennai Super Kings,Chennai Super Kings,192,187,5,3,120,20,124,19,8,36,3,0,0,2,49,1,36,36,6,2,18,82,2,54,50,8,3,14,61,0,30,38,5,3,4
419159,2010,2010-04-18,2,Himachal Pradesh Cricket Association Stadium,Himachal Pradesh Cricket Association Stadium,Dharamsala,Dharamsala,Chennai Super Kings,Chennai Super Kings,Kings XI Punjab,Punjab Kings,195,185,10,4,118,19.67,130,22,7,36,4,1,0,5,49,2,36,38,8,1,18,81,1,54,52,7,4,16,65,1,28,40,7,2,2
419160,2010,2010-04-18,1,Feroz Shah Kotla,Feroz Shah Kotla,Delhi,Delhi,Deccan Chargers,Deccan Chargers,Delhi Daredevils,Delhi Capitals,145,142,3,7,120,20,84,12,6,47,1,0,0,2,38,2,36,22,4,1,16,79,3,54,54,6,5,20,28,2,30,8,2,0,11
419160,2010,2010-04-18,2,Feroz Shah Kotla,Feroz Shah Kotla,Delhi,Delhi,Delhi Daredevils,Delhi Capitals,Deccan Chargers,Deccan Chargers,134,129,5,7,120,20,64,10,4,46,2,1,0,2,39,3,36,28,7,0,18,47,3,54,10,1,1,20,48,1,30,26,2,3,8
419161,2010,2010-04-19,1,Eden Gardens,Eden Gardens,Kolkata,Kolkata,Mumbai Indians,Mumbai Indians,Kolkata Knight Riders,Kolkata Knight Riders,133,127,6,8,120,20,60,12,2,44,2,0,2,2,42,2,36,22,4,1,15,44,2,54,12,3,0,22,47,4,30,26,5,1,7
419161,2010,2010-04-19,2,Eden Gardens,Eden Gardens,Kolkata,Kolkata,Kolkata Knight Riders,Kolkata Knight Riders,Mumbai Indians,Mumbai Indians,135,119,16,1,105,17.5,70,13,3,42,9,5,0,2,44,0,36,32,5,2,20,63,1,54,28,7,0,21,28,0,15,10,1,1,1
419162,2010,2010-04-21,1,Dr DY Patil Sports Academy,Dr DY Patil Sports Academy,Mumbai,Mumbai,Mumbai Indians,Mumbai Indians,Royal Challengers Bangalore,Royal Challengers Bengaluru,184,171,13,5,120,20,98,14,7,40,9,2,0,2,54,2,36,32,8,0,18,53,2,54,14,2,1,17,77,1,30,52,4,6,5
419162,2010,2010-04-21,2,Dr DY Patil Sports Academy,Dr DY Patil Sports Academy,Mumbai,Mumbai,Royal Challengers Bangalore,Royal Challengers Bengaluru,Mumbai Indians,Mumbai Indians,149,139,10,9,120,20,66,12,3,43,7,1,0,2,44,1,36,28,7,0,18,74,6,54,30,3,3,16,31,2,30,8,2,0,9
419163,2010,2010-04-22,1,Dr DY Patil Sports Academy,Dr DY Patil Sports Academy,Mumbai,Mumbai,Chennai Super Kings,Chennai Super Kings,Deccan Chargers,Deccan Chargers,142,126,16,7,120,20,68,11,4,44,3,0,8,5,39,3,36,22,4,1,20,57,2,54,22,4,1,17,46,2,30,24,3,2,7
419163,2010,2010-04-22,2,Dr DY Patil Sports Academy,Dr DY Patil Sports Academy,Mumbai,Mumbai,Deccan Chargers,Deccan Chargers,Chennai Super Kings,Chennai Super Kings,104,96,8,10,116,19.33,48,9,2,64,6,0,0,2,23,2,36,14,2,1,25,58,3,54,20,5,0,24,23,5,26,14,2,1,15
419164,2010,2010-04-24,1,Dr DY Patil Sports Academy,Dr DY Patil Sports Academy,Mumbai,Mumbai,Deccan Chargers,Deccan Chargers,Royal Challengers Bangalore,Royal Challengers Bengaluru,82,78,4,10,111,18.5,44,8,2,68,3,0,0,1,27,3,36,16,4,0,24,51,2,54,28,4,2,27,4,5,21,0,0,0,17
419164,2010,2010-04-24,2,Dr DY Patil Sports Academy,Dr DY Patil Sports Academy,Mumbai,Mumbai,Royal Challengers Bangalore,Royal Challengers Bengaluru,Deccan Chargers,Deccan Chargers,86,83,3,1,83,13.83,48,9,2,37,1,0,1,1,33,0,36,20,5,0,20,53,1,47,28,4,2,17,0,0,0,0,0,0,0
419165,2010,2010-04-25,1,Dr DY Patil Sports Academy,Dr DY Patil Sports Academy,Mumbai,Mumbai,Chennai Super Kings,Chennai Super Kings,Mumbai Indians,Mumbai Indians,168,157,11,5,120,20,92,11,8,44,8,0,0,3,40,0,36,26,2,3,19,68,3,54,32,5,2,16,60,2,30,34,4,3,9
419165,2010,2010-04-25,2,Dr DY Patil Sports Academy,Dr DY Patil Sports Academy,Mumbai,Mumbai,Mumbai Indians,Mumbai Indians,Chennai Super Kings,Chennai Super Kings,146,134,12,9,120,20,78,12,5,48,5,0,1,6,33,1,36,20,5,0,20,68,4,54,34,4,3,19,45,4,30,24,3,2,9
501198,2011,2011-04-08,1,"MA Chidambaram Stadium, Chepauk",MA Chidambaram Stadium,Chennai,Chennai,Chennai Super Kings,Chennai Super Kings,Kolkata Knight Riders,Kolkata Knight Riders,153,150,3,4,120,20,80,14,4,35,2,0,1,0,45,1,36,32,8,0,17,62,1,54,22,4,1,10,46,2,30,26,2,3,8
501198,2011,2011-04-08,2,"MA Chidambaram Stadium, Chepauk",MA Chidambaram Stadium,Chennai,Chennai,Kolkata Knight Riders,Kolkata Knight Riders,Chennai Super Kings,Chennai Super Kings,151,143,8,7,120,20,74,14,3,40,7,0,0,1,52,0,36,28,7,0,13,59,2,54,22,4,1,15,40,5,30,24,3,2,12
501199,2011,2011-04-09,1,"Rajiv Gandhi International Stadium, Uppal","Rajiv Gandhi International Stadium, Uppal",Hyderabad,Hyderabad,Deccan Chargers,Deccan Chargers,Rajasthan Royals,Rajasthan Royals,137,133,4,8,120,20,70,10,5,50,4,0,0,0,44,2,36,30,6,1,19,46,3,54,10,1,1,23,47,3,30,30,3,3,8
501199,2011,2011-04-09,2,"Rajiv Gandhi International Stadium, Uppal","Rajiv Gandhi International Stadium, Uppal",Hyderabad,Hyderabad,Rajasthan Royals,Rajasthan Royals,Deccan Chargers,Deccan Chargers,141,136,5,2,113,18.83,78,15,3,45,1,2,0,2,31,1,36,20,5,0,24,62,1,54,24,6,0,16,48,0,23,34,4,3,5
501200,2011,2011-04-09,1,Nehru Stadium,Nehru Stadium,Kochi,Kochi,Kochi Tuskers Kerala,Kochi Tuskers Kerala,Royal Challengers Bangalore,Royal Challengers Bengaluru,161,150,11,5,120,20,82,13,5,39,7,1,1,2,61,0,36,44,5,4,13,63,2,54,20,5,0,16,37,3,30,18,3,1,10
501200,2011,2011-04-09,2,Nehru Stadium,Nehru Stadium,Kochi,Kochi,Royal Challengers Bangalore,Royal Challengers Bengaluru,Kochi Tuskers Kerala,Kochi Tuskers Kerala,162,149,13,4,112,18.67,90,12,7,41,7,2,0,4,48,2,36,26,5,1,16,70,1,54,34,4,3,21,44,1,22,30,3,3,4
501201,2011,2011-04-10,1,Feroz Shah Kotla,Feroz Shah Kotla,Delhi,Delhi,Delhi Daredevils,Delhi Capitals,Mumbai Indians,Mumbai Indians,95,91,4,10,106,17.67,48,9,2,55,4,0,0,0,38,3,36,28,4,2,22,49,3,54,16,4,0,21,8,4,16,4,1,0,12
501201,2011,2011-04-10,2,Feroz Shah Kotla,Feroz Shah Kotla,Delhi,Delhi,Mumbai Indians,Mumbai Indians,Delhi Daredevils,Delhi Capitals,99,88,11,2,101,16.83,38,8,1,43,7,0,1,3,31,1,36,8,2,0,16,54,1,54,22,4,1,22,14,0,11,8,2,0,5
501202,2011,2011-04-10,1,Dr DY Patil Sports Academy,Dr DY Patil Sports Academy,Mumbai,Mumbai,Kings XI Punjab,Punjab Kings,Pune Warriors,Pune Warriors,112,102,10,8,119,19.83,54,12,1,64,5,1,0,4,36,5,35,24,6,0,24,32,1,54,8,2,0,32,44,2,30,22,4,1,8
501202,2011,2011-04-10,2,Dr DY Patil Sports Academy,Dr DY Patil Sports Academy,Mumbai,Mumbai,Pune Warriors,Pune Warriors,Kings XI Punjab,Punjab Kings,113,109,4,3,79,13.17,80,14,4,36,3,0,0,1,44,1,36,30,6,1,20,69,2,43,50,8,3,16,0,0,0,0,0,0,0
501203,2011,2011-04-11,1,Eden Gardens,Eden Gardens,Kolkata,Kolkata,Kolkata Knight Riders,Kolkata Knight Riders,Deccan Chargers,Deccan Chargers,163,153,10,4,120,20,98,20,3,45,3,0,5,2,46,0,36,32,8,0,14,72,2,54,38,5,3,22,45,2,30,28,7,0,9
501203,2011,2011-04-11,2,Eden Gardens,Eden Gardens,Kolkata,Kolkata,Deccan Chargers,Deccan Chargers,Kolkata Knight Riders,Kolkata Knight Riders,154,145,9,8,120,20,82,13,5,40,4,0,2,3,30,2,36,16,4,0,20,71,3,54,36,6,2,13,53,3,30,30,3,3,7
501204,2011,2011-04-12,1,Sawai Mansingh Stadium,Sawai Mansingh Stadium,Jaipur,Jaipur,Delhi Daredevils,Delhi Capitals,Rajasthan Royals,Rajasthan Royals,151,142,9,6,120,20,92,14,6,56,3,2,0,4,30,2,36,18,3,1,24,59,2,54,28,4,2,22,62,2,30,46,7,3,10
501204,2011,2011-04-12,2,Sawai Mansingh Stadium,Sawai Mansingh Stadium,Jaipur,Jaipur,Rajasthan Royals,Rajasthan Royals,Delhi Daredevils,Delhi Capitals,152,140,12,4,111,18.5,88,13,6,44,1,2,4,5,57,1,36,38,8,1,18,64,2,54,36,3,4,21,31,1,21,14,2,1,5
501205,2011,2011-04-12,1,M Chinnaswamy Stadium,M Chinnaswamy Stadium,Bangalore,Bengaluru,Royal Challengers Bangalore,Royal Challengers Bengaluru,Mumbai Indians,Mumbai Indians,140,125,15,4,120,20,66,12,3,40,4,0,4,7,24,2,36,8,2,0,19,67,0,54,28,7,0,11,49,2,30,30,3,3,10
501205,2011,2011-04-12,2,M Chinnaswamy Stadium,M Chinnaswamy Stadium,Bangalore,Bengaluru,Mumbai Indians,Mumbai Indians,Royal Challengers Bangalore,Royal Challengers Bengaluru,143,140,3,1,111,18.5,84,18,2,40,1,1,0,1,40,1,36,28,4,2,21,76,0,54,40,10,0,12,27,0,21,16,4,0,7
501206,2011,2011-04-13,1,"Punjab Cricket Association Stadium, Mohali","Punjab Cricket Association IS Bindra Stadium, Mohali",Chandigarh,Chandigarh,Chennai Super Kings,Chennai Super Kings,Kings XI Punjab,Punjab Kings,188,183,5,4,120,20,108,18,6,38,1,1,0,3,31,2,36,14,2,1,23,95,1,54,58,10,3,12,62,1,30,36,6,2,3
501206,2011,2011-04-13,2,"Punjab Cricket Association Stadium, Mohali","Punjab Cricket Association IS Bindra Stadium, Mohali",Chandigarh,Chandigarh,Kings XI Punjab,Punjab Kings,Chennai Super Kings,Chennai Super Kings,193,192,1,4,115,19.17,124,25,4,26,1,0,0,0,65,1,36,46,10,1,9,73,3,54,40,7,2,14,55,0,25,38,8,1,3
501207,2011,2011-04-13,1,Dr DY Patil Sports Academy,Dr DY Patil Sports Academy,Mumbai,Mumbai,Kochi Tuskers Kerala,Kochi Tuskers Kerala,Pune Warriors,Pune Warriors,148,137,11,8,120,20,78,12,5,53,6,1,1,3,37,4,36,28,7,0,21,74,0,54,38,2,5,21,37,4,30,12,3,0,11
501207,2011,2011-04-13,2,Dr DY Patil Sports Academy,Dr DY Patil Sports Academy,Mumbai,Mumbai,Pune Warriors,Pune Warriors,Kochi Tuskers Kerala,Kochi Tuskers Kerala,151,140,11,6,113,18.83,78,12,5,45,10,0,0,1,44,1,36,24,6,0,18,71,4,54,32,5,2,18,36,1,23,22,1,3,9
501208,2011,2011-04-14,1,"Rajiv Gandhi International Stadium, Uppal","Rajiv Gandhi International Stadium, Uppal",Hyderabad,Hyderabad,Deccan Chargers,Deccan Chargers,Royal Challengers Bangalore,Royal Challengers Bengaluru,175,168,7,5,120,20,104,17,6,39,3,2,0,2,41,1,36,24,6,0,18,73,2,54,38,5,3,15,61,2,30,42,6,3,6
501208,2011,2011-04-14,2,"Rajiv Gandhi International Stadium, Uppal","Rajiv Gandhi International Stadium, Uppal",Hyderabad,Hyderabad,Royal Challengers Bangalore,Royal Challengers Bengaluru,Deccan Chargers,Deccan Chargers,142,134,8,9,120,20,66,12,3,49,2,3,0,3,28,3,36,12,3,0,22,64,2,54,24,6,0,17,50,4,30,30,3,3,10
501209,2011,2011-04-15,1,Sawai Mansingh Stadium,Sawai Mansingh Stadium,Jaipur,Jaipur,Rajasthan Royals,Rajasthan Royals,Kolkata Knight Riders,Kolkata Knight Riders,159,140,19,4,120,20,70,10,5,39,12,0,1,6,31,1,36,16,4,0,22,71,2,54,28,4,2,13,57,1,30,26,2,3,4
501209,2011,2011-04-15,2,Sawai Mansingh Stadium,Sawai Mansingh Stadium,Jaipur,Jaipur,Kolkata Knight Riders,Kolkata Knight Riders,Rajasthan Royals,Rajasthan Royals,160,156,4,1,111,18.5,90,18,3,33,3,1,0,0,62,1,36,44,8,2,14,68,0,54,28,7,0,13,30,0,21,18,3,1,6
501210,2011,2011-04-15,1,Wankhede Stadium,Wankhede Stadium,Mumbai,Mumbai,Mumbai Indians,Mumbai Indians,Kochi Tuskers Kerala,Kochi Tuskers Kerala,182,165,17,2,120,20,106,16,7,38,6,0,0,11,44,0,36,24,6,0,16,81,1,54,48,6,4,17,57,1,30,34,4,3,5
501210,2011,2011-04-15,2,Wankhede Stadium,Wankhede Stadium,Mumbai,Mumbai,Kochi Tuskers Kerala,Kochi Tuskers Kerala,Mumbai Indians,Mumbai Indians,184,173,11,2,114,19,116,23,4,38,8,0,0,3,50,0,36,36,9,0,16,84,1,54,44,8,2,16,50,1,24,36,6,2,6
501211,2011,2011-04-16,1,"MA Chidambaram Stadium, Chepauk",MA Chidambaram Stadium,Chennai,Chennai,Chennai Super Kings,Chennai Super Kings,Royal Challengers Bangalore,Royal Challengers Bengaluru,183,179,4,5,120,20,110,20,5,32,1,0,1,2,45,0,36,30,6,1,15,81,2,54,42,6,3,11,57,3,30,38,8,1,6
501211,2011,2011-04-16,2,"MA Chidambaram Stadium, Chepauk",MA Chidambaram Stadium,Chennai,Chennai,Royal Challengers Bangalore,Royal Challengers Bengaluru,Chennai Super Kings,Chennai Super Kings,162,153,9,7,120,20,82,13,5,40,6,0,0,3,33,3,36,22,4,1,21,79,2,54,36,6,2,12,50,2,30,24,3,2,7
501212,2011,2011-04-16,1,"Rajiv Gandhi International Stadium, Uppal","Rajiv Gandhi International Stadium, Uppal",Hyderabad,Hyderabad,Deccan Chargers,Deccan Chargers,Kings XI Punjab,Punjab Kings,165,160,5,8,120,20,86,17,3,34,1,1,0,3,48,1,36,32,8,0,14,65,3,54,26,5,1,13,52,4,30,28,4,2,7
501212,2011,2011-04-16,2,"Rajiv Gandhi International Stadium, Uppal","Rajiv Gandhi International Stadium, Uppal",Hyderabad,Hyderabad,Kings XI Punjab,Punjab Kings,Deccan Chargers,Deccan Chargers,166,152,14,2,106,17.67,108,15,8,40,5,2,0,7,62,0,36,44,8,2,15,77,1,54,46,4,5,21,27,1,16,18,3,1,4
501213,2011,2011-04-17,1,Dr DY Patil Sports Academy,Dr DY Patil Sports Academy,Mumbai,Mumbai,Pune Warriors,Pune Warriors,Delhi Daredevils,Delhi Capitals,187,179,8,5,120,20,118,13,11,46,5,1,1,1,63,1,36,46,7,3,16,65,3,54,36,3,4,24,59,1,30,36,3,4,6
501213,2011,2011-04-17,2,Dr DY Patil Sports Academy,Dr DY Patil Sports Academy,Mumbai,Mumbai,Delhi Daredevils,Delhi Capitals,Pune Warriors,Pune Warriors,190,180,10,7,116,19.33,118,16,9,39,9,0,1,0,67,0,36,48,9,2,14,61,5,54,28,4,2,21,62,2,26,42,3,5,4
501214,2011,2011-04-17,1,Eden Gardens,Eden Gardens,Kolkata,Kolkata,Rajasthan Royals,Rajasthan Royals,Kolkata Knight Riders,Kolkata Knight Riders,81,76,5,10,92,15.33,30,6,1,41,3,1,0,1,36,2,36,20,5,0,18,44,7,54,10,1,1,22,1,1,2,0,0,0,1
501214,2011,2011-04-17,2,Eden Gardens,Eden Gardens,Kolkata,Kolkata,Kolkata Knight Riders,Kolkata Knight Riders,Rajasthan Royals,Rajasthan Royals,85,74,11,2,83,13.83,34,7,1,38,5,2,0,4,26,1,36,4,1,0,19,59,1,47,30,6,1,19,0,0,0,0,0,0,0
501215,2011,2011-04-18,1,Nehru Stadium,Nehru Stadium,Kochi,Kochi,Chennai Super Kings,Chennai Super Kings,Kochi Tuskers Kerala,Kochi Tuskers Kerala,131,128,3,4,102,17,78,15,3,39,2,0,0,1,42,1,36,32,8,0,20,67,2,54,30,6,1,16,22,1,12,16,1,2,3
501215,2011,2011-04-18,2,Nehru Stadium,Nehru Stadium,Kochi,Kochi,Kochi Tuskers Kerala,Kochi Tuskers Kerala,Chennai Super Kings,Chennai Super Kings,135,132,3,3,90,15,90,12,7,35,2,0,0,1,49,1,36,42,6,3,20,86,2,54,48,6,4,15,0,0,0,0,0,0,0
501216,2011,2011-04-19,1,Feroz Shah Kotla,Feroz Shah Kotla,Delhi,Delhi,Deccan Chargers,Deccan Chargers,Delhi Daredevils,Delhi Capitals,168,163,5,4,120,20,98,20,3,37,2,0,1,2,43,1,36,28,7,0,17,86,2,54,56,11,2,13,39,1,30,14,2,1,7
501216,2011,2011-04-19,2,Feroz Shah Kotla,Feroz Shah Kotla,Delhi,Delhi,Delhi Daredevils,Delhi Capitals,Deccan Chargers,Deccan Chargers,152,139,13,7,120,20,78,12,5,47,6,0,6,1,38,3,36,28,7,0,21,69,2,54,28,4,2,20,45,2,30,22,1,3,6
501218,2011,2011-04-20,1,Wankhede Stadium,Wankhede Stadium,Mumbai,Mumbai,Pune Warriors,Pune Warriors,Mumbai Indians,Mumbai Indians,118,106,12,10,104,17.33,64,13,2,51,2,4,0,6,33,4,36,16,4,0,22,67,3,54,34,7,1,21,18,3,14,14,2,1,8
501218,2011,2011-04-20,2,Wankhede Stadium,Wankhede Stadium,Mumbai,Mumbai,Mumbai Indians,Mumbai Indians,Pune Warriors,Pune Warriors,124,114,10,3,120,20,46,10,1,44,2,0,2,6,32,1,36,12,3,0,18,57,2,54,16,4,0,16,35,0,30,18,3,1,10
501219,2011,2011-04-20,1,Eden Gardens,Eden Gardens,Kolkata,Kolkata,Kochi Tuskers Kerala,Kochi Tuskers Kerala,Kolkata Knight Riders,Kolkata Knight Riders,132,124,8,7,120,20,74,11,5,52,3,0,1,4,45,0,36,34,7,1,18,55,5,54,26,2,3,23,32,2,30,14,2,1,11
501219,2011,2011-04-20,2,Eden Gardens,Eden Gardens,Kolkata,Kolkata,Kolkata Knight Riders,Kolkata Knight Riders,Kochi Tuskers Kerala,Kochi Tuskers Kerala,126,115,11,9,120,20,46,7,3,48,3,0,4,4,37,3,36,14,2,1,16,49,2,54,18,3,1,24,40,4,30,14,2,1,8
501220,2011,2011-04-21,1,"Punjab Cricket Association Stadium, Mohali","Punjab Cricket Association IS Bindra Stadium, Mohali",Chandigarh,Chandigarh,Kings XI Punjab,Punjab Kings,Rajasthan Royals,Rajasthan Royals,195,178,17,7,120,20,118,19,7,42,7,3,1,6,77,1,36,54,9,3,15,92,1,54,56,8,4,13,26,5,30,8,2,0,14
501220,2011,2011-04-21,2,"Punjab Cricket Association Stadium, Mohali","Punjab Cricket Association IS Bindra Stadium, Mohali",Chandigarh,Chandigarh,Rajasthan Royals,Rajasthan Royals,Kings XI Punjab,Punjab Kings,147,145,2,7,120,20,76,16,2,44,1,0,0,1,45,2,36,28,7,0,15,68,3,54,36,6,2,21,34,2,30,12,3,0,8
501221,2011,2011-04-22,1,Wankhede Stadium,Wankhede Stadium,Mumbai,Mumbai,Mumbai Indians,Mumbai Indians,Chennai Super Kings,Chennai Super Kings,164,150,14,4,120,20,98,14,7,49,12,0,1,1,40,2,36,26,5,1,22,67,1,54,34,7,1,20,57,1,30,38,2,5,7
501221,2011,2011-04-22,2,Wankhede Stadium,Wankhede Stadium,Mumbai,Mumbai,Chennai Super Kings,Chennai Super Kings,Mumbai Indians,Mumbai Indians,156,146,10,9,120,20,84,15,4,46,8,1,0,1,44,2,36,30,6,1,18,75,2,54,40,7,2,16,37,5,30,14,2,1,12
501222,2011,2011-04-22,1,Eden Gardens,Eden Gardens,Kolkata,Kolkata,Kolkata Knight Riders,Kolkata Knight Riders,Royal Challengers Bangalore,Royal Challengers Bengaluru,171,158,13,5,120,20,84,15,4,39,12,1,0,0,50,1,36,26,5,1,17,64,1,54,26,5,1,16,57,3,30,32,5,2,6
501222,2011,2011-04-22,2,Eden Gardens,Eden Gardens,Kolkata,Kolkata,Royal Challengers Bangalore,Royal Challengers Bengaluru,Kolkata Knight Riders,Kolkata Knight Riders,175,170,5,1,109,18.17,124,19,8,38,5,0,0,0,57,0,36,42,9,1,12,95,1,54,66,6,7,17,23,0,19,16,4,0,9
501223,2011,2011-04-23,1,Feroz Shah Kotla,Feroz Shah Kotla,Delhi,Delhi,Delhi Daredevils,Delhi Capitals,Kings XI Punjab,Punjab Kings,231,215,16,4,120,20,152,20,12,32,14,0,0,2,70,0,36,48,9,2,13,103,2,54,70,7,7,12,58,2,30,34,4,3,7
501223,2011,2011-04-23,2,Feroz Shah Kotla,Feroz Shah Kotla,Delhi,Delhi,Kings XI Punjab,Punjab Kings,Delhi Daredevils,Delhi Capitals,202,197,5,6,120,20,150,21,11,46,1,2,0,2,46,1,36,42,6,3,27,101,2,54,68,11,4,10,55,3,30,40,4,4,9
501224,2011,2011-04-24,1,"Rajiv Gandhi International Stadium, Uppal","Rajiv Gandhi International Stadium, Uppal",Hyderabad,Hyderabad,Mumbai Indians,Mumbai Indians,Deccan Chargers,Deccan Chargers,172,167,5,4,120,20,102,18,5,38,2,0,0,3,57,1,36,42,9,1,13,45,3,54,8,2,0,21,70,0,30,52,7,4,4
501224,2011,2011-04-24,2,"Rajiv Gandhi International Stadium, Uppal","Rajiv Gandhi International Stadium, Uppal",Hyderabad,Hyderabad,Deccan Chargers,Deccan Chargers,Mumbai Indians,Mumbai Indians,135,123,12,8,120,20,62,14,1,47,7,0,0,5,41,2,36,24,6,0,16,59,4,54,22,4,1,20,35,2,30,16,4,0,11
501225,2011,2011-04-24,1,Sawai Mansingh Stadium,Sawai Mansingh Stadium,Jaipur,Jaipur,Kochi Tuskers Kerala,Kochi Tuskers Kerala,Rajasthan Royals,Rajasthan Royals,109,100,9,10,120,20,32,8,0,50,2,1,2,4,32,2,36,12,3,0,19,56,1,54,16,4,0,17,21,7,30,4,1,0,14
501225,2011,2011-04-24,2,Sawai Mansingh Stadium,Sawai Mansingh Stadium,Jaipur,Jaipur,Rajasthan Royals,Rajasthan Royals,Kochi Tuskers Kerala,Kochi Tuskers Kerala,111,109,2,2,85,14.17,66,12,3,33,1,0,0,1,38,0,36,20,5,0,16,73,2,49,46,7,3,17,0,0,0,0,0,0,0
501226,2011,2011-04-25,1,"MA Chidambaram Stadium, Chepauk",MA Chidambaram Stadium,Chennai,Chennai,Chennai Super Kings,Chennai Super Kings,Pune Warriors,Pune Warriors,142,138,4,6,120,20,64,10,4,44,3,0,1,0,45,0,36,26,5,1,16,54,2,54,16,1,2,19,43,4,30,22,4,1,9
501226,2011,2011-04-25,2,"MA Chidambaram Stadium, Chepauk",MA Chidambaram Stadium,Chennai,Chennai,Pune Warriors,Pune Warriors,Chennai Super Kings,Chennai Super Kings,117,110,7,9,120,20,36,6,2,50,2,2,0,3,40,4,36,22,4,1,19,53,1,54,14,2,1,20,24,4,30,0,0,0,11
501227,2011,2011-04-26,1,Feroz Shah Kotla,Feroz Shah Kotla,Delhi,Delhi,Delhi Daredevils,Delhi Capitals,Royal Challengers Bangalore,Royal Challengers Bengaluru,160,147,13,6,120,20,82,13,5,43,7,2,0,4,42,1,36,20,5,0,15,73,2,54,34,7,1,14,45,3,30,28,1,4,14
501227,2011,2011-04-26,2,Feroz Shah Kotla,Feroz Shah Kotla,Delhi,Delhi,Royal Challengers Bangalore,Royal Challengers Bengaluru,Delhi Daredevils,Delhi Capitals,161,143,18,7,117,19.5,98,17,5,44,8,1,5,4,65,1,36,48,9,2,14,52,4,54,26,5,1,22,44,2,27,24,3,2,8
501228,2011,2011-04-27,1,Dr DY Patil Sports Academy,Dr DY Patil Sports Academy,Mumbai,Mumbai,Pune Warriors,Pune Warriors,Chennai Super Kings,Chennai Super Kings,141,136,5,6,120,20,80,11,6,56,4,0,0,1,37,3,36,24,6,0,20,54,2,54,28,4,2,26,50,1,30,28,1,4,10
501228,2011,2011-04-27,2,Dr DY Patil Sports Academy,Dr DY Patil Sports Academy,Mumbai,Mumbai,Chennai Super Kings,Chennai Super Kings,Pune Warriors,Pune Warriors,145,137,8,2,117,19.5,66,9,5,39,5,1,0,2,28,1,36,8,2,0,20,76,1,54,38,5,3,15,41,0,27,20,2,2,4
501229,2011,2011-04-27,1,Nehru Stadium,Nehru Stadium,Kochi,Kochi,Deccan Chargers,Deccan Chargers,Kochi Tuskers Kerala,Kochi Tuskers Kerala,129,122,7,7,120,20,58,13,1,52,3,2,1,1,20,3,36,4,1,0,26,70,0,54,38,8,1,19,39,4,30,16,4,0,7
501229,2011,2011-04-27,2,Nehru Stadium,Nehru Stadium,Kochi,Kochi,Kochi Tuskers Kerala,Kochi Tuskers Kerala,Deccan Chargers,Deccan Chargers,74,67,7,10,99,16.5,36,9,0,58,4,0,0,3,29,6,36,20,5,0,25,44,1,54,16,4,0,25,1,3,9,0,0,0,8
501230,2011,2011-04-28,1,Feroz Shah Kotla,Feroz Shah Kotla,Delhi,Delhi,Kolkata Knight Riders,Kolkata Knight Riders,Delhi Daredevils,Delhi Capitals,148,140,8,7,120,20,72,12,4,44,6,0,0,2,42,1,36,28,7,0,17,63,4,54,30,3,3,21,43,2,30,14,2,1,6
501230,2011,2011-04-28,2,Feroz Shah Kotla,Feroz Shah Kotla,Delhi,Delhi,Delhi Daredevils,Delhi Capitals,Kolkata Knight Riders,Kolkata Knight Riders,131,124,7,9,120,20,66,9,5,53,4,0,3,0,41,1,36,26,5,1,17,45,5,54,16,1,2,25,45,3,30,24,3,2,11
501231,2011,2011-04-29,1,Sawai Mansingh Stadium,Sawai Mansingh Stadium,Jaipur,Jaipur,Mumbai Indians,Mumbai Indians,Rajasthan Royals,Rajasthan Royals,94,87,7,8,120,20,28,4,2,57,4,0,0,3,31,2,36,14,2,1,19,36,2,54,4,1,0,25,27,4,30,10,1,1,13
501231,2011,2011-04-29,2,Sawai Mansingh Stadium,Sawai Mansingh Stadium,Jaipur,Jaipur,Rajasthan Royals,Rajasthan Royals,Mumbai Indians,Mumbai Indians,95,93,2,3,109,18.17,40,7,2,60,1,0,0,1,18,1,36,8,2,0,26,55,1,54,24,3,2,27,22,1,19,8,2,0,7
501232,2011,2011-04-29,1,M Chinnaswamy Stadium,M Chinnaswamy Stadium,Bangalore,Bengaluru,Royal Challengers Bangalore,Royal Challengers Bengaluru,Pune Warriors,Pune Warriors,181,179,2,5,120,20,112,13,10,40,1,0,1,0,57,0,36,44,5,4,16,61,2,54,24,3,2,15,63,3,30,44,5,4,9
501232,2011,2011-04-29,2,M Chinnaswamy Stadium,M Chinnaswamy Stadium,Bangalore,Bengaluru,Pune Warriors,Pune Warriors,Royal Challengers Bangalore,Royal Challengers Bengaluru,155,146,9,5,120,20,80,11,6,41,5,0,0,4,42,1,36,18,3,1,13,66,2,54,32,5,2,18,47,2,30,30,3,3,10
501233,2011,2011-04-30,1,Nehru Stadium,Nehru Stadium,Kochi,Kochi,Delhi Daredevils,Delhi Capitals,Kochi Tuskers Kerala,Kochi Tuskers Kerala,157,141,16,7,120,20,90,12,7,53,6,2,0,8,34,2,36,16,4,0,21,60,2,54,26,2,3,22,63,3,30,48,6,4,10
501233,2011,2011-04-30,2,Nehru Stadium,Nehru Stadium,Kochi,Kochi,Kochi Tuskers Kerala,Kochi Tuskers Kerala,Delhi Daredevils,Delhi Capitals,119,111,8,10,113,18.83,54,9,3,46,5,0,2,1,37,3,36,20,5,0,19,55,2,54,18,3,1,18,27,5,23,16,1,2,9
501234,2011,2011-04-30,1,Eden Gardens,Eden Gardens,Kolkata,Kolkata,Kings XI Punjab,Punjab Kings,Kolkata Knight Riders,Kolkata Knight Riders,119,113,6,6,120,20,50,11,1,55,5,0,1,0,40,2,36,26,5,1,20,46,3,54,16,4,0,28,33,1,30,8,2,0,7
501234,2011,2011-04-30,2,Eden Gardens,Eden Gardens,Kolkata,Kolkata,Kolkata Knight Riders,Kolkata Knight Riders,Kings XI Punjab,Punjab Kings,120,108,12,2,104,17.33,58,13,1,43,11,0,0,1,45,2,36,32,8,0,17,57,0,54,16,4,0,20,18,0,14,10,1,1,6
501235,2011,2011-05-01,1,Sawai Mansingh Stadium,Sawai Mansingh Stadium,Jaipur,Jaipur,Pune Warriors,Pune Warriors,Rajasthan Royals,Rajasthan Royals,143,138,5,7,120,20,72,15,2,44,2,0,1,2,49,1,36,36,9,0,16,53,3,54,20,5,0,20,41,3,30,16,1,2,8
501235,2011,2011-05-01,2,Sawai Mansingh Stadium,Sawai Mansingh Stadium,Jaipur,Jaipur,Rajasthan Royals,Rajasthan Royals,Pune Warriors,Pune Warriors,144,133,11,4,117,19.5,72,9,6,45,1,1,6,3,34,1,36,14,2,1,18,58,3,54,30,3,3,24,52,0,27,28,4,2,3
501236,2011,2011-05-01,1,"MA Chidambaram Stadium, Chepauk",MA Chidambaram Stadium,Chennai,Chennai,Chennai Super Kings,Chennai Super Kings,Deccan Chargers,Deccan Chargers,165,156,9,5,120,20,88,13,6,40,2,2,4,1,34,1,36,12,3,0,17,62,1,54,28,7,0,17,69,3,30,48,3,6,6
501236,2011,2011-05-01,2,"MA Chidambaram Stadium, Chepauk",MA Chidambaram Stadium,Chennai,Chennai,Deccan Chargers,Deccan Chargers,Chennai Super Kings,Chennai Super Kings,146,141,5,8,120,20,70,10,5,45,3,0,1,1,64,0,36,44,5,4,11,54,3,54,18,3,1,23,28,5,30,8,2,0,11
501237,2011,2011-05-02,1,Wankhede Stadium,Wankhede Stadium,Mumbai,Mumbai,Mumbai Indians,Mumbai Indians,Kings XI Punjab,Punjab Kings,159,154,5,5,120,20,92,17,4,40,2,0,2,1,35,1,36,22,4,1,19,79,1,54,42,9,1,13,45,3,30,28,4,2,8
501237,2011,2011-05-02,2,Wankhede Stadium,Wankhede Stadium,Mumbai,Mumbai,Kings XI Punjab,Punjab Kings,Mumbai Indians,Mumbai Indians,136,124,12,8,120,20,60,12,2,38,1,0,6,5,24,1,36,12,3,0,21,77,3,54,36,6,2,11,35,4,30,12,3,0,6
501238,2011,2011-05-02,1,Feroz Shah Kotla,Feroz Shah Kotla,Delhi,Delhi,Delhi Daredevils,Delhi Capitals,Kochi Tuskers Kerala,Kochi Tuskers Kerala,140,133,7,6,120,20,76,16,2,47,4,1,0,2,42,2,36,32,5,2,21,56,2,54,20,5,0,19,42,2,30,24,6,0,7
501238,2011,2011-05-02,2,Feroz Shah Kotla,Feroz Shah Kotla,Delhi,Delhi,Kochi Tuskers Kerala,Kochi Tuskers Kerala,Delhi Daredevils,Delhi Capitals,141,123,18,3,90,15,86,17,3,35,12,3,0,3,67,1,36,44,8,2,17,74,2,54,42,9,1,18,0,0,0,0,0,0,0
501239,2011,2011-05-03,1,"Rajiv Gandhi International Stadium, Uppal","Rajiv Gandhi International Stadium, Uppal",Hyderabad,Hyderabad,Kolkata Knight Riders,Kolkata Knight Riders,Deccan Chargers,Deccan Chargers,169,159,10,4,120,20,88,13,6,40,4,2,0,4,41,1,36,26,5,1,20,69,2,54,30,3,3,16,59,1,30,32,5,2,4
501239,2011,2011-05-03,2,"Rajiv Gandhi International Stadium, Uppal","Rajiv Gandhi International Stadium, Uppal",Hyderabad,Hyderabad,Deccan Chargers,Deccan Chargers,Kolkata Knight Riders,Kolkata Knight Riders,149,145,4,6,120,20,58,13,1,35,2,1,1,0,41,2,36,20,5,0,17,67,2,54,26,5,1,12,41,2,30,12,3,0,6
501240,2011,2011-05-04,1,"MA Chidambaram Stadium, Chepauk",MA Chidambaram Stadium,Chennai,Chennai,Rajasthan Royals,Rajasthan Royals,Chennai Super Kings,Chennai Super Kings,147,140,7,6,120,20,72,18,0,44,1,1,0,5,47,0,36,28,7,0,15,66,3,54,36,9,0,19,34,3,30,8,2,0,10
501240,2011,2011-05-04,2,"MA Chidambaram Stadium, Chepauk",MA Chidambaram Stadium,Chennai,Chennai,Chennai Super Kings,Chennai Super Kings,Rajasthan Royals,Rajasthan Royals,149,145,4,2,112,18.67,60,12,2,31,4,0,0,0,43,1,36,12,3,0,14,75,0,54,36,6,2,12,31,1,22,12,3,0,5
501241,2011,2011-05-04,1,Dr DY Patil Sports Academy,Dr DY Patil Sports Academy,Mumbai,Mumbai,Mumbai Indians,Mumbai Indians,Pune Warriors,Pune Warriors,160,145,15,7,120,20,88,13,6,46,3,1,4,7,49,1,36,28,7,0,15,48,3,54,20,2,2,22,63,3,30,40,4,4,9
501241,2011,2011-05-04,2,Dr DY Patil Sports Academy,Dr DY Patil Sports Academy,Mumbai,Mumbai,Pune Warriors,Pune Warriors,Mumbai Indians,Mumbai Indians,139,129,10,7,120,20,74,8,7,55,6,0,0,4,31,2,36,16,4,0,23,59,2,54,34,4,3,25,49,3,30,24,0,4,7
501242,2011,2011-05-05,1,Nehru Stadium,Nehru Stadium,Kochi,Kochi,Kochi Tuskers Kerala,Kochi Tuskers Kerala,Kolkata Knight Riders,Kolkata Knight Riders,156,150,6,5,120,20,76,13,4,39,3,2,0,1,35,2,36,20,5,0,19,63,2,54,22,4,1,15,58,1,30,34,4,3,5
501242,2011,2011-05-05,2,Nehru Stadium,Nehru Stadium,Kochi,Kochi,Kolkata Knight Riders,Kolkata Knight Riders,Kochi Tuskers Kerala,Kochi Tuskers Kerala,139,136,3,7,120,20,72,15,2,48,2,0,0,1,43,0,36,24,6,0,14,57,3,54,30,6,1,26,39,4,30,18,3,1,8
501243,2011,2011-05-05,1,"Rajiv Gandhi International Stadium, Uppal","Rajiv Gandhi International Stadium, Uppal",Hyderabad,Hyderabad,Deccan Chargers,Deccan Chargers,Delhi Daredevils,Delhi Capitals,175,165,10,5,120,20,96,18,4,37,4,2,0,4,43,1,36,32,8,0,17,82,2,54,40,7,2,17,50,2,30,24,3,2,3
501243,2011,2011-05-05,2,"Rajiv Gandhi International Stadium, Uppal","Rajiv Gandhi International Stadium, Uppal",Hyderabad,Hyderabad,Delhi Daredevils,Delhi Capitals,Deccan Chargers,Deccan Chargers,179,169,10,6,114,19,110,17,7,40,8,1,0,1,29,3,36,12,3,0,23,120,1,54,84,12,6,9,30,2,24,14,2,1,8
501244,2011,2011-05-06,1,M Chinnaswamy Stadium,M Chinnaswamy Stadium,Bangalore,Bengaluru,Royal Challengers Bangalore,Royal Challengers Bengaluru,Kings XI Punjab,Punjab Kings,205,199,6,6,120,20,158,23,11,45,1,0,0,5,48,1,36,40,7,2,21,107,2,54,86,11,7,18,50,3,30,32,5,2,6
501244,2011,2011-05-06,2,M Chinnaswamy Stadium,M Chinnaswamy Stadium,Bangalore,Bengaluru,Kings XI Punjab,Punjab Kings,Royal Challengers Bangalore,Royal Challengers Bengaluru,120,115,5,9,120,20,50,11,1,47,4,1,0,0,38,4,36,20,5,0,16,51,3,54,16,4,0,17,31,2,30,14,2,1,14
501245,2011,2011-05-07,1,Eden Gardens,Eden Gardens,Kolkata,Kolkata,Chennai Super Kings,Chennai Super Kings,Kolkata Knight Riders,Kolkata Knight Riders,114,108,6,4,120,20,36,6,2,46,3,0,0,3,15,2,36,0,0,0,24,62,1,54,26,5,1,16,37,1,30,10,1,1,6
501245,2011,2011-05-07,2,Eden Gardens,Eden Gardens,Kolkata,Kolkata,Kolkata Knight Riders,Kolkata Knight Riders,Chennai Super Kings,Chennai Super Kings,61,57,4,2,60,10,28,7,0,26,3,0,0,1,33,2,36,16,4,0,20,28,0,24,12,3,0,6,0,0,0,0,0,0,0
501246,2011,2011-05-07,1,Wankhede Stadium,Wankhede Stadium,Mumbai,Mumbai,Mumbai Indians,Mumbai Indians,Delhi Daredevils,Delhi Capitals,178,172,6,4,120,20,114,21,5,41,4,0,0,2,50,1,36,44,11,0,21,79,1,54,40,4,4,13,49,2,30,30,6,1,7
501246,2011,2011-05-07,2,Wankhede Stadium,Wankhede Stadium,Mumbai,Mumbai,Delhi Daredevils,Delhi Capitals,Mumbai Indians,Mumbai Indians,146,137,9,10,119,19.83,86,20,1,52,6,2,1,0,23,4,36,8,2,0,22,76,1,54,50,11,1,20,47,5,29,28,7,0,10
501247,2011,2011-05-08,1,M Chinnaswamy Stadium,M Chinnaswamy Stadium,Bangalore,Bengaluru,Kochi Tuskers Kerala,Kochi Tuskers Kerala,Royal Challengers Bangalore,Royal Challengers Bengaluru,125,115,10,9,120,20,48,12,0,51,9,1,0,0,49,1,36,28,7,0,14,48,4,54,16,4,0,26,28,4,30,4,1,0,11
501247,2011,2011-05-08,2,M Chinnaswamy Stadium,M Chinnaswamy Stadium,Bangalore,Bengaluru,Royal Challengers Bangalore,Royal Challengers Bengaluru,Kochi Tuskers Kerala,Kochi Tuskers Kerala,128,123,5,1,79,13.17,92,14,6,33,2,1,0,2,79,1,36,64,7,6,15,49,0,43,28,7,0,18,0,0,0,0,0,0,0
501248,2011,2011-05-08,1,"Punjab Cricket Association Stadium, Mohali","Punjab Cricket Association IS Bindra Stadium, Mohali",Chandigarh,Chandigarh,Kings XI Punjab,Punjab Kings,Pune Warriors,Pune Warriors,119,115,4,8,120,20,54,12,1,50,0,0,1,3,34,1,36,20,5,0,18,62,3,54,26,5,1,18,23,4,30,8,2,0,14
501248,2011,2011-05-08,2,"Punjab Cricket Association Stadium, Mohali","Punjab Cricket Association IS Bindra Stadium, Mohali",Chandigarh,Chandigarh,Pune Warriors,Pune Warriors,Kings XI Punjab,Punjab Kings,120,108,12,5,103,17.17,68,14,2,49,6,1,4,1,40,1,36,32,8,0,22,74,2,54,36,6,2,18,6,2,13,0,0,0,9
501249,2011,2011-05-09,1,Sawai Mansingh Stadium,Sawai Mansingh Stadium,Jaipur,Jaipur,Chennai Super Kings,Chennai Super Kings,Rajasthan Royals,Rajasthan Royals,196,188,8,3,120,20,112,19,6,32,6,0,0,2,55,0,36,32,8,0,10,81,2,54,46,7,3,17,60,1,30,34,4,3,5
501249,2011,2011-05-09,2,Sawai Mansingh Stadium,Sawai Mansingh Stadium,Jaipur,Jaipur,Rajasthan Royals,Rajasthan Royals,Chennai Super Kings,Chennai Super Kings,133,128,5,10,117,19.5,50,11,1,44,5,0,0,0,48,2,36,24,6,0,13,66,3,54,22,4,1,18,19,5,27,4,1,0,13
501250,2011,2011-05-10,1,"Rajiv Gandhi International Stadium, Uppal","Rajiv Gandhi International Stadium, Uppal",Hyderabad,Hyderabad,Deccan Chargers,Deccan Chargers,Pune Warriors,Pune Warriors,136,135,1,8,120,20,56,11,2,34,1,0,0,0,50,0,36,32,5,2,12,50,4,54,12,3,0,15,36,4,30,12,3,0,7
501250,2011,2011-05-10,2,"Rajiv Gandhi International Stadium, Uppal","Rajiv Gandhi International Stadium, Uppal",Hyderabad,Hyderabad,Pune Warriors,Pune Warriors,Deccan Chargers,Deccan Chargers,137,134,3,4,110,18.33,98,17,5,56,2,1,0,0,52,0,36,44,8,2,19,60,3,54,38,5,3,28,25,1,20,16,4,0,9
501251,2011,2011-05-10,1,"Punjab Cricket Association Stadium, Mohali","Punjab Cricket Association IS Bindra Stadium, Mohali",Chandigarh,Chandigarh,Kings XI Punjab,Punjab Kings,Mumbai Indians,Mumbai Indians,163,141,22,8,120,20,78,15,3,44,7,0,2,13,39,1,36,20,5,0,19,85,1,54,38,8,1,13,39,6,30,20,2,2,12
501251,2011,2011-05-10,2,"Punjab Cricket Association Stadium, Mohali","Punjab Cricket Association IS Bindra Stadium, Mohali",Chandigarh,Chandigarh,Mumbai Indians,Mumbai Indians,Kings XI Punjab,Punjab Kings,87,82,5,10,77,12.83,52,10,2,38,4,0,1,0,33,3,36,24,6,0,22,54,7,41,28,4,2,16,0,0,0,0,0,0,0
501252,2011,2011-05-11,1,Sawai Mansingh Stadium,Sawai Mansingh Stadium,Jaipur,Jaipur,Rajasthan Royals,Rajasthan Royals,Royal Challengers Bangalore,Royal Challengers Bengaluru,146,135,11,6,120,20,66,12,3,46,7,2,1,1,43,0,36,30,6,1,20,69,3,54,32,5,2,17,34,3,30,4,1,0,9
501252,2011,2011-05-11,2,Sawai Mansingh Stadium,Sawai Mansingh Stadium,Jaipur,Jaipur,Royal Challengers Bangalore,Royal Challengers Bengaluru,Rajasthan Royals,Rajasthan Royals,151,147,4,1,102,17,102,18,5,35,2,0,1,1,66,0,36,54,12,1,13,60,1,54,28,4,2,18,25,0,12,20,2,2,4
501253,2011,2011-05-12,1,"MA Chidambaram Stadium, Chepauk",MA Chidambaram Stadium,Chennai,Chennai,Chennai Super Kings,Chennai Super Kings,Delhi Daredevils,Delhi Capitals,176,172,4,4,120,20,108,15,8,39,1,1,0,2,42,2,36,30,3,3,20,63,1,54,34,7,1,19,71,1,30,44,5,4,0
501253,2011,2011-05-12,2,"MA Chidambaram Stadium, Chepauk",MA Chidambaram Stadium,Chennai,Chennai,Delhi Daredevils,Delhi Capitals,Chennai Super Kings,Chennai Super Kings,158,144,14,6,120,20,80,11,6,46,5,0,0,9,52,1,36,36,6,2,17,55,2,54,20,2,2,22,51,3,30,24,3,2,7
501254,2011,2011-05-13,1,Holkar Cricket Stadium,Holkar Cricket Stadium,Indore,Indore,Kochi Tuskers Kerala,Kochi Tuskers Kerala,Kings XI Punjab,Punjab Kings,178,155,23,7,120,20,90,12,7,41,19,0,0,4,62,0,36,34,7,1,14,68,3,54,32,2,4,20,48,4,30,24,3,2,7
501254,2011,2011-05-13,2,Holkar Cricket Stadium,Holkar Cricket Stadium,Indore,Indore,Kings XI Punjab,Punjab Kings,Kochi Tuskers Kerala,Kochi Tuskers Kerala,181,173,8,4,113,18.83,128,17,10,43,6,0,0,2,49,2,36,36,6,2,19,96,2,54,74,8,7,20,36,0,23,18,3,1,4
501255,2011,2011-05-14,1,M Chinnaswamy Stadium,M Chinnaswamy Stadium,Bangalore,Bengaluru,Kolkata Knight Riders,Kolkata Knight Riders,Royal Challengers Bangalore,Royal Challengers Bengaluru,89,82,7,4,78,13,46,7,3,35,2,0,4,1,33,3,36,16,4,0,19,56,1,42,30,3,3,16,0,0,0,0,0,0,0
501255,2011,2011-05-14,2,M Chinnaswamy Stadium,M Chinnaswamy Stadium,Bangalore,Bengaluru,Royal Challengers Bangalore,Royal Challengers Bengaluru,Kolkata Knight Riders,Kolkata Knight Riders,105,99,6,6,74,12.33,64,13,2,31,6,0,0,0,65,2,36,48,9,2,13,40,4,38,16,4,0,18,0,0,0,0,0,0,0
501256,2011,2011-05-14,1,Wankhede Stadium,Wankhede Stadium,Mumbai,Mumbai,Deccan Chargers,Deccan Chargers,Mumbai Indians,Mumbai Indians,135,128,7,6,120,20,60,9,4,41,3,0,0,4,32,1,36,16,1,2,18,50,4,54,14,2,1,17,53,1,30,30,6,1,6
501256,2011,2011-05-14,2,Wankhede Stadium,Wankhede Stadium,Mumbai,Mumbai,Mumbai Indians,Mumbai Indians,Deccan Chargers,Deccan Chargers,125,107,18,8,120,20,56,8,4,60,8,0,8,2,26,3,36,8,2,0,23,50,1,54,16,1,2,26,49,4,30,32,5,2,11
501257,2011,2011-05-15,1,Himachal Pradesh Cricket Association Stadium,Himachal Pradesh Cricket Association Stadium,Dharamsala,Dharamsala,Kings XI Punjab,Punjab Kings,Delhi Daredevils,Delhi Capitals,170,161,9,6,120,20,116,20,6,52,7,0,0,2,43,1,36,32,8,0,20,83,2,54,60,6,6,23,44,3,30,24,6,0,9
501257,2011,2011-05-15,2,Himachal Pradesh Cricket Association Stadium,Himachal Pradesh Cricket Association Stadium,Dharamsala,Dharamsala,Delhi Daredevils,Delhi Capitals,Kings XI Punjab,Punjab Kings,141,129,12,8,120,20,88,13,6,62,8,0,0,4,42,0,36,26,2,3,23,55,5,54,30,6,1,24,44,3,30,32,5,2,15
501258,2011,2011-05-15,1,Holkar Cricket Stadium,Holkar Cricket Stadium,Indore,Indore,Rajasthan Royals,Rajasthan Royals,Kochi Tuskers Kerala,Kochi Tuskers Kerala,97,94,3,10,111,18.5,60,9,4,68,2,0,0,1,32,3,36,22,4,1,23,55,5,54,34,4,3,30,10,2,21,4,1,0,15
501258,2011,2011-05-15,2,Holkar Cricket Stadium,Holkar Cricket Stadium,Indore,Indore,Kochi Tuskers Kerala,Kochi Tuskers Kerala,Rajasthan Royals,Rajasthan Royals,98,89,9,2,44,7.33,78,9,7,18,2,2,0,5,87,2,36,70,7,7,14,11,0,8,8,2,0,4,0,0,0,0,0,0,0
501259,2011,2011-05-16,1,Dr DY Patil Sports Academy,Dr DY Patil Sports Academy,Mumbai,Mumbai,Pune Warriors,Pune Warriors,Deccan Chargers,Deccan Chargers,136,133,3,9,120,20,82,10,7,60,2,0,0,1,39,2,36,26,5,1,21,53,5,54,34,4,3,31,44,2,30,22,1,3,8
501259,2011,2011-05-16,2,Dr DY Patil Sports Academy,Dr DY Patil Sports Academy,Mumbai,Mumbai,Deccan Chargers,Deccan Chargers,Pune Warriors,Pune Warriors,138,129,9,4,116,19.33,64,10,4,46,9,0,0,0,57,0,36,32,5,2,14,51,2,54,18,3,1,21,30,2,26,14,2,1,11
501260,2011,2011-05-17,1,Himachal Pradesh Cricket Association Stadium,Himachal Pradesh Cricket Association Stadium,Dharamsala,Dharamsala,Kings XI Punjab,Punjab Kings,Royal Challengers Bangalore,Royal Challengers Bengaluru,232,205,27,2,120,20,158,17,15,39,4,2,7,14,30,1,36,18,3,1,24,143,0,54,108,9,12,9,59,1,30,32,5,2,6
501260,2011,2011-05-17,2,Himachal Pradesh Cricket Association Stadium,Himachal Pradesh Cricket Association Stadium,Dharamsala,Dharamsala,Royal Challengers Bangalore,Royal Challengers Bengaluru,Kings XI Punjab,Punjab Kings,121,112,9,10,102,17,72,12,4,51,4,0,4,1,34,3,36,20,5,0,23,63,5,54,32,5,2,24,24,2,12,20,2,2,4
501261,2011,2011-05-18,1,"MA Chidambaram Stadium, Chepauk",MA Chidambaram Stadium,Chennai,Chennai,Chennai Super Kings,Chennai Super Kings,Kochi Tuskers Kerala,Kochi Tuskers Kerala,152,148,4,5,120,20,76,10,6,38,2,0,0,2,41,2,36,28,4,2,18,60,2,54,20,2,2,14,51,1,30,28,4,2,6
501261,2011,2011-05-18,2,"MA Chidambaram Stadium, Chepauk",MA Chidambaram Stadium,Chennai,Chennai,Kochi Tuskers Kerala,Kochi Tuskers Kerala,Chennai Super Kings,Chennai Super Kings,141,132,9,5,120,20,58,10,3,40,7,0,0,2,40,1,36,16,4,0,13,50,2,54,16,4,0,23,51,2,30,26,2,3,4
501262,2011,2011-05-19,1,Dr DY Patil Sports Academy,Dr DY Patil Sports Academy,Mumbai,Mumbai,Pune Warriors,Pune Warriors,Kolkata Knight Riders,Kolkata Knight Riders,118,106,12,7,120,20,46,10,1,54,8,1,0,3,29,2,36,16,4,0,21,52,3,54,18,3,1,25,37,2,30,12,3,0,8
501262,2011,2011-05-19,2,Dr DY Patil Sports Academy,Dr DY Patil Sports Academy,Mumbai,Mumbai,Kolkata Knight Riders,Kolkata Knight Riders,Pune Warriors,Pune Warriors,119,114,5,3,100,16.67,60,12,2,44,3,1,0,1,44,1,36,22,4,1,19,70,1,54,38,8,1,18,5,1,10,0,0,0,7
501263,2011,2011-05-20,1,Wankhede Stadium,Wankhede Stadium,Mumbai,Mumbai,Mumbai Indians,Mumbai Indians,Rajasthan Royals,Rajasthan Royals,133,128,5,5,120,20,58,13,1,44,3,0,0,2,26,2,36,12,3,0,20,68,1,54,30,6,1,17,39,2,30,16,4,0,7
501263,2011,2011-05-20,2,Wankhede Stadium,Wankhede Stadium,Mumbai,Mumbai,Rajasthan Royals,Rajasthan Royals,Mumbai Indians,Mumbai Indians,134,132,2,0,79,13.17,96,15,6,26,2,0,0,0,52,0,36,38,5,3,16,82,0,43,58,10,3,10,0,0,0,0,0,0,0
501264,2011,2011-05-21,1,Himachal Pradesh Cricket Association Stadium,Himachal Pradesh Cricket Association Stadium,Dharamsala,Dharamsala,Deccan Chargers,Deccan Chargers,Kings XI Punjab,Punjab Kings,198,182,16,2,120,20,100,19,4,26,8,0,0,8,58,0,36,32,8,0,12,89,1,54,42,6,3,11,51,1,30,26,5,1,3
501264,2011,2011-05-21,2,Himachal Pradesh Cricket Association Stadium,Himachal Pradesh Cricket Association Stadium,Dharamsala,Dharamsala,Kings XI Punjab,Punjab Kings,Deccan Chargers,Deccan Chargers,116,112,4,10,114,19,72,12,4,62,2,0,0,2,45,2,36,38,8,1,22,54,3,54,22,4,1,22,17,5,24,12,0,2,18
501265,2011,2011-05-21,1,Feroz Shah Kotla,Feroz Shah Kotla,Delhi,Delhi,Delhi Daredevils,Delhi Capitals,Pune Warriors,Pune Warriors,56,51,5,3,61,10.17,24,3,2,29,1,1,0,3,33,2,36,20,2,2,20,23,1,25,4,1,0,9,0,0,0,0,0,0,0
501266,2011,2011-05-22,1,M Chinnaswamy Stadium,M Chinnaswamy Stadium,Bangalore,Bengaluru,Chennai Super Kings,Chennai Super Kings,Royal Challengers Bangalore,Royal Challengers Bengaluru,128,118,10,8,120,20,70,7,7,61,6,0,0,4,23,4,36,12,3,0,26,56,1,54,26,2,3,26,49,3,30,32,2,4,9
501266,2011,2011-05-22,2,M Chinnaswamy Stadium,M Chinnaswamy Stadium,Bangalore,Bengaluru,Royal Challengers Bangalore,Royal Challengers Bengaluru,Chennai Super Kings,Chennai Super Kings,129,119,10,2,108,18,76,10,6,48,8,0,0,2,44,1,36,32,5,2,18,60,1,54,30,3,3,23,25,0,18,14,2,1,7
501267,2011,2011-05-22,1,Eden Gardens,Eden Gardens,Kolkata,Kolkata,Kolkata Knight Riders,Kolkata Knight Riders,Mumbai Indians,Mumbai Indians,175,169,6,7,120,20,106,16,7,35,3,0,1,2,46,2,36,32,5,2,17,75,1,54,38,8,1,9,54,4,30,36,3,4,9
501267,2011,2011-05-22,2,Eden Gardens,Eden Gardens,Kolkata,Kolkata,Mumbai Indians,Mumbai Indians,Kolkata Knight Riders,Kolkata Knight Riders,178,162,16,5,120,20,98,20,3,37,7,0,0,9,54,1,36,36,9,0,15,56,3,54,20,5,0,18,68,1,30,42,6,3,4
501268,2011,2011-05-24,1,Wankhede Stadium,Wankhede Stadium,Mumbai,Mumbai,Royal Challengers Bangalore,Royal Challengers Bengaluru,Chennai Super Kings,Chennai Super Kings,175,161,14,4,120,20,94,13,7,40,5,0,2,7,44,1,36,26,5,1,18,78,2,54,38,5,3,16,53,1,30,30,3,3,6
501268,2011,2011-05-24,2,Wankhede Stadium,Wankhede Stadium,Mumbai,Mumbai,Chennai Super Kings,Chennai Super Kings,Royal Challengers Bangalore,Royal Challengers Bengaluru,177,169,8,4,118,19.67,116,14,10,45,4,2,1,1,25,2,36,16,4,0,26,85,1,54,50,8,3,15,67,1,28,50,2,7,4
501269,2011,2011-05-25,1,Wankhede Stadium,Wankhede Stadium,Mumbai,Mumbai,Kolkata Knight Riders,Kolkata Knight Riders,Mumbai Indians,Mumbai Indians,147,141,6,7,120,20,78,15,3,45,4,0,1,1,25,4,36,12,3,0,23,77,1,54,48,9,2,18,45,2,30,18,3,1,4
501269,2011,2011-05-25,2,Wankhede Stadium,Wankhede Stadium,Mumbai,Mumbai,Mumbai Indians,Mumbai Indians,Kolkata Knight Riders,Kolkata Knight Riders,148,144,4,6,116,19.33,90,18,3,47,1,0,0,3,62,0,36,44,11,0,11,58,4,54,32,5,2,25,28,2,26,14,2,1,11
501270,2011,2011-05-27,1,"MA Chidambaram Stadium, Chepauk",MA Chidambaram Stadium,Chennai,Chennai,Royal Challengers Bangalore,Royal Challengers Bengaluru,Mumbai Indians,Mumbai Indians,185,171,14,4,120,20,100,13,8,36,13,1,0,0,68,0,36,52,10,2,17,82,2,54,42,3,5,11,35,2,30,6,0,1,8
501270,2011,2011-05-27,2,"MA Chidambaram Stadium, Chepauk",MA Chidambaram Stadium,Chennai,Chennai,Mumbai Indians,Mumbai Indians,Royal Challengers Bangalore,Royal Challengers Bengaluru,142,138,4,8,120,20,76,13,4,47,2,0,0,2,52,2,36,38,8,1,15,51,5,54,18,3,1,21,39,1,30,20,2,2,11
501271,2011,2011-05-28,1,"MA Chidambaram Stadium, Chepauk",MA Chidambaram Stadium,Chennai,Chennai,Chennai Super Kings,Chennai Super Kings,Royal Challengers Bangalore,Royal Challengers Bengaluru,205,196,9,5,120,20,106,7,13,30,2,0,0,7,56,0,36,24,0,4,10,105,1,54,58,7,5,8,44,4,30,24,0,4,12
501271,2011,2011-05-28,2,"MA Chidambaram Stadium, Chepauk",MA Chidambaram Stadium,Chennai,Chennai,Royal Challengers Bangalore,Royal Challengers Bengaluru,Chennai Super Kings,Chennai Super Kings,147,141,6,8,120,20,68,11,4,42,1,1,2,2,47,2,36,24,6,0,12,60,5,54,24,3,2,20,40,1,30,20,2,2,10
548306,2012,2012-04-04,1,"MA Chidambaram Stadium, Chepauk",MA Chidambaram Stadium,Chennai,Chennai,Chennai Super Kings,Chennai Super Kings,Mumbai Indians,Mumbai Indians,112,100,12,10,119,19.83,30,6,1,46,7,0,0,5,42,2,36,10,1,1,14,53,3,54,20,5,0,20,17,5,29,0,0,0,12
548306,2012,2012-04-04,2,"MA Chidambaram Stadium, Chepauk",MA Chidambaram Stadium,Chennai,Chennai,Mumbai Indians,Mumbai Indians,Chennai Super Kings,Chennai Super Kings,115,109,6,3,101,16.83,66,9,5,43,3,0,0,3,53,0,36,40,7,2,16,47,3,54,16,1,2,22,15,0,11,10,1,1,5
548307,2012,2012-04-05,1,Eden Gardens,Eden Gardens,Kolkata,Kolkata,Kolkata Knight Riders,Kolkata Knight Riders,Delhi Daredevils,Delhi Capitals,97,90,7,9,72,12,54,6,5,27,2,0,0,5,46,4,36,26,5,1,17,51,5,36,28,1,4,10,0,0,0,0,0,0,0
548307,2012,2012-04-05,2,Eden Gardens,Eden Gardens,Kolkata,Kolkata,Delhi Daredevils,Delhi Capitals,Kolkata Knight Riders,Kolkata Knight Riders,100,95,5,2,67,11.17,56,8,4,17,1,0,0,4,48,0,36,26,5,1,11,52,2,31,30,3,3,6,0,0,0,0,0,0,0
548308,2012,2012-04-06,1,Wankhede Stadium,Wankhede Stadium,Mumbai,Mumbai,Pune Warriors,Pune Warriors,Mumbai Indians,Mumbai Indians,129,121,8,9,120,20,50,11,1,45,3,0,0,5,30,3,36,12,3,0,19,61,1,54,16,4,0,15,38,5,30,22,4,1,11
548308,2012,2012-04-06,2,Wankhede Stadium,Wankhede Stadium,Mumbai,Mumbai,Mumbai Indians,Mumbai Indians,Pune Warriors,Pune Warriors,101,96,5,9,120,20,44,8,2,61,4,0,0,1,27,3,36,14,2,1,24,47,2,54,18,3,1,24,27,4,30,12,3,0,13
548309,2012,2012-04-06,1,Sawai Mansingh Stadium,Sawai Mansingh Stadium,Jaipur,Jaipur,Rajasthan Royals,Rajasthan Royals,Kings XI Punjab,Punjab Kings,191,172,19,4,120,20,110,23,3,35,11,0,0,8,57,0,36,36,9,0,11,70,2,54,30,6,1,19,64,2,30,44,8,2,5
548309,2012,2012-04-06,2,Sawai Mansingh Stadium,Sawai Mansingh Stadium,Jaipur,Jaipur,Kings XI Punjab,Punjab Kings,Rajasthan Royals,Rajasthan Royals,160,154,6,9,120,20,80,14,4,36,1,1,0,4,45,2,36,26,5,1,15,72,3,54,34,7,1,14,43,4,30,20,2,2,7
548310,2012,2012-04-07,1,M Chinnaswamy Stadium,M Chinnaswamy Stadium,Bangalore,Bengaluru,Royal Challengers Bangalore,Royal Challengers Bengaluru,Delhi Daredevils,Delhi Capitals,157,151,6,8,120,20,86,14,5,42,2,0,0,4,46,2,36,32,5,2,18,62,4,54,28,4,2,20,49,2,30,26,5,1,4
548310,2012,2012-04-07,2,M Chinnaswamy Stadium,M Chinnaswamy Stadium,Bangalore,Bengaluru,Delhi Daredevils,Delhi Capitals,Royal Challengers Bangalore,Royal Challengers Bengaluru,137,133,4,7,120,20,64,13,2,45,2,0,0,2,46,1,36,34,7,1,18,45,4,54,8,2,0,22,46,2,30,22,4,1,5
548311,2012,2012-04-07,1,Dr. Y.S. Rajasekhara Reddy ACA-VDCA Cricket Stadium,Dr Y.S. Rajasekhara Reddy ACA-VDCA Cricket Stadium,Visakhapatnam,Visakhapatnam,Chennai Super Kings,Chennai Super Kings,Deccan Chargers,Deccan Chargers,193,182,11,6,120,20,112,10,12,38,7,1,1,2,44,2,36,28,4,2,17,77,3,54,40,4,4,17,72,1,30,44,2,6,4
548311,2012,2012-04-07,2,Dr. Y.S. Rajasekhara Reddy ACA-VDCA Cricket Stadium,Dr Y.S. Rajasekhara Reddy ACA-VDCA Cricket Stadium,Visakhapatnam,Visakhapatnam,Deccan Chargers,Deccan Chargers,Chennai Super Kings,Chennai Super Kings,119,115,4,10,103,17.17,68,11,4,43,3,0,0,1,45,1,36,28,7,0,16,56,7,54,28,4,2,22,18,2,13,12,0,2,5
548312,2012,2012-04-08,1,Sawai Mansingh Stadium,Sawai Mansingh Stadium,Jaipur,Jaipur,Rajasthan Royals,Rajasthan Royals,Kolkata Knight Riders,Kolkata Knight Riders,164,161,3,5,120,20,88,13,6,42,2,1,0,0,37,1,36,24,3,2,20,79,2,54,38,5,3,13,48,2,30,26,5,1,9
548312,2012,2012-04-08,2,Sawai Mansingh Stadium,Sawai Mansingh Stadium,Jaipur,Jaipur,Kolkata Knight Riders,Kolkata Knight Riders,Rajasthan Royals,Rajasthan Royals,142,135,7,10,120,20,70,10,5,47,5,0,1,1,27,4,36,6,0,1,18,67,3,54,32,5,2,19,48,3,30,32,5,2,10
548313,2012,2012-04-08,1,Subrata Roy Sahara Stadium,Subrata Roy Sahara Stadium,Pune,Pune,Pune Warriors,Pune Warriors,Kings XI Punjab,Punjab Kings,166,154,12,6,120,20,88,10,8,42,3,2,0,7,38,2,36,16,4,0,16,75,1,54,40,4,4,15,53,3,30,32,2,4,11
548313,2012,2012-04-08,2,Subrata Roy Sahara Stadium,Subrata Roy Sahara Stadium,Pune,Pune,Kings XI Punjab,Punjab Kings,Pune Warriors,Pune Warriors,144,133,11,8,120,20,68,11,4,45,4,1,4,2,19,2,36,8,2,0,23,80,3,54,36,6,2,14,45,3,30,24,3,2,8
548314,2012,2012-04-09,1,Dr. Y.S. Rajasekhara Reddy ACA-VDCA Cricket Stadium,Dr Y.S. Rajasekhara Reddy ACA-VDCA Cricket Stadium,Visakhapatnam,Visakhapatnam,Deccan Chargers,Deccan Chargers,Mumbai Indians,Mumbai Indians,138,133,5,9,120,20,72,6,8,48,4,0,1,0,45,2,36,32,2,4,18,51,2,54,20,2,2,21,42,5,30,20,2,2,9
548314,2012,2012-04-09,2,Dr. Y.S. Rajasekhara Reddy ACA-VDCA Cricket Stadium,Dr Y.S. Rajasekhara Reddy ACA-VDCA Cricket Stadium,Visakhapatnam,Visakhapatnam,Mumbai Indians,Mumbai Indians,Deccan Chargers,Deccan Chargers,142,138,4,5,120,20,80,8,8,46,0,0,2,2,29,2,36,18,3,1,22,56,1,54,24,3,2,18,57,2,30,38,2,5,6
548315,2012,2012-04-10,1,M Chinnaswamy Stadium,M Chinnaswamy Stadium,Bangalore,Bengaluru,Kolkata Knight Riders,Kolkata Knight Riders,Royal Challengers Bangalore,Royal Challengers Bengaluru,165,159,6,8,120,20,96,15,6,43,2,0,0,4,60,0,36,48,9,2,15,68,3,54,34,4,3,17,37,5,30,14,2,1,11
548315,2012,2012-04-10,2,M Chinnaswamy Stadium,M Chinnaswamy Stadium,Bangalore,Bengaluru,Royal Challengers Bangalore,Royal Challengers Bengaluru,Kolkata Knight Riders,Kolkata Knight Riders,123,113,10,9,120,20,50,8,3,49,8,0,1,1,20,3,36,14,2,1,27,61,4,54,22,4,1,15,42,2,30,14,2,1,7
548316,2012,2012-04-10,1,Feroz Shah Kotla,Feroz Shah Kotla,Delhi,Delhi,Chennai Super Kings,Chennai Super Kings,Delhi Daredevils,Delhi Capitals,110,104,6,8,120,20,46,7,3,58,4,0,1,1,41,2,36,28,4,2,22,39,3,54,10,1,1,27,30,3,30,8,2,0,9
548316,2012,2012-04-10,2,Feroz Shah Kotla,Feroz Shah Kotla,Delhi,Delhi,Delhi Daredevils,Delhi Capitals,Chennai Super Kings,Chennai Super Kings,111,110,1,2,80,13.33,62,11,3,25,0,0,0,1,50,2,36,34,7,1,14,61,0,44,28,4,2,11,0,0,0,0,0,0,0
548317,2012,2012-04-11,1,Wankhede Stadium,Wankhede Stadium,Mumbai,Mumbai,Mumbai Indians,Mumbai Indians,Rajasthan Royals,Rajasthan Royals,197,191,6,6,120,20,128,14,12,33,0,0,1,5,54,1,36,38,5,3,14,83,2,54,48,6,4,13,60,3,30,42,3,5,6
548317,2012,2012-04-11,2,Wankhede Stadium,Wankhede Stadium,Mumbai,Mumbai,Rajasthan Royals,Rajasthan Royals,Mumbai Indians,Mumbai Indians,170,166,4,10,118,19.67,108,12,10,48,2,1,0,1,44,2,36,26,2,3,17,92,3,54,62,8,5,17,34,5,28,20,2,2,14
548318,2012,2012-04-12,1,"MA Chidambaram Stadium, Chepauk",MA Chidambaram Stadium,Chennai,Chennai,Royal Challengers Bangalore,Royal Challengers Bengaluru,Chennai Super Kings,Chennai Super Kings,205,189,16,8,120,20,128,14,12,38,14,0,2,0,56,1,36,38,5,3,15,93,0,54,56,5,6,15,56,7,30,34,4,3,8
548318,2012,2012-04-12,2,"MA Chidambaram Stadium, Chepauk",MA Chidambaram Stadium,Chennai,Chennai,Chennai Super Kings,Chennai Super Kings,Royal Challengers Bangalore,Royal Challengers Bengaluru,208,203,5,5,120,20,126,15,11,33,2,2,0,1,52,0,36,36,6,2,13,79,3,54,40,4,4,15,77,2,30,50,5,5,5
548319,2012,2012-04-12,1,"Punjab Cricket Association Stadium, Mohali","Punjab Cricket Association IS Bindra Stadium, Mohali",Chandigarh,Chandigarh,Pune Warriors,Pune Warriors,Kings XI Punjab,Punjab Kings,115,103,12,10,114,19,52,10,2,54,5,0,4,3,29,3,36,16,4,0,22,67,2,54,30,6,1,19,19,5,24,6,0,1,13
548319,2012,2012-04-12,2,"Punjab Cricket Association Stadium, Mohali","Punjab Cricket Association IS Bindra Stadium, Mohali",Chandigarh,Chandigarh,Kings XI Punjab,Punjab Kings,Pune Warriors,Pune Warriors,116,116,0,3,106,17.67,62,14,1,48,0,0,0,0,38,1,36,28,7,0,20,50,2,54,20,5,0,24,28,0,16,14,2,1,4
548320,2012,2012-04-13,1,Eden Gardens,Eden Gardens,Kolkata,Kolkata,Rajasthan Royals,Rajasthan Royals,Kolkata Knight Riders,Kolkata Knight Riders,131,121,10,5,120,20,64,13,2,52,9,0,1,0,45,0,36,32,8,0,16,40,3,54,8,2,0,26,46,2,30,24,3,2,10
548320,2012,2012-04-13,2,Eden Gardens,Eden Gardens,Kolkata,Kolkata,Kolkata Knight Riders,Kolkata Knight Riders,Rajasthan Royals,Rajasthan Royals,137,125,12,5,116,19.33,62,11,3,46,6,0,4,2,36,1,36,20,5,0,17,59,2,54,18,3,1,22,42,2,26,24,3,2,7
548322,2012,2012-04-14,1,Subrata Roy Sahara Stadium,Subrata Roy Sahara Stadium,Pune,Pune,Chennai Super Kings,Chennai Super Kings,Pune Warriors,Pune Warriors,155,149,6,5,120,20,76,13,4,36,3,2,0,1,43,0,36,28,4,2,17,71,3,54,30,6,1,13,41,2,30,18,3,1,6
548322,2012,2012-04-14,2,Subrata Roy Sahara Stadium,Subrata Roy Sahara Stadium,Pune,Pune,Pune Warriors,Pune Warriors,Chennai Super Kings,Chennai Super Kings,156,151,5,3,116,19.33,78,12,5,34,3,0,0,2,56,1,36,30,6,1,10,50,2,54,14,2,1,18,50,0,26,34,4,3,6
548323,2012,2012-04-15,1,Eden Gardens,Eden Gardens,Kolkata,Kolkata,Kings XI Punjab,Punjab Kings,Kolkata Knight Riders,Kolkata Knight Riders,134,127,7,9,120,20,58,7,5,45,1,0,0,6,26,2,36,8,2,0,17,61,2,54,20,2,2,18,47,5,30,30,3,3,10
548323,2012,2012-04-15,2,Eden Gardens,Eden Gardens,Kolkata,Kolkata,Kolkata Knight Riders,Kolkata Knight Riders,Kings XI Punjab,Punjab Kings,132,123,9,7,120,20,52,10,2,40,2,0,4,3,48,2,36,26,5,1,14,46,4,54,10,1,1,20,38,1,30,16,4,0,6
548324,2012,2012-04-15,1,M Chinnaswamy Stadium,M Chinnaswamy Stadium,Bangalore,Bengaluru,Rajasthan Royals,Rajasthan Royals,Royal Challengers Bangalore,Royal Challengers Bengaluru,195,189,6,2,120,20,136,19,10,39,1,0,4,1,43,0,36,32,5,2,19,70,1,54,40,7,2,16,82,1,30,64,7,6,4
548324,2012,2012-04-15,2,M Chinnaswamy Stadium,M Chinnaswamy Stadium,Bangalore,Bengaluru,Royal Challengers Bangalore,Royal Challengers Bengaluru,Rajasthan Royals,Rajasthan Royals,136,133,3,10,119,19.83,70,10,5,50,2,0,0,1,54,2,36,44,5,4,20,51,4,54,10,1,1,15,31,4,29,16,4,0,15
548325,2012,2012-04-16,1,Wankhede Stadium,Wankhede Stadium,Mumbai,Mumbai,Mumbai Indians,Mumbai Indians,Delhi Daredevils,Delhi Capitals,92,83,9,10,116,19.33,46,10,1,65,3,2,0,4,23,2,36,12,3,0,23,56,5,54,30,6,1,23,13,3,26,4,1,0,19
548325,2012,2012-04-16,2,Wankhede Stadium,Wankhede Stadium,Mumbai,Mumbai,Delhi Daredevils,Delhi Capitals,Mumbai Indians,Mumbai Indians,93,82,11,3,89,14.83,34,7,1,40,6,0,0,5,41,1,36,22,4,1,21,52,2,53,12,3,0,19,0,0,0,0,0,0,0
548326,2012,2012-04-17,1,Sawai Mansingh Stadium,Sawai Mansingh Stadium,Jaipur,Jaipur,Deccan Chargers,Deccan Chargers,Rajasthan Royals,Rajasthan Royals,196,183,13,2,120,20,114,18,7,35,11,0,0,2,57,0,36,32,8,0,12,62,2,54,26,5,1,18,77,0,30,56,5,6,5
548326,2012,2012-04-17,2,Sawai Mansingh Stadium,Sawai Mansingh Stadium,Jaipur,Jaipur,Rajasthan Royals,Rajasthan Royals,Deccan Chargers,Deccan Chargers,197,191,6,5,118,19.67,124,22,6,29,5,1,0,0,62,1,36,46,10,1,13,72,2,54,34,4,3,13,63,2,28,44,8,2,3
548327,2012,2012-04-17,1,M Chinnaswamy Stadium,M Chinnaswamy Stadium,Bangalore,Bengaluru,Pune Warriors,Pune Warriors,Royal Challengers Bangalore,Royal Challengers Bengaluru,182,175,7,6,120,20,102,15,7,30,3,0,1,3,58,0,36,40,7,2,12,76,3,54,36,6,2,11,48,3,30,26,2,3,7
548327,2012,2012-04-17,2,M Chinnaswamy Stadium,M Chinnaswamy Stadium,Bangalore,Bengaluru,Royal Challengers Bangalore,Royal Challengers Bengaluru,Pune Warriors,Pune Warriors,186,179,7,4,120,20,116,8,14,38,3,2,1,1,42,2,36,26,2,3,19,75,1,54,42,3,5,15,69,1,30,48,3,6,4
548328,2012,2012-04-18,1,"Punjab Cricket Association Stadium, Mohali","Punjab Cricket Association IS Bindra Stadium, Mohali",Chandigarh,Chandigarh,Kings XI Punjab,Punjab Kings,Kolkata Knight Riders,Kolkata Knight Riders,124,121,3,7,120,20,42,9,1,39,2,0,0,1,45,1,36,20,5,0,11,44,3,54,12,3,0,22,35,3,30,10,1,1,6
548328,2012,2012-04-18,2,"Punjab Cricket Association Stadium, Mohali","Punjab Cricket Association IS Bindra Stadium, Mohali",Chandigarh,Chandigarh,Kolkata Knight Riders,Kolkata Knight Riders,Kings XI Punjab,Punjab Kings,127,122,5,2,99,16.5,66,12,3,36,1,0,0,4,53,1,36,34,7,1,14,54,1,54,18,3,1,20,20,0,9,14,2,1,2
548321,2012,2012-04-19,1,Feroz Shah Kotla,Feroz Shah Kotla,Delhi,Delhi,Deccan Chargers,Deccan Chargers,Delhi Daredevils,Delhi Capitals,157,151,6,8,120,20,78,15,3,39,5,1,0,0,50,1,36,30,6,1,13,70,3,54,30,6,1,14,37,4,30,18,3,1,12
548321,2012,2012-04-19,2,Feroz Shah Kotla,Feroz Shah Kotla,Delhi,Delhi,Delhi Daredevils,Delhi Capitals,Deccan Chargers,Deccan Chargers,162,158,4,5,115,19.17,102,12,9,45,4,0,0,0,34,3,36,20,5,0,19,81,2,54,52,4,6,22,47,0,25,30,3,3,4
548330,2012,2012-04-19,1,"MA Chidambaram Stadium, Chepauk",MA Chidambaram Stadium,Chennai,Chennai,Chennai Super Kings,Chennai Super Kings,Pune Warriors,Pune Warriors,164,162,2,5,120,20,90,15,5,41,0,1,0,1,42,0,36,26,5,1,18,73,0,54,34,7,1,13,49,5,30,30,3,3,10
548330,2012,2012-04-19,2,"MA Chidambaram Stadium, Chepauk",MA Chidambaram Stadium,Chennai,Chennai,Pune Warriors,Pune Warriors,Chennai Super Kings,Chennai Super Kings,151,136,15,7,120,20,56,11,2,41,7,1,1,6,53,2,36,38,8,1,19,54,3,54,14,2,1,18,44,2,30,4,1,0,4
548331,2012,2012-04-20,1,"Punjab Cricket Association Stadium, Mohali","Punjab Cricket Association IS Bindra Stadium, Mohali",Chandigarh,Chandigarh,Kings XI Punjab,Punjab Kings,Royal Challengers Bangalore,Royal Challengers Bengaluru,163,155,8,6,120,20,70,13,3,33,3,0,1,4,41,2,36,24,6,0,18,64,3,54,18,3,1,13,58,1,30,28,4,2,2
548331,2012,2012-04-20,2,"Punjab Cricket Association Stadium, Mohali","Punjab Cricket Association IS Bindra Stadium, Mohali",Chandigarh,Chandigarh,Royal Challengers Bangalore,Royal Challengers Bengaluru,Kings XI Punjab,Punjab Kings,166,158,8,5,117,19.5,88,16,4,40,7,1,0,0,36,3,36,20,5,0,21,80,0,54,36,6,2,11,50,2,27,32,5,2,8
548332,2012,2012-04-21,1,"MA Chidambaram Stadium, Chepauk",MA Chidambaram Stadium,Chennai,Chennai,Rajasthan Royals,Rajasthan Royals,Chennai Super Kings,Chennai Super Kings,146,132,14,4,120,20,78,12,5,55,11,0,1,2,41,1,36,30,6,1,20,66,1,54,24,3,2,23,39,2,30,24,3,2,12
548332,2012,2012-04-21,2,"MA Chidambaram Stadium, Chepauk",MA Chidambaram Stadium,Chennai,Chennai,Chennai Super Kings,Chennai Super Kings,Rajasthan Royals,Rajasthan Royals,147,145,2,3,120,20,60,12,2,32,1,0,0,1,45,0,36,28,7,0,15,59,1,54,20,2,2,12,43,2,30,12,3,0,5
548333,2012,2012-04-21,1,Feroz Shah Kotla,Feroz Shah Kotla,Delhi,Delhi,Pune Warriors,Pune Warriors,Delhi Daredevils,Delhi Capitals,192,177,15,3,120,20,118,19,7,38,10,1,0,4,52,1,36,36,6,2,16,73,1,54,34,7,1,16,67,1,30,48,6,4,6
548333,2012,2012-04-21,2,Feroz Shah Kotla,Feroz Shah Kotla,Delhi,Delhi,Delhi Daredevils,Delhi Capitals,Pune Warriors,Pune Warriors,172,167,5,7,120,20,102,12,9,37,3,0,0,2,49,1,36,36,3,4,17,82,4,54,44,5,4,12,41,2,30,22,4,1,8
548334,2012,2012-04-22,1,Wankhede Stadium,Wankhede Stadium,Mumbai,Mumbai,Mumbai Indians,Mumbai Indians,Kings XI Punjab,Punjab Kings,163,157,6,6,120,20,88,16,4,38,5,0,0,1,39,0,36,24,6,0,17,90,2,54,52,7,4,11,34,4,30,12,3,0,10
548334,2012,2012-04-22,2,Wankhede Stadium,Wankhede Stadium,Mumbai,Mumbai,Kings XI Punjab,Punjab Kings,Mumbai Indians,Mumbai Indians,164,158,6,4,117,19.5,84,15,4,35,6,0,0,0,48,0,36,32,8,0,14,71,2,54,30,6,1,13,45,2,27,22,1,3,8
548335,2012,2012-04-22,1,Barabati Stadium,Barabati Stadium,Cuttack,Cuttack,Deccan Chargers,Deccan Chargers,Kolkata Knight Riders,Kolkata Knight Riders,126,123,3,7,120,20,48,9,2,41,0,1,0,2,39,1,36,22,4,1,15,59,2,54,16,4,0,14,28,4,30,10,1,1,12
548335,2012,2012-04-22,2,Barabati Stadium,Barabati Stadium,Cuttack,Cuttack,Kolkata Knight Riders,Kolkata Knight Riders,Deccan Chargers,Deccan Chargers,127,118,9,5,114,19,54,12,1,45,7,0,0,2,42,1,36,28,7,0,19,55,3,54,14,2,1,19,30,1,24,12,3,0,7
548336,2012,2012-04-23,1,Sawai Mansingh Stadium,Sawai Mansingh Stadium,Jaipur,Jaipur,Royal Challengers Bangalore,Royal Challengers Bengaluru,Rajasthan Royals,Rajasthan Royals,189,170,19,3,120,20,104,17,6,40,7,2,0,10,37,1,36,20,5,0,16,70,2,54,32,5,2,22,82,0,30,52,7,4,2
548336,2012,2012-04-23,2,Sawai Mansingh Stadium,Sawai Mansingh Stadium,Jaipur,Jaipur,Rajasthan Royals,Rajasthan Royals,Royal Challengers Bangalore,Royal Challengers Bengaluru,143,133,10,7,120,20,66,15,1,46,5,0,0,5,48,0,36,24,6,0,13,55,5,54,22,4,1,25,40,2,30,20,5,0,8
548337,2012,2012-04-24,1,Subrata Roy Sahara Stadium,Subrata Roy Sahara Stadium,Pune,Pune,Pune Warriors,Pune Warriors,Delhi Daredevils,Delhi Capitals,146,141,5,2,120,20,70,13,3,40,0,0,4,1,28,2,36,14,2,1,20,67,0,54,32,5,2,15,51,0,30,24,6,0,5
548337,2012,2012-04-24,2,Subrata Roy Sahara Stadium,Subrata Roy Sahara Stadium,Pune,Pune,Delhi Daredevils,Delhi Capitals,Pune Warriors,Pune Warriors,148,141,7,2,96,16,86,14,5,25,2,0,0,5,61,1,36,44,8,2,12,73,1,54,32,5,2,13,14,0,6,10,1,1,0
548339,2012,2012-04-25,1,"Punjab Cricket Association Stadium, Mohali","Punjab Cricket Association IS Bindra Stadium, Mohali",Chandigarh,Chandigarh,Kings XI Punjab,Punjab Kings,Mumbai Indians,Mumbai Indians,168,158,10,3,120,20,90,12,7,43,9,1,0,0,44,1,36,28,7,0,16,56,2,54,14,2,1,22,68,0,30,48,3,6,5
548339,2012,2012-04-25,2,"Punjab Cricket Association Stadium, Mohali","Punjab Cricket Association IS Bindra Stadium, Mohali",Chandigarh,Chandigarh,Mumbai Indians,Mumbai Indians,Kings XI Punjab,Punjab Kings,171,162,9,6,119,19.83,88,13,6,34,4,1,0,4,40,0,36,16,4,0,12,66,4,54,28,4,2,17,65,2,29,44,5,4,5
548341,2012,2012-04-26,1,Subrata Roy Sahara Stadium,Subrata Roy Sahara Stadium,Pune,Pune,Deccan Chargers,Deccan Chargers,Pune Warriors,Pune Warriors,177,166,11,4,120,20,92,11,8,30,2,0,4,5,50,2,36,32,5,2,13,72,1,54,32,5,2,14,55,1,30,28,1,4,3
548341,2012,2012-04-26,2,Subrata Roy Sahara Stadium,Subrata Roy Sahara Stadium,Pune,Pune,Pune Warriors,Pune Warriors,Deccan Chargers,Deccan Chargers,159,150,9,7,120,20,90,9,9,44,5,1,0,3,44,2,36,28,4,2,17,57,3,54,28,4,2,21,58,2,30,34,1,5,6
548342,2012,2012-04-27,1,Feroz Shah Kotla,Feroz Shah Kotla,Delhi,Delhi,Delhi Daredevils,Delhi Capitals,Mumbai Indians,Mumbai Indians,207,198,9,5,120,20,142,22,9,39,7,0,0,2,54,0,36,38,8,1,14,99,1,54,64,10,4,15,54,4,30,40,4,4,10
548342,2012,2012-04-27,2,Feroz Shah Kotla,Feroz Shah Kotla,Delhi,Delhi,Mumbai Indians,Mumbai Indians,Delhi Daredevils,Delhi Capitals,170,166,4,9,120,20,104,17,6,40,4,0,0,0,49,3,36,40,7,2,19,90,1,54,52,7,4,11,31,5,30,12,3,0,10
548343,2012,2012-04-28,1,"MA Chidambaram Stadium, Chepauk",MA Chidambaram Stadium,Chennai,Chennai,Kings XI Punjab,Punjab Kings,Chennai Super Kings,Chennai Super Kings,156,151,5,8,120,20,80,14,4,43,5,0,0,0,43,0,36,26,5,1,19,78,2,54,38,5,3,11,35,6,30,16,4,0,13
548343,2012,2012-04-28,2,"MA Chidambaram Stadium, Chepauk",MA Chidambaram Stadium,Chennai,Chennai,Chennai Super Kings,Chennai Super Kings,Kings XI Punjab,Punjab Kings,149,143,6,8,120,20,74,11,5,45,3,0,1,2,48,1,36,36,6,2,18,51,5,54,18,3,1,24,50,2,30,20,2,2,3
548344,2012,2012-04-28,1,Eden Gardens,Eden Gardens,Kolkata,Kolkata,Kolkata Knight Riders,Kolkata Knight Riders,Royal Challengers Bangalore,Royal Challengers Bengaluru,190,185,5,4,120,20,126,18,9,40,4,0,0,1,46,0,36,28,7,0,17,88,1,54,62,11,3,17,56,3,30,36,0,6,6
548344,2012,2012-04-28,2,Eden Gardens,Eden Gardens,Kolkata,Kolkata,Royal Challengers Bangalore,Royal Challengers Bengaluru,Kolkata Knight Riders,Kolkata Knight Riders,143,138,5,6,120,20,90,12,7,54,2,1,0,2,35,3,36,22,4,1,21,52,1,54,24,3,2,24,56,2,30,44,5,4,9
548345,2012,2012-04-29,1,Feroz Shah Kotla,Feroz Shah Kotla,Delhi,Delhi,Delhi Daredevils,Delhi Capitals,Rajasthan Royals,Rajasthan Royals,152,144,8,6,120,20,82,13,5,43,3,0,1,4,42,2,36,26,5,1,17,63,2,54,26,5,1,17,47,2,30,30,3,3,9
548345,2012,2012-04-29,2,Feroz Shah Kotla,Feroz Shah Kotla,Delhi,Delhi,Rajasthan Royals,Rajasthan Royals,Delhi Daredevils,Delhi Capitals,151,147,4,3,120,20,74,17,1,37,4,0,0,0,40,0,36,28,7,0,19,68,1,54,20,5,0,9,43,2,30,26,5,1,9
548346,2012,2012-04-29,1,Wankhede Stadium,Wankhede Stadium,Mumbai,Mumbai,Deccan Chargers,Deccan Chargers,Mumbai Indians,Mumbai Indians,100,95,5,10,112,18.67,44,8,2,58,3,0,1,1,38,1,36,18,3,1,17,44,5,54,18,3,1,29,18,4,22,8,2,0,12
548346,2012,2012-04-29,2,Wankhede Stadium,Wankhede Stadium,Mumbai,Mumbai,Mumbai Indians,Mumbai Indians,Deccan Chargers,Deccan Chargers,101,91,10,5,109,18.17,34,7,1,54,9,0,0,1,31,2,36,12,3,0,22,46,2,54,14,2,1,25,24,1,19,8,2,0,7
548347,2012,2012-04-30,1,"MA Chidambaram Stadium, Chepauk",MA Chidambaram Stadium,Chennai,Chennai,Chennai Super Kings,Chennai Super Kings,Kolkata Knight Riders,Kolkata Knight Riders,139,133,6,5,120,20,44,8,2,38,3,0,1,2,43,2,36,24,3,2,18,55,2,54,12,3,0,15,41,1,30,8,2,0,5
548347,2012,2012-04-30,2,"MA Chidambaram Stadium, Chepauk",MA Chidambaram Stadium,Chennai,Chennai,Kolkata Knight Riders,Kolkata Knight Riders,Chennai Super Kings,Chennai Super Kings,140,127,13,5,118,19.67,52,10,2,35,8,1,0,4,37,1,36,18,3,1,19,66,1,54,22,4,1,11,37,3,28,12,3,0,5
548348,2012,2012-05-01,1,Barabati Stadium,Barabati Stadium,Cuttack,Cuttack,Deccan Chargers,Deccan Chargers,Pune Warriors,Pune Warriors,186,175,11,4,120,20,100,16,6,30,0,1,2,8,33,2,36,16,4,0,18,77,0,54,34,7,1,8,76,2,30,50,5,5,4
548348,2012,2012-05-01,2,Barabati Stadium,Barabati Stadium,Cuttack,Cuttack,Pune Warriors,Pune Warriors,Deccan Chargers,Deccan Chargers,173,167,6,5,120,20,94,16,5,40,3,2,0,1,48,1,36,36,9,0,17,68,2,54,32,5,2,18,57,2,30,26,2,3,5
548349,2012,2012-05-01,1,Sawai Mansingh Stadium,Sawai Mansingh Stadium,Jaipur,Jaipur,Rajasthan Royals,Rajasthan Royals,Delhi Daredevils,Delhi Capitals,141,136,5,6,120,20,70,16,1,41,3,0,0,2,56,0,36,40,10,0,12,48,5,54,14,2,1,22,37,1,30,16,4,0,7
548349,2012,2012-05-01,2,Sawai Mansingh Stadium,Sawai Mansingh Stadium,Jaipur,Jaipur,Delhi Daredevils,Delhi Capitals,Rajasthan Royals,Rajasthan Royals,144,135,9,4,92,15.33,90,18,3,30,1,0,5,3,61,1,36,44,11,0,13,73,3,54,36,6,2,17,10,0,2,10,1,1,0
548350,2012,2012-05-02,1,M Chinnaswamy Stadium,M Chinnaswamy Stadium,Bangalore,Bengaluru,Royal Challengers Bangalore,Royal Challengers Bengaluru,Kings XI Punjab,Punjab Kings,158,152,6,5,120,20,92,11,8,44,5,0,1,0,33,1,36,22,4,1,20,89,0,54,52,4,6,13,36,4,30,18,3,1,11
548350,2012,2012-05-02,2,M Chinnaswamy Stadium,M Chinnaswamy Stadium,Bangalore,Bengaluru,Kings XI Punjab,Punjab Kings,Royal Challengers Bangalore,Royal Challengers Bengaluru,163,159,4,6,119,19.83,92,14,6,41,2,0,0,2,53,1,36,34,7,1,14,79,1,54,40,7,2,13,31,4,29,18,0,3,14
548351,2012,2012-05-03,1,Subrata Roy Sahara Stadium,Subrata Roy Sahara Stadium,Pune,Pune,Mumbai Indians,Mumbai Indians,Pune Warriors,Pune Warriors,120,109,11,9,120,20,52,10,2,50,5,2,1,3,42,0,36,30,6,1,19,50,5,54,8,2,0,17,28,4,30,14,2,1,14
548351,2012,2012-05-03,2,Subrata Roy Sahara Stadium,Subrata Roy Sahara Stadium,Pune,Pune,Pune Warriors,Pune Warriors,Mumbai Indians,Mumbai Indians,119,113,6,6,120,20,54,12,1,55,6,0,0,0,37,1,36,26,5,1,21,39,3,54,12,3,0,28,43,2,30,16,4,0,6
548352,2012,2012-05-04,1,"MA Chidambaram Stadium, Chepauk",MA Chidambaram Stadium,Chennai,Chennai,Chennai Super Kings,Chennai Super Kings,Deccan Chargers,Deccan Chargers,160,152,8,6,120,20,60,9,4,36,2,1,0,5,56,1,36,36,6,2,15,68,3,54,14,2,1,13,36,2,30,10,1,1,8
548352,2012,2012-05-04,2,"MA Chidambaram Stadium, Chepauk",MA Chidambaram Stadium,Chennai,Chennai,Deccan Chargers,Deccan Chargers,Chennai Super Kings,Chennai Super Kings,150,146,4,5,120,20,74,14,3,37,2,0,0,2,47,1,36,24,6,0,12,55,2,54,22,4,1,19,48,2,30,28,4,2,6
548353,2012,2012-05-05,1,Eden Gardens,Eden Gardens,Kolkata,Kolkata,Kolkata Knight Riders,Kolkata Knight Riders,Pune Warriors,Pune Warriors,150,131,19,5,120,20,60,9,4,43,12,1,1,5,68,0,36,38,5,3,12,53,2,54,16,4,0,19,29,3,30,6,0,1,12
548353,2012,2012-05-05,2,Eden Gardens,Eden Gardens,Kolkata,Kolkata,Pune Warriors,Pune Warriors,Kolkata Knight Riders,Kolkata Knight Riders,143,133,10,8,120,20,68,11,4,43,5,1,0,4,45,2,36,20,5,0,12,64,3,54,30,3,3,20,34,3,30,18,3,1,11
548354,2012,2012-05-05,1,"Punjab Cricket Association Stadium, Mohali","Punjab Cricket Association IS Bindra Stadium, Mohali",Chandigarh,Chandigarh,Rajasthan Royals,Rajasthan Royals,Kings XI Punjab,Punjab Kings,177,171,6,6,120,20,108,18,6,42,3,1,0,2,64,1,36,46,10,1,11,62,2,54,34,4,3,23,51,3,30,28,4,2,8
548354,2012,2012-05-05,2,"Punjab Cricket Association Stadium, Mohali","Punjab Cricket Association IS Bindra Stadium, Mohali",Chandigarh,Chandigarh,Kings XI Punjab,Punjab Kings,Rajasthan Royals,Rajasthan Royals,134,122,12,8,120,20,70,13,3,53,6,1,0,5,33,2,36,18,3,1,20,64,3,54,36,6,2,23,37,3,30,16,4,0,10
548355,2012,2012-05-06,1,Wankhede Stadium,Wankhede Stadium,Mumbai,Mumbai,Chennai Super Kings,Chennai Super Kings,Mumbai Indians,Mumbai Indians,173,164,9,8,120,20,100,13,8,42,5,0,0,4,52,1,36,34,4,3,16,71,2,54,36,6,2,18,50,5,30,30,3,3,8
548355,2012,2012-05-06,2,Wankhede Stadium,Wankhede Stadium,Mumbai,Mumbai,Mumbai Indians,Mumbai Indians,Chennai Super Kings,Chennai Super Kings,174,171,3,8,120,20,114,21,5,42,3,0,0,0,46,1,36,34,7,1,19,85,0,54,52,10,2,12,43,7,30,28,4,2,11
548356,2012,2012-05-06,1,M Chinnaswamy Stadium,M Chinnaswamy Stadium,Bangalore,Bengaluru,Deccan Chargers,Deccan Chargers,Royal Challengers Bangalore,Royal Challengers Bengaluru,181,175,6,2,120,20,114,15,9,39,3,0,1,2,46,0,36,30,6,1,15,71,1,54,40,4,4,19,64,1,30,44,5,4,5
548356,2012,2012-05-06,2,M Chinnaswamy Stadium,M Chinnaswamy Stadium,Bangalore,Bengaluru,Royal Challengers Bangalore,Royal Challengers Bengaluru,Deccan Chargers,Deccan Chargers,185,179,6,5,113,18.83,122,17,9,37,4,0,0,2,46,0,36,30,6,1,14,67,3,54,30,3,3,21,72,2,23,62,8,5,2
548357,2012,2012-05-07,1,Feroz Shah Kotla,Feroz Shah Kotla,Delhi,Delhi,Delhi Daredevils,Delhi Capitals,Kolkata Knight Riders,Kolkata Knight Riders,153,139,14,9,120,20,76,13,4,45,11,0,1,2,50,2,36,32,5,2,15,58,2,54,22,4,1,20,45,5,30,22,4,1,10
548357,2012,2012-05-07,2,Feroz Shah Kotla,Feroz Shah Kotla,Delhi,Delhi,Kolkata Knight Riders,Kolkata Knight Riders,Delhi Daredevils,Delhi Capitals,154,138,16,4,112,18.67,62,14,1,35,7,0,4,5,60,0,36,38,8,1,13,68,1,54,24,6,0,14,26,3,22,0,0,0,8
548358,2012,2012-05-08,1,Subrata Roy Sahara Stadium,Subrata Roy Sahara Stadium,Pune,Pune,Pune Warriors,Pune Warriors,Rajasthan Royals,Rajasthan Royals,125,115,10,6,120,20,32,5,2,38,3,0,0,7,35,1,36,8,2,0,15,56,3,54,16,1,2,17,34,2,30,8,2,0,6
548358,2012,2012-05-08,2,Subrata Roy Sahara Stadium,Subrata Roy Sahara Stadium,Pune,Pune,Rajasthan Royals,Rajasthan Royals,Pune Warriors,Pune Warriors,126,126,0,3,98,16.33,76,13,4,35,0,0,0,0,49,2,36,36,6,2,17,63,1,54,32,5,2,17,14,0,8,8,2,0,1
548359,2012,2012-05-08,1,"Rajiv Gandhi International Stadium, Uppal","Rajiv Gandhi International Stadium, Uppal",Hyderabad,Hyderabad,Kings XI Punjab,Punjab Kings,Deccan Chargers,Deccan Chargers,170,163,7,5,120,20,98,17,5,41,5,0,1,1,51,0,36,30,6,1,13,78,3,54,46,7,3,20,41,2,30,22,4,1,8
548359,2012,2012-05-08,2,"Rajiv Gandhi International Stadium, Uppal","Rajiv Gandhi International Stadium, Uppal",Hyderabad,Hyderabad,Deccan Chargers,Deccan Chargers,Kings XI Punjab,Punjab Kings,145,133,12,8,120,20,64,10,4,44,7,0,4,1,40,2,36,14,2,1,16,59,3,54,24,3,2,21,46,3,30,26,5,1,7
548360,2012,2012-05-09,1,Wankhede Stadium,Wankhede Stadium,Mumbai,Mumbai,Mumbai Indians,Mumbai Indians,Royal Challengers Bangalore,Royal Challengers Bengaluru,141,134,7,6,120,20,66,12,3,48,2,0,0,5,25,2,36,12,3,0,25,70,2,54,30,6,1,16,46,2,30,24,3,2,7
548360,2012,2012-05-09,2,Wankhede Stadium,Wankhede Stadium,Mumbai,Mumbai,Royal Challengers Bangalore,Royal Challengers Bengaluru,Mumbai Indians,Mumbai Indians,142,137,5,1,108,18,84,9,8,41,2,1,0,2,35,0,36,26,5,1,21,76,1,54,42,3,5,18,31,0,18,16,1,2,2
548329,2012,2012-05-10,1,"Rajiv Gandhi International Stadium, Uppal","Rajiv Gandhi International Stadium, Uppal",Hyderabad,Hyderabad,Deccan Chargers,Deccan Chargers,Delhi Daredevils,Delhi Capitals,187,185,2,4,120,20,134,23,7,42,1,0,0,1,33,2,36,28,7,0,24,94,0,54,68,11,4,14,60,2,30,38,5,3,4
548329,2012,2012-05-10,2,"Rajiv Gandhi International Stadium, Uppal","Rajiv Gandhi International Stadium, Uppal",Hyderabad,Hyderabad,Delhi Daredevils,Delhi Capitals,Deccan Chargers,Deccan Chargers,193,177,16,1,100,16.67,124,13,12,33,2,2,4,8,64,1,36,50,8,3,17,103,0,54,52,4,6,13,26,0,10,22,1,3,3
548361,2012,2012-05-10,1,Sawai Mansingh Stadium,Sawai Mansingh Stadium,Jaipur,Jaipur,Rajasthan Royals,Rajasthan Royals,Chennai Super Kings,Chennai Super Kings,126,114,12,6,120,20,60,12,2,54,6,0,0,6,28,2,36,16,4,0,24,61,2,54,22,4,1,19,37,2,30,22,4,1,11
548361,2012,2012-05-10,2,Sawai Mansingh Stadium,Sawai Mansingh Stadium,Jaipur,Jaipur,Chennai Super Kings,Chennai Super Kings,Rajasthan Royals,Rajasthan Royals,127,114,13,6,109,18.17,74,11,5,56,12,1,0,0,36,2,36,24,6,0,24,41,2,54,14,2,1,27,50,2,19,36,3,4,5
548362,2012,2012-05-11,1,Subrata Roy Sahara Stadium,Subrata Roy Sahara Stadium,Pune,Pune,Royal Challengers Bangalore,Royal Challengers Bengaluru,Pune Warriors,Pune Warriors,173,164,9,3,120,20,106,13,9,44,4,1,0,4,66,0,36,48,3,6,14,63,2,54,38,8,1,23,44,1,30,20,2,2,7
548362,2012,2012-05-11,2,Subrata Roy Sahara Stadium,Subrata Roy Sahara Stadium,Pune,Pune,Pune Warriors,Pune Warriors,Royal Challengers Bangalore,Royal Challengers Bengaluru,138,134,4,9,120,20,68,14,2,45,1,0,0,3,50,3,36,32,8,0,15,55,3,54,26,5,1,22,33,3,30,10,1,1,8
548363,2012,2012-05-12,1,Eden Gardens,Eden Gardens,Kolkata,Kolkata,Mumbai Indians,Mumbai Indians,Kolkata Knight Riders,Kolkata Knight Riders,182,177,5,1,120,20,118,19,7,39,3,0,0,2,49,1,36,40,7,2,20,83,0,54,46,7,3,13,50,0,30,32,5,2,6
548363,2012,2012-05-12,2,Eden Gardens,Eden Gardens,Kolkata,Kolkata,Kolkata Knight Riders,Kolkata Knight Riders,Mumbai Indians,Mumbai Indians,155,151,4,4,120,20,80,14,4,35,1,1,0,2,32,2,36,16,4,0,17,74,1,54,38,5,3,15,49,1,30,26,5,1,3
548364,2012,2012-05-12,1,"MA Chidambaram Stadium, Chepauk",MA Chidambaram Stadium,Chennai,Chennai,Delhi Daredevils,Delhi Capitals,Chennai Super Kings,Chennai Super Kings,114,107,7,5,120,20,34,4,3,48,5,0,0,2,27,4,36,12,3,0,22,51,1,54,12,0,2,16,36,0,30,10,1,1,10
548364,2012,2012-05-12,2,"MA Chidambaram Stadium, Chepauk",MA Chidambaram Stadium,Chennai,Chennai,Chennai Super Kings,Chennai Super Kings,Delhi Daredevils,Delhi Capitals,115,114,1,1,92,15.33,68,11,4,42,1,0,0,0,45,0,36,30,6,1,20,67,1,54,38,5,3,21,3,0,2,0,0,0,1
548365,2012,2012-05-13,1,Sawai Mansingh Stadium,Sawai Mansingh Stadium,Jaipur,Jaipur,Rajasthan Royals,Rajasthan Royals,Pune Warriors,Pune Warriors,170,167,3,4,120,20,96,18,4,42,3,0,0,0,45,1,36,34,7,1,19,81,1,54,46,7,3,17,44,2,30,16,4,0,6
548365,2012,2012-05-13,2,Sawai Mansingh Stadium,Sawai Mansingh Stadium,Jaipur,Jaipur,Pune Warriors,Pune Warriors,Rajasthan Royals,Rajasthan Royals,125,121,4,9,120,20,48,12,0,43,1,1,1,1,33,4,36,20,5,0,20,64,2,54,24,6,0,14,28,3,30,4,1,0,9
548366,2012,2012-05-13,1,"Punjab Cricket Association Stadium, Mohali","Punjab Cricket Association IS Bindra Stadium, Mohali",Chandigarh,Chandigarh,Deccan Chargers,Deccan Chargers,Kings XI Punjab,Punjab Kings,190,181,9,4,120,20,96,15,6,29,2,1,0,6,47,1,36,22,4,1,13,79,1,54,36,6,2,13,64,2,30,38,5,3,3
548366,2012,2012-05-13,2,"Punjab Cricket Association Stadium, Mohali","Punjab Cricket Association IS Bindra Stadium, Mohali",Chandigarh,Chandigarh,Kings XI Punjab,Punjab Kings,Deccan Chargers,Deccan Chargers,194,186,8,6,120,20,122,20,7,38,2,0,0,6,44,2,36,30,6,1,17,86,2,54,50,8,3,16,64,2,30,42,6,3,5
548367,2012,2012-05-14,1,M Chinnaswamy Stadium,M Chinnaswamy Stadium,Bangalore,Bengaluru,Royal Challengers Bangalore,Royal Challengers Bengaluru,Mumbai Indians,Mumbai Indians,171,157,14,6,120,20,96,12,8,48,9,3,0,2,40,2,36,20,2,2,22,67,2,54,32,5,2,20,64,2,30,44,5,4,6
548367,2012,2012-05-14,2,M Chinnaswamy Stadium,M Chinnaswamy Stadium,Bangalore,Bengaluru,Mumbai Indians,Mumbai Indians,Royal Challengers Bangalore,Royal Challengers Bengaluru,173,162,11,5,118,19.67,106,16,7,42,7,0,0,4,32,3,36,16,4,0,22,74,2,54,42,6,3,18,67,0,28,48,6,4,2
548368,2012,2012-05-14,1,Eden Gardens,Eden Gardens,Kolkata,Kolkata,Kolkata Knight Riders,Kolkata Knight Riders,Chennai Super Kings,Chennai Super Kings,158,155,3,6,120,20,94,13,7,39,1,0,0,2,50,0,36,36,6,2,16,62,3,54,32,5,2,17,46,3,30,26,2,3,6
548368,2012,2012-05-14,2,Eden Gardens,Eden Gardens,Kolkata,Kolkata,Chennai Super Kings,Chennai Super Kings,Kolkata Knight Riders,Kolkata Knight Riders,160,155,5,5,120,20,94,13,7,44,1,0,0,4,51,0,36,38,5,3,19,64,3,54,32,5,2,18,45,2,30,24,3,2,7
548369,2012,2012-05-15,1,Feroz Shah Kotla,Feroz Shah Kotla,Delhi,Delhi,Kings XI Punjab,Punjab Kings,Delhi Daredevils,Delhi Capitals,136,132,4,8,120,20,82,19,1,53,1,0,0,3,47,2,36,36,9,0,18,52,4,54,28,7,0,25,37,2,30,18,3,1,10
548369,2012,2012-05-15,2,Feroz Shah Kotla,Feroz Shah Kotla,Delhi,Delhi,Delhi Daredevils,Delhi Capitals,Kings XI Punjab,Punjab Kings,140,138,2,5,114,19,90,18,3,47,1,0,0,1,37,4,36,26,5,1,20,66,1,54,36,6,2,18,37,0,24,28,7,0,9
548370,2012,2012-05-16,1,Wankhede Stadium,Wankhede Stadium,Mumbai,Mumbai,Kolkata Knight Riders,Kolkata Knight Riders,Mumbai Indians,Mumbai Indians,140,126,14,7,120,20,66,12,3,47,7,1,1,5,32,2,36,18,3,1,20,62,3,54,24,3,2,17,46,2,30,24,6,0,10
548370,2012,2012-05-16,2,Wankhede Stadium,Wankhede Stadium,Mumbai,Mumbai,Mumbai Indians,Mumbai Indians,Kolkata Knight Riders,Kolkata Knight Riders,108,104,4,10,115,19.17,54,9,3,59,2,0,0,2,26,1,36,12,3,0,24,54,2,54,28,4,2,25,28,7,25,14,2,1,10
548371,2012,2012-05-17,1,Himachal Pradesh Cricket Association Stadium,Himachal Pradesh Cricket Association Stadium,Dharamsala,Dharamsala,Chennai Super Kings,Chennai Super Kings,Kings XI Punjab,Punjab Kings,120,116,4,7,120,20,72,9,6,63,1,0,1,2,25,2,36,16,4,0,24,52,2,54,30,3,3,29,43,3,30,26,2,3,10
548371,2012,2012-05-17,2,Himachal Pradesh Cricket Association Stadium,Himachal Pradesh Cricket Association Stadium,Dharamsala,Dharamsala,Kings XI Punjab,Punjab Kings,Chennai Super Kings,Chennai Super Kings,123,118,5,4,99,16.5,84,18,2,46,2,0,0,3,43,0,36,32,8,0,19,71,3,54,44,8,2,21,9,1,9,8,2,0,6
548372,2012,2012-05-17,1,Feroz Shah Kotla,Feroz Shah Kotla,Delhi,Delhi,Royal Challengers Bangalore,Royal Challengers Bengaluru,Delhi Daredevils,Delhi Capitals,215,211,4,1,120,20,156,18,14,39,2,2,0,0,42,1,36,32,8,0,22,95,0,54,64,7,6,12,78,0,30,60,3,8,5
548372,2012,2012-05-17,2,Feroz Shah Kotla,Feroz Shah Kotla,Delhi,Delhi,Delhi Daredevils,Delhi Capitals,Royal Challengers Bangalore,Royal Challengers Bengaluru,194,187,7,9,120,20,120,18,8,34,4,0,0,3,51,2,36,36,6,2,14,98,2,54,58,10,3,9,45,5,30,26,2,3,11
548373,2012,2012-05-18,1,"Rajiv Gandhi International Stadium, Uppal","Rajiv Gandhi International Stadium, Uppal",Hyderabad,Hyderabad,Rajasthan Royals,Rajasthan Royals,Deccan Chargers,Deccan Chargers,126,119,7,8,120,20,52,10,2,47,3,1,1,2,41,1,36,30,6,1,18,52,3,54,12,3,0,19,33,4,30,10,1,1,10
548373,2012,2012-05-18,2,"Rajiv Gandhi International Stadium, Uppal","Rajiv Gandhi International Stadium, Uppal",Hyderabad,Hyderabad,Deccan Chargers,Deccan Chargers,Rajasthan Royals,Rajasthan Royals,128,119,9,5,112,18.67,58,10,3,48,8,0,0,1,58,0,36,38,5,3,15,41,3,54,8,2,0,27,29,2,22,12,3,0,6
548374,2012,2012-05-19,1,Himachal Pradesh Cricket Association Stadium,Himachal Pradesh Cricket Association Stadium,Dharamsala,Dharamsala,Kings XI Punjab,Punjab Kings,Delhi Daredevils,Delhi Capitals,141,133,8,8,120,20,88,16,4,58,7,0,0,1,20,4,36,8,2,0,27,64,1,54,38,8,1,22,57,3,30,42,6,3,9
548374,2012,2012-05-19,2,Himachal Pradesh Cricket Association Stadium,Himachal Pradesh Cricket Association Stadium,Dharamsala,Dharamsala,Delhi Daredevils,Delhi Capitals,Kings XI Punjab,Punjab Kings,145,136,9,4,110,18.33,102,15,7,60,7,0,0,2,44,0,36,30,3,3,24,74,3,54,50,8,3,25,27,1,20,22,4,1,11
548375,2012,2012-05-19,1,Subrata Roy Sahara Stadium,Subrata Roy Sahara Stadium,Pune,Pune,Kolkata Knight Riders,Kolkata Knight Riders,Pune Warriors,Pune Warriors,136,129,7,4,120,20,60,12,2,45,0,2,4,1,27,1,36,16,4,0,22,74,1,54,36,6,2,15,35,2,30,8,2,0,8
548375,2012,2012-05-19,2,Subrata Roy Sahara Stadium,Subrata Roy Sahara Stadium,Pune,Pune,Pune Warriors,Pune Warriors,Kolkata Knight Riders,Kolkata Knight Riders,102,92,10,8,120,20,16,1,2,47,7,0,1,2,40,1,36,16,1,2,16,42,3,54,0,0,0,20,20,4,30,0,0,0,11
548376,2012,2012-05-20,1,"Rajiv Gandhi International Stadium, Uppal","Rajiv Gandhi International Stadium, Uppal",Hyderabad,Hyderabad,Deccan Chargers,Deccan Chargers,Royal Challengers Bangalore,Royal Challengers Bengaluru,132,122,10,7,120,20,58,7,5,49,4,0,1,5,23,3,36,8,2,0,22,52,1,54,16,4,0,19,57,3,30,34,1,5,8
548376,2012,2012-05-20,2,"Rajiv Gandhi International Stadium, Uppal","Rajiv Gandhi International Stadium, Uppal",Hyderabad,Hyderabad,Royal Challengers Bangalore,Royal Challengers Bengaluru,Deccan Chargers,Deccan Chargers,123,120,3,9,120,20,64,7,6,58,3,0,0,0,40,2,36,28,4,2,22,49,2,54,22,1,3,25,34,5,30,14,2,1,11
548377,2012,2012-05-20,1,Sawai Mansingh Stadium,Sawai Mansingh Stadium,Jaipur,Jaipur,Rajasthan Royals,Rajasthan Royals,Mumbai Indians,Mumbai Indians,162,148,14,6,120,20,88,13,6,50,11,2,0,1,31,2,36,16,4,0,22,75,2,54,48,6,4,23,56,2,30,24,3,2,5
548377,2012,2012-05-20,2,Sawai Mansingh Stadium,Sawai Mansingh Stadium,Jaipur,Jaipur,Mumbai Indians,Mumbai Indians,Rajasthan Royals,Rajasthan Royals,163,145,18,0,108,18,82,16,3,35,15,1,0,2,44,0,36,30,6,1,20,96,0,54,44,8,2,11,23,0,18,8,2,0,4
548378,2012,2012-05-22,1,Subrata Roy Sahara Stadium,Subrata Roy Sahara Stadium,Pune,Pune,Kolkata Knight Riders,Kolkata Knight Riders,Delhi Daredevils,Delhi Capitals,162,158,4,4,120,20,92,14,6,40,2,0,0,2,48,1,36,32,5,2,14,51,2,54,14,2,1,19,63,1,30,46,7,3,7
548378,2012,2012-05-22,2,Subrata Roy Sahara Stadium,Subrata Roy Sahara Stadium,Pune,Pune,Delhi Daredevils,Delhi Capitals,Kolkata Knight Riders,Kolkata Knight Riders,144,130,14,8,120,20,74,14,3,46,5,0,4,5,49,2,36,28,4,2,16,60,2,54,28,7,0,18,35,4,30,18,3,1,12
548379,2012,2012-05-23,1,M Chinnaswamy Stadium,M Chinnaswamy Stadium,Bangalore,Bengaluru,Chennai Super Kings,Chennai Super Kings,Mumbai Indians,Mumbai Indians,187,182,5,5,120,20,128,23,6,43,3,0,0,2,30,2,36,20,5,0,23,84,2,54,58,10,3,18,73,1,30,50,8,3,2
548379,2012,2012-05-23,2,M Chinnaswamy Stadium,M Chinnaswamy Stadium,Bangalore,Bengaluru,Mumbai Indians,Mumbai Indians,Chennai Super Kings,Chennai Super Kings,149,138,11,9,120,20,86,14,5,48,5,1,0,5,54,1,36,40,7,2,17,58,6,54,24,3,2,19,37,2,30,22,4,1,12
548380,2012,2012-05-25,1,"MA Chidambaram Stadium, Chepauk",MA Chidambaram Stadium,Chennai,Chennai,Chennai Super Kings,Chennai Super Kings,Delhi Daredevils,Delhi Capitals,222,216,6,5,120,20,150,24,9,29,5,0,0,1,52,0,36,36,9,0,14,110,2,54,78,9,7,10,60,3,30,36,6,2,5
548380,2012,2012-05-25,2,"MA Chidambaram Stadium, Chepauk",MA Chidambaram Stadium,Chennai,Chennai,Delhi Daredevils,Delhi Capitals,Chennai Super Kings,Chennai Super Kings,136,125,11,10,101,16.83,70,7,7,36,7,0,1,3,46,2,36,26,5,1,12,82,5,54,38,2,5,16,8,3,11,6,0,1,8
548381,2012,2012-05-27,1,"MA Chidambaram Stadium, Chepauk",MA Chidambaram Stadium,Chennai,Chennai,Chennai Super Kings,Chennai Super Kings,Kolkata Knight Riders,Kolkata Knight Riders,190,183,7,3,120,20,100,13,8,31,2,2,0,3,54,0,36,34,4,3,13,82,1,54,40,7,2,13,54,2,30,26,2,3,5
548381,2012,2012-05-27,2,"MA Chidambaram Stadium, Chepauk",MA Chidambaram Stadium,Chennai,Chennai,Kolkata Knight Riders,Kolkata Knight Riders,Chennai Super Kings,Chennai Super Kings,192,184,8,5,118,19.67,108,18,6,29,6,1,0,1,56,1,36,36,6,2,13,85,1,54,42,6,3,10,51,3,28,30,6,1,6
597998,2013,2013-04-03,1,Eden Gardens,Eden Gardens,Kolkata,Kolkata,Delhi Daredevils,Delhi Capitals,Kolkata Knight Riders,Kolkata Knight Riders,128,123,5,10,120,20,66,15,1,53,4,0,1,0,45,2,36,28,7,0,17,51,3,54,20,5,0,21,32,5,30,18,3,1,15
597998,2013,2013-04-03,2,Eden Gardens,Eden Gardens,Kolkata,Kolkata,Kolkata Knight Riders,Kolkata Knight Riders,Delhi Daredevils,Delhi Capitals,129,123,6,4,112,18.67,68,14,2,45,3,0,0,3,46,1,36,38,8,1,20,54,3,54,24,6,0,21,29,0,22,6,0,1,4
597999,2013,2013-04-04,1,M Chinnaswamy Stadium,M Chinnaswamy Stadium,Bangalore,Bengaluru,Royal Challengers Bangalore,Royal Challengers Bengaluru,Mumbai Indians,Mumbai Indians,156,140,16,5,120,20,108,18,6,60,5,0,0,11,31,2,36,22,4,1,24,69,3,54,44,8,2,26,56,0,30,42,6,3,10
597999,2013,2013-04-04,2,M Chinnaswamy Stadium,M Chinnaswamy Stadium,Bangalore,Bengaluru,Mumbai Indians,Mumbai Indians,Royal Challengers Bangalore,Royal Challengers Bengaluru,154,146,8,5,120,20,74,11,5,39,2,1,1,4,38,0,36,18,3,1,16,58,3,54,20,5,0,18,58,2,30,36,3,4,5
598000,2013,2013-04-05,1,"Rajiv Gandhi International Stadium, Uppal","Rajiv Gandhi International Stadium, Uppal",Hyderabad,Hyderabad,Sunrisers Hyderabad,Sunrisers Hyderabad,Pune Warriors,Pune Warriors,126,123,3,6,120,20,54,12,1,46,2,0,0,1,38,1,36,20,5,0,17,49,3,54,16,4,0,20,39,2,30,18,3,1,9
598000,2013,2013-04-05,2,"Rajiv Gandhi International Stadium, Uppal","Rajiv Gandhi International Stadium, Uppal",Hyderabad,Hyderabad,Pune Warriors,Pune Warriors,Sunrisers Hyderabad,Sunrisers Hyderabad,104,102,2,10,113,18.83,36,6,2,54,2,0,0,0,27,0,36,6,0,1,21,51,4,54,20,5,0,25,26,6,23,10,1,1,8
598001,2013,2013-04-06,1,Feroz Shah Kotla,Feroz Shah Kotla,Delhi,Delhi,Rajasthan Royals,Rajasthan Royals,Delhi Daredevils,Delhi Capitals,165,156,9,7,120,20,86,14,5,37,6,0,0,3,45,1,36,24,6,0,16,82,1,54,42,6,3,9,38,5,30,20,2,2,12
598001,2013,2013-04-06,2,Feroz Shah Kotla,Feroz Shah Kotla,Delhi,Delhi,Delhi Daredevils,Delhi Capitals,Rajasthan Royals,Rajasthan Royals,160,149,11,6,120,20,70,13,3,36,6,0,0,5,39,1,36,22,4,1,17,81,1,54,32,8,0,11,40,4,30,16,1,2,8
598002,2013,2013-04-06,1,"MA Chidambaram Stadium, Chepauk",MA Chidambaram Stadium,Chennai,Chennai,Mumbai Indians,Mumbai Indians,Chennai Super Kings,Chennai Super Kings,148,139,9,6,120,20,82,10,7,49,6,0,0,3,41,2,36,18,3,1,13,55,4,54,26,5,1,24,52,0,30,38,2,5,12
598002,2013,2013-04-06,2,"MA Chidambaram Stadium, Chepauk",MA Chidambaram Stadium,Chennai,Chennai,Chennai Super Kings,Chennai Super Kings,Mumbai Indians,Mumbai Indians,139,132,7,9,120,20,68,11,4,54,6,0,0,1,36,2,36,16,4,0,21,57,3,54,22,4,1,19,46,4,30,30,3,3,14
598003,2013,2013-04-07,1,Subrata Roy Sahara Stadium,Subrata Roy Sahara Stadium,Pune,Pune,Pune Warriors,Pune Warriors,Kings XI Punjab,Punjab Kings,99,96,3,9,120,20,46,10,1,61,1,0,0,2,24,2,36,12,3,0,21,40,4,54,12,3,0,27,35,3,30,22,4,1,13
598003,2013,2013-04-07,2,Subrata Roy Sahara Stadium,Subrata Roy Sahara Stadium,Pune,Pune,Kings XI Punjab,Punjab Kings,Pune Warriors,Pune Warriors,100,97,3,2,74,12.33,62,14,1,29,2,1,0,0,56,1,36,42,9,1,14,44,1,38,20,5,0,15,0,0,0,0,0,0,0
598004,2013,2013-04-07,1,"Rajiv Gandhi International Stadium, Uppal","Rajiv Gandhi International Stadium, Uppal",Hyderabad,Hyderabad,Royal Challengers Bangalore,Royal Challengers Bengaluru,Sunrisers Hyderabad,Sunrisers Hyderabad,130,122,8,8,120,20,50,11,1,50,7,0,0,1,40,2,36,12,3,0,18,54,2,54,22,4,1,21,36,4,30,16,4,0,11
598004,2013,2013-04-07,2,"Rajiv Gandhi International Stadium, Uppal","Rajiv Gandhi International Stadium, Uppal",Hyderabad,Hyderabad,Sunrisers Hyderabad,Sunrisers Hyderabad,Royal Challengers Bangalore,Royal Challengers Bengaluru,130,114,16,7,120,20,34,7,1,37,6,0,1,9,37,2,36,12,3,0,14,54,2,54,8,2,0,16,39,3,30,14,2,1,7
598004,2013,2013-04-07,3,"Rajiv Gandhi International Stadium, Uppal","Rajiv Gandhi International Stadium, Uppal",Hyderabad,Hyderabad,Sunrisers Hyderabad,Sunrisers Hyderabad,Royal Challengers Bangalore,Royal Challengers Bengaluru,20,19,1,0,6,1,12,0,2,0,0,1,0,0,20,0,6,12,0,2,0,0,0,0,0,0,0,0,0,0,0,0,0,0,0
598004,2013,2013-04-07,4,"Rajiv Gandhi International Stadium, Uppal","Rajiv Gandhi International Stadium, Uppal",Hyderabad,Hyderabad,Royal Challengers Bangalore,Royal Challengers Bengaluru,Sunrisers Hyderabad,Sunrisers Hyderabad,15,15,0,0,6,1,10,1,1,0,0,0,0,0,15,0,6,10,1,1,0,0,0,0,0,0,0,0,0,0,0,0,0,0,0
598005,2013,2013-04-08,1,Sawai Mansingh Stadium,Sawai Mansingh Stadium,Jaipur,Jaipur,Rajasthan Royals,Rajasthan Royals,Kolkata Knight Riders,Kolkata Knight Riders,144,135,9,6,120,20,80,17,2,47,1,1,1,6,35,1,36,20,5,0,20,65,2,54,38,8,1,19,44,3,30,22,4,1,8
598005,2013,2013-04-08,2,Sawai Mansingh Stadium,Sawai Mansingh Stadium,Jaipur,Jaipur,Kolkata Knight Riders,Kolkata Knight Riders,Rajasthan Royals,Rajasthan Royals,125,114,11,10,114,19,56,8,4,55,6,0,0,5,40,2,36,14,2,1,16,59,5,54,32,5,2,29,26,3,24,10,1,1,10
598006,2013,2013-04-09,1,Wankhede Stadium,Wankhede Stadium,Mumbai,Mumbai,Mumbai Indians,Mumbai Indians,Delhi Daredevils,Delhi Capitals,209,199,10,5,120,20,144,21,10,35,3,1,0,6,38,2,36,26,5,1,20,100,1,54,66,12,3,11,71,2,30,52,4,6,4
598006,2013,2013-04-09,2,Wankhede Stadium,Wankhede Stadium,Mumbai,Mumbai,Delhi Daredevils,Delhi Capitals,Mumbai Indians,Mumbai Indians,165,155,10,9,120,20,90,15,5,40,8,0,1,1,46,2,36,30,6,1,16,80,3,54,34,4,3,13,39,4,30,26,5,1,11
598048,2013,2013-04-09,1,M Chinnaswamy Stadium,M Chinnaswamy Stadium,Bangalore,Bengaluru,Sunrisers Hyderabad,Sunrisers Hyderabad,Royal Challengers Bangalore,Royal Challengers Bengaluru,161,156,5,6,120,20,82,10,7,39,4,1,0,0,40,1,36,24,6,0,16,58,2,54,20,2,2,18,63,3,30,38,2,5,5
598048,2013,2013-04-09,2,M Chinnaswamy Stadium,M Chinnaswamy Stadium,Bangalore,Bengaluru,Royal Challengers Bangalore,Royal Challengers Bengaluru,Sunrisers Hyderabad,Sunrisers Hyderabad,162,157,5,3,106,17.67,110,17,7,42,4,0,0,1,47,1,36,36,6,2,20,70,2,54,38,5,3,18,45,0,16,36,6,2,4
598007,2013,2013-04-10,1,"Punjab Cricket Association Stadium, Mohali","Punjab Cricket Association IS Bindra Stadium, Mohali",Chandigarh,Chandigarh,Kings XI Punjab,Punjab Kings,Chennai Super Kings,Chennai Super Kings,138,130,8,10,119,19.83,66,15,1,45,2,0,0,6,43,2,36,28,7,0,17,73,2,54,30,6,1,13,22,6,29,8,2,0,15
598007,2013,2013-04-10,2,"Punjab Cricket Association Stadium, Mohali","Punjab Cricket Association IS Bindra Stadium, Mohali",Chandigarh,Chandigarh,Chennai Super Kings,Chennai Super Kings,Kings XI Punjab,Punjab Kings,139,136,3,0,104,17.33,74,14,3,34,2,0,0,1,38,0,36,20,5,0,18,65,0,54,28,7,0,15,36,0,14,26,2,3,1
598008,2013,2013-04-11,1,M Chinnaswamy Stadium,M Chinnaswamy Stadium,Bangalore,Bengaluru,Kolkata Knight Riders,Kolkata Knight Riders,Royal Challengers Bangalore,Royal Challengers Bengaluru,154,148,6,8,120,20,80,17,2,43,2,1,0,3,44,1,36,28,7,0,18,69,2,54,34,7,1,13,41,5,30,18,3,1,12
598008,2013,2013-04-11,2,M Chinnaswamy Stadium,M Chinnaswamy Stadium,Bangalore,Bengaluru,Royal Challengers Bangalore,Royal Challengers Bengaluru,Kolkata Knight Riders,Kolkata Knight Riders,158,148,10,2,105,17.5,116,11,12,53,8,2,0,0,43,1,36,34,4,3,22,74,1,54,48,6,4,25,41,0,15,34,1,5,6
598009,2013,2013-04-11,1,Subrata Roy Sahara Stadium,Subrata Roy Sahara Stadium,Pune,Pune,Rajasthan Royals,Rajasthan Royals,Pune Warriors,Pune Warriors,145,138,7,5,120,20,74,17,1,41,3,1,0,3,44,1,36,28,7,0,16,58,3,54,24,6,0,17,43,1,30,22,4,1,8
598009,2013,2013-04-11,2,Subrata Roy Sahara Stadium,Subrata Roy Sahara Stadium,Pune,Pune,Pune Warriors,Pune Warriors,Rajasthan Royals,Rajasthan Royals,148,142,6,3,112,18.67,92,11,8,47,3,1,0,2,64,1,36,48,6,4,14,53,1,54,24,3,2,25,31,1,22,20,2,2,8
598010,2013,2013-04-12,1,Feroz Shah Kotla,Feroz Shah Kotla,Delhi,Delhi,Delhi Daredevils,Delhi Capitals,Sunrisers Hyderabad,Sunrisers Hyderabad,114,107,7,8,120,20,46,7,3,54,4,1,0,2,29,3,36,18,3,1,22,43,2,54,8,2,0,23,42,3,30,20,2,2,9
598010,2013,2013-04-12,2,Feroz Shah Kotla,Feroz Shah Kotla,Delhi,Delhi,Sunrisers Hyderabad,Sunrisers Hyderabad,Delhi Daredevils,Delhi Capitals,115,112,3,7,116,19.33,58,13,1,56,1,1,0,1,38,1,36,28,7,0,22,38,4,54,10,1,1,26,39,2,26,20,5,0,8
598011,2013,2013-04-13,1,Wankhede Stadium,Wankhede Stadium,Mumbai,Mumbai,Mumbai Indians,Mumbai Indians,Pune Warriors,Pune Warriors,183,180,3,3,120,20,116,17,8,41,2,1,0,0,48,0,36,38,8,1,19,67,2,54,30,6,1,15,68,1,30,48,3,6,7
598011,2013,2013-04-13,2,Wankhede Stadium,Wankhede Stadium,Mumbai,Mumbai,Pune Warriors,Pune Warriors,Mumbai Indians,Mumbai Indians,142,137,5,8,120,20,74,11,5,49,4,0,0,1,40,4,36,28,7,0,20,78,2,54,38,2,5,15,24,2,30,8,2,0,14
598012,2013,2013-04-13,1,"MA Chidambaram Stadium, Chepauk",MA Chidambaram Stadium,Chennai,Chennai,Royal Challengers Bangalore,Royal Challengers Bengaluru,Chennai Super Kings,Chennai Super Kings,165,157,8,6,120,20,76,13,4,42,6,1,0,1,33,1,36,20,5,0,21,82,1,54,36,6,2,11,50,4,30,20,2,2,10
598012,2013,2013-04-13,2,"MA Chidambaram Stadium, Chepauk",MA Chidambaram Stadium,Chennai,Chennai,Chennai Super Kings,Chennai Super Kings,Royal Challengers Bangalore,Royal Challengers Bengaluru,166,158,8,6,119,19.83,76,13,4,39,4,3,0,1,31,2,36,16,4,0,21,70,2,54,26,5,1,13,65,2,29,34,4,3,5
598013,2013,2013-04-14,1,Eden Gardens,Eden Gardens,Kolkata,Kolkata,Kolkata Knight Riders,Kolkata Knight Riders,Sunrisers Hyderabad,Sunrisers Hyderabad,180,172,8,4,120,20,112,22,4,39,4,0,0,4,48,0,36,28,7,0,13,61,2,54,34,7,1,22,71,2,30,50,8,3,4
598013,2013,2013-04-14,2,Eden Gardens,Eden Gardens,Kolkata,Kolkata,Sunrisers Hyderabad,Sunrisers Hyderabad,Kolkata Knight Riders,Kolkata Knight Riders,132,120,12,7,120,20,46,7,3,35,5,0,1,6,39,0,36,14,2,1,9,65,3,54,28,4,2,16,28,4,30,4,1,0,10
598014,2013,2013-04-14,1,Sawai Mansingh Stadium,Sawai Mansingh Stadium,Jaipur,Jaipur,Kings XI Punjab,Punjab Kings,Rajasthan Royals,Rajasthan Royals,124,114,10,10,113,18.83,60,12,2,52,7,1,0,2,34,3,36,18,3,1,21,54,3,54,20,5,0,21,36,4,23,22,4,1,10
598014,2013,2013-04-14,2,Sawai Mansingh Stadium,Sawai Mansingh Stadium,Jaipur,Jaipur,Rajasthan Royals,Rajasthan Royals,Kings XI Punjab,Punjab Kings,126,117,9,4,116,19.33,68,17,0,53,3,0,0,6,48,1,36,32,8,0,18,46,3,54,20,5,0,26,32,0,26,16,4,0,9
598015,2013,2013-04-15,1,"MA Chidambaram Stadium, Chepauk",MA Chidambaram Stadium,Chennai,Chennai,Pune Warriors,Pune Warriors,Chennai Super Kings,Chennai Super Kings,159,151,8,5,120,20,94,16,5,41,2,0,0,6,48,0,36,36,9,0,16,58,2,54,24,3,2,16,53,3,30,34,4,3,9
598015,2013,2013-04-15,2,"MA Chidambaram Stadium, Chepauk",MA Chidambaram Stadium,Chennai,Chennai,Chennai Super Kings,Chennai Super Kings,Pune Warriors,Pune Warriors,135,133,2,8,120,20,58,10,3,44,2,0,0,0,38,2,36,22,4,1,17,61,3,54,22,4,1,17,36,3,30,14,2,1,10
598016,2013,2013-04-16,1,"Punjab Cricket Association Stadium, Mohali","Punjab Cricket Association IS Bindra Stadium, Mohali",Chandigarh,Chandigarh,Kings XI Punjab,Punjab Kings,Kolkata Knight Riders,Kolkata Knight Riders,157,151,6,9,120,20,82,16,3,39,3,0,1,2,35,1,36,24,6,0,20,64,5,54,16,4,0,10,58,3,30,42,6,3,9
598016,2013,2013-04-16,2,"Punjab Cricket Association Stadium, Mohali","Punjab Cricket Association IS Bindra Stadium, Mohali",Chandigarh,Chandigarh,Kolkata Knight Riders,Kolkata Knight Riders,Kings XI Punjab,Punjab Kings,153,141,12,9,120,20,80,17,2,46,5,0,0,7,45,2,36,28,7,0,17,71,2,54,32,8,0,15,37,5,30,20,2,2,14
598017,2013,2013-04-16,1,M Chinnaswamy Stadium,M Chinnaswamy Stadium,Bangalore,Bengaluru,Delhi Daredevils,Delhi Capitals,Royal Challengers Bangalore,Royal Challengers Bengaluru,152,147,5,5,120,20,80,17,2,46,3,1,0,1,43,1,36,28,7,0,19,51,3,54,20,5,0,23,58,1,30,32,5,2,4
598017,2013,2013-04-16,2,M Chinnaswamy Stadium,M Chinnaswamy Stadium,Bangalore,Bengaluru,Royal Challengers Bangalore,Royal Challengers Bengaluru,Delhi Daredevils,Delhi Capitals,152,148,4,7,120,20,78,12,5,46,2,0,1,1,48,2,36,34,4,3,20,78,0,54,38,8,1,13,26,5,30,6,0,1,13
598017,2013,2013-04-16,3,M Chinnaswamy Stadium,M Chinnaswamy Stadium,Bangalore,Bengaluru,Royal Challengers Bangalore,Royal Challengers Bengaluru,Delhi Daredevils,Delhi Capitals,15,15,0,0,6,1,12,0,2,1,0,0,0,0,15,0,6,12,0,2,1,0,0,0,0,0,0,0,0,0,0,0,0,0,0
598017,2013,2013-04-16,4,M Chinnaswamy Stadium,M Chinnaswamy Stadium,Bangalore,Bengaluru,Delhi Daredevils,Delhi Capitals,Royal Challengers Bangalore,Royal Challengers Bengaluru,11,11,0,2,6,1,10,1,1,3,0,0,0,0,11,2,6,10,1,1,3,0,0,0,0,0,0,0,0,0,0,0,0,0,0
598018,2013,2013-04-17,1,Maharashtra Cricket Association Stadium,Maharashtra Cricket Association Stadium,Pune,Pune,Sunrisers Hyderabad,Sunrisers Hyderabad,Pune Warriors,Pune Warriors,119,114,5,8,120,20,48,9,2,50,5,0,0,0,25,4,36,12,3,0,24,50,3,54,18,3,1,22,44,1,30,18,3,1,4
598018,2013,2013-04-17,2,Maharashtra Cricket Association Stadium,Maharashtra Cricket Association Stadium,Pune,Pune,Pune Warriors,Pune Warriors,Sunrisers Hyderabad,Sunrisers Hyderabad,108,108,0,10,114,19,50,11,1,54,0,0,0,0,41,2,36,28,7,0,20,46,2,54,8,2,0,20,21,6,24,14,2,1,14
598019,2013,2013-04-17,1,Sawai Mansingh Stadium,Sawai Mansingh Stadium,Jaipur,Jaipur,Rajasthan Royals,Rajasthan Royals,Mumbai Indians,Mumbai Indians,179,164,15,3,120,20,98,17,5,38,6,2,0,7,58,0,36,44,8,2,17,67,2,54,26,5,1,19,54,1,30,28,4,2,2
598019,2013,2013-04-17,2,Sawai Mansingh Stadium,Sawai Mansingh Stadium,Jaipur,Jaipur,Mumbai Indians,Mumbai Indians,Rajasthan Royals,Rajasthan Royals,92,85,7,10,110,18.33,32,8,0,53,3,0,0,4,26,2,36,8,2,0,19,45,5,54,12,3,0,24,21,3,20,12,3,0,10
598020,2013,2013-04-18,1,Feroz Shah Kotla,Feroz Shah Kotla,Delhi,Delhi,Chennai Super Kings,Chennai Super Kings,Delhi Daredevils,Delhi Capitals,169,160,9,4,120,20,94,19,3,38,5,0,0,4,39,1,36,24,6,0,18,77,1,54,40,7,2,14,53,2,30,30,6,1,6
598020,2013,2013-04-18,2,Feroz Shah Kotla,Feroz Shah Kotla,Delhi,Delhi,Delhi Daredevils,Delhi Capitals,Chennai Super Kings,Chennai Super Kings,83,79,4,10,105,17.5,26,5,1,53,4,0,0,0,32,4,36,14,2,1,22,48,3,54,12,3,0,18,3,3,15,0,0,0,13
598021,2013,2013-04-19,1,"Rajiv Gandhi International Stadium, Uppal","Rajiv Gandhi International Stadium, Uppal",Hyderabad,Hyderabad,Kings XI Punjab,Punjab Kings,Sunrisers Hyderabad,Sunrisers Hyderabad,123,116,7,9,120,20,60,9,4,55,2,0,4,1,36,1,36,20,5,0,19,56,3,54,26,2,3,25,31,5,30,14,2,1,11
598021,2013,2013-04-19,2,"Rajiv Gandhi International Stadium, Uppal","Rajiv Gandhi International Stadium, Uppal",Hyderabad,Hyderabad,Sunrisers Hyderabad,Sunrisers Hyderabad,Kings XI Punjab,Punjab Kings,127,121,6,5,113,18.83,58,10,3,44,1,0,4,1,33,1,36,8,2,0,16,54,2,54,24,6,0,20,40,2,23,26,2,3,8
598022,2013,2013-04-20,1,Eden Gardens,Eden Gardens,Kolkata,Kolkata,Kolkata Knight Riders,Kolkata Knight Riders,Chennai Super Kings,Chennai Super Kings,119,115,4,9,120,20,64,10,4,57,1,0,0,3,47,1,36,32,8,0,14,42,5,54,16,1,2,29,30,3,30,16,1,2,14
598022,2013,2013-04-20,2,Eden Gardens,Eden Gardens,Kolkata,Kolkata,Chennai Super Kings,Chennai Super Kings,Kolkata Knight Riders,Kolkata Knight Riders,124,118,6,6,115,19.17,60,9,4,44,1,0,1,4,27,1,36,16,4,0,22,43,3,54,4,1,0,18,54,2,25,40,4,4,4
598023,2013,2013-04-20,1,M Chinnaswamy Stadium,M Chinnaswamy Stadium,Bangalore,Bengaluru,Rajasthan Royals,Rajasthan Royals,Royal Challengers Bangalore,Royal Challengers Bengaluru,117,117,0,10,118,19.67,68,14,2,59,0,0,0,0,31,2,36,26,5,1,25,70,2,54,38,8,1,17,16,6,28,4,1,0,17
598023,2013,2013-04-20,2,M Chinnaswamy Stadium,M Chinnaswamy Stadium,Bangalore,Bengaluru,Royal Challengers Bangalore,Royal Challengers Bengaluru,Rajasthan Royals,Rajasthan Royals,123,107,16,3,107,17.83,60,12,2,48,11,0,0,5,48,0,36,28,7,0,17,50,3,54,18,3,1,27,25,0,17,14,2,1,4
598024,2013,2013-04-21,1,Feroz Shah Kotla,Feroz Shah Kotla,Delhi,Delhi,Mumbai Indians,Mumbai Indians,Delhi Daredevils,Delhi Capitals,161,158,3,4,120,20,92,11,8,41,2,0,0,1,24,2,36,12,3,0,21,83,0,54,46,7,3,12,54,2,30,34,1,5,8
598024,2013,2013-04-21,2,Feroz Shah Kotla,Feroz Shah Kotla,Delhi,Delhi,Delhi Daredevils,Delhi Capitals,Mumbai Indians,Mumbai Indians,165,161,4,1,102,17,106,22,3,26,1,3,0,0,60,0,36,46,10,1,14,84,0,54,48,9,2,10,21,1,12,12,3,0,2
598025,2013,2013-04-21,1,"Punjab Cricket Association Stadium, Mohali","Punjab Cricket Association IS Bindra Stadium, Mohali",Chandigarh,Chandigarh,Pune Warriors,Pune Warriors,Kings XI Punjab,Punjab Kings,185,177,8,4,120,20,116,20,6,41,4,0,0,4,48,0,36,26,5,1,16,76,1,54,48,9,2,18,61,3,30,42,6,3,7
598025,2013,2013-04-21,2,"Punjab Cricket Association Stadium, Mohali","Punjab Cricket Association IS Bindra Stadium, Mohali",Chandigarh,Chandigarh,Kings XI Punjab,Punjab Kings,Pune Warriors,Pune Warriors,186,183,3,3,119,19.83,94,16,5,28,1,0,0,2,55,2,36,32,8,0,13,74,1,54,32,5,2,13,57,0,29,30,3,3,2
598026,2013,2013-04-22,1,"MA Chidambaram Stadium, Chepauk",MA Chidambaram Stadium,Chennai,Chennai,Rajasthan Royals,Rajasthan Royals,Chennai Super Kings,Chennai Super Kings,185,175,10,4,120,20,90,12,7,30,6,1,0,3,55,0,36,32,5,2,11,76,3,54,32,5,2,13,54,1,30,26,2,3,6
598026,2013,2013-04-22,2,"MA Chidambaram Stadium, Chepauk",MA Chidambaram Stadium,Chennai,Chennai,Chennai Super Kings,Chennai Super Kings,Rajasthan Royals,Rajasthan Royals,186,179,7,5,119,19.83,96,18,4,21,3,0,0,4,58,1,36,40,7,2,9,82,1,54,34,7,1,5,46,3,29,22,4,1,7
598027,2013,2013-04-23,1,M Chinnaswamy Stadium,M Chinnaswamy Stadium,Bangalore,Bengaluru,Royal Challengers Bangalore,Royal Challengers Bengaluru,Pune Warriors,Pune Warriors,263,252,11,5,120,20,210,21,21,37,6,2,0,3,62,0,36,56,8,4,22,134,1,54,104,8,12,9,67,4,30,50,5,5,6
598027,2013,2013-04-23,2,M Chinnaswamy Stadium,M Chinnaswamy Stadium,Bangalore,Bengaluru,Pune Warriors,Pune Warriors,Royal Challengers Bangalore,Royal Challengers Bengaluru,133,129,4,9,120,20,78,15,3,55,3,0,0,1,43,4,36,30,6,1,19,68,1,54,36,6,2,18,22,4,30,12,3,0,18
598059,2013,2013-04-23,1,Feroz Shah Kotla,Feroz Shah Kotla,Delhi,Delhi,Delhi Daredevils,Delhi Capitals,Kings XI Punjab,Punjab Kings,120,113,7,7,120,20,52,10,2,49,3,0,0,4,40,2,36,26,5,1,19,50,4,54,18,3,1,20,30,1,30,8,2,0,10
598059,2013,2013-04-23,2,Feroz Shah Kotla,Feroz Shah Kotla,Delhi,Delhi,Kings XI Punjab,Punjab Kings,Delhi Daredevils,Delhi Capitals,121,115,6,5,102,17,66,15,1,42,2,0,4,0,56,3,36,40,10,0,15,45,1,54,12,3,0,23,20,1,12,14,2,1,4
598029,2013,2013-04-24,1,Eden Gardens,Eden Gardens,Kolkata,Kolkata,Kolkata Knight Riders,Kolkata Knight Riders,Mumbai Indians,Mumbai Indians,159,153,6,6,120,20,88,16,4,45,1,1,1,3,61,1,36,44,8,2,14,51,2,54,16,4,0,22,47,3,30,28,4,2,9
598029,2013,2013-04-24,2,Eden Gardens,Eden Gardens,Kolkata,Kolkata,Mumbai Indians,Mumbai Indians,Kolkata Knight Riders,Kolkata Knight Riders,162,158,4,5,119,19.83,86,8,9,38,0,0,0,4,42,1,36,24,3,2,18,74,2,54,42,3,5,15,46,2,29,20,2,2,5
598030,2013,2013-04-25,1,"MA Chidambaram Stadium, Chepauk",MA Chidambaram Stadium,Chennai,Chennai,Sunrisers Hyderabad,Sunrisers Hyderabad,Chennai Super Kings,Chennai Super Kings,159,151,8,6,120,20,92,17,4,48,3,0,0,5,40,3,36,20,5,0,18,56,1,54,26,5,1,22,63,2,30,46,7,3,8
598030,2013,2013-04-25,2,"MA Chidambaram Stadium, Chepauk",MA Chidambaram Stadium,Chennai,Chennai,Chennai Super Kings,Chennai Super Kings,Sunrisers Hyderabad,Sunrisers Hyderabad,160,154,6,5,118,19.67,96,15,6,49,4,1,0,1,58,0,36,36,6,2,12,56,3,54,24,6,0,23,46,2,28,36,3,4,14
598031,2013,2013-04-26,1,Eden Gardens,Eden Gardens,Kolkata,Kolkata,Kings XI Punjab,Punjab Kings,Kolkata Knight Riders,Kolkata Knight Riders,149,144,5,6,120,20,84,15,4,43,0,0,1,4,45,0,36,32,8,0,17,66,4,54,32,5,2,17,38,2,30,20,2,2,9
598031,2013,2013-04-26,2,Eden Gardens,Eden Gardens,Kolkata,Kolkata,Kolkata Knight Riders,Kolkata Knight Riders,Kings XI Punjab,Punjab Kings,150,138,12,4,110,18.33,98,14,7,48,2,1,4,5,45,2,36,36,6,2,19,73,1,54,40,7,2,21,32,1,20,22,1,3,8
598032,2013,2013-04-27,1,Sawai Mansingh Stadium,Sawai Mansingh Stadium,Jaipur,Jaipur,Sunrisers Hyderabad,Sunrisers Hyderabad,Rajasthan Royals,Rajasthan Royals,144,133,11,9,120,20,76,16,2,56,9,0,0,2,29,5,36,20,5,0,25,63,2,54,26,5,1,23,52,2,30,30,6,1,8
598032,2013,2013-04-27,2,Sawai Mansingh Stadium,Sawai Mansingh Stadium,Jaipur,Jaipur,Rajasthan Royals,Rajasthan Royals,Sunrisers Hyderabad,Sunrisers Hyderabad,146,144,2,2,107,17.83,102,18,5,43,1,0,0,1,30,1,36,20,5,0,22,79,1,54,50,8,3,16,37,0,17,32,5,2,5
598033,2013,2013-04-27,1,Wankhede Stadium,Wankhede Stadium,Mumbai,Mumbai,Mumbai Indians,Mumbai Indians,Royal Challengers Bangalore,Royal Challengers Bengaluru,194,185,9,7,120,20,120,18,8,37,3,0,4,2,52,1,36,32,8,0,15,91,2,54,52,4,6,11,51,4,30,36,6,2,11
598033,2013,2013-04-27,2,Wankhede Stadium,Wankhede Stadium,Mumbai,Mumbai,Royal Challengers Bangalore,Royal Challengers Bengaluru,Mumbai Indians,Mumbai Indians,136,125,11,7,120,20,66,12,3,55,5,1,4,1,35,1,36,22,4,1,23,59,6,54,20,2,2,21,42,0,30,24,6,0,11
598034,2013,2013-04-28,1,"MA Chidambaram Stadium, Chepauk",MA Chidambaram Stadium,Chennai,Chennai,Chennai Super Kings,Chennai Super Kings,Kolkata Knight Riders,Kolkata Knight Riders,200,197,3,3,120,20,116,20,6,27,2,0,1,0,67,0,36,52,10,2,15,84,1,54,42,6,3,9,49,2,30,22,4,1,3
598034,2013,2013-04-28,2,"MA Chidambaram Stadium, Chepauk",MA Chidambaram Stadium,Chennai,Chennai,Kolkata Knight Riders,Kolkata Knight Riders,Chennai Super Kings,Chennai Super Kings,186,166,20,4,120,20,110,20,5,38,11,1,4,4,63,2,36,40,10,0,15,63,1,54,28,4,2,16,60,1,30,42,6,3,7
598035,2013,2013-04-28,1,Shaheed Veer Narayan Singh International Stadium,Shaheed Veer Narayan Singh International Stadium,Raipur,Raipur,Delhi Daredevils,Delhi Capitals,Pune Warriors,Pune Warriors,164,150,14,5,120,20,96,12,8,51,12,0,0,2,37,1,36,22,4,1,24,64,3,54,28,4,2,19,63,1,30,46,4,5,8
598035,2013,2013-04-28,2,Shaheed Veer Narayan Singh International Stadium,Shaheed Veer Narayan Singh International Stadium,Raipur,Raipur,Pune Warriors,Pune Warriors,Delhi Daredevils,Delhi Capitals,149,143,6,4,120,20,78,18,1,48,3,0,0,3,43,0,36,20,5,0,16,67,2,54,36,9,0,21,39,2,30,22,4,1,11
598036,2013,2013-04-29,1,Sawai Mansingh Stadium,Sawai Mansingh Stadium,Jaipur,Jaipur,Royal Challengers Bangalore,Royal Challengers Bengaluru,Rajasthan Royals,Rajasthan Royals,171,161,10,6,120,20,90,15,5,40,3,2,0,5,55,1,36,34,7,1,14,61,2,54,24,6,0,17,55,3,30,32,2,4,9
598036,2013,2013-04-29,2,Sawai Mansingh Stadium,Sawai Mansingh Stadium,Jaipur,Jaipur,Rajasthan Royals,Rajasthan Royals,Royal Challengers Bangalore,Royal Challengers Bengaluru,173,168,5,6,119,19.83,94,16,5,36,2,0,0,3,45,1,36,32,8,0,19,75,2,54,36,6,2,14,53,3,29,26,2,3,3
598037,2013,2013-04-29,1,Wankhede Stadium,Wankhede Stadium,Mumbai,Mumbai,Mumbai Indians,Mumbai Indians,Kings XI Punjab,Punjab Kings,174,166,8,3,120,20,110,14,9,44,4,1,0,3,36,1,36,18,3,1,19,66,2,54,36,6,2,19,72,0,30,56,5,6,6
598037,2013,2013-04-29,2,Wankhede Stadium,Wankhede Stadium,Mumbai,Mumbai,Kings XI Punjab,Punjab Kings,Mumbai Indians,Mumbai Indians,170,157,13,10,120,20,98,11,9,47,5,1,4,3,55,2,36,38,8,1,14,63,5,54,26,2,3,20,52,3,30,34,1,5,13
598038,2013,2013-04-30,1,Subrata Roy Sahara Stadium,Subrata Roy Sahara Stadium,Pune,Pune,Chennai Super Kings,Chennai Super Kings,Pune Warriors,Pune Warriors,164,160,4,3,120,20,82,13,5,33,2,0,0,2,29,2,36,18,3,1,21,73,0,54,22,4,1,8,62,1,30,42,6,3,4
598038,2013,2013-04-30,2,Subrata Roy Sahara Stadium,Subrata Roy Sahara Stadium,Pune,Pune,Pune Warriors,Pune Warriors,Chennai Super Kings,Chennai Super Kings,127,121,6,9,120,20,60,9,4,55,4,1,0,1,46,4,36,32,5,2,19,47,3,54,18,3,1,26,34,2,30,10,1,1,10
598039,2013,2013-05-01,1,"Rajiv Gandhi International Stadium, Uppal","Rajiv Gandhi International Stadium, Uppal",Hyderabad,Hyderabad,Mumbai Indians,Mumbai Indians,Sunrisers Hyderabad,Sunrisers Hyderabad,129,122,7,4,120,20,60,12,2,52,4,2,0,1,41,2,36,26,5,1,21,48,2,54,14,2,1,22,40,0,30,20,5,0,9
598039,2013,2013-05-01,2,"Rajiv Gandhi International Stadium, Uppal","Rajiv Gandhi International Stadium, Uppal",Hyderabad,Hyderabad,Sunrisers Hyderabad,Sunrisers Hyderabad,Mumbai Indians,Mumbai Indians,130,127,3,3,108,18,66,15,1,42,2,1,0,0,36,1,36,24,6,0,20,70,1,54,34,7,1,15,24,1,18,8,2,0,7
598040,2013,2013-05-01,1,Shaheed Veer Narayan Singh International Stadium,Shaheed Veer Narayan Singh International Stadium,Raipur,Raipur,Kolkata Knight Riders,Kolkata Knight Riders,Delhi Daredevils,Delhi Capitals,136,129,7,7,120,20,80,14,4,60,5,0,0,2,37,3,36,26,5,1,23,46,2,54,22,4,1,28,53,2,30,32,5,2,9
598040,2013,2013-05-01,2,Shaheed Veer Narayan Singh International Stadium,Shaheed Veer Narayan Singh International Stadium,Raipur,Raipur,Delhi Daredevils,Delhi Capitals,Kolkata Knight Riders,Kolkata Knight Riders,137,135,2,3,107,17.83,76,13,4,42,1,0,0,1,34,2,36,20,5,0,19,66,0,54,32,5,2,20,37,1,17,24,3,2,3
598041,2013,2013-05-02,1,"MA Chidambaram Stadium, Chepauk",MA Chidambaram Stadium,Chennai,Chennai,Chennai Super Kings,Chennai Super Kings,Kings XI Punjab,Punjab Kings,186,183,3,4,120,20,104,14,8,32,2,0,0,1,36,1,36,18,3,1,18,80,2,54,40,7,2,11,70,1,30,46,4,5,3
598041,2013,2013-05-02,2,"MA Chidambaram Stadium, Chepauk",MA Chidambaram Stadium,Chennai,Chennai,Kings XI Punjab,Punjab Kings,Chennai Super Kings,Chennai Super Kings,171,168,3,6,120,20,102,18,5,34,0,0,0,3,36,2,36,20,5,0,16,86,1,54,52,7,4,11,49,3,30,30,6,1,7
598042,2013,2013-05-02,1,Subrata Roy Sahara Stadium,Subrata Roy Sahara Stadium,Pune,Pune,Royal Challengers Bangalore,Royal Challengers Bengaluru,Pune Warriors,Pune Warriors,187,175,12,3,120,20,104,17,6,36,11,0,0,1,30,0,36,12,3,0,18,89,2,54,38,5,3,11,68,1,30,54,9,3,7
598042,2013,2013-05-02,2,Subrata Roy Sahara Stadium,Subrata Roy Sahara Stadium,Pune,Pune,Pune Warriors,Pune Warriors,Royal Challengers Bangalore,Royal Challengers Bengaluru,170,164,6,9,120,20,102,9,11,43,4,0,0,2,39,1,36,18,3,1,13,83,3,54,52,4,6,20,48,5,30,32,2,4,10
598043,2013,2013-05-03,1,Eden Gardens,Eden Gardens,Kolkata,Kolkata,Rajasthan Royals,Rajasthan Royals,Kolkata Knight Riders,Kolkata Knight Riders,132,125,7,6,120,20,56,11,2,43,5,1,0,1,34,2,36,16,4,0,18,68,2,54,32,5,2,16,30,2,30,8,2,0,9
598043,2013,2013-05-03,2,Eden Gardens,Eden Gardens,Kolkata,Kolkata,Kolkata Knight Riders,Kolkata Knight Riders,Rajasthan Royals,Rajasthan Royals,133,123,10,2,104,17.33,70,10,5,40,5,0,0,5,48,1,36,26,5,1,17,66,1,54,32,2,4,19,19,0,14,12,3,0,4
598044,2013,2013-05-04,1,"Rajiv Gandhi International Stadium, Uppal","Rajiv Gandhi International Stadium, Uppal",Hyderabad,Hyderabad,Delhi Daredevils,Delhi Capitals,Sunrisers Hyderabad,Sunrisers Hyderabad,80,74,6,10,115,19.17,22,4,1,66,3,1,1,1,26,1,36,14,2,1,25,44,5,54,8,2,0,24,10,4,25,0,0,0,17
598044,2013,2013-05-04,2,"Rajiv Gandhi International Stadium, Uppal","Rajiv Gandhi International Stadium, Uppal",Hyderabad,Hyderabad,Sunrisers Hyderabad,Sunrisers Hyderabad,Delhi Daredevils,Delhi Capitals,81,78,3,4,83,13.83,38,8,1,39,3,0,0,0,41,2,36,24,6,0,16,40,2,47,14,2,1,23,0,0,0,0,0,0,0
598046,2013,2013-05-05,1,Wankhede Stadium,Wankhede Stadium,Mumbai,Mumbai,Mumbai Indians,Mumbai Indians,Chennai Super Kings,Chennai Super Kings,139,135,4,5,120,20,80,11,6,57,4,0,0,0,32,0,36,18,3,1,24,50,4,54,24,3,2,25,57,1,30,38,5,3,8
598046,2013,2013-05-05,2,Wankhede Stadium,Wankhede Stadium,Mumbai,Mumbai,Chennai Super Kings,Chennai Super Kings,Mumbai Indians,Mumbai Indians,79,70,9,10,92,15.33,30,6,1,51,8,0,0,1,32,4,36,18,3,1,21,46,5,54,12,3,0,29,1,1,2,0,0,0,1
598047,2013,2013-05-05,1,Sawai Mansingh Stadium,Sawai Mansingh Stadium,Jaipur,Jaipur,Pune Warriors,Pune Warriors,Rajasthan Royals,Rajasthan Royals,178,167,11,4,120,20,110,20,5,50,11,0,0,0,61,0,36,40,10,0,13,64,2,54,36,6,2,28,53,2,30,34,4,3,9
598047,2013,2013-05-05,2,Sawai Mansingh Stadium,Sawai Mansingh Stadium,Jaipur,Jaipur,Rajasthan Royals,Rajasthan Royals,Pune Warriors,Pune Warriors,182,179,3,5,119,19.83,110,20,5,36,3,0,0,0,53,0,36,42,9,1,17,75,2,54,36,6,2,13,54,3,29,32,5,2,6
598064,2013,2013-05-06,1,"Punjab Cricket Association Stadium, Mohali","Punjab Cricket Association IS Bindra Stadium, Mohali",Chandigarh,Chandigarh,Royal Challengers Bangalore,Royal Challengers Bengaluru,Kings XI Punjab,Punjab Kings,190,180,10,3,120,20,120,21,6,41,4,1,0,5,58,0,36,44,8,2,15,75,1,54,34,7,1,18,57,2,30,42,6,3,8
598064,2013,2013-05-06,2,"Punjab Cricket Association Stadium, Mohali","Punjab Cricket Association IS Bindra Stadium, Mohali",Chandigarh,Chandigarh,Kings XI Punjab,Punjab Kings,Royal Challengers Bangalore,Royal Challengers Bengaluru,194,183,11,4,108,18,120,18,8,31,4,1,4,2,41,2,36,28,7,0,18,97,2,54,52,7,4,12,56,0,18,40,4,4,1
598049,2013,2013-05-07,1,Sawai Mansingh Stadium,Sawai Mansingh Stadium,Jaipur,Jaipur,Delhi Daredevils,Delhi Capitals,Rajasthan Royals,Rajasthan Royals,154,147,7,4,120,20,88,19,2,49,5,0,0,2,42,2,36,28,7,0,20,59,2,54,30,6,1,22,53,0,30,30,6,1,7
598049,2013,2013-05-07,2,Sawai Mansingh Stadium,Sawai Mansingh Stadium,Jaipur,Jaipur,Rajasthan Royals,Rajasthan Royals,Delhi Daredevils,Delhi Capitals,155,144,11,1,107,17.83,72,15,2,29,9,0,1,1,49,0,36,28,7,0,18,77,1,54,28,7,0,9,29,0,17,16,1,2,2
598050,2013,2013-05-07,1,Wankhede Stadium,Wankhede Stadium,Mumbai,Mumbai,Mumbai Indians,Mumbai Indians,Kolkata Knight Riders,Kolkata Knight Riders,170,159,11,6,120,20,104,20,4,47,10,0,0,1,41,0,36,28,7,0,20,65,2,54,32,8,0,18,64,4,30,44,5,4,9
598050,2013,2013-05-07,2,Wankhede Stadium,Wankhede Stadium,Mumbai,Mumbai,Kolkata Knight Riders,Kolkata Knight Riders,Mumbai Indians,Mumbai Indians,105,96,9,10,110,18.33,56,8,4,55,0,0,0,9,38,1,36,26,5,1,19,54,6,54,30,3,3,27,13,3,20,0,0,0,9
598051,2013,2013-05-08,1,"Rajiv Gandhi International Stadium, Uppal","Rajiv Gandhi International Stadium, Uppal",Hyderabad,Hyderabad,Chennai Super Kings,Chennai Super Kings,Sunrisers Hyderabad,Sunrisers Hyderabad,223,213,10,3,120,20,144,21,10,33,5,3,0,2,50,1,36,38,5,3,19,86,0,54,44,5,4,10,87,2,30,62,11,3,4
598051,2013,2013-05-08,2,"Rajiv Gandhi International Stadium, Uppal","Rajiv Gandhi International Stadium, Uppal",Hyderabad,Hyderabad,Sunrisers Hyderabad,Sunrisers Hyderabad,Chennai Super Kings,Chennai Super Kings,146,142,4,8,120,20,80,11,6,48,4,0,0,0,49,2,36,30,6,1,16,60,4,54,30,3,3,20,37,2,30,20,2,2,12
598052,2013,2013-05-09,1,"Punjab Cricket Association Stadium, Mohali","Punjab Cricket Association IS Bindra Stadium, Mohali",Chandigarh,Chandigarh,Kings XI Punjab,Punjab Kings,Rajasthan Royals,Rajasthan Royals,145,136,9,6,120,20,60,12,2,40,3,0,0,6,37,1,36,24,6,0,18,70,2,54,26,5,1,15,38,3,30,10,1,1,7
598052,2013,2013-05-09,2,"Punjab Cricket Association Stadium, Mohali","Punjab Cricket Association IS Bindra Stadium, Mohali",Chandigarh,Chandigarh,Rajasthan Royals,Rajasthan Royals,Kings XI Punjab,Punjab Kings,147,141,6,2,114,19,78,12,5,39,5,0,0,1,38,1,36,24,6,0,16,67,1,54,30,3,3,17,42,0,24,24,3,2,6
598053,2013,2013-05-09,1,Subrata Roy Sahara Stadium,Subrata Roy Sahara Stadium,Pune,Pune,Kolkata Knight Riders,Kolkata Knight Riders,Pune Warriors,Pune Warriors,152,141,11,6,120,20,72,15,2,43,4,0,4,3,50,1,36,32,8,0,14,46,3,54,4,1,0,23,56,2,30,36,6,2,6
598053,2013,2013-05-09,2,Subrata Roy Sahara Stadium,Subrata Roy Sahara Stadium,Pune,Pune,Pune Warriors,Pune Warriors,Kolkata Knight Riders,Kolkata Knight Riders,106,102,4,10,117,19.5,40,4,4,50,3,1,0,0,34,2,36,16,4,0,18,46,3,54,12,0,2,21,26,5,27,12,0,2,11
598054,2013,2013-05-10,1,Feroz Shah Kotla,Feroz Shah Kotla,Delhi,Delhi,Royal Challengers Bangalore,Royal Challengers Bengaluru,Delhi Daredevils,Delhi Capitals,183,178,5,4,120,20,112,19,6,38,4,1,0,0,40,2,36,28,7,0,21,59,1,54,20,5,0,16,84,1,30,64,7,6,1
598054,2013,2013-05-10,2,Feroz Shah Kotla,Feroz Shah Kotla,Delhi,Delhi,Delhi Daredevils,Delhi Capitals,Royal Challengers Bangalore,Royal Challengers Bengaluru,179,168,11,7,120,20,110,23,3,42,4,1,0,6,49,2,36,40,10,0,19,74,2,54,34,7,1,16,56,3,30,36,6,2,7
598055,2013,2013-05-11,1,Subrata Roy Sahara Stadium,Subrata Roy Sahara Stadium,Pune,Pune,Pune Warriors,Pune Warriors,Mumbai Indians,Mumbai Indians,112,108,4,8,120,20,38,5,3,48,0,1,1,2,36,2,36,20,5,0,19,52,3,54,18,0,3,20,24,3,30,0,0,0,9
598055,2013,2013-05-11,2,Subrata Roy Sahara Stadium,Subrata Roy Sahara Stadium,Pune,Pune,Mumbai Indians,Mumbai Indians,Pune Warriors,Pune Warriors,116,112,4,5,113,18.83,62,11,3,52,4,0,0,0,37,2,36,22,4,1,21,46,1,54,14,2,1,21,33,2,23,26,5,1,10
598056,2013,2013-05-11,1,"Punjab Cricket Association Stadium, Mohali","Punjab Cricket Association IS Bindra Stadium, Mohali",Chandigarh,Chandigarh,Sunrisers Hyderabad,Sunrisers Hyderabad,Kings XI Punjab,Punjab Kings,150,146,4,7,120,20,86,14,5,48,1,0,2,1,37,2,36,26,5,1,21,61,4,54,30,6,1,21,52,1,30,30,3,3,6
598056,2013,2013-05-11,2,"Punjab Cricket Association Stadium, Mohali","Punjab Cricket Association IS Bindra Stadium, Mohali",Chandigarh,Chandigarh,Kings XI Punjab,Punjab Kings,Sunrisers Hyderabad,Sunrisers Hyderabad,120,112,8,9,120,20,58,10,3,60,2,0,5,1,41,1,36,28,7,0,18,52,3,54,24,3,2,31,27,5,30,6,0,1,11
598057,2013,2013-05-12,1,JSCA International Stadium Complex,JSCA International Stadium Complex,Ranchi,Ranchi,Royal Challengers Bangalore,Royal Challengers Bengaluru,Kolkata Knight Riders,Kolkata Knight Riders,115,112,3,9,120,20,32,5,2,44,1,0,1,1,22,1,36,8,2,0,21,62,2,54,14,2,1,10,31,6,30,10,1,1,13
598057,2013,2013-05-12,2,JSCA International Stadium Complex,JSCA International Stadium Complex,Ranchi,Ranchi,Kolkata Knight Riders,Kolkata Knight Riders,Royal Challengers Bangalore,Royal Challengers Bengaluru,116,111,5,5,116,19.33,58,13,1,58,4,0,0,1,31,2,36,16,4,0,22,54,1,54,22,4,1,24,31,2,26,20,5,0,12
598058,2013,2013-05-12,1,Sawai Mansingh Stadium,Sawai Mansingh Stadium,Jaipur,Jaipur,Chennai Super Kings,Chennai Super Kings,Rajasthan Royals,Rajasthan Royals,141,133,8,4,120,20,64,16,0,49,3,0,0,5,37,0,36,20,5,0,20,63,3,54,24,6,0,19,41,1,30,20,5,0,10
598058,2013,2013-05-12,2,Sawai Mansingh Stadium,Sawai Mansingh Stadium,Jaipur,Jaipur,Rajasthan Royals,Rajasthan Royals,Chennai Super Kings,Chennai Super Kings,144,143,1,5,103,17.17,98,11,9,47,1,0,0,0,24,3,36,12,3,0,25,106,1,54,76,7,8,15,14,1,13,10,1,1,7
598060,2013,2013-05-13,1,Wankhede Stadium,Wankhede Stadium,Mumbai,Mumbai,Sunrisers Hyderabad,Sunrisers Hyderabad,Mumbai Indians,Mumbai Indians,178,171,7,3,120,20,102,18,5,35,6,0,1,0,52,1,36,34,7,1,17,79,1,54,42,9,1,11,47,1,30,26,2,3,7
598060,2013,2013-05-13,2,Wankhede Stadium,Wankhede Stadium,Mumbai,Mumbai,Mumbai Indians,Mumbai Indians,Sunrisers Hyderabad,Sunrisers Hyderabad,184,177,7,4,117,19.5,118,13,11,39,5,1,0,1,39,1,36,24,6,0,18,74,3,54,36,6,2,13,71,0,27,58,1,9,8
598045,2013,2013-05-14,1,M Chinnaswamy Stadium,M Chinnaswamy Stadium,Bangalore,Bengaluru,Royal Challengers Bangalore,Royal Challengers Bengaluru,Kings XI Punjab,Punjab Kings,174,167,7,5,120,20,114,15,9,49,3,3,0,1,31,1,36,20,5,0,20,80,0,54,50,5,5,19,63,4,30,44,5,4,10
598045,2013,2013-05-14,2,M Chinnaswamy Stadium,M Chinnaswamy Stadium,Bangalore,Bengaluru,Kings XI Punjab,Punjab Kings,Royal Challengers Bangalore,Royal Challengers Bengaluru,176,168,8,3,109,18.17,114,21,5,32,4,0,0,4,46,1,36,28,7,0,17,94,0,54,60,12,2,10,36,2,19,26,2,3,5
598062,2013,2013-05-14,1,"MA Chidambaram Stadium, Chepauk",MA Chidambaram Stadium,Chennai,Chennai,Chennai Super Kings,Chennai Super Kings,Delhi Daredevils,Delhi Capitals,168,158,10,4,120,20,74,11,5,37,8,0,0,2,47,0,36,26,5,1,15,62,3,54,18,3,1,19,59,1,30,30,3,3,3
598062,2013,2013-05-14,2,"MA Chidambaram Stadium, Chepauk",MA Chidambaram Stadium,Chennai,Chennai,Delhi Daredevils,Delhi Capitals,Chennai Super Kings,Chennai Super Kings,135,126,9,9,120,20,56,8,4,49,5,0,0,4,49,2,36,40,7,2,20,54,4,54,10,1,1,19,32,3,30,6,0,1,10
598061,2013,2013-05-15,1,JSCA International Stadium Complex,JSCA International Stadium Complex,Ranchi,Ranchi,Pune Warriors,Pune Warriors,Kolkata Knight Riders,Kolkata Knight Riders,170,169,1,4,120,20,98,11,9,40,1,0,0,0,42,1,36,24,3,2,16,70,1,54,36,3,4,18,58,2,30,38,5,3,6
598061,2013,2013-05-15,2,JSCA International Stadium Complex,JSCA International Stadium Complex,Ranchi,Ranchi,Kolkata Knight Riders,Kolkata Knight Riders,Pune Warriors,Pune Warriors,163,148,15,7,120,20,84,15,4,43,11,0,0,4,33,3,36,4,1,0,21,89,0,54,54,9,3,10,41,4,30,26,5,1,12
598063,2013,2013-05-15,1,Wankhede Stadium,Wankhede Stadium,Mumbai,Mumbai,Mumbai Indians,Mumbai Indians,Rajasthan Royals,Rajasthan Royals,166,159,7,8,120,20,96,15,6,43,4,0,0,3,49,1,36,36,3,4,19,83,2,54,46,10,1,12,34,5,30,14,2,1,12
598063,2013,2013-05-15,2,Wankhede Stadium,Wankhede Stadium,Mumbai,Mumbai,Rajasthan Royals,Rajasthan Royals,Mumbai Indians,Mumbai Indians,152,136,16,7,120,20,84,15,4,54,8,0,4,4,29,4,36,16,4,0,22,77,2,54,38,5,3,21,46,1,30,30,6,1,11
598028,2013,2013-05-16,1,Himachal Pradesh Cricket Association Stadium,Himachal Pradesh Cricket Association Stadium,Dharamsala,Dharamsala,Kings XI Punjab,Punjab Kings,Delhi Daredevils,Delhi Capitals,171,162,9,4,120,20,114,18,7,46,3,0,0,6,53,0,36,40,7,2,16,50,2,54,20,5,0,23,68,2,30,54,6,5,7
598028,2013,2013-05-16,2,Himachal Pradesh Cricket Association Stadium,Himachal Pradesh Cricket Association Stadium,Dharamsala,Dharamsala,Delhi Daredevils,Delhi Capitals,Kings XI Punjab,Punjab Kings,164,151,13,7,120,20,102,15,7,51,0,3,4,6,21,3,36,10,1,1,25,79,1,54,42,9,1,20,64,3,30,50,5,5,6
598065,2013,2013-05-17,1,"Rajiv Gandhi International Stadium, Uppal","Rajiv Gandhi International Stadium, Uppal",Hyderabad,Hyderabad,Sunrisers Hyderabad,Sunrisers Hyderabad,Rajasthan Royals,Rajasthan Royals,136,121,15,9,120,20,40,7,2,39,5,0,1,9,21,3,36,4,1,0,21,69,1,54,22,4,1,14,46,5,30,14,2,1,4
598065,2013,2013-05-17,2,"Rajiv Gandhi International Stadium, Uppal","Rajiv Gandhi International Stadium, Uppal",Hyderabad,Hyderabad,Rajasthan Royals,Rajasthan Royals,Sunrisers Hyderabad,Sunrisers Hyderabad,113,107,6,9,120,20,52,7,4,58,2,0,0,4,33,0,36,20,2,2,20,40,5,54,8,2,0,25,40,4,30,24,3,2,13
598066,2013,2013-05-18,1,Himachal Pradesh Cricket Association Stadium,Himachal Pradesh Cricket Association Stadium,Dharamsala,Dharamsala,Kings XI Punjab,Punjab Kings,Mumbai Indians,Mumbai Indians,183,176,7,8,120,20,126,24,5,43,4,0,0,3,35,2,36,28,7,0,23,96,0,54,62,11,3,10,52,6,30,36,6,2,10
598066,2013,2013-05-18,2,Himachal Pradesh Cricket Association Stadium,Himachal Pradesh Cricket Association Stadium,Dharamsala,Dharamsala,Mumbai Indians,Mumbai Indians,Kings XI Punjab,Punjab Kings,133,124,9,9,115,19.17,70,10,5,50,2,1,0,6,51,2,36,36,6,2,16,56,3,54,28,4,2,25,26,4,25,6,0,1,9
598068,2013,2013-05-18,1,M Chinnaswamy Stadium,M Chinnaswamy Stadium,Bangalore,Bengaluru,Royal Challengers Bangalore,Royal Challengers Bengaluru,Chennai Super Kings,Chennai Super Kings,106,101,5,2,48,8,88,10,8,15,2,0,0,3,76,1,36,60,6,6,10,30,1,12,28,4,2,5,0,0,0,0,0,0,0
598068,2013,2013-05-18,2,M Chinnaswamy Stadium,M Chinnaswamy Stadium,Bangalore,Bengaluru,Chennai Super Kings,Chennai Super Kings,Royal Challengers Bangalore,Royal Challengers Bengaluru,82,80,2,6,48,8,54,6,5,15,2,0,0,0,56,3,36,34,4,3,11,26,3,12,20,2,2,4,0,0,0,0,0,0,0
598067,2013,2013-05-19,1,Subrata Roy Sahara Stadium,Subrata Roy Sahara Stadium,Pune,Pune,Pune Warriors,Pune Warriors,Delhi Daredevils,Delhi Capitals,172,167,5,5,120,20,104,14,8,41,2,1,0,2,40,1,36,22,4,1,17,67,3,54,36,3,4,21,65,1,30,46,7,3,3
598067,2013,2013-05-19,2,Subrata Roy Sahara Stadium,Subrata Roy Sahara Stadium,Pune,Pune,Delhi Daredevils,Delhi Capitals,Pune Warriors,Pune Warriors,134,118,16,9,120,20,60,12,2,52,10,1,0,5,47,2,36,26,5,1,20,57,3,54,22,4,1,20,30,4,30,12,3,0,12
598069,2013,2013-05-19,1,"Rajiv Gandhi International Stadium, Uppal","Rajiv Gandhi International Stadium, Uppal",Hyderabad,Hyderabad,Kolkata Knight Riders,Kolkata Knight Riders,Sunrisers Hyderabad,Sunrisers Hyderabad,130,116,14,7,120,20,54,9,3,52,7,0,0,7,33,1,36,12,3,0,21,56,2,54,24,6,0,21,41,4,30,18,0,3,10
598069,2013,2013-05-19,2,"Rajiv Gandhi International Stadium, Uppal","Rajiv Gandhi International Stadium, Uppal",Hyderabad,Hyderabad,Sunrisers Hyderabad,Sunrisers Hyderabad,Kolkata Knight Riders,Kolkata Knight Riders,132,123,9,5,113,18.83,68,11,4,46,8,0,0,1,45,0,36,30,6,1,16,61,3,54,22,4,1,19,26,2,23,16,1,2,11
598070,2013,2013-05-21,1,Feroz Shah Kotla,Feroz Shah Kotla,Delhi,Delhi,Chennai Super Kings,Chennai Super Kings,Mumbai Indians,Mumbai Indians,192,191,1,1,120,20,110,17,7,24,0,0,0,1,47,0,36,28,7,0,14,78,1,54,36,3,4,9,67,0,30,46,7,3,1
598070,2013,2013-05-21,2,Feroz Shah Kotla,Feroz Shah Kotla,Delhi,Delhi,Mumbai Indians,Mumbai Indians,Chennai Super Kings,Chennai Super Kings,144,139,5,10,112,18.67,82,10,7,43,1,1,0,3,56,1,36,40,7,2,15,71,4,54,38,2,5,17,17,5,22,4,1,0,11
598071,2013,2013-05-22,1,Feroz Shah Kotla,Feroz Shah Kotla,Delhi,Delhi,Sunrisers Hyderabad,Sunrisers Hyderabad,Rajasthan Royals,Rajasthan Royals,132,126,6,7,120,20,68,11,4,53,4,0,0,2,27,2,36,16,4,0,23,50,1,54,18,3,1,22,55,4,30,34,4,3,8
598071,2013,2013-05-22,2,Feroz Shah Kotla,Feroz Shah Kotla,Delhi,Delhi,Rajasthan Royals,Rajasthan Royals,Sunrisers Hyderabad,Sunrisers Hyderabad,135,131,4,6,116,19.33,84,12,6,57,4,0,0,0,44,1,36,34,7,1,19,55,4,54,30,3,3,26,36,1,26,20,2,2,12
598072,2013,2013-05-24,1,Eden Gardens,Eden Gardens,Kolkata,Kolkata,Rajasthan Royals,Rajasthan Royals,Mumbai Indians,Mumbai Indians,165,151,14,6,120,20,94,22,1,45,8,2,0,4,42,0,36,32,8,0,20,62,4,54,30,6,1,20,61,2,30,32,8,0,5
598072,2013,2013-05-24,2,Eden Gardens,Eden Gardens,Kolkata,Kolkata,Mumbai Indians,Mumbai Indians,Rajasthan Royals,Rajasthan Royals,169,159,10,6,119,19.83,96,15,6,42,4,0,0,6,45,0,36,30,6,1,16,81,2,54,42,6,3,17,43,4,29,24,3,2,9
598073,2013,2013-05-26,1,Eden Gardens,Eden Gardens,Kolkata,Kolkata,Mumbai Indians,Mumbai Indians,Chennai Super Kings,Chennai Super Kings,148,143,5,9,120,20,90,18,3,49,3,0,0,2,34,3,36,24,6,0,21,66,1,54,30,6,1,16,48,5,30,36,6,2,12
598073,2013,2013-05-26,2,Eden Gardens,Eden Gardens,Kolkata,Kolkata,Chennai Super Kings,Chennai Super Kings,Mumbai Indians,Mumbai Indians,125,116,9,9,120,20,68,8,6,62,7,0,0,2,35,4,36,20,5,0,19,48,4,54,22,1,3,29,42,1,30,26,2,3,14
729279,2014,2014-04-16,1,Sheikh Zayed Stadium,Sheikh Zayed Stadium,Abu Dhabi,Abu Dhabi,Kolkata Knight Riders,Kolkata Knight Riders,Mumbai Indians,Mumbai Indians,163,155,8,5,120,20,86,14,5,42,4,0,0,4,31,1,36,10,1,1,19,79,0,54,40,7,2,13,53,4,30,36,6,2,10
729279,2014,2014-04-16,2,Sheikh Zayed Stadium,Sheikh Zayed Stadium,Abu Dhabi,Abu Dhabi,Mumbai Indians,Mumbai Indians,Kolkata Knight Riders,Kolkata Knight Riders,122,117,5,7,120,20,40,7,2,52,1,0,4,0,32,1,36,18,3,1,20,63,1,54,8,2,0,14,27,5,30,14,2,1,18
729281,2014,2014-04-17,1,Sharjah Cricket Stadium,Sharjah Cricket Stadium,Unknown,Unknown,Delhi Daredevils,Delhi Capitals,Royal Challengers Bangalore,Royal Challengers Bengaluru,145,135,10,4,120,20,60,9,4,43,9,1,0,0,30,3,36,14,2,1,20,52,1,54,4,1,0,18,63,0,30,42,6,3,5
729281,2014,2014-04-17,2,Sharjah Cricket Stadium,Sharjah Cricket Stadium,Unknown,Unknown,Royal Challengers Bangalore,Royal Challengers Bengaluru,Delhi Daredevils,Delhi Capitals,146,142,4,2,100,16.67,98,11,9,41,3,1,0,0,50,1,36,38,8,1,18,74,1,54,44,2,6,20,22,0,10,16,1,2,3
729283,2014,2014-04-18,1,Sheikh Zayed Stadium,Sheikh Zayed Stadium,Abu Dhabi,Abu Dhabi,Chennai Super Kings,Chennai Super Kings,Kings XI Punjab,Punjab Kings,205,191,14,4,120,20,120,15,10,34,11,1,0,2,70,0,36,46,7,3,13,75,1,54,40,4,4,15,60,3,30,34,4,3,6
729283,2014,2014-04-18,2,Sheikh Zayed Stadium,Sheikh Zayed Stadium,Abu Dhabi,Abu Dhabi,Kings XI Punjab,Punjab Kings,Chennai Super Kings,Chennai Super Kings,206,200,6,4,113,18.83,134,26,5,30,5,0,0,1,64,3,36,48,12,0,13,92,0,54,52,10,2,14,50,1,23,34,4,3,3
729285,2014,2014-04-18,1,Sheikh Zayed Stadium,Sheikh Zayed Stadium,Abu Dhabi,Abu Dhabi,Sunrisers Hyderabad,Sunrisers Hyderabad,Rajasthan Royals,Rajasthan Royals,133,118,15,6,120,20,36,6,2,38,9,0,1,5,41,1,36,12,3,0,14,49,2,54,10,1,1,17,43,3,30,14,2,1,7
729285,2014,2014-04-18,2,Sheikh Zayed Stadium,Sheikh Zayed Stadium,Abu Dhabi,Abu Dhabi,Rajasthan Royals,Rajasthan Royals,Sunrisers Hyderabad,Sunrisers Hyderabad,135,130,5,6,117,19.5,62,14,1,45,2,0,0,3,30,2,36,12,3,0,19,72,1,54,30,6,1,14,33,3,27,20,5,0,12
729287,2014,2014-04-19,1,Dubai International Cricket Stadium,Dubai International Cricket Stadium,Unknown,Unknown,Mumbai Indians,Mumbai Indians,Royal Challengers Bangalore,Royal Challengers Bengaluru,115,103,12,9,120,20,32,8,0,48,7,1,1,3,49,1,36,20,5,0,14,43,3,54,8,2,0,21,23,5,30,4,1,0,13
729287,2014,2014-04-19,2,Dubai International Cricket Stadium,Dubai International Cricket Stadium,Unknown,Unknown,Royal Challengers Bangalore,Royal Challengers Bengaluru,Mumbai Indians,Mumbai Indians,116,114,2,3,105,17.5,54,12,1,42,1,0,0,1,30,3,36,16,4,0,22,62,0,54,22,4,1,16,24,0,15,16,4,0,4
729289,2014,2014-04-19,1,Dubai International Cricket Stadium,Dubai International Cricket Stadium,Unknown,Unknown,Kolkata Knight Riders,Kolkata Knight Riders,Delhi Daredevils,Delhi Capitals,166,152,14,5,120,20,76,16,2,35,12,1,0,1,31,2,36,4,1,0,20,81,1,54,40,7,2,11,54,2,30,32,8,0,4
729289,2014,2014-04-19,2,Dubai International Cricket Stadium,Dubai International Cricket Stadium,Unknown,Unknown,Delhi Daredevils,Delhi Capitals,Kolkata Knight Riders,Kolkata Knight Riders,167,156,11,6,117,19.5,88,13,6,40,5,0,0,6,49,2,36,24,6,0,15,74,2,54,36,6,2,13,44,2,27,28,1,4,12
729291,2014,2014-04-20,1,Sharjah Cricket Stadium,Sharjah Cricket Stadium,Unknown,Unknown,Rajasthan Royals,Rajasthan Royals,Kings XI Punjab,Punjab Kings,191,185,6,5,120,20,128,17,10,46,2,1,2,1,54,1,36,36,6,2,18,89,2,54,60,6,6,19,48,2,30,32,5,2,9
729291,2014,2014-04-20,2,Sharjah Cricket Stadium,Sharjah Cricket Stadium,Unknown,Unknown,Kings XI Punjab,Punjab Kings,Rajasthan Royals,Rajasthan Royals,193,184,9,3,112,18.67,116,11,12,29,4,0,0,5,39,2,36,20,2,2,15,93,1,54,56,8,4,13,61,0,22,40,1,6,1
729293,2014,2014-04-21,1,Sheikh Zayed Stadium,Sheikh Zayed Stadium,Abu Dhabi,Abu Dhabi,Chennai Super Kings,Chennai Super Kings,Delhi Daredevils,Delhi Capitals,177,171,6,7,120,20,86,14,5,33,3,0,0,3,34,1,36,12,3,0,15,77,2,54,34,7,1,13,66,4,30,40,4,4,5
729293,2014,2014-04-21,2,Sheikh Zayed Stadium,Sheikh Zayed Stadium,Abu Dhabi,Abu Dhabi,Delhi Daredevils,Delhi Capitals,Chennai Super Kings,Chennai Super Kings,84,82,2,9,94,15.67,28,7,0,46,2,0,0,0,24,3,36,8,2,0,21,58,5,54,20,5,0,23,2,1,4,0,0,0,2
729295,2014,2014-04-22,1,Sharjah Cricket Stadium,Sharjah Cricket Stadium,Unknown,Unknown,Kings XI Punjab,Punjab Kings,Sunrisers Hyderabad,Sunrisers Hyderabad,193,184,9,6,120,20,134,14,13,46,3,1,0,5,43,0,36,36,6,2,21,109,2,54,78,6,9,14,41,4,30,20,2,2,11
729295,2014,2014-04-22,2,Sharjah Cricket Stadium,Sharjah Cricket Stadium,Unknown,Unknown,Sunrisers Hyderabad,Sunrisers Hyderabad,Kings XI Punjab,Punjab Kings,121,113,8,10,116,19.33,48,6,4,47,3,2,0,3,45,3,36,26,5,1,18,54,4,54,16,1,2,18,22,3,26,6,0,1,11
729297,2014,2014-04-23,1,Dubai International Cricket Stadium,Dubai International Cricket Stadium,Unknown,Unknown,Chennai Super Kings,Chennai Super Kings,Rajasthan Royals,Rajasthan Royals,140,127,13,6,120,20,58,10,3,48,11,0,0,2,51,1,36,36,6,2,16,50,5,54,14,2,1,24,39,0,30,8,2,0,8
729297,2014,2014-04-23,2,Dubai International Cricket Stadium,Dubai International Cricket Stadium,Unknown,Unknown,Rajasthan Royals,Rajasthan Royals,Chennai Super Kings,Chennai Super Kings,133,131,2,10,119,19.83,64,7,6,53,2,0,0,0,38,2,36,24,3,2,22,49,6,54,18,3,1,25,46,2,29,22,1,3,6
729299,2014,2014-04-24,1,Sharjah Cricket Stadium,Sharjah Cricket Stadium,Unknown,Unknown,Kolkata Knight Riders,Kolkata Knight Riders,Royal Challengers Bangalore,Royal Challengers Bengaluru,150,143,7,7,120,20,64,7,6,38,4,0,1,2,42,2,36,24,6,0,16,64,2,54,24,0,4,15,44,3,30,16,1,2,7
729299,2014,2014-04-24,2,Sharjah Cricket Stadium,Sharjah Cricket Stadium,Unknown,Unknown,Royal Challengers Bangalore,Royal Challengers Bengaluru,Kolkata Knight Riders,Kolkata Knight Riders,148,140,8,5,120,20,78,18,1,49,2,1,0,5,49,0,36,36,9,0,17,67,2,54,30,6,1,20,32,3,30,12,3,0,12
729301,2014,2014-04-25,1,Dubai International Cricket Stadium,Dubai International Cricket Stadium,Unknown,Unknown,Sunrisers Hyderabad,Sunrisers Hyderabad,Delhi Daredevils,Delhi Capitals,184,179,5,1,120,20,112,16,8,37,2,0,0,3,55,0,36,38,8,1,14,63,1,54,30,3,3,20,66,0,30,44,5,4,3
729301,2014,2014-04-25,2,Dubai International Cricket Stadium,Dubai International Cricket Stadium,Unknown,Unknown,Delhi Daredevils,Delhi Capitals,Sunrisers Hyderabad,Sunrisers Hyderabad,180,174,6,4,120,20,108,18,6,35,2,1,0,3,44,0,36,22,4,1,13,75,2,54,46,10,1,17,61,2,30,40,4,4,5
729303,2014,2014-04-25,1,Dubai International Cricket Stadium,Dubai International Cricket Stadium,Unknown,Unknown,Mumbai Indians,Mumbai Indians,Chennai Super Kings,Chennai Super Kings,141,140,1,7,120,20,72,12,4,42,0,0,1,0,31,2,36,20,5,0,21,77,0,54,38,5,3,13,33,5,30,14,2,1,8
729303,2014,2014-04-25,2,Dubai International Cricket Stadium,Dubai International Cricket Stadium,Unknown,Unknown,Chennai Super Kings,Chennai Super Kings,Mumbai Indians,Mumbai Indians,142,135,7,3,114,19,78,9,7,46,2,1,0,4,51,0,36,38,5,3,18,56,2,54,26,2,3,24,35,1,24,14,2,1,4
729305,2014,2014-04-26,1,Sheikh Zayed Stadium,Sheikh Zayed Stadium,Abu Dhabi,Abu Dhabi,Royal Challengers Bangalore,Royal Challengers Bengaluru,Rajasthan Royals,Rajasthan Royals,70,66,4,10,90,15,30,6,1,50,1,0,1,2,22,5,36,8,2,0,22,48,5,54,22,4,1,28,0,0,0,0,0,0,0
729305,2014,2014-04-26,2,Sheikh Zayed Stadium,Sheikh Zayed Stadium,Abu Dhabi,Abu Dhabi,Rajasthan Royals,Rajasthan Royals,Royal Challengers Bangalore,Royal Challengers Bengaluru,71,68,3,4,78,13,36,6,2,47,2,0,0,1,36,2,36,16,4,0,19,35,2,42,20,2,2,28,0,0,0,0,0,0,0
729307,2014,2014-04-26,1,Sheikh Zayed Stadium,Sheikh Zayed Stadium,Abu Dhabi,Abu Dhabi,Kings XI Punjab,Punjab Kings,Kolkata Knight Riders,Kolkata Knight Riders,132,127,5,9,120,20,60,12,2,48,1,1,1,2,51,2,36,32,5,2,16,60,4,54,24,6,0,17,21,3,30,4,1,0,15
729307,2014,2014-04-26,2,Sheikh Zayed Stadium,Sheikh Zayed Stadium,Abu Dhabi,Abu Dhabi,Kolkata Knight Riders,Kolkata Knight Riders,Kings XI Punjab,Punjab Kings,109,99,10,10,110,18.33,46,10,1,52,5,0,0,5,24,3,36,16,4,0,27,51,4,54,12,3,0,20,34,3,20,18,3,1,5
729309,2014,2014-04-27,1,Sharjah Cricket Stadium,Sharjah Cricket Stadium,Unknown,Unknown,Mumbai Indians,Mumbai Indians,Delhi Daredevils,Delhi Capitals,125,114,11,7,120,20,58,10,3,53,4,1,0,6,37,2,36,16,4,0,15,32,3,54,4,1,0,28,56,2,30,38,5,3,10
729309,2014,2014-04-27,2,Sharjah Cricket Stadium,Sharjah Cricket Stadium,Unknown,Unknown,Delhi Daredevils,Delhi Capitals,Mumbai Indians,Mumbai Indians,126,117,9,4,113,18.83,52,10,2,45,0,0,0,2,31,0,36,12,3,0,23,72,2,54,32,5,2,13,23,2,23,8,2,0,9
729311,2014,2014-04-27,1,Sharjah Cricket Stadium,Sharjah Cricket Stadium,Unknown,Unknown,Sunrisers Hyderabad,Sunrisers Hyderabad,Chennai Super Kings,Chennai Super Kings,145,129,16,5,120,20,60,9,4,37,3,0,5,8,37,2,36,16,4,0,15,61,2,54,18,3,1,13,47,1,30,26,2,3,9
729311,2014,2014-04-27,2,Sharjah Cricket Stadium,Sharjah Cricket Stadium,Unknown,Unknown,Chennai Super Kings,Chennai Super Kings,Sunrisers Hyderabad,Sunrisers Hyderabad,146,142,4,5,117,19.5,84,9,8,44,0,0,0,4,47,0,36,32,5,2,16,77,2,54,48,3,6,19,22,3,27,4,1,0,9
729313,2014,2014-04-28,1,Dubai International Cricket Stadium,Dubai International Cricket Stadium,Unknown,Unknown,Royal Challengers Bangalore,Royal Challengers Bengaluru,Kings XI Punjab,Punjab Kings,124,114,10,8,120,20,56,8,4,55,0,1,0,9,44,4,36,36,6,2,21,54,3,54,20,2,2,20,26,1,30,0,0,0,14
729313,2014,2014-04-28,2,Dubai International Cricket Stadium,Dubai International Cricket Stadium,Unknown,Unknown,Kings XI Punjab,Punjab Kings,Royal Challengers Bangalore,Royal Challengers Bengaluru,127,115,12,5,113,18.83,52,13,0,47,7,1,0,4,33,2,36,16,4,0,19,68,3,54,28,7,0,22,26,0,23,8,2,0,6
729315,2014,2014-04-29,1,Sheikh Zayed Stadium,Sheikh Zayed Stadium,Abu Dhabi,Abu Dhabi,Rajasthan Royals,Rajasthan Royals,Kolkata Knight Riders,Kolkata Knight Riders,152,147,5,5,120,20,74,17,1,45,5,0,0,0,45,1,36,28,7,0,20,61,1,54,28,7,0,19,46,3,30,18,3,1,6
729315,2014,2014-04-29,2,Sheikh Zayed Stadium,Sheikh Zayed Stadium,Abu Dhabi,Abu Dhabi,Kolkata Knight Riders,Kolkata Knight Riders,Rajasthan Royals,Rajasthan Royals,152,141,11,8,120,20,60,12,2,40,6,2,1,2,33,1,36,12,3,0,18,68,3,54,22,4,1,15,51,4,30,26,5,1,7
729315,2014,2014-04-29,3,Sheikh Zayed Stadium,Sheikh Zayed Stadium,Abu Dhabi,Abu Dhabi,Kolkata Knight Riders,Kolkata Knight Riders,Rajasthan Royals,Rajasthan Royals,11,10,1,2,6,1,6,0,1,0,0,0,0,1,11,2,6,6,0,1,0,0,0,0,0,0,0,0,0,0,0,0,0,0,0
729315,2014,2014-04-29,4,Sheikh Zayed Stadium,Sheikh Zayed Stadium,Abu Dhabi,Abu Dhabi,Rajasthan Royals,Rajasthan Royals,Kolkata Knight Riders,Kolkata Knight Riders,11,11,0,0,6,1,4,1,0,0,0,0,0,0,11,0,6,4,1,0,0,0,0,0,0,0,0,0,0,0,0,0,0,0,0
729317,2014,2014-04-30,1,Dubai International Cricket Stadium,Dubai International Cricket Stadium,Unknown,Unknown,Sunrisers Hyderabad,Sunrisers Hyderabad,Mumbai Indians,Mumbai Indians,172,154,18,5,120,20,74,11,5,33,12,1,0,5,44,2,36,24,6,0,14,73,0,54,20,2,2,13,55,3,30,30,3,3,6
729317,2014,2014-04-30,2,Dubai International Cricket Stadium,Dubai International Cricket Stadium,Unknown,Unknown,Mumbai Indians,Mumbai Indians,Sunrisers Hyderabad,Sunrisers Hyderabad,157,148,9,7,120,20,92,14,6,50,6,0,2,1,32,3,36,20,5,0,22,74,0,54,42,6,3,18,51,4,30,30,3,3,10
733971,2014,2014-05-02,1,JSCA International Stadium Complex,JSCA International Stadium Complex,Ranchi,Ranchi,Chennai Super Kings,Chennai Super Kings,Kolkata Knight Riders,Kolkata Knight Riders,148,142,6,3,102,17,88,13,6,33,0,1,0,5,43,1,36,30,6,1,19,83,2,54,48,6,4,13,22,0,12,10,1,1,1
733971,2014,2014-05-02,2,JSCA International Stadium Complex,JSCA International Stadium Complex,Ranchi,Ranchi,Kolkata Knight Riders,Kolkata Knight Riders,Chennai Super Kings,Chennai Super Kings,114,110,4,9,102,17,62,8,5,47,0,1,0,3,39,4,36,26,5,1,20,52,3,54,18,3,1,23,23,2,12,18,0,3,4
733973,2014,2014-05-03,1,Wankhede Stadium,Wankhede Stadium,Mumbai,Mumbai,Kings XI Punjab,Punjab Kings,Mumbai Indians,Mumbai Indians,168,155,13,5,120,20,100,16,6,45,5,1,1,6,36,2,36,24,6,0,22,90,1,54,60,9,4,15,42,2,30,16,1,2,8
733973,2014,2014-05-03,2,Wankhede Stadium,Wankhede Stadium,Mumbai,Mumbai,Mumbai Indians,Mumbai Indians,Kings XI Punjab,Punjab Kings,170,164,6,5,115,19.17,114,15,9,47,3,0,0,3,49,2,36,38,5,3,20,69,1,54,42,6,3,22,52,2,25,34,4,3,5
733975,2014,2014-05-03,1,Feroz Shah Kotla,Feroz Shah Kotla,Delhi,Delhi,Delhi Daredevils,Delhi Capitals,Rajasthan Royals,Rajasthan Royals,152,148,4,5,120,20,80,14,4,37,1,0,0,3,46,1,36,26,5,1,14,48,2,54,12,3,0,17,58,2,30,42,6,3,6
733975,2014,2014-05-03,2,Feroz Shah Kotla,Feroz Shah Kotla,Delhi,Delhi,Rajasthan Royals,Rajasthan Royals,Delhi Daredevils,Delhi Capitals,156,152,4,3,111,18.5,90,12,7,40,3,0,0,1,38,1,36,22,4,1,17,77,2,54,38,5,3,16,41,0,21,30,3,3,7
733977,2014,2014-05-04,1,M Chinnaswamy Stadium,M Chinnaswamy Stadium,Bangalore,Bengaluru,Sunrisers Hyderabad,Sunrisers Hyderabad,Royal Challengers Bangalore,Royal Challengers Bengaluru,155,145,10,6,120,20,84,12,6,46,6,1,0,3,47,2,36,26,5,1,16,59,1,54,26,5,1,20,49,3,30,32,2,4,10
733977,2014,2014-05-04,2,M Chinnaswamy Stadium,M Chinnaswamy Stadium,Bangalore,Bengaluru,Royal Challengers Bangalore,Royal Challengers Bengaluru,Sunrisers Hyderabad,Sunrisers Hyderabad,158,153,5,6,119,19.83,110,11,11,58,4,0,0,1,36,2,36,28,4,2,25,61,3,54,32,2,4,25,61,1,29,50,5,5,8
733979,2014,2014-05-05,1,"Sardar Patel Stadium, Motera",Narendra Modi Stadium,Ahmedabad,Ahmedabad,Rajasthan Royals,Rajasthan Royals,Kolkata Knight Riders,Kolkata Knight Riders,170,163,7,6,120,20,84,12,6,37,3,1,0,3,50,0,36,30,6,1,15,66,2,54,22,4,1,14,54,4,30,32,2,4,8
733979,2014,2014-05-05,2,"Sardar Patel Stadium, Motera",Narendra Modi Stadium,Ahmedabad,Ahmedabad,Kolkata Knight Riders,Kolkata Knight Riders,Rajasthan Royals,Rajasthan Royals,160,150,10,6,120,20,78,12,5,35,3,2,0,5,50,0,36,32,8,0,15,72,3,54,36,3,4,13,38,3,30,10,1,1,7
733981,2014,2014-05-05,1,Feroz Shah Kotla,Feroz Shah Kotla,Delhi,Delhi,Delhi Daredevils,Delhi Capitals,Chennai Super Kings,Chennai Super Kings,178,167,11,5,120,20,112,16,8,45,5,0,0,6,46,2,36,32,5,2,22,76,3,54,40,4,4,16,56,0,30,40,7,2,7
733981,2014,2014-05-05,2,Feroz Shah Kotla,Feroz Shah Kotla,Delhi,Delhi,Chennai Super Kings,Chennai Super Kings,Delhi Daredevils,Delhi Capitals,181,170,11,2,118,19.67,124,16,10,47,2,0,4,5,49,0,36,38,5,3,20,78,1,54,48,6,4,21,54,1,28,38,5,3,6
733983,2014,2014-05-06,1,Wankhede Stadium,Wankhede Stadium,Mumbai,Mumbai,Mumbai Indians,Mumbai Indians,Royal Challengers Bangalore,Royal Challengers Bengaluru,187,162,25,5,120,20,104,14,8,41,12,1,4,8,50,1,36,28,4,2,16,69,3,54,28,4,2,19,68,1,30,48,6,4,6
733983,2014,2014-05-06,2,Wankhede Stadium,Wankhede Stadium,Mumbai,Mumbai,Royal Challengers Bangalore,Royal Challengers Bengaluru,Mumbai Indians,Mumbai Indians,168,158,10,8,120,20,108,15,8,48,4,0,0,6,64,1,36,50,8,3,16,61,3,54,28,4,2,20,43,4,30,30,3,3,12
733985,2014,2014-05-07,1,Feroz Shah Kotla,Feroz Shah Kotla,Delhi,Delhi,Delhi Daredevils,Delhi Capitals,Kolkata Knight Riders,Kolkata Knight Riders,160,152,8,5,120,20,88,13,6,40,2,0,0,6,29,2,36,16,4,0,20,74,2,54,36,6,2,14,57,1,30,36,3,4,6
733985,2014,2014-05-07,2,Feroz Shah Kotla,Feroz Shah Kotla,Delhi,Delhi,Kolkata Knight Riders,Kolkata Knight Riders,Delhi Daredevils,Delhi Capitals,161,149,12,2,110,18.33,74,14,3,25,1,0,0,11,52,0,36,22,4,1,11,76,1,54,30,6,1,8,33,1,20,22,4,1,6
733987,2014,2014-05-07,1,Barabati Stadium,Barabati Stadium,Cuttack,Cuttack,Kings XI Punjab,Punjab Kings,Chennai Super Kings,Chennai Super Kings,231,221,10,4,120,20,174,24,13,36,5,0,0,5,38,2,36,26,5,1,21,115,0,54,82,10,7,9,78,2,30,66,9,5,6
733987,2014,2014-05-07,2,Barabati Stadium,Barabati Stadium,Cuttack,Cuttack,Chennai Super Kings,Chennai Super Kings,Kings XI Punjab,Punjab Kings,187,183,4,6,120,20,100,19,4,30,3,0,0,1,46,1,36,26,5,1,16,73,3,54,28,7,0,10,68,2,30,46,7,3,4
733989,2014,2014-05-08,1,"Sardar Patel Stadium, Motera",Narendra Modi Stadium,Ahmedabad,Ahmedabad,Sunrisers Hyderabad,Sunrisers Hyderabad,Rajasthan Royals,Rajasthan Royals,134,122,12,9,120,20,60,15,0,43,2,0,5,5,50,1,36,36,9,0,14,52,4,54,12,3,0,15,32,4,30,12,3,0,14
733989,2014,2014-05-08,2,"Sardar Patel Stadium, Motera",Narendra Modi Stadium,Ahmedabad,Ahmedabad,Rajasthan Royals,Rajasthan Royals,Sunrisers Hyderabad,Sunrisers Hyderabad,102,92,10,10,119,19.83,30,6,1,56,5,0,4,1,37,3,36,22,4,1,21,44,2,54,4,1,0,22,21,5,29,4,1,0,13
733991,2014,2014-05-09,1,M Chinnaswamy Stadium,M Chinnaswamy Stadium,Bangalore,Bengaluru,Kings XI Punjab,Punjab Kings,Royal Challengers Bangalore,Royal Challengers Bengaluru,198,183,15,8,120,20,118,19,7,40,11,2,0,2,64,1,36,32,8,0,12,76,3,54,46,7,3,19,58,4,30,40,4,4,9
733991,2014,2014-05-09,2,M Chinnaswamy Stadium,M Chinnaswamy Stadium,Bangalore,Bengaluru,Royal Challengers Bangalore,Royal Challengers Bengaluru,Kings XI Punjab,Punjab Kings,166,160,6,9,120,20,106,13,9,52,4,1,0,1,34,3,36,30,6,1,26,75,3,54,42,3,5,19,57,3,30,34,4,3,7
733993,2014,2014-05-10,1,Feroz Shah Kotla,Feroz Shah Kotla,Delhi,Delhi,Delhi Daredevils,Delhi Capitals,Sunrisers Hyderabad,Sunrisers Hyderabad,143,138,5,7,120,20,70,10,5,43,1,0,0,4,52,1,36,36,6,2,16,69,2,54,30,3,3,14,22,4,30,4,1,0,13
733993,2014,2014-05-10,2,Feroz Shah Kotla,Feroz Shah Kotla,Delhi,Delhi,Sunrisers Hyderabad,Sunrisers Hyderabad,Delhi Daredevils,Delhi Capitals,44,33,11,2,26,4.33,20,2,2,8,4,1,4,2,44,2,26,20,2,2,8,0,0,0,0,0,0,0,0,0,0,0,0,0,0
733995,2014,2014-05-10,1,Wankhede Stadium,Wankhede Stadium,Mumbai,Mumbai,Mumbai Indians,Mumbai Indians,Chennai Super Kings,Chennai Super Kings,157,152,5,6,120,20,88,10,8,48,5,0,0,0,42,1,36,34,4,3,23,57,1,54,22,4,1,19,58,4,30,32,2,4,6
733995,2014,2014-05-10,2,Wankhede Stadium,Wankhede Stadium,Mumbai,Mumbai,Chennai Super Kings,Chennai Super Kings,Mumbai Indians,Mumbai Indians,160,149,11,6,117,19.5,88,13,6,42,5,0,1,5,38,1,36,22,4,1,18,74,1,54,42,6,3,19,48,4,27,24,3,2,5
733997,2014,2014-05-11,1,Barabati Stadium,Barabati Stadium,Cuttack,Cuttack,Kings XI Punjab,Punjab Kings,Kolkata Knight Riders,Kolkata Knight Riders,149,145,4,8,120,20,80,17,2,42,2,0,1,1,49,2,36,36,9,0,17,67,2,54,30,6,1,14,33,4,30,14,2,1,11
733997,2014,2014-05-11,2,Barabati Stadium,Barabati Stadium,Cuttack,Cuttack,Kolkata Knight Riders,Kolkata Knight Riders,Kings XI Punjab,Punjab Kings,150,145,5,1,108,18,78,18,1,34,3,0,0,2,55,0,36,42,9,1,17,68,1,54,28,7,0,15,27,0,18,8,2,0,2
733999,2014,2014-05-11,1,M Chinnaswamy Stadium,M Chinnaswamy Stadium,Bangalore,Bengaluru,Royal Challengers Bangalore,Royal Challengers Bengaluru,Rajasthan Royals,Rajasthan Royals,190,183,7,5,120,20,132,15,12,46,5,0,0,2,31,1,36,24,6,0,23,75,2,54,42,6,3,16,84,2,30,66,3,9,7
733999,2014,2014-05-11,2,M Chinnaswamy Stadium,M Chinnaswamy Stadium,Bangalore,Bengaluru,Rajasthan Royals,Rajasthan Royals,Royal Challengers Bangalore,Royal Challengers Bengaluru,191,184,7,5,113,18.83,124,19,8,35,5,1,0,1,45,0,36,28,7,0,15,77,5,54,46,7,3,17,69,0,23,50,5,5,3
734001,2014,2014-05-12,1,"Rajiv Gandhi International Stadium, Uppal","Rajiv Gandhi International Stadium, Uppal",Hyderabad,Hyderabad,Sunrisers Hyderabad,Sunrisers Hyderabad,Mumbai Indians,Mumbai Indians,157,151,6,3,120,20,94,16,5,49,5,0,0,1,43,1,36,30,6,1,20,60,1,54,34,7,1,24,54,1,30,30,3,3,5
734001,2014,2014-05-12,2,"Rajiv Gandhi International Stadium, Uppal","Rajiv Gandhi International Stadium, Uppal",Hyderabad,Hyderabad,Mumbai Indians,Mumbai Indians,Sunrisers Hyderabad,Sunrisers Hyderabad,160,157,3,3,112,18.67,96,15,6,41,3,0,0,0,38,1,36,20,2,2,19,87,0,54,56,8,4,15,35,2,22,20,5,0,7
734003,2014,2014-05-13,1,JSCA International Stadium Complex,JSCA International Stadium Complex,Ranchi,Ranchi,Rajasthan Royals,Rajasthan Royals,Chennai Super Kings,Chennai Super Kings,148,136,12,8,120,20,82,10,7,53,8,0,1,3,42,0,36,28,4,2,22,72,4,54,40,4,4,21,34,4,30,14,2,1,10
734003,2014,2014-05-13,2,JSCA International Stadium Complex,JSCA International Stadium Complex,Ranchi,Ranchi,Chennai Super Kings,Chennai Super Kings,Rajasthan Royals,Rajasthan Royals,149,141,8,5,118,19.67,66,9,5,37,5,0,0,3,48,2,36,34,4,3,18,58,2,54,16,4,0,14,43,1,28,16,1,2,5
734005,2014,2014-05-13,1,M Chinnaswamy Stadium,M Chinnaswamy Stadium,Bangalore,Bengaluru,Royal Challengers Bangalore,Royal Challengers Bengaluru,Delhi Daredevils,Delhi Capitals,186,177,9,4,120,20,116,11,12,45,3,2,0,4,34,1,36,24,3,2,22,74,3,54,34,7,1,15,78,0,30,58,1,9,8
734005,2014,2014-05-13,2,M Chinnaswamy Stadium,M Chinnaswamy Stadium,Bangalore,Bengaluru,Delhi Daredevils,Delhi Capitals,Royal Challengers Bangalore,Royal Challengers Bengaluru,170,160,10,7,120,20,92,11,8,37,2,2,4,2,46,2,36,22,4,1,12,73,3,54,38,2,5,16,51,2,30,32,5,2,9
734007,2014,2014-05-14,1,"Rajiv Gandhi International Stadium, Uppal","Rajiv Gandhi International Stadium, Uppal",Hyderabad,Hyderabad,Sunrisers Hyderabad,Sunrisers Hyderabad,Kings XI Punjab,Punjab Kings,205,190,15,5,120,20,128,14,12,41,11,3,0,1,55,0,36,34,7,1,15,72,2,54,36,0,6,21,78,3,30,58,7,5,5
734007,2014,2014-05-14,2,"Rajiv Gandhi International Stadium, Uppal","Rajiv Gandhi International Stadium, Uppal",Hyderabad,Hyderabad,Kings XI Punjab,Punjab Kings,Sunrisers Hyderabad,Sunrisers Hyderabad,211,207,4,4,112,18.67,148,19,12,31,0,1,0,3,86,1,36,70,13,3,8,83,3,54,52,4,6,19,42,0,22,26,2,3,4
734009,2014,2014-05-14,1,Barabati Stadium,Barabati Stadium,Cuttack,Cuttack,Mumbai Indians,Mumbai Indians,Kolkata Knight Riders,Kolkata Knight Riders,141,134,7,5,120,20,68,11,4,51,5,1,0,1,37,2,36,18,3,1,22,62,1,54,30,6,1,21,42,2,30,20,2,2,8
734009,2014,2014-05-14,2,Barabati Stadium,Barabati Stadium,Cuttack,Cuttack,Kolkata Knight Riders,Kolkata Knight Riders,Mumbai Indians,Mumbai Indians,142,137,5,4,112,18.67,74,14,3,40,4,0,0,1,45,0,36,30,6,1,17,55,2,54,16,4,0,18,42,2,22,28,4,2,5
734011,2014,2014-05-15,1,"Sardar Patel Stadium, Motera",Narendra Modi Stadium,Ahmedabad,Ahmedabad,Rajasthan Royals,Rajasthan Royals,Delhi Daredevils,Delhi Capitals,201,186,15,6,120,20,124,13,12,34,4,1,0,10,52,1,36,32,5,2,14,89,1,54,50,5,5,11,60,4,30,42,3,5,9
734011,2014,2014-05-15,2,"Sardar Patel Stadium, Motera",Narendra Modi Stadium,Ahmedabad,Ahmedabad,Delhi Daredevils,Delhi Capitals,Rajasthan Royals,Rajasthan Royals,139,130,9,9,120,20,66,12,3,43,6,0,0,3,34,2,36,16,4,0,16,59,6,54,24,3,2,19,46,1,30,26,5,1,8
734013,2014,2014-05-18,1,JSCA International Stadium Complex,JSCA International Stadium Complex,Ranchi,Ranchi,Chennai Super Kings,Chennai Super Kings,Royal Challengers Bangalore,Royal Challengers Bengaluru,138,132,6,4,120,20,64,10,4,43,3,0,0,3,39,2,36,28,4,2,19,68,1,54,32,5,2,17,31,1,30,4,1,0,7
734013,2014,2014-05-18,2,JSCA International Stadium Complex,JSCA International Stadium Complex,Ranchi,Ranchi,Royal Challengers Bangalore,Royal Challengers Bengaluru,Chennai Super Kings,Chennai Super Kings,142,129,13,5,119,19.83,80,8,8,55,4,0,1,8,17,1,36,8,2,0,25,69,1,54,34,4,3,20,56,3,29,38,2,5,10
734015,2014,2014-05-18,1,"Rajiv Gandhi International Stadium, Uppal","Rajiv Gandhi International Stadium, Uppal",Hyderabad,Hyderabad,Sunrisers Hyderabad,Sunrisers Hyderabad,Kolkata Knight Riders,Kolkata Knight Riders,142,132,10,8,120,20,76,13,4,52,8,0,1,1,41,2,36,24,6,0,19,68,3,54,44,5,4,22,33,3,30,8,2,0,11
734015,2014,2014-05-18,2,"Rajiv Gandhi International Stadium, Uppal","Rajiv Gandhi International Stadium, Uppal",Hyderabad,Hyderabad,Kolkata Knight Riders,Kolkata Knight Riders,Sunrisers Hyderabad,Sunrisers Hyderabad,146,145,1,3,118,19.67,82,13,5,41,0,0,0,1,30,1,36,18,3,1,21,73,1,54,44,8,2,17,43,1,28,20,2,2,3
734017,2014,2014-05-19,1,"Sardar Patel Stadium, Motera",Narendra Modi Stadium,Ahmedabad,Ahmedabad,Mumbai Indians,Mumbai Indians,Rajasthan Royals,Rajasthan Royals,178,172,6,3,120,20,102,12,9,38,2,1,0,3,42,0,36,24,6,0,17,80,2,54,36,3,4,11,56,1,30,42,3,5,10
734017,2014,2014-05-19,2,"Sardar Patel Stadium, Motera",Narendra Modi Stadium,Ahmedabad,Ahmedabad,Rajasthan Royals,Rajasthan Royals,Mumbai Indians,Mumbai Indians,153,145,8,8,120,20,76,7,8,50,7,0,0,1,47,3,36,28,4,2,18,49,4,54,16,1,2,28,57,1,30,32,2,4,4
734019,2014,2014-05-19,1,Feroz Shah Kotla,Feroz Shah Kotla,Delhi,Delhi,Delhi Daredevils,Delhi Capitals,Kings XI Punjab,Punjab Kings,164,159,5,7,120,20,94,16,5,43,4,0,0,1,55,1,36,36,6,2,15,66,1,54,34,7,1,18,43,5,30,24,3,2,10
734019,2014,2014-05-19,2,Feroz Shah Kotla,Feroz Shah Kotla,Delhi,Delhi,Kings XI Punjab,Punjab Kings,Delhi Daredevils,Delhi Capitals,165,150,15,6,118,19.67,88,13,6,47,11,0,0,4,66,0,36,42,6,3,15,61,5,54,24,3,2,22,38,1,28,22,4,1,10
734021,2014,2014-05-20,1,"Rajiv Gandhi International Stadium, Uppal","Rajiv Gandhi International Stadium, Uppal",Hyderabad,Hyderabad,Royal Challengers Bangalore,Royal Challengers Bengaluru,Sunrisers Hyderabad,Sunrisers Hyderabad,160,153,7,6,120,20,88,13,6,43,4,0,1,2,25,2,36,8,2,0,20,80,1,54,46,7,3,16,55,3,30,34,4,3,7
734021,2014,2014-05-20,2,"Rajiv Gandhi International Stadium, Uppal","Rajiv Gandhi International Stadium, Uppal",Hyderabad,Hyderabad,Sunrisers Hyderabad,Sunrisers Hyderabad,Royal Challengers Bangalore,Royal Challengers Bengaluru,161,154,7,3,118,19.67,92,11,8,43,3,0,2,2,51,0,36,38,8,1,17,65,1,54,32,2,4,20,45,2,28,22,1,3,6
734023,2014,2014-05-20,1,Eden Gardens,Eden Gardens,Kolkata,Kolkata,Chennai Super Kings,Chennai Super Kings,Kolkata Knight Riders,Kolkata Knight Riders,154,151,3,4,120,20,86,8,9,44,2,1,0,0,35,1,36,30,3,3,26,71,1,54,30,3,3,10,48,2,30,26,2,3,8
734023,2014,2014-05-20,2,Eden Gardens,Eden Gardens,Kolkata,Kolkata,Kolkata Knight Riders,Kolkata Knight Riders,Chennai Super Kings,Chennai Super Kings,156,152,4,2,108,18,94,19,3,32,1,0,0,3,52,0,36,36,9,0,15,67,2,54,32,5,2,16,37,0,18,26,5,1,1
734025,2014,2014-05-21,1,"Punjab Cricket Association Stadium, Mohali","Punjab Cricket Association IS Bindra Stadium, Mohali",Chandigarh,Chandigarh,Kings XI Punjab,Punjab Kings,Mumbai Indians,Mumbai Indians,156,148,8,8,120,20,90,12,7,54,3,0,0,5,48,1,36,40,4,4,22,59,4,54,18,3,1,23,49,3,30,32,5,2,9
734025,2014,2014-05-21,2,"Punjab Cricket Association Stadium, Mohali","Punjab Cricket Association IS Bindra Stadium, Mohali",Chandigarh,Chandigarh,Mumbai Indians,Mumbai Indians,Kings XI Punjab,Punjab Kings,159,149,10,3,114,19,82,16,3,38,10,0,0,0,62,0,36,40,10,0,13,71,2,54,32,5,2,17,26,1,24,10,1,1,8
734027,2014,2014-05-22,1,Eden Gardens,Eden Gardens,Kolkata,Kolkata,Kolkata Knight Riders,Kolkata Knight Riders,Royal Challengers Bangalore,Royal Challengers Bengaluru,195,188,7,4,120,20,122,20,7,39,4,1,1,1,45,2,36,26,5,1,17,96,1,54,62,8,5,15,54,1,30,34,7,1,7
734027,2014,2014-05-22,2,Eden Gardens,Eden Gardens,Kolkata,Kolkata,Royal Challengers Bangalore,Royal Challengers Bengaluru,Kolkata Knight Riders,Kolkata Knight Riders,165,155,10,5,120,20,80,14,4,37,1,1,0,8,36,1,36,24,6,0,19,70,2,54,28,4,2,12,59,2,30,28,4,2,6
734029,2014,2014-05-22,1,JSCA International Stadium Complex,JSCA International Stadium Complex,Ranchi,Ranchi,Chennai Super Kings,Chennai Super Kings,Sunrisers Hyderabad,Sunrisers Hyderabad,185,177,8,3,120,20,120,15,10,41,1,0,0,7,60,1,36,50,8,3,15,57,2,54,24,3,2,20,68,0,30,46,4,5,6
734029,2014,2014-05-22,2,JSCA International Stadium Complex,JSCA International Stadium Complex,Ranchi,Ranchi,Sunrisers Hyderabad,Sunrisers Hyderabad,Chennai Super Kings,Chennai Super Kings,189,184,5,4,118,19.67,110,17,7,33,3,1,0,1,64,0,36,50,11,1,13,84,1,54,36,3,4,10,41,3,28,24,3,2,10
734031,2014,2014-05-23,1,Wankhede Stadium,Wankhede Stadium,Mumbai,Mumbai,Mumbai Indians,Mumbai Indians,Delhi Daredevils,Delhi Capitals,173,164,9,10,117,19.5,98,20,3,31,3,0,0,6,65,0,36,42,9,1,8,84,4,54,48,9,2,13,24,6,27,8,2,0,10
734031,2014,2014-05-23,2,Wankhede Stadium,Wankhede Stadium,Mumbai,Mumbai,Delhi Daredevils,Delhi Capitals,Mumbai Indians,Mumbai Indians,158,152,6,4,120,20,88,13,6,41,2,1,0,3,47,1,36,30,6,1,15,58,2,54,28,4,2,22,53,1,30,30,3,3,4
734033,2014,2014-05-23,1,"Punjab Cricket Association Stadium, Mohali","Punjab Cricket Association IS Bindra Stadium, Mohali",Chandigarh,Chandigarh,Kings XI Punjab,Punjab Kings,Rajasthan Royals,Rajasthan Royals,179,165,14,4,120,20,100,16,6,38,3,1,3,7,53,1,36,44,8,2,20,67,3,54,34,7,1,17,59,0,30,22,1,3,1
734033,2014,2014-05-23,2,"Punjab Cricket Association Stadium, Mohali","Punjab Cricket Association IS Bindra Stadium, Mohali",Chandigarh,Chandigarh,Rajasthan Royals,Rajasthan Royals,Kings XI Punjab,Punjab Kings,163,156,7,8,120,20,84,9,8,43,3,0,0,4,44,1,36,24,6,0,16,48,4,54,6,0,1,20,71,3,30,54,3,7,7
734035,2014,2014-05-24,1,M Chinnaswamy Stadium,M Chinnaswamy Stadium,Bangalore,Bengaluru,Royal Challengers Bangalore,Royal Challengers Bengaluru,Chennai Super Kings,Chennai Super Kings,154,148,6,6,120,20,76,10,6,43,4,0,0,2,34,3,36,22,4,1,21,67,1,54,26,2,3,17,53,2,30,28,4,2,5
734035,2014,2014-05-24,2,M Chinnaswamy Stadium,M Chinnaswamy Stadium,Bangalore,Bengaluru,Chennai Super Kings,Chennai Super Kings,Royal Challengers Bangalore,Royal Challengers Bengaluru,160,155,5,2,106,17.67,94,13,7,30,1,0,4,0,64,1,36,46,7,3,12,47,1,54,12,3,0,18,49,0,16,36,3,4,0
734037,2014,2014-05-24,1,Eden Gardens,Eden Gardens,Kolkata,Kolkata,Sunrisers Hyderabad,Sunrisers Hyderabad,Kolkata Knight Riders,Kolkata Knight Riders,160,139,21,7,120,20,106,19,5,59,8,0,0,13,49,1,36,32,8,0,23,72,3,54,50,8,3,25,39,3,30,24,3,2,11
734037,2014,2014-05-24,2,Eden Gardens,Eden Gardens,Kolkata,Kolkata,Kolkata Knight Riders,Kolkata Knight Riders,Sunrisers Hyderabad,Sunrisers Hyderabad,161,156,5,6,86,14.33,122,14,11,33,2,2,0,1,49,1,36,34,7,1,20,112,5,50,88,7,10,13,0,0,0,0,0,0,0
734039,2014,2014-05-25,1,"Punjab Cricket Association Stadium, Mohali","Punjab Cricket Association IS Bindra Stadium, Mohali",Chandigarh,Chandigarh,Delhi Daredevils,Delhi Capitals,Kings XI Punjab,Punjab Kings,115,108,7,10,109,18.17,60,15,0,51,6,0,0,1,44,3,36,32,8,0,18,59,3,54,24,6,0,21,12,4,19,4,1,0,12
734039,2014,2014-05-25,2,"Punjab Cricket Association Stadium, Mohali","Punjab Cricket Association IS Bindra Stadium, Mohali",Chandigarh,Chandigarh,Kings XI Punjab,Punjab Kings,Delhi Daredevils,Delhi Capitals,119,104,15,3,83,13.83,64,10,4,35,10,0,0,5,48,2,36,32,5,2,20,71,1,47,32,5,2,15,0,0,0,0,0,0,0
734041,2014,2014-05-25,1,Wankhede Stadium,Wankhede Stadium,Mumbai,Mumbai,Rajasthan Royals,Rajasthan Royals,Mumbai Indians,Mumbai Indians,189,184,5,4,120,20,122,17,9,40,3,0,0,2,35,1,36,26,5,1,22,99,1,54,64,10,4,11,55,2,30,32,2,4,7
734041,2014,2014-05-25,2,Wankhede Stadium,Wankhede Stadium,Mumbai,Mumbai,Mumbai Indians,Mumbai Indians,Rajasthan Royals,Rajasthan Royals,195,188,7,5,88,14.67,148,19,12,22,4,0,0,3,71,3,36,56,5,6,14,124,2,52,92,14,6,8,0,0,0,0,0,0,0
734043,2014,2014-05-27,1,Eden Gardens,Eden Gardens,Kolkata,Kolkata,Kolkata Knight Riders,Kolkata Knight Riders,Kings XI Punjab,Punjab Kings,163,156,7,8,120,20,104,17,6,45,3,0,0,4,55,1,36,36,6,2,10,57,4,54,30,6,1,24,51,3,30,38,5,3,11
734043,2014,2014-05-27,2,Eden Gardens,Eden Gardens,Kolkata,Kolkata,Kings XI Punjab,Punjab Kings,Kolkata Knight Riders,Kolkata Knight Riders,135,130,5,8,120,20,70,4,9,52,2,0,0,3,46,2,36,28,1,4,18,46,4,54,14,2,1,22,43,2,30,28,1,4,12
734045,2014,2014-05-28,1,Brabourne Stadium,Brabourne Stadium,Mumbai,Mumbai,Mumbai Indians,Mumbai Indians,Chennai Super Kings,Chennai Super Kings,173,171,2,8,120,20,110,14,9,41,0,0,0,2,53,0,36,38,8,1,12,74,2,54,42,3,5,21,46,6,30,30,3,3,8
734045,2014,2014-05-28,2,Brabourne Stadium,Brabourne Stadium,Mumbai,Mumbai,Chennai Super Kings,Chennai Super Kings,Mumbai Indians,Mumbai Indians,176,167,9,3,112,18.67,108,15,8,35,5,1,0,3,60,0,36,42,9,1,9,72,3,54,36,3,4,20,44,0,22,30,3,3,6
734047,2014,2014-05-30,1,Wankhede Stadium,Wankhede Stadium,Mumbai,Mumbai,Kings XI Punjab,Punjab Kings,Chennai Super Kings,Chennai Super Kings,226,215,11,6,120,20,154,19,13,33,8,1,1,1,70,0,36,50,8,3,12,97,2,54,60,6,6,14,59,4,30,44,5,4,7
734047,2014,2014-05-30,2,Wankhede Stadium,Wankhede Stadium,Mumbai,Mumbai,Chennai Super Kings,Chennai Super Kings,Kings XI Punjab,Punjab Kings,202,186,16,7,120,20,128,17,10,37,6,2,4,4,100,2,36,84,12,6,8,55,4,54,14,2,1,15,47,1,30,30,3,3,14
734049,2014,2014-06-01,1,M Chinnaswamy Stadium,M Chinnaswamy Stadium,Bangalore,Bengaluru,Kings XI Punjab,Punjab Kings,Kolkata Knight Riders,Kolkata Knight Riders,199,191,8,4,120,20,128,17,10,40,3,1,0,4,32,2,36,12,3,0,20,99,0,54,66,6,7,13,68,2,30,50,8,3,7
734049,2014,2014-06-01,2,M Chinnaswamy Stadium,M Chinnaswamy Stadium,Bangalore,Bengaluru,Kolkata Knight Riders,Kolkata Knight Riders,Kings XI Punjab,Punjab Kings,200,194,6,7,117,19.5,126,15,11,36,6,0,0,0,59,1,36,28,7,0,8,92,2,54,64,4,8,20,49,4,27,34,4,3,8
829705,2015,2015-04-08,1,Eden Gardens,Eden Gardens,Kolkata,Kolkata,Mumbai Indians,Mumbai Indians,Kolkata Knight Riders,Kolkata Knight Riders,168,165,3,3,120,20,114,18,7,47,2,0,0,1,37,3,36,26,5,1,20,64,0,54,38,8,1,21,67,0,30,50,5,5,6
829705,2015,2015-04-08,2,Eden Gardens,Eden Gardens,Kolkata,Kolkata,Kolkata Knight Riders,Kolkata Knight Riders,Mumbai Indians,Mumbai Indians,170,166,4,3,111,18.5,110,11,11,38,2,0,0,2,38,1,36,24,3,2,19,91,2,54,54,6,5,11,41,0,21,32,2,4,8
829707,2015,2015-04-09,1,"MA Chidambaram Stadium, Chepauk",MA Chidambaram Stadium,Chennai,Chennai,Chennai Super Kings,Chennai Super Kings,Delhi Daredevils,Delhi Capitals,150,136,14,7,120,20,70,13,3,48,2,1,1,10,59,2,36,32,8,0,13,57,2,54,22,4,1,22,34,3,30,16,1,2,13
829707,2015,2015-04-09,2,"MA Chidambaram Stadium, Chepauk",MA Chidambaram Stadium,Chennai,Chennai,Delhi Daredevils,Delhi Capitals,Chennai Super Kings,Chennai Super Kings,149,144,5,9,120,20,72,15,2,43,5,0,0,0,40,3,36,26,5,1,18,62,2,54,24,6,0,17,47,4,30,22,4,1,8
829709,2015,2015-04-10,1,Maharashtra Cricket Association Stadium,Maharashtra Cricket Association Stadium,Pune,Pune,Rajasthan Royals,Rajasthan Royals,Kings XI Punjab,Punjab Kings,162,141,21,7,120,20,82,10,7,49,12,0,0,9,35,3,36,18,3,1,20,75,2,54,32,5,2,22,52,2,30,32,2,4,7
829709,2015,2015-04-10,2,Maharashtra Cricket Association Stadium,Maharashtra Cricket Association Stadium,Pune,Pune,Kings XI Punjab,Punjab Kings,Rajasthan Royals,Rajasthan Royals,136,127,9,8,120,20,74,14,3,59,7,0,0,2,51,3,36,30,6,1,18,53,2,54,30,6,1,28,32,3,30,14,2,1,13
829711,2015,2015-04-11,1,"MA Chidambaram Stadium, Chepauk",MA Chidambaram Stadium,Chennai,Chennai,Chennai Super Kings,Chennai Super Kings,Sunrisers Hyderabad,Sunrisers Hyderabad,209,194,15,4,120,20,148,16,14,46,4,4,0,7,49,0,36,32,5,2,21,94,2,54,66,6,7,19,66,2,30,50,5,5,6
829711,2015,2015-04-11,2,"MA Chidambaram Stadium, Chepauk",MA Chidambaram Stadium,Chennai,Chennai,Sunrisers Hyderabad,Sunrisers Hyderabad,Chennai Super Kings,Chennai Super Kings,164,153,11,6,120,20,74,8,7,34,4,0,0,7,46,2,36,30,6,1,14,69,2,54,22,1,3,16,49,2,30,22,1,3,4
829713,2015,2015-04-11,1,Eden Gardens,Eden Gardens,Kolkata,Kolkata,Kolkata Knight Riders,Kolkata Knight Riders,Royal Challengers Bangalore,Royal Challengers Bengaluru,177,171,6,6,120,20,110,23,3,37,3,0,1,2,53,0,36,34,7,1,11,69,2,54,36,9,0,17,55,4,30,40,7,2,9
829713,2015,2015-04-11,2,Eden Gardens,Eden Gardens,Kolkata,Kolkata,Royal Challengers Bangalore,Royal Challengers Bengaluru,Kolkata Knight Riders,Kolkata Knight Riders,179,171,8,7,114,19,120,12,12,40,1,0,0,7,41,1,36,24,3,2,19,78,4,54,50,5,5,17,60,2,24,46,4,5,4
829715,2015,2015-04-12,1,Feroz Shah Kotla,Feroz Shah Kotla,Delhi,Delhi,Delhi Daredevils,Delhi Capitals,Rajasthan Royals,Rajasthan Royals,184,175,9,3,120,20,108,12,10,37,7,0,0,2,51,1,36,34,7,1,13,68,1,54,32,2,4,21,65,1,30,42,3,5,3
829715,2015,2015-04-12,2,Feroz Shah Kotla,Feroz Shah Kotla,Delhi,Delhi,Rajasthan Royals,Rajasthan Royals,Delhi Daredevils,Delhi Capitals,186,180,6,7,120,20,108,15,8,38,5,0,0,1,42,1,36,28,4,2,19,88,3,54,48,6,4,13,56,3,30,32,5,2,6
829717,2015,2015-04-12,1,Wankhede Stadium,Wankhede Stadium,Mumbai,Mumbai,Kings XI Punjab,Punjab Kings,Mumbai Indians,Mumbai Indians,177,171,6,5,120,20,108,21,4,37,3,0,1,2,57,0,36,46,10,1,16,70,3,54,32,8,0,14,50,2,30,30,3,3,7
829717,2015,2015-04-12,2,Wankhede Stadium,Wankhede Stadium,Mumbai,Mumbai,Mumbai Indians,Mumbai Indians,Kings XI Punjab,Punjab Kings,159,151,8,7,120,20,110,14,9,58,3,2,0,3,17,3,36,4,1,0,25,62,3,54,38,8,1,25,80,1,30,68,5,8,8
829719,2015,2015-04-13,1,M Chinnaswamy Stadium,M Chinnaswamy Stadium,Bangalore,Bengaluru,Royal Challengers Bangalore,Royal Challengers Bengaluru,Sunrisers Hyderabad,Sunrisers Hyderabad,166,150,16,10,119,19.83,102,15,7,51,12,0,0,4,47,1,36,36,6,2,23,67,3,54,32,5,2,18,52,6,29,34,4,3,10
829719,2015,2015-04-13,2,M Chinnaswamy Stadium,M Chinnaswamy Stadium,Bangalore,Bengaluru,Sunrisers Hyderabad,Sunrisers Hyderabad,Royal Challengers Bangalore,Royal Challengers Bengaluru,172,156,16,2,104,17.33,98,14,7,29,9,2,0,5,65,0,36,54,9,3,15,72,2,54,28,4,2,12,35,0,14,16,1,2,2
829721,2015,2015-04-14,1,"Sardar Patel Stadium, Motera",Narendra Modi Stadium,Ahmedabad,Ahmedabad,Mumbai Indians,Mumbai Indians,Rajasthan Royals,Rajasthan Royals,164,159,5,6,120,20,116,17,8,58,0,1,2,2,31,2,36,20,5,0,23,52,2,54,32,5,2,30,81,2,30,64,7,6,5
829721,2015,2015-04-14,2,"Sardar Patel Stadium, Motera",Narendra Modi Stadium,Ahmedabad,Ahmedabad,Rajasthan Royals,Rajasthan Royals,Mumbai Indians,Mumbai Indians,165,161,4,3,115,19.17,78,15,3,35,1,3,0,0,42,1,36,24,6,0,15,71,2,54,24,3,2,14,52,0,25,30,6,1,6
829725,2015,2015-04-15,1,Maharashtra Cricket Association Stadium,Maharashtra Cricket Association Stadium,Pune,Pune,Kings XI Punjab,Punjab Kings,Delhi Daredevils,Delhi Capitals,165,157,8,7,120,20,88,7,10,42,6,0,0,2,41,1,36,28,4,2,20,74,2,54,32,2,4,14,50,4,30,28,1,4,8
829725,2015,2015-04-15,2,Maharashtra Cricket Association Stadium,Maharashtra Cricket Association Stadium,Pune,Pune,Delhi Daredevils,Delhi Capitals,Kings XI Punjab,Punjab Kings,169,158,11,5,119,19.83,98,17,5,42,7,1,0,3,47,1,36,28,7,0,17,73,1,54,40,7,2,16,49,3,29,30,3,3,9
829727,2015,2015-04-16,1,Dr. Y.S. Rajasekhara Reddy ACA-VDCA Cricket Stadium,Dr Y.S. Rajasekhara Reddy ACA-VDCA Cricket Stadium,Visakhapatnam,Visakhapatnam,Sunrisers Hyderabad,Sunrisers Hyderabad,Rajasthan Royals,Rajasthan Royals,127,121,6,5,120,20,68,11,4,60,4,1,1,0,35,3,36,26,5,1,24,55,1,54,26,5,1,27,37,1,30,16,1,2,9
829727,2015,2015-04-16,2,Dr. Y.S. Rajasekhara Reddy ACA-VDCA Cricket Stadium,Dr Y.S. Rajasekhara Reddy ACA-VDCA Cricket Stadium,Visakhapatnam,Visakhapatnam,Rajasthan Royals,Rajasthan Royals,Sunrisers Hyderabad,Sunrisers Hyderabad,131,124,7,4,120,20,60,15,0,48,4,0,1,2,36,0,36,16,4,0,18,60,3,54,28,7,0,22,35,1,30,16,4,0,8
829729,2015,2015-04-17,1,Wankhede Stadium,Wankhede Stadium,Mumbai,Mumbai,Mumbai Indians,Mumbai Indians,Chennai Super Kings,Chennai Super Kings,183,176,7,7,120,20,116,14,10,46,4,0,2,1,31,3,36,16,4,0,24,101,2,54,70,7,7,15,51,2,30,30,3,3,7
829729,2015,2015-04-17,2,Wankhede Stadium,Wankhede Stadium,Mumbai,Mumbai,Chennai Super Kings,Chennai Super Kings,Mumbai Indians,Mumbai Indians,189,178,11,4,100,16.67,138,21,9,35,8,3,0,0,90,0,36,76,13,4,10,78,4,54,48,6,4,23,21,0,10,14,2,1,2
829731,2015,2015-04-18,1,Dr. Y.S. Rajasekhara Reddy ACA-VDCA Cricket Stadium,Dr Y.S. Rajasekhara Reddy ACA-VDCA Cricket Stadium,Visakhapatnam,Visakhapatnam,Delhi Daredevils,Delhi Capitals,Sunrisers Hyderabad,Sunrisers Hyderabad,167,158,9,4,120,20,90,9,9,39,6,0,1,2,40,1,36,22,4,1,20,81,1,54,46,4,5,15,46,2,30,22,1,3,4
829731,2015,2015-04-18,2,Dr. Y.S. Rajasekhara Reddy ACA-VDCA Cricket Stadium,Dr Y.S. Rajasekhara Reddy ACA-VDCA Cricket Stadium,Visakhapatnam,Visakhapatnam,Sunrisers Hyderabad,Sunrisers Hyderabad,Delhi Daredevils,Delhi Capitals,163,159,4,8,120,20,88,10,8,40,1,0,2,1,50,0,36,28,7,0,14,60,3,54,26,2,3,19,53,5,30,34,1,5,7
829733,2015,2015-04-18,1,Maharashtra Cricket Association Stadium,Maharashtra Cricket Association Stadium,Pune,Pune,Kings XI Punjab,Punjab Kings,Kolkata Knight Riders,Kolkata Knight Riders,155,142,13,9,120,20,82,10,7,46,3,0,9,1,48,3,36,36,6,2,18,64,2,54,20,2,2,18,43,4,30,26,2,3,10
829733,2015,2015-04-18,2,Maharashtra Cricket Association Stadium,Maharashtra Cricket Association Stadium,Pune,Pune,Kolkata Knight Riders,Kolkata Knight Riders,Kings XI Punjab,Punjab Kings,159,157,2,6,107,17.83,108,21,4,42,1,0,0,1,53,2,36,36,6,2,16,72,3,54,50,11,1,25,34,1,17,22,4,1,1
829735,2015,2015-04-19,1,"Sardar Patel Stadium, Motera",Narendra Modi Stadium,Ahmedabad,Ahmedabad,Chennai Super Kings,Chennai Super Kings,Rajasthan Royals,Rajasthan Royals,156,150,6,4,120,20,90,18,3,49,4,0,0,2,39,2,36,26,5,1,20,67,2,54,34,7,1,20,50,0,30,30,6,1,9
829735,2015,2015-04-19,2,"Sardar Patel Stadium, Motera",Narendra Modi Stadium,Ahmedabad,Ahmedabad,Rajasthan Royals,Rajasthan Royals,Chennai Super Kings,Chennai Super Kings,157,156,1,2,110,18.33,84,12,6,30,1,0,0,0,47,0,36,34,7,1,16,91,0,54,50,5,5,9,19,2,20,0,0,0,5
829737,2015,2015-04-19,1,M Chinnaswamy Stadium,M Chinnaswamy Stadium,Bangalore,Bengaluru,Mumbai Indians,Mumbai Indians,Royal Challengers Bangalore,Royal Challengers Bengaluru,209,192,17,7,120,20,152,23,10,48,13,0,0,4,48,1,36,32,8,0,19,85,1,54,58,7,5,23,76,5,30,62,8,5,6
829737,2015,2015-04-19,2,M Chinnaswamy Stadium,M Chinnaswamy Stadium,Bangalore,Bengaluru,Royal Challengers Bangalore,Royal Challengers Bengaluru,Mumbai Indians,Mumbai Indians,191,175,16,7,120,20,128,20,8,50,13,2,0,1,33,1,36,18,3,1,25,96,5,54,66,9,5,19,62,1,30,44,8,2,6
829739,2015,2015-04-20,1,Feroz Shah Kotla,Feroz Shah Kotla,Delhi,Delhi,Delhi Daredevils,Delhi Capitals,Kolkata Knight Riders,Kolkata Knight Riders,146,133,13,8,120,20,82,13,5,51,10,0,0,3,34,2,36,20,5,0,21,69,3,54,36,6,2,20,43,3,30,26,2,3,10
829739,2015,2015-04-20,2,Feroz Shah Kotla,Feroz Shah Kotla,Delhi,Delhi,Kolkata Knight Riders,Kolkata Knight Riders,Delhi Daredevils,Delhi Capitals,147,140,7,4,109,18.17,84,18,2,36,3,0,0,4,48,2,36,28,7,0,14,71,1,54,38,8,1,15,28,1,19,18,3,1,7
829741,2015,2015-04-21,1,"Sardar Patel Stadium, Motera",Narendra Modi Stadium,Ahmedabad,Ahmedabad,Rajasthan Royals,Rajasthan Royals,Kings XI Punjab,Punjab Kings,191,181,10,6,120,20,112,16,8,36,6,1,0,3,43,0,36,24,6,0,17,93,2,54,56,5,6,12,55,4,30,32,5,2,7
829741,2015,2015-04-21,2,"Sardar Patel Stadium, Motera",Narendra Modi Stadium,Ahmedabad,Ahmedabad,Kings XI Punjab,Punjab Kings,Rajasthan Royals,Rajasthan Royals,191,186,5,6,120,20,108,12,10,36,1,0,0,4,40,1,36,20,2,2,19,80,3,54,40,4,4,14,71,2,30,48,6,4,3
829741,2015,2015-04-21,3,"Sardar Patel Stadium, Motera",Narendra Modi Stadium,Ahmedabad,Ahmedabad,Kings XI Punjab,Punjab Kings,Rajasthan Royals,Rajasthan Royals,15,13,2,2,6,1,12,3,0,2,0,1,0,1,15,2,6,12,3,0,2,0,0,0,0,0,0,0,0,0,0,0,0,0,0
829741,2015,2015-04-21,4,"Sardar Patel Stadium, Motera",Narendra Modi Stadium,Ahmedabad,Ahmedabad,Rajasthan Royals,Rajasthan Royals,Kings XI Punjab,Punjab Kings,6,5,1,2,3,0.5,4,1,0,2,0,1,0,0,6,2,3,4,1,0,2,0,0,0,0,0,0,0,0,0,0,0,0,0,0
829743,2015,2015-04-22,1,Dr. Y.S. Rajasekhara Reddy ACA-VDCA Cricket Stadium,Dr Y.S. Rajasekhara Reddy ACA-VDCA Cricket Stadium,Visakhapatnam,Visakhapatnam,Sunrisers Hyderabad,Sunrisers Hyderabad,Kolkata Knight Riders,Kolkata Knight Riders,176,172,4,4,120,20,102,15,7,38,1,1,1,1,43,0,36,24,6,0,12,90,1,54,50,5,5,12,43,3,30,28,4,2,14
829743,2015,2015-04-22,2,Dr. Y.S. Rajasekhara Reddy ACA-VDCA Cricket Stadium,Dr Y.S. Rajasekhara Reddy ACA-VDCA Cricket Stadium,Visakhapatnam,Visakhapatnam,Kolkata Knight Riders,Kolkata Knight Riders,Sunrisers Hyderabad,Sunrisers Hyderabad,101,98,3,4,72,12,54,6,5,22,3,0,0,0,49,2,36,26,2,3,13,52,2,36,28,4,2,9,0,0,0,0,0,0,0
829745,2015,2015-04-22,1,M Chinnaswamy Stadium,M Chinnaswamy Stadium,Bangalore,Bengaluru,Chennai Super Kings,Chennai Super Kings,Royal Challengers Bangalore,Royal Challengers Bengaluru,181,171,10,8,120,20,128,17,10,51,3,0,1,6,45,1,36,32,5,2,20,89,3,54,66,6,7,21,47,4,30,30,6,1,10
829745,2015,2015-04-22,2,M Chinnaswamy Stadium,M Chinnaswamy Stadium,Bangalore,Bengaluru,Royal Challengers Bangalore,Royal Challengers Bengaluru,Chennai Super Kings,Chennai Super Kings,154,148,6,8,120,20,90,12,7,49,1,0,0,5,38,2,36,22,4,1,19,73,3,54,44,5,4,20,43,3,30,24,3,2,10
829747,2015,2015-04-23,1,Feroz Shah Kotla,Feroz Shah Kotla,Delhi,Delhi,Delhi Daredevils,Delhi Capitals,Mumbai Indians,Mumbai Indians,190,182,8,4,120,20,118,13,11,39,6,1,0,1,45,1,36,30,3,3,20,92,0,54,60,6,6,13,53,3,30,28,4,2,6
829747,2015,2015-04-23,2,Feroz Shah Kotla,Feroz Shah Kotla,Delhi,Delhi,Mumbai Indians,Mumbai Indians,Delhi Daredevils,Delhi Capitals,153,142,11,9,120,20,88,13,6,54,9,0,0,2,48,2,36,34,7,1,20,72,2,54,32,2,4,17,33,5,30,22,4,1,17
829749,2015,2015-04-24,1,"Sardar Patel Stadium, Motera",Narendra Modi Stadium,Ahmedabad,Ahmedabad,Rajasthan Royals,Rajasthan Royals,Royal Challengers Bangalore,Royal Challengers Bengaluru,130,126,4,9,120,20,58,10,3,43,3,0,0,1,48,2,36,36,6,2,18,52,3,54,14,2,1,17,30,4,30,8,2,0,8
829749,2015,2015-04-24,2,"Sardar Patel Stadium, Motera",Narendra Modi Stadium,Ahmedabad,Ahmedabad,Royal Challengers Bangalore,Royal Challengers Bengaluru,Rajasthan Royals,Rajasthan Royals,134,129,5,1,97,16.17,64,10,4,26,0,0,0,5,49,1,36,30,6,1,15,75,0,54,30,3,3,10,10,0,7,4,1,0,1
829751,2015,2015-04-25,1,Wankhede Stadium,Wankhede Stadium,Mumbai,Mumbai,Mumbai Indians,Mumbai Indians,Sunrisers Hyderabad,Sunrisers Hyderabad,157,147,10,8,120,20,82,16,3,42,9,0,0,1,46,1,36,28,7,0,16,66,3,54,36,6,2,16,45,4,30,18,3,1,10
829751,2015,2015-04-25,2,Wankhede Stadium,Wankhede Stadium,Mumbai,Mumbai,Sunrisers Hyderabad,Sunrisers Hyderabad,Mumbai Indians,Mumbai Indians,137,132,5,8,120,20,68,14,2,52,2,1,0,2,52,2,36,42,9,1,19,52,2,54,10,1,1,19,33,4,30,16,4,0,14
829753,2015,2015-04-25,1,"MA Chidambaram Stadium, Chepauk",MA Chidambaram Stadium,Chennai,Chennai,Chennai Super Kings,Chennai Super Kings,Kings XI Punjab,Punjab Kings,192,180,12,3,120,20,118,19,7,44,9,1,0,2,54,1,36,42,6,3,19,84,1,54,48,9,2,18,54,1,30,28,4,2,7
829753,2015,2015-04-25,2,"MA Chidambaram Stadium, Chepauk",MA Chidambaram Stadium,Chennai,Chennai,Kings XI Punjab,Punjab Kings,Chennai Super Kings,Chennai Super Kings,95,87,8,9,120,20,32,5,2,60,5,0,0,3,39,2,36,22,4,1,18,40,5,54,10,1,1,27,16,2,30,0,0,0,15
829757,2015,2015-04-26,1,Feroz Shah Kotla,Feroz Shah Kotla,Delhi,Delhi,Delhi Daredevils,Delhi Capitals,Royal Challengers Bangalore,Royal Challengers Bengaluru,95,87,8,10,110,18.33,38,8,1,54,6,0,0,2,38,2,36,18,3,1,18,47,5,54,20,5,0,25,10,3,20,0,0,0,11
829757,2015,2015-04-26,2,Feroz Shah Kotla,Feroz Shah Kotla,Delhi,Delhi,Royal Challengers Bangalore,Royal Challengers Bengaluru,Delhi Daredevils,Delhi Capitals,99,97,2,0,63,10.5,72,12,4,23,2,0,0,0,50,0,36,36,6,2,16,49,0,27,36,6,2,7,0,0,0,0,0,0,0
829759,2015,2015-04-27,1,"Punjab Cricket Association Stadium, Mohali","Punjab Cricket Association IS Bindra Stadium, Mohali",Chandigarh,Chandigarh,Sunrisers Hyderabad,Sunrisers Hyderabad,Kings XI Punjab,Punjab Kings,150,149,1,6,120,20,86,17,3,42,0,0,0,1,56,2,36,50,11,1,18,48,1,54,8,2,0,15,46,3,30,28,4,2,9
829759,2015,2015-04-27,2,"Punjab Cricket Association Stadium, Mohali","Punjab Cricket Association IS Bindra Stadium, Mohali",Chandigarh,Chandigarh,Kings XI Punjab,Punjab Kings,Sunrisers Hyderabad,Sunrisers Hyderabad,130,123,7,9,120,20,40,7,2,41,5,0,0,2,36,2,36,16,4,0,20,57,3,54,10,1,1,12,37,4,30,14,2,1,9
829765,2015,2015-04-28,1,"MA Chidambaram Stadium, Chepauk",MA Chidambaram Stadium,Chennai,Chennai,Chennai Super Kings,Chennai Super Kings,Kolkata Knight Riders,Kolkata Knight Riders,134,122,12,6,120,20,66,12,3,52,9,0,0,3,53,1,36,46,7,3,20,46,4,54,8,2,0,23,35,1,30,12,3,0,9
829765,2015,2015-04-28,2,"MA Chidambaram Stadium, Chepauk",MA Chidambaram Stadium,Chennai,Chennai,Kolkata Knight Riders,Kolkata Knight Riders,Chennai Super Kings,Chennai Super Kings,132,127,5,9,120,20,66,12,3,50,3,0,0,2,54,2,36,38,8,1,15,36,2,54,4,1,0,26,42,5,30,24,3,2,9
829763,2015,2015-04-29,1,M Chinnaswamy Stadium,M Chinnaswamy Stadium,Bangalore,Bengaluru,Royal Challengers Bangalore,Royal Challengers Bengaluru,Rajasthan Royals,Rajasthan Royals,200,184,16,7,120,20,130,25,5,42,6,2,5,3,52,2,36,38,8,1,18,78,2,54,44,8,2,19,70,3,30,48,9,2,5
829723,2015,2015-04-30,1,Eden Gardens,Eden Gardens,Kolkata,Kolkata,Chennai Super Kings,Chennai Super Kings,Kolkata Knight Riders,Kolkata Knight Riders,165,145,20,9,120,20,106,19,5,52,6,0,1,13,69,4,36,58,10,3,19,52,1,54,26,5,1,25,44,4,30,22,4,1,8
829723,2015,2015-04-30,2,Eden Gardens,Eden Gardens,Kolkata,Kolkata,Kolkata Knight Riders,Kolkata Knight Riders,Chennai Super Kings,Chennai Super Kings,169,159,10,3,119,19.83,86,11,7,37,5,0,0,5,38,1,36,20,2,2,19,80,2,54,40,7,2,12,51,0,29,26,2,3,6
829767,2015,2015-05-01,1,Feroz Shah Kotla,Feroz Shah Kotla,Delhi,Delhi,Kings XI Punjab,Punjab Kings,Delhi Daredevils,Delhi Capitals,118,110,8,8,120,20,54,9,3,52,7,0,0,1,27,4,36,16,4,0,22,47,2,54,18,3,1,23,44,2,30,20,2,2,7
829767,2015,2015-05-01,2,Feroz Shah Kotla,Feroz Shah Kotla,Delhi,Delhi,Delhi Daredevils,Delhi Capitals,Kings XI Punjab,Punjab Kings,119,111,8,1,83,13.83,68,11,4,26,5,1,0,2,41,0,36,26,2,3,19,78,1,47,42,9,1,7,0,0,0,0,0,0,0
829769,2015,2015-05-01,1,Wankhede Stadium,Wankhede Stadium,Mumbai,Mumbai,Mumbai Indians,Mumbai Indians,Rajasthan Royals,Rajasthan Royals,187,178,9,5,120,20,108,18,6,34,5,1,0,3,47,1,36,28,7,0,15,73,3,54,38,5,3,16,67,1,30,42,6,3,3
829769,2015,2015-05-01,2,Wankhede Stadium,Wankhede Stadium,Mumbai,Mumbai,Rajasthan Royals,Rajasthan Royals,Mumbai Indians,Mumbai Indians,179,167,12,7,120,20,90,15,5,32,9,1,0,2,55,1,36,36,6,2,13,72,2,54,26,5,1,15,52,4,30,28,4,2,4
829771,2015,2015-05-02,1,M Chinnaswamy Stadium,M Chinnaswamy Stadium,Bangalore,Bengaluru,Kolkata Knight Riders,Kolkata Knight Riders,Royal Challengers Bangalore,Royal Challengers Bengaluru,111,103,8,4,60,10,74,11,5,17,4,1,0,3,61,1,36,40,7,2,11,50,3,24,34,4,3,6,0,0,0,0,0,0,0
829771,2015,2015-05-02,2,M Chinnaswamy Stadium,M Chinnaswamy Stadium,Bangalore,Bengaluru,Royal Challengers Bangalore,Royal Challengers Bengaluru,Kolkata Knight Riders,Kolkata Knight Riders,115,111,4,3,58,9.67,78,6,9,14,4,0,0,0,62,2,36,44,2,6,13,53,1,22,34,4,3,1,0,0,0,0,0,0,0
829773,2015,2015-05-02,1,"Rajiv Gandhi International Stadium, Uppal","Rajiv Gandhi International Stadium, Uppal",Hyderabad,Hyderabad,Sunrisers Hyderabad,Sunrisers Hyderabad,Chennai Super Kings,Chennai Super Kings,192,187,5,7,120,20,128,23,6,38,3,1,0,1,76,0,36,54,12,1,7,67,3,54,42,6,3,22,49,4,30,32,5,2,9
829773,2015,2015-05-02,2,"Rajiv Gandhi International Stadium, Uppal","Rajiv Gandhi International Stadium, Uppal",Hyderabad,Hyderabad,Chennai Super Kings,Chennai Super Kings,Sunrisers Hyderabad,Sunrisers Hyderabad,170,163,7,6,120,20,94,16,5,34,4,0,0,3,54,2,36,46,7,3,19,76,3,54,36,6,2,12,40,1,30,12,3,0,3
829775,2015,2015-05-03,1,"Punjab Cricket Association Stadium, Mohali","Punjab Cricket Association IS Bindra Stadium, Mohali",Chandigarh,Chandigarh,Mumbai Indians,Mumbai Indians,Kings XI Punjab,Punjab Kings,172,167,5,3,120,20,92,17,4,39,2,0,0,3,51,0,36,34,7,1,14,72,1,54,36,6,2,18,49,2,30,22,4,1,7
829775,2015,2015-05-03,2,"Punjab Cricket Association Stadium, Mohali","Punjab Cricket Association IS Bindra Stadium, Mohali",Chandigarh,Chandigarh,Kings XI Punjab,Punjab Kings,Mumbai Indians,Mumbai Indians,149,137,12,7,120,20,58,10,3,36,3,0,0,9,45,2,36,20,5,0,14,68,1,54,24,3,2,13,36,4,30,14,2,1,9
829777,2015,2015-05-03,1,Brabourne Stadium,Brabourne Stadium,Mumbai,Mumbai,Rajasthan Royals,Rajasthan Royals,Delhi Daredevils,Delhi Capitals,189,181,8,2,120,20,110,20,5,39,5,0,2,1,43,0,36,24,6,0,18,71,1,54,34,7,1,17,75,1,30,52,7,4,4
829777,2015,2015-05-03,2,Brabourne Stadium,Brabourne Stadium,Mumbai,Mumbai,Delhi Daredevils,Delhi Capitals,Rajasthan Royals,Rajasthan Royals,175,160,15,7,120,20,100,13,8,51,11,0,3,1,55,2,36,44,8,2,19,65,2,54,34,4,3,26,55,3,30,22,1,3,6
829779,2015,2015-05-04,1,"MA Chidambaram Stadium, Chepauk",MA Chidambaram Stadium,Chennai,Chennai,Chennai Super Kings,Chennai Super Kings,Royal Challengers Bangalore,Royal Challengers Bengaluru,148,143,5,9,120,20,78,12,5,47,5,0,0,0,37,2,36,24,6,0,19,64,2,54,24,3,2,17,47,5,30,30,3,3,11
829779,2015,2015-05-04,2,"MA Chidambaram Stadium, Chepauk",MA Chidambaram Stadium,Chennai,Chennai,Royal Challengers Bangalore,Royal Challengers Bengaluru,Chennai Super Kings,Chennai Super Kings,124,122,2,10,118,19.67,66,15,1,56,1,0,0,1,42,3,36,32,8,0,21,58,2,54,22,4,1,20,24,5,28,12,3,0,15
829781,2015,2015-05-04,1,Eden Gardens,Eden Gardens,Kolkata,Kolkata,Kolkata Knight Riders,Kolkata Knight Riders,Sunrisers Hyderabad,Sunrisers Hyderabad,167,160,7,7,120,20,82,16,3,37,1,0,0,6,55,0,36,32,8,0,14,56,5,54,16,1,2,18,56,2,30,34,7,1,5
829781,2015,2015-05-04,2,Eden Gardens,Eden Gardens,Kolkata,Kolkata,Sunrisers Hyderabad,Sunrisers Hyderabad,Kolkata Knight Riders,Kolkata Knight Riders,132,128,4,9,120,20,68,8,6,49,4,0,0,0,33,3,36,20,5,0,20,55,4,54,20,2,2,17,44,2,30,28,1,4,12
829783,2015,2015-05-05,1,Wankhede Stadium,Wankhede Stadium,Mumbai,Mumbai,Delhi Daredevils,Delhi Capitals,Mumbai Indians,Mumbai Indians,152,148,4,6,120,20,96,15,6,51,1,0,1,2,44,2,36,32,5,2,20,51,2,54,22,4,1,24,57,2,30,42,6,3,7
829783,2015,2015-05-05,2,Wankhede Stadium,Wankhede Stadium,Mumbai,Mumbai,Mumbai Indians,Mumbai Indians,Delhi Daredevils,Delhi Capitals,153,144,9,5,117,19.5,78,9,7,41,8,0,0,1,41,4,36,24,3,2,21,58,0,54,18,3,1,15,54,1,27,36,3,4,5
829785,2015,2015-05-06,1,M Chinnaswamy Stadium,M Chinnaswamy Stadium,Bangalore,Bengaluru,Royal Challengers Bangalore,Royal Challengers Bengaluru,Kings XI Punjab,Punjab Kings,226,215,11,3,120,20,164,14,18,38,7,1,0,3,68,0,36,54,6,5,16,103,1,54,72,3,10,14,55,2,30,38,5,3,8
829785,2015,2015-05-06,2,M Chinnaswamy Stadium,M Chinnaswamy Stadium,Bangalore,Bengaluru,Kings XI Punjab,Punjab Kings,Royal Challengers Bangalore,Royal Challengers Bengaluru,88,79,9,10,82,13.67,50,8,3,44,4,0,0,5,34,5,36,14,2,1,21,54,5,46,36,6,2,23,0,0,0,0,0,0,0
829761,2015,2015-05-07,1,Eden Gardens,Eden Gardens,Kolkata,Kolkata,Kolkata Knight Riders,Kolkata Knight Riders,Delhi Daredevils,Delhi Capitals,171,159,12,7,120,20,100,16,6,45,9,0,0,3,50,1,36,34,7,1,16,59,3,54,26,2,3,22,62,3,30,40,7,2,7
829761,2015,2015-05-07,2,Eden Gardens,Eden Gardens,Kolkata,Kolkata,Delhi Daredevils,Delhi Capitals,Kolkata Knight Riders,Kolkata Knight Riders,158,151,7,6,120,20,98,14,7,46,5,0,0,2,36,0,36,22,4,1,20,70,4,54,40,4,4,17,52,2,30,36,6,2,9
829787,2015,2015-05-07,1,Brabourne Stadium,Brabourne Stadium,Mumbai,Mumbai,Sunrisers Hyderabad,Sunrisers Hyderabad,Rajasthan Royals,Rajasthan Royals,201,186,15,4,120,20,126,21,7,41,10,0,0,5,56,1,36,36,9,0,17,77,2,54,46,7,3,18,68,1,30,44,5,4,6
829787,2015,2015-05-07,2,Brabourne Stadium,Brabourne Stadium,Mumbai,Mumbai,Rajasthan Royals,Rajasthan Royals,Sunrisers Hyderabad,Sunrisers Hyderabad,194,187,7,7,120,20,132,18,10,41,1,0,0,6,36,2,36,32,8,0,24,90,3,54,48,6,4,10,68,2,30,52,4,6,7
829789,2015,2015-05-08,1,"MA Chidambaram Stadium, Chepauk",MA Chidambaram Stadium,Chennai,Chennai,Chennai Super Kings,Chennai Super Kings,Mumbai Indians,Mumbai Indians,158,152,6,5,120,20,86,14,5,46,6,0,0,0,44,1,36,30,6,1,22,59,2,54,24,3,2,18,55,2,30,32,5,2,6
829789,2015,2015-05-08,2,"MA Chidambaram Stadium, Chepauk",MA Chidambaram Stadium,Chennai,Chennai,Mumbai Indians,Mumbai Indians,Chennai Super Kings,Chennai Super Kings,159,157,2,4,116,19.33,88,10,8,39,1,0,1,0,61,0,36,40,7,2,12,40,3,54,8,2,0,24,58,1,26,40,1,6,3
829791,2015,2015-05-09,1,Eden Gardens,Eden Gardens,Kolkata,Kolkata,Kings XI Punjab,Punjab Kings,Kolkata Knight Riders,Kolkata Knight Riders,183,174,9,5,120,20,110,11,11,40,5,0,1,3,45,1,36,32,5,2,17,89,1,54,48,3,6,15,49,3,30,30,3,3,8
829791,2015,2015-05-09,2,Eden Gardens,Eden Gardens,Kolkata,Kolkata,Kolkata Knight Riders,Kolkata Knight Riders,Kings XI Punjab,Punjab Kings,184,177,7,9,119,19.83,128,20,8,40,4,0,0,3,57,1,36,44,11,0,14,79,4,54,54,6,5,21,48,4,29,30,3,3,5
829793,2015,2015-05-09,1,Shaheed Veer Narayan Singh International Stadium,Shaheed Veer Narayan Singh International Stadium,Raipur,Raipur,Sunrisers Hyderabad,Sunrisers Hyderabad,Delhi Daredevils,Delhi Capitals,163,159,4,4,120,20,72,9,6,39,3,0,0,1,41,2,36,22,4,1,18,58,2,54,22,4,1,19,64,0,30,28,1,4,2
829793,2015,2015-05-09,2,Shaheed Veer Narayan Singh International Stadium,Shaheed Veer Narayan Singh International Stadium,Raipur,Raipur,Delhi Daredevils,Delhi Capitals,Sunrisers Hyderabad,Sunrisers Hyderabad,157,153,4,4,120,20,100,19,4,48,1,0,0,3,49,1,36,38,8,1,18,55,3,54,30,6,1,24,53,0,30,32,5,2,6
829795,2015,2015-05-10,1,Wankhede Stadium,Wankhede Stadium,Mumbai,Mumbai,Royal Challengers Bangalore,Royal Challengers Bengaluru,Mumbai Indians,Mumbai Indians,235,228,7,1,120,20,158,26,9,27,6,1,0,0,39,1,36,26,5,1,19,108,0,54,62,11,3,5,88,0,30,70,10,5,3
829795,2015,2015-05-10,2,Wankhede Stadium,Wankhede Stadium,Mumbai,Mumbai,Mumbai Indians,Mumbai Indians,Royal Challengers Bangalore,Royal Challengers Bengaluru,196,192,4,7,120,20,126,15,11,36,3,0,0,1,45,1,36,26,5,1,15,90,2,54,56,8,4,12,61,4,30,44,2,6,9
829797,2015,2015-05-10,1,"MA Chidambaram Stadium, Chepauk",MA Chidambaram Stadium,Chennai,Chennai,Chennai Super Kings,Chennai Super Kings,Rajasthan Royals,Rajasthan Royals,157,149,8,5,120,20,86,14,5,46,7,0,0,1,36,2,36,24,3,2,21,72,0,54,34,7,1,18,49,3,30,28,4,2,7
829797,2015,2015-05-10,2,"MA Chidambaram Stadium, Chepauk",MA Chidambaram Stadium,Chennai,Chennai,Rajasthan Royals,Rajasthan Royals,Chennai Super Kings,Chennai Super Kings,145,139,6,9,120,20,62,11,3,40,2,2,0,2,40,1,36,20,5,0,17,53,4,54,16,4,0,17,52,4,30,26,2,3,6
829799,2015,2015-05-11,1,"Rajiv Gandhi International Stadium, Uppal","Rajiv Gandhi International Stadium, Uppal",Hyderabad,Hyderabad,Sunrisers Hyderabad,Sunrisers Hyderabad,Kings XI Punjab,Punjab Kings,185,180,5,5,120,20,118,16,9,41,3,1,1,0,56,0,36,40,7,2,15,84,2,54,54,6,5,17,45,3,30,24,3,2,9
829799,2015,2015-05-11,2,"Rajiv Gandhi International Stadium, Uppal","Rajiv Gandhi International Stadium, Uppal",Hyderabad,Hyderabad,Kings XI Punjab,Punjab Kings,Sunrisers Hyderabad,Sunrisers Hyderabad,180,173,7,7,120,20,116,11,12,43,4,0,0,3,47,1,36,36,6,2,17,57,5,54,22,1,3,20,76,1,30,58,4,7,6
829801,2015,2015-05-12,1,Shaheed Veer Narayan Singh International Stadium,Shaheed Veer Narayan Singh International Stadium,Raipur,Raipur,Chennai Super Kings,Chennai Super Kings,Delhi Daredevils,Delhi Capitals,119,112,7,6,120,20,58,10,3,56,0,0,0,7,16,1,36,8,2,0,27,67,2,54,30,6,1,17,36,3,30,20,2,2,12
829801,2015,2015-05-12,2,Shaheed Veer Narayan Singh International Stadium,Shaheed Veer Narayan Singh International Stadium,Raipur,Raipur,Delhi Daredevils,Delhi Capitals,Chennai Super Kings,Chennai Super Kings,120,120,0,4,100,16.67,78,15,3,43,0,0,0,0,28,2,36,20,5,0,23,69,1,54,40,7,2,18,23,1,10,18,3,1,2
829803,2015,2015-05-13,1,"Punjab Cricket Association Stadium, Mohali","Punjab Cricket Association IS Bindra Stadium, Mohali",Chandigarh,Chandigarh,Kings XI Punjab,Punjab Kings,Royal Challengers Bangalore,Royal Challengers Bengaluru,106,102,4,6,60,10,62,8,5,13,3,0,0,1,72,4,36,48,6,4,9,34,2,24,14,2,1,4,0,0,0,0,0,0,0
829803,2015,2015-05-13,2,"Punjab Cricket Association Stadium, Mohali","Punjab Cricket Association IS Bindra Stadium, Mohali",Chandigarh,Chandigarh,Royal Challengers Bangalore,Royal Challengers Bengaluru,Kings XI Punjab,Punjab Kings,84,76,8,6,60,10,36,6,2,15,2,1,0,5,61,2,36,32,5,2,8,23,4,24,4,1,0,7,0,0,0,0,0,0,0
829805,2015,2015-05-14,1,Wankhede Stadium,Wankhede Stadium,Mumbai,Mumbai,Mumbai Indians,Mumbai Indians,Kolkata Knight Riders,Kolkata Knight Riders,171,161,10,4,120,20,96,18,4,41,6,3,0,1,46,2,36,26,5,1,15,53,2,54,24,6,0,24,72,0,30,46,7,3,2
829805,2015,2015-05-14,2,Wankhede Stadium,Wankhede Stadium,Mumbai,Mumbai,Kolkata Knight Riders,Kolkata Knight Riders,Mumbai Indians,Mumbai Indians,166,158,8,7,120,20,94,19,3,42,7,0,1,0,50,2,36,34,7,1,16,72,2,54,30,6,1,15,44,3,30,30,6,1,11
829807,2015,2015-05-15,1,"Rajiv Gandhi International Stadium, Uppal","Rajiv Gandhi International Stadium, Uppal",Hyderabad,Hyderabad,Sunrisers Hyderabad,Sunrisers Hyderabad,Royal Challengers Bangalore,Royal Challengers Bengaluru,135,128,7,3,66,11,80,11,6,11,3,2,0,2,68,1,36,36,6,2,6,67,2,30,44,5,4,5,0,0,0,0,0,0,0
829807,2015,2015-05-15,2,"Rajiv Gandhi International Stadium, Uppal","Rajiv Gandhi International Stadium, Uppal",Hyderabad,Hyderabad,Royal Challengers Bangalore,Royal Challengers Bengaluru,Sunrisers Hyderabad,Sunrisers Hyderabad,83,82,1,4,35,5.83,64,7,6,9,1,0,0,0,83,4,35,64,7,6,9,0,0,0,0,0,0,0,0,0,0,0,0,0,0
829809,2015,2015-05-16,1,"Punjab Cricket Association Stadium, Mohali","Punjab Cricket Association IS Bindra Stadium, Mohali",Chandigarh,Chandigarh,Kings XI Punjab,Punjab Kings,Chennai Super Kings,Chennai Super Kings,130,121,9,7,120,20,68,11,4,54,3,0,4,2,41,3,36,26,5,1,18,45,3,54,16,4,0,27,44,1,30,26,2,3,9
829809,2015,2015-05-16,2,"Punjab Cricket Association Stadium, Mohali","Punjab Cricket Association IS Bindra Stadium, Mohali",Chandigarh,Chandigarh,Chennai Super Kings,Chennai Super Kings,Kings XI Punjab,Punjab Kings,134,128,6,3,101,16.83,66,12,3,36,6,0,0,0,47,2,36,24,6,0,15,64,1,54,22,4,1,17,23,0,11,20,2,2,4
829811,2015,2015-05-16,1,Brabourne Stadium,Brabourne Stadium,Mumbai,Mumbai,Rajasthan Royals,Rajasthan Royals,Kolkata Knight Riders,Kolkata Knight Riders,199,189,10,6,120,20,118,19,7,33,4,2,0,4,66,0,36,40,7,2,10,80,4,54,46,7,3,17,53,2,30,32,5,2,6
829811,2015,2015-05-16,2,Brabourne Stadium,Brabourne Stadium,Mumbai,Mumbai,Kolkata Knight Riders,Kolkata Knight Riders,Rajasthan Royals,Rajasthan Royals,190,164,26,9,120,20,112,22,4,43,18,5,0,3,53,2,36,24,6,0,15,91,3,54,62,11,3,14,46,4,30,26,5,1,14
829813,2015,2015-05-17,1,M Chinnaswamy Stadium,M Chinnaswamy Stadium,Bangalore,Bengaluru,Delhi Daredevils,Delhi Capitals,Royal Challengers Bangalore,Royal Challengers Bengaluru,187,181,6,5,120,20,110,14,9,31,3,0,0,3,54,0,36,34,7,1,11,87,4,54,54,3,7,15,46,1,30,22,4,1,5
829813,2015,2015-05-17,2,M Chinnaswamy Stadium,M Chinnaswamy Stadium,Bangalore,Bengaluru,Royal Challengers Bangalore,Royal Challengers Bengaluru,Delhi Daredevils,Delhi Capitals,2,2,0,0,7,1.17,0,0,0,5,0,0,0,0,2,0,7,0,0,0,5,0,0,0,0,0,0,0,0,0,0,0,0,0,0
829815,2015,2015-05-17,1,"Rajiv Gandhi International Stadium, Uppal","Rajiv Gandhi International Stadium, Uppal",Hyderabad,Hyderabad,Sunrisers Hyderabad,Sunrisers Hyderabad,Mumbai Indians,Mumbai Indians,113,107,6,10,120,20,38,8,1,49,4,0,0,2,29,3,36,12,3,0,19,51,3,54,14,2,1,21,33,4,30,12,3,0,9
829815,2015,2015-05-17,2,"Rajiv Gandhi International Stadium, Uppal","Rajiv Gandhi International Stadium, Uppal",Hyderabad,Hyderabad,Mumbai Indians,Mumbai Indians,Sunrisers Hyderabad,Sunrisers Hyderabad,114,106,8,1,83,13.83,70,13,3,32,5,0,1,2,38,0,36,24,6,0,19,76,1,47,46,7,3,13,0,0,0,0,0,0,0
829817,2015,2015-05-19,1,Wankhede Stadium,Wankhede Stadium,Mumbai,Mumbai,Mumbai Indians,Mumbai Indians,Chennai Super Kings,Chennai Super Kings,187,178,9,6,120,20,116,11,12,42,8,1,0,0,48,0,36,34,4,3,20,87,2,54,52,4,6,13,52,4,30,30,3,3,9
829817,2015,2015-05-19,2,Wankhede Stadium,Wankhede Stadium,Mumbai,Mumbai,Chennai Super Kings,Chennai Super Kings,Mumbai Indians,Mumbai Indians,162,154,8,10,114,19,86,11,7,33,7,0,0,1,54,2,36,38,5,3,15,67,4,54,28,4,2,14,41,4,24,20,2,2,4
829819,2015,2015-05-20,1,Maharashtra Cricket Association Stadium,Maharashtra Cricket Association Stadium,Pune,Pune,Royal Challengers Bangalore,Royal Challengers Bengaluru,Rajasthan Royals,Rajasthan Royals,180,168,12,4,120,20,108,15,8,43,5,0,4,3,41,1,36,22,4,1,18,72,1,54,42,6,3,20,67,2,30,44,5,4,5
829819,2015,2015-05-20,2,Maharashtra Cricket Association Stadium,Maharashtra Cricket Association Stadium,Pune,Pune,Rajasthan Royals,Rajasthan Royals,Royal Challengers Bangalore,Royal Challengers Bengaluru,109,106,3,10,114,19,44,11,0,51,3,0,0,0,40,2,36,20,5,0,12,52,5,54,20,5,0,26,17,3,24,4,1,0,13
829821,2015,2015-05-22,1,JSCA International Stadium Complex,JSCA International Stadium Complex,Ranchi,Ranchi,Royal Challengers Bangalore,Royal Challengers Bengaluru,Chennai Super Kings,Chennai Super Kings,139,132,7,8,120,20,74,11,5,54,5,0,0,2,29,2,36,20,2,2,24,61,2,54,28,4,2,23,49,4,30,26,5,1,7
829821,2015,2015-05-22,2,JSCA International Stadium Complex,JSCA International Stadium Complex,Ranchi,Ranchi,Chennai Super Kings,Chennai Super Kings,Royal Challengers Bangalore,Royal Challengers Bengaluru,140,133,7,7,119,19.83,54,9,3,39,3,0,3,1,34,1,36,16,4,0,16,57,2,54,16,4,0,16,49,4,29,22,1,3,7
829823,2015,2015-05-24,1,Eden Gardens,Eden Gardens,Kolkata,Kolkata,Mumbai Indians,Mumbai Indians,Chennai Super Kings,Chennai Super Kings,202,196,6,5,120,20,136,16,12,40,0,1,1,4,61,1,36,50,8,3,16,85,2,54,46,7,3,13,56,2,30,40,1,6,11
829823,2015,2015-05-24,2,Eden Gardens,Eden Gardens,Kolkata,Kolkata,Chennai Super Kings,Chennai Super Kings,Mumbai Indians,Mumbai Indians,161,154,7,8,120,20,100,16,6,50,3,2,0,2,31,1,36,22,4,1,23,81,3,54,52,10,2,19,49,4,30,26,2,3,8
980901,2016,2016-04-09,1,Wankhede Stadium,Wankhede Stadium,Mumbai,Mumbai,Mumbai Indians,Mumbai Indians,Rising Pune Supergiants,Rising Pune Supergiants,121,108,13,8,120,20,66,12,3,66,12,0,0,1,37,4,36,18,3,1,24,31,2,54,8,2,0,32,53,2,30,40,7,2,10
980901,2016,2016-04-09,2,Wankhede Stadium,Wankhede Stadium,Mumbai,Mumbai,Rising Pune Supergiants,Rising Pune Supergiants,Mumbai Indians,Mumbai Indians,126,121,5,1,88,14.67,80,8,8,38,3,1,0,1,57,0,36,48,6,4,20,69,1,52,32,2,4,18,0,0,0,0,0,0,0
980903,2016,2016-04-10,1,Eden Gardens,Eden Gardens,Kolkata,Kolkata,Delhi Daredevils,Delhi Capitals,Kolkata Knight Riders,Kolkata Knight Riders,98,86,12,10,106,17.67,50,8,3,66,12,0,0,0,35,4,36,18,3,1,23,57,4,54,28,4,2,30,6,2,16,4,1,0,13
980903,2016,2016-04-10,2,Eden Gardens,Eden Gardens,Kolkata,Kolkata,Kolkata Knight Riders,Kolkata Knight Riders,Delhi Daredevils,Delhi Capitals,99,88,11,1,85,14.17,60,15,0,42,8,1,2,0,47,0,36,36,9,0,19,52,1,49,24,6,0,23,0,0,0,0,0,0,0
980905,2016,2016-04-11,1,"Punjab Cricket Association IS Bindra Stadium, Mohali","Punjab Cricket Association IS Bindra Stadium, Mohali",Chandigarh,Chandigarh,Kings XI Punjab,Punjab Kings,Gujarat Lions,Gujarat Lions,161,154,7,6,120,20,80,14,4,39,4,0,1,2,52,0,36,38,8,1,15,73,4,54,34,4,3,17,36,2,30,8,2,0,7
980905,2016,2016-04-11,2,"Punjab Cricket Association IS Bindra Stadium, Mohali","Punjab Cricket Association IS Bindra Stadium, Mohali",Chandigarh,Chandigarh,Gujarat Lions,Gujarat Lions,Kings XI Punjab,Punjab Kings,162,156,6,5,106,17.67,100,22,2,31,3,0,0,3,57,2,36,40,7,2,15,77,2,54,40,10,0,12,28,1,16,20,5,0,4
980907,2016,2016-04-12,1,M Chinnaswamy Stadium,M Chinnaswamy Stadium,Bangalore,Bengaluru,Royal Challengers Bangalore,Royal Challengers Bengaluru,Sunrisers Hyderabad,Sunrisers Hyderabad,227,220,7,4,120,20,164,20,14,35,4,1,0,2,49,1,36,36,6,2,18,107,0,54,70,7,7,7,71,3,30,58,7,5,10
980907,2016,2016-04-12,2,M Chinnaswamy Stadium,M Chinnaswamy Stadium,Bangalore,Bengaluru,Sunrisers Hyderabad,Sunrisers Hyderabad,Royal Challengers Bangalore,Royal Challengers Bengaluru,182,171,11,6,120,20,114,15,9,47,9,0,1,1,56,1,36,34,4,3,14,83,4,54,58,7,5,22,43,1,30,22,4,1,11
980909,2016,2016-04-13,1,Eden Gardens,Eden Gardens,Kolkata,Kolkata,Kolkata Knight Riders,Kolkata Knight Riders,Mumbai Indians,Mumbai Indians,187,177,10,5,120,20,92,11,8,29,7,0,0,3,40,1,36,20,5,0,14,98,1,54,44,2,6,8,49,3,30,28,4,2,7
980909,2016,2016-04-13,2,Eden Gardens,Eden Gardens,Kolkata,Kolkata,Mumbai Indians,Mumbai Indians,Kolkata Knight Riders,Kolkata Knight Riders,188,178,10,4,115,19.17,122,17,9,38,8,0,1,1,53,1,36,38,8,1,16,86,2,54,48,3,6,15,49,1,25,36,6,2,7
980911,2016,2016-04-14,1,Saurashtra Cricket Association Stadium,Saurashtra Cricket Association Stadium,Rajkot,Rajkot,Rising Pune Supergiants,Rising Pune Supergiants,Gujarat Lions,Gujarat Lions,163,161,2,5,120,20,88,13,6,39,0,0,1,1,57,1,36,42,6,3,12,64,1,54,22,4,1,15,42,3,30,24,3,2,12
980911,2016,2016-04-14,2,Saurashtra Cricket Association Stadium,Saurashtra Cricket Association Stadium,Rajkot,Rajkot,Gujarat Lions,Gujarat Lions,Rising Pune Supergiants,Rising Pune Supergiants,164,149,15,3,108,18,92,14,6,35,7,1,2,5,62,0,36,44,8,2,13,70,2,54,30,3,3,17,32,1,18,18,3,1,5
980913,2016,2016-04-15,1,Feroz Shah Kotla,Feroz Shah Kotla,Delhi,Delhi,Kings XI Punjab,Punjab Kings,Delhi Daredevils,Delhi Capitals,111,107,4,9,120,20,56,11,2,67,3,0,0,1,37,1,36,24,6,0,21,36,5,54,12,3,0,33,38,3,30,20,2,2,13
980913,2016,2016-04-15,2,Feroz Shah Kotla,Feroz Shah Kotla,Delhi,Delhi,Delhi Daredevils,Delhi Capitals,Kings XI Punjab,Punjab Kings,113,103,10,2,81,13.5,66,12,3,31,4,0,4,2,28,1,36,12,3,0,19,85,1,45,54,9,3,12,0,0,0,0,0,0,0
980915,2016,2016-04-16,1,"Rajiv Gandhi International Stadium, Uppal","Rajiv Gandhi International Stadium, Uppal",Hyderabad,Hyderabad,Sunrisers Hyderabad,Sunrisers Hyderabad,Kolkata Knight Riders,Kolkata Knight Riders,142,134,8,7,120,20,66,9,5,48,4,1,1,2,36,3,36,16,4,0,20,58,1,54,26,5,1,23,48,3,30,24,0,4,5
980915,2016,2016-04-16,2,"Rajiv Gandhi International Stadium, Uppal","Rajiv Gandhi International Stadium, Uppal",Hyderabad,Hyderabad,Kolkata Knight Riders,Kolkata Knight Riders,Sunrisers Hyderabad,Sunrisers Hyderabad,146,141,5,2,110,18.33,76,16,2,36,5,0,0,0,36,0,36,20,5,0,19,76,2,54,34,7,1,13,34,0,20,22,4,1,4
980917,2016,2016-04-16,1,Wankhede Stadium,Wankhede Stadium,Mumbai,Mumbai,Mumbai Indians,Mumbai Indians,Gujarat Lions,Gujarat Lions,143,133,10,8,120,20,74,11,5,55,6,2,0,2,31,2,36,20,5,0,22,51,3,54,22,1,3,26,61,3,30,32,5,2,7
980917,2016,2016-04-16,2,Wankhede Stadium,Wankhede Stadium,Mumbai,Mumbai,Gujarat Lions,Gujarat Lions,Mumbai Indians,Mumbai Indians,147,136,11,7,120,20,74,14,3,47,3,1,0,7,42,1,36,30,6,1,19,57,3,54,22,4,1,20,48,3,30,22,4,1,8
980919,2016,2016-04-17,1,"Punjab Cricket Association IS Bindra Stadium, Mohali","Punjab Cricket Association IS Bindra Stadium, Mohali",Chandigarh,Chandigarh,Rising Pune Supergiants,Rising Pune Supergiants,Kings XI Punjab,Punjab Kings,152,141,11,7,120,20,72,18,0,38,3,0,0,8,49,1,36,36,9,0,16,60,2,54,16,4,0,15,43,4,30,20,5,0,7
980919,2016,2016-04-17,2,"Punjab Cricket Association IS Bindra Stadium, Mohali","Punjab Cricket Association IS Bindra Stadium, Mohali",Chandigarh,Chandigarh,Kings XI Punjab,Punjab Kings,Rising Pune Supergiants,Rising Pune Supergiants,153,151,2,4,112,18.67,84,15,4,36,2,0,0,0,50,0,36,34,7,1,16,62,3,54,26,5,1,16,41,1,22,24,3,2,4
980921,2016,2016-04-17,1,M Chinnaswamy Stadium,M Chinnaswamy Stadium,Bangalore,Bengaluru,Royal Challengers Bangalore,Royal Challengers Bengaluru,Delhi Daredevils,Delhi Capitals,191,182,9,5,120,20,118,19,7,30,1,0,0,8,63,1,36,46,10,1,10,80,1,54,42,6,3,11,48,3,30,30,3,3,9
980921,2016,2016-04-17,2,M Chinnaswamy Stadium,M Chinnaswamy Stadium,Bangalore,Bengaluru,Delhi Daredevils,Delhi Capitals,Royal Challengers Bangalore,Royal Challengers Bengaluru,192,178,14,3,115,19.17,112,22,4,32,10,1,0,3,51,2,36,28,7,0,16,95,0,54,54,9,3,12,46,1,25,30,6,1,4
980923,2016,2016-04-18,1,"Rajiv Gandhi International Stadium, Uppal","Rajiv Gandhi International Stadium, Uppal",Hyderabad,Hyderabad,Mumbai Indians,Mumbai Indians,Sunrisers Hyderabad,Sunrisers Hyderabad,142,134,8,6,120,20,66,9,5,47,6,0,0,2,40,2,36,22,4,1,19,71,2,54,36,3,4,16,31,2,30,8,2,0,12
980923,2016,2016-04-18,2,"Rajiv Gandhi International Stadium, Uppal","Rajiv Gandhi International Stadium, Uppal",Hyderabad,Hyderabad,Sunrisers Hyderabad,Sunrisers Hyderabad,Mumbai Indians,Mumbai Indians,145,140,5,3,105,17.5,74,11,5,35,2,1,0,2,33,1,36,14,2,1,18,75,2,54,34,7,1,15,37,0,15,26,2,3,2
980925,2016,2016-04-19,1,"Punjab Cricket Association IS Bindra Stadium, Mohali","Punjab Cricket Association IS Bindra Stadium, Mohali",Chandigarh,Chandigarh,Kings XI Punjab,Punjab Kings,Kolkata Knight Riders,Kolkata Knight Riders,138,131,7,8,120,20,52,10,2,43,5,0,0,2,41,1,36,20,5,0,16,54,4,54,16,4,0,21,43,3,30,16,1,2,6
980925,2016,2016-04-19,2,"Punjab Cricket Association IS Bindra Stadium, Mohali","Punjab Cricket Association IS Bindra Stadium, Mohali",Chandigarh,Chandigarh,Kolkata Knight Riders,Kolkata Knight Riders,Kings XI Punjab,Punjab Kings,141,133,8,4,103,17.17,72,18,0,30,3,0,0,5,65,0,36,36,9,0,6,52,3,54,20,5,0,21,24,1,13,16,4,0,3
980927,2016,2016-04-20,1,Wankhede Stadium,Wankhede Stadium,Mumbai,Mumbai,Royal Challengers Bangalore,Royal Challengers Bengaluru,Mumbai Indians,Mumbai Indians,170,157,13,7,120,20,90,12,7,41,10,0,1,2,49,1,36,32,5,2,14,63,3,54,28,4,2,21,58,3,30,30,3,3,6
980927,2016,2016-04-20,2,Wankhede Stadium,Wankhede Stadium,Mumbai,Mumbai,Mumbai Indians,Mumbai Indians,Royal Challengers Bangalore,Royal Challengers Bengaluru,171,167,4,4,108,18,112,16,8,36,2,1,0,1,51,1,36,30,6,1,15,77,2,54,44,8,2,14,43,1,18,38,2,5,7
980929,2016,2016-04-21,1,Saurashtra Cricket Association Stadium,Saurashtra Cricket Association Stadium,Rajkot,Rajkot,Gujarat Lions,Gujarat Lions,Sunrisers Hyderabad,Sunrisers Hyderabad,135,130,5,8,120,20,50,11,1,36,3,0,0,2,50,1,36,30,6,1,13,54,3,54,12,3,0,13,31,4,30,8,2,0,10
980929,2016,2016-04-21,2,Saurashtra Cricket Association Stadium,Saurashtra Cricket Association Stadium,Rajkot,Rajkot,Sunrisers Hyderabad,Sunrisers Hyderabad,Gujarat Lions,Gujarat Lions,137,127,10,0,89,14.83,56,14,0,21,9,0,0,1,63,0,36,32,8,0,13,74,0,53,24,6,0,8,0,0,0,0,0,0,0
980931,2016,2016-04-22,1,Maharashtra Cricket Association Stadium,Maharashtra Cricket Association Stadium,Pune,Pune,Royal Challengers Bangalore,Royal Challengers Bengaluru,Rising Pune Supergiants,Rising Pune Supergiants,185,173,12,3,120,20,92,14,6,27,11,1,0,0,48,1,36,30,6,1,13,80,0,54,34,4,3,7,57,2,30,28,4,2,7
980931,2016,2016-04-22,2,Maharashtra Cricket Association Stadium,Maharashtra Cricket Association Stadium,Pune,Pune,Rising Pune Supergiants,Rising Pune Supergiants,Royal Challengers Bangalore,Royal Challengers Bengaluru,172,165,7,9,120,20,88,16,4,34,6,0,1,0,36,3,36,20,5,0,18,79,1,54,34,7,1,8,57,5,30,34,4,3,8
980933,2016,2016-04-23,1,Feroz Shah Kotla,Feroz Shah Kotla,Delhi,Delhi,Delhi Daredevils,Delhi Capitals,Mumbai Indians,Mumbai Indians,164,152,12,4,120,20,78,12,5,33,8,1,0,3,41,1,36,22,4,1,16,69,2,54,28,4,2,10,54,1,30,28,4,2,7
980933,2016,2016-04-23,2,Feroz Shah Kotla,Feroz Shah Kotla,Delhi,Delhi,Mumbai Indians,Mumbai Indians,Delhi Daredevils,Delhi Capitals,154,151,3,7,120,20,84,15,4,40,2,0,0,1,52,1,36,40,10,0,15,62,3,54,28,4,2,17,40,3,30,16,1,2,8
980935,2016,2016-04-23,1,"Rajiv Gandhi International Stadium, Uppal","Rajiv Gandhi International Stadium, Uppal",Hyderabad,Hyderabad,Kings XI Punjab,Punjab Kings,Sunrisers Hyderabad,Sunrisers Hyderabad,143,138,5,6,120,20,72,9,6,47,4,0,0,1,35,2,36,22,4,1,21,68,3,54,34,4,3,19,40,1,30,16,1,2,7
980935,2016,2016-04-23,2,"Rajiv Gandhi International Stadium, Uppal","Rajiv Gandhi International Stadium, Uppal",Hyderabad,Hyderabad,Sunrisers Hyderabad,Sunrisers Hyderabad,Kings XI Punjab,Punjab Kings,146,141,5,5,107,17.83,80,14,4,39,5,0,0,0,65,0,36,46,7,3,13,54,3,54,20,5,0,21,27,2,17,14,2,1,5
980937,2016,2016-04-24,1,Saurashtra Cricket Association Stadium,Saurashtra Cricket Association Stadium,Rajkot,Rajkot,Royal Challengers Bangalore,Royal Challengers Bengaluru,Gujarat Lions,Gujarat Lions,180,177,3,2,120,20,96,18,4,27,2,0,1,0,50,1,36,32,8,0,10,65,1,54,22,4,1,12,65,0,30,42,6,3,5
980937,2016,2016-04-24,2,Saurashtra Cricket Association Stadium,Saurashtra Cricket Association Stadium,Rajkot,Rajkot,Gujarat Lions,Gujarat Lions,Royal Challengers Bangalore,Royal Challengers Bengaluru,182,168,14,4,117,19.5,90,15,5,31,9,2,0,3,72,1,36,52,7,4,14,64,1,54,20,5,0,12,46,2,27,18,3,1,5
980939,2016,2016-04-24,1,Maharashtra Cricket Association Stadium,Maharashtra Cricket Association Stadium,Pune,Pune,Rising Pune Supergiants,Rising Pune Supergiants,Kolkata Knight Riders,Kolkata Knight Riders,160,154,6,5,120,20,74,8,7,34,0,0,4,2,31,1,36,14,2,1,16,69,2,54,22,4,1,11,60,2,30,38,2,5,7
980939,2016,2016-04-24,2,Maharashtra Cricket Association Stadium,Maharashtra Cricket Association Stadium,Pune,Pune,Kolkata Knight Riders,Kolkata Knight Riders,Rising Pune Supergiants,Rising Pune Supergiants,162,152,10,8,117,19.5,92,11,8,40,10,0,0,0,59,2,36,40,7,2,13,55,2,54,20,2,2,17,48,4,27,32,2,4,10
980941,2016,2016-04-25,1,"Punjab Cricket Association IS Bindra Stadium, Mohali","Punjab Cricket Association IS Bindra Stadium, Mohali",Chandigarh,Chandigarh,Mumbai Indians,Mumbai Indians,Kings XI Punjab,Punjab Kings,189,184,5,6,120,20,114,18,7,33,3,1,0,1,39,1,36,24,6,0,17,101,1,54,62,8,5,7,49,4,30,28,4,2,9
980941,2016,2016-04-25,2,"Punjab Cricket Association IS Bindra Stadium, Mohali","Punjab Cricket Association IS Bindra Stadium, Mohali",Chandigarh,Chandigarh,Kings XI Punjab,Punjab Kings,Mumbai Indians,Mumbai Indians,164,159,5,7,120,20,74,11,5,33,2,1,0,2,40,2,36,18,3,1,13,81,1,54,40,7,2,11,43,4,30,16,1,2,9
980943,2016,2016-04-26,1,"Rajiv Gandhi International Stadium, Uppal","Rajiv Gandhi International Stadium, Uppal",Hyderabad,Hyderabad,Sunrisers Hyderabad,Sunrisers Hyderabad,Rising Pune Supergiants,Rising Pune Supergiants,118,110,8,8,120,20,42,6,3,54,3,0,0,5,27,3,36,8,2,0,23,45,2,54,10,1,1,21,46,3,30,24,3,2,10
980943,2016,2016-04-26,2,"Rajiv Gandhi International Stadium, Uppal","Rajiv Gandhi International Stadium, Uppal",Hyderabad,Hyderabad,Rising Pune Supergiants,Rising Pune Supergiants,Sunrisers Hyderabad,Sunrisers Hyderabad,94,81,13,3,66,11,56,11,2,31,11,0,0,2,46,1,36,28,7,0,20,48,2,30,28,4,2,11,0,0,0,0,0,0,0
980945,2016,2016-04-27,1,Feroz Shah Kotla,Feroz Shah Kotla,Delhi,Delhi,Gujarat Lions,Gujarat Lions,Delhi Daredevils,Delhi Capitals,172,169,3,6,120,20,98,14,7,35,1,0,0,2,71,0,36,54,6,5,11,61,4,54,30,6,1,17,40,2,30,14,2,1,7
980945,2016,2016-04-27,2,Feroz Shah Kotla,Feroz Shah Kotla,Delhi,Delhi,Delhi Daredevils,Delhi Capitals,Gujarat Lions,Gujarat Lions,171,168,3,5,120,20,98,11,9,39,1,0,0,2,22,3,36,8,2,0,22,94,1,54,56,5,6,10,55,1,30,34,4,3,7
980947,2016,2016-04-28,1,Wankhede Stadium,Wankhede Stadium,Mumbai,Mumbai,Kolkata Knight Riders,Kolkata Knight Riders,Mumbai Indians,Mumbai Indians,174,173,1,5,120,20,86,17,3,30,0,0,0,1,59,0,36,28,4,2,8,67,3,54,30,6,1,13,48,2,30,28,7,0,9
980947,2016,2016-04-28,2,Wankhede Stadium,Wankhede Stadium,Mumbai,Mumbai,Mumbai Indians,Mumbai Indians,Kolkata Knight Riders,Kolkata Knight Riders,178,173,5,4,108,18,126,18,9,37,5,0,0,0,64,1,36,50,8,3,13,62,3,54,36,9,0,20,52,0,18,40,1,6,4
980949,2016,2016-04-29,1,Maharashtra Cricket Association Stadium,Maharashtra Cricket Association Stadium,Pune,Pune,Rising Pune Supergiants,Rising Pune Supergiants,Gujarat Lions,Gujarat Lions,195,188,7,3,120,20,102,15,7,27,4,1,0,2,48,1,36,28,7,0,12,87,1,54,34,4,3,8,60,1,30,40,4,4,7
980949,2016,2016-04-29,2,Maharashtra Cricket Association Stadium,Maharashtra Cricket Association Stadium,Pune,Pune,Gujarat Lions,Gujarat Lions,Rising Pune Supergiants,Rising Pune Supergiants,196,189,7,7,120,20,106,22,3,30,7,0,0,0,72,0,36,50,11,1,12,75,2,54,32,5,2,9,49,5,30,24,6,0,9
980951,2016,2016-04-30,1,Feroz Shah Kotla,Feroz Shah Kotla,Delhi,Delhi,Delhi Daredevils,Delhi Capitals,Kolkata Knight Riders,Kolkata Knight Riders,186,176,10,8,120,20,104,17,6,35,2,1,1,6,37,3,36,20,5,0,18,83,0,54,36,9,0,10,66,5,30,48,3,6,7
980951,2016,2016-04-30,2,Feroz Shah Kotla,Feroz Shah Kotla,Delhi,Delhi,Kolkata Knight Riders,Kolkata Knight Riders,Delhi Daredevils,Delhi Capitals,159,146,13,10,111,18.5,76,13,4,31,4,6,0,3,43,2,36,20,5,0,11,84,3,54,36,6,2,12,32,5,21,20,2,2,8
980953,2016,2016-04-30,1,"Rajiv Gandhi International Stadium, Uppal","Rajiv Gandhi International Stadium, Uppal",Hyderabad,Hyderabad,Sunrisers Hyderabad,Sunrisers Hyderabad,Royal Challengers Bangalore,Royal Challengers Bengaluru,194,189,5,5,120,20,124,19,8,36,3,1,0,1,49,1,36,30,6,1,18,92,0,54,58,10,3,10,53,4,30,36,3,4,8
980953,2016,2016-04-30,2,"Rajiv Gandhi International Stadium, Uppal","Rajiv Gandhi International Stadium, Uppal",Hyderabad,Hyderabad,Royal Challengers Bangalore,Royal Challengers Bengaluru,Sunrisers Hyderabad,Sunrisers Hyderabad,179,176,3,6,120,20,92,14,6,30,2,0,1,0,45,1,36,20,5,0,10,87,3,54,48,6,4,13,47,2,30,24,3,2,7
980955,2016,2016-05-01,1,Saurashtra Cricket Association Stadium,Saurashtra Cricket Association Stadium,Rajkot,Rajkot,Kings XI Punjab,Punjab Kings,Gujarat Lions,Gujarat Lions,154,150,4,10,119,19.83,66,15,1,38,3,0,0,1,59,0,36,34,7,1,13,51,5,54,12,3,0,17,44,5,29,20,5,0,8
980955,2016,2016-05-01,2,Saurashtra Cricket Association Stadium,Saurashtra Cricket Association Stadium,Rajkot,Rajkot,Gujarat Lions,Gujarat Lions,Kings XI Punjab,Punjab Kings,131,127,4,9,120,20,56,11,2,48,3,0,1,0,36,2,36,24,3,2,20,51,5,54,12,3,0,20,44,2,30,20,5,0,8
980957,2016,2016-05-01,1,Maharashtra Cricket Association Stadium,Maharashtra Cricket Association Stadium,Pune,Pune,Rising Pune Supergiants,Rising Pune Supergiants,Mumbai Indians,Mumbai Indians,159,151,8,5,120,20,76,10,6,42,7,0,0,1,54,1,36,36,6,2,16,66,2,54,30,3,3,18,39,2,30,10,1,1,8
980957,2016,2016-05-01,2,Maharashtra Cricket Association Stadium,Maharashtra Cricket Association Stadium,Pune,Pune,Mumbai Indians,Mumbai Indians,Rising Pune Supergiants,Rising Pune Supergiants,161,155,6,2,111,18.5,90,15,5,33,2,0,0,4,47,1,36,34,7,1,19,68,1,54,28,4,2,13,46,0,21,28,4,2,1
980959,2016,2016-05-02,1,M Chinnaswamy Stadium,M Chinnaswamy Stadium,Bangalore,Bengaluru,Royal Challengers Bangalore,Royal Challengers Bengaluru,Kolkata Knight Riders,Kolkata Knight Riders,185,181,4,7,120,20,114,18,7,37,2,2,0,0,40,1,36,18,3,1,15,72,2,54,40,7,2,16,73,4,30,56,8,4,6
980959,2016,2016-05-02,2,M Chinnaswamy Stadium,M Chinnaswamy Stadium,Bangalore,Bengaluru,Kolkata Knight Riders,Kolkata Knight Riders,Royal Challengers Bangalore,Royal Challengers Bengaluru,189,170,19,5,115,19.17,106,13,9,34,13,0,4,2,37,2,36,14,2,1,14,86,2,54,42,3,5,17,66,1,25,50,8,3,3
980961,2016,2016-05-03,1,Saurashtra Cricket Association Stadium,Saurashtra Cricket Association Stadium,Rajkot,Rajkot,Gujarat Lions,Gujarat Lions,Delhi Daredevils,Delhi Capitals,149,143,6,7,120,20,68,14,2,43,3,0,0,3,35,3,36,22,4,1,20,64,1,54,24,6,0,18,50,3,30,22,4,1,5
980961,2016,2016-05-03,2,Saurashtra Cricket Association Stadium,Saurashtra Cricket Association Stadium,Rajkot,Rajkot,Delhi Daredevils,Delhi Capitals,Gujarat Lions,Gujarat Lions,150,147,3,2,104,17.33,88,16,4,32,1,1,0,1,61,0,36,38,8,1,9,60,2,54,32,5,2,21,29,0,14,18,3,1,2
980963,2016,2016-05-04,1,Eden Gardens,Eden Gardens,Kolkata,Kolkata,Kolkata Knight Riders,Kolkata Knight Riders,Kings XI Punjab,Punjab Kings,164,159,5,3,120,20,82,13,5,29,3,0,0,2,40,0,36,24,6,0,14,81,1,54,42,6,3,11,43,2,30,16,1,2,4
980963,2016,2016-05-04,2,Eden Gardens,Eden Gardens,Kolkata,Kolkata,Kings XI Punjab,Punjab Kings,Kolkata Knight Riders,Kolkata Knight Riders,157,145,12,9,120,20,84,12,6,46,4,0,4,4,37,3,36,20,5,0,21,80,1,54,44,5,4,17,40,5,30,20,2,2,8
980965,2016,2016-05-05,1,Feroz Shah Kotla,Feroz Shah Kotla,Delhi,Delhi,Delhi Daredevils,Delhi Capitals,Rising Pune Supergiants,Rising Pune Supergiants,162,154,8,7,120,20,80,11,6,38,6,1,0,1,48,2,36,32,8,0,17,64,2,54,16,1,2,12,50,3,30,32,2,4,9
980965,2016,2016-05-05,2,Feroz Shah Kotla,Feroz Shah Kotla,Delhi,Delhi,Rising Pune Supergiants,Rising Pune Supergiants,Delhi Daredevils,Delhi Capitals,166,155,11,3,115,19.17,80,11,6,30,7,3,0,1,50,0,36,30,6,1,11,66,2,54,24,3,2,15,50,1,25,26,2,3,4
980967,2016,2016-05-06,1,"Rajiv Gandhi International Stadium, Uppal","Rajiv Gandhi International Stadium, Uppal",Hyderabad,Hyderabad,Gujarat Lions,Gujarat Lions,Sunrisers Hyderabad,Sunrisers Hyderabad,126,121,5,6,120,20,50,8,3,49,5,0,0,0,26,3,36,16,1,2,24,59,2,54,16,4,0,17,41,1,30,18,3,1,8
980967,2016,2016-05-06,2,"Rajiv Gandhi International Stadium, Uppal","Rajiv Gandhi International Stadium, Uppal",Hyderabad,Hyderabad,Sunrisers Hyderabad,Sunrisers Hyderabad,Gujarat Lions,Gujarat Lions,129,123,6,5,114,19,64,13,2,49,3,0,0,3,38,2,36,24,3,2,20,53,2,54,20,5,0,24,38,1,24,20,5,0,5
980969,2016,2016-05-07,1,M Chinnaswamy Stadium,M Chinnaswamy Stadium,Bangalore,Bengaluru,Rising Pune Supergiants,Rising Pune Supergiants,Royal Challengers Bangalore,Royal Challengers Bengaluru,191,184,7,6,120,20,122,20,7,39,6,0,0,1,60,1,36,48,9,2,14,78,1,54,36,9,0,15,53,4,30,38,2,5,10
980969,2016,2016-05-07,2,M Chinnaswamy Stadium,M Chinnaswamy Stadium,Bangalore,Bengaluru,Royal Challengers Bangalore,Royal Challengers Bengaluru,Rising Pune Supergiants,Rising Pune Supergiants,195,189,6,3,117,19.5,122,14,11,28,0,1,0,5,46,0,36,22,1,3,12,96,2,54,64,10,4,9,53,1,27,36,3,4,7
980971,2016,2016-05-07,1,"Punjab Cricket Association IS Bindra Stadium, Mohali","Punjab Cricket Association IS Bindra Stadium, Mohali",Chandigarh,Chandigarh,Kings XI Punjab,Punjab Kings,Delhi Daredevils,Delhi Capitals,181,173,8,5,120,20,90,15,5,32,3,0,0,5,45,1,36,24,6,0,15,74,2,54,32,5,2,12,62,2,30,34,4,3,5
980971,2016,2016-05-07,2,"Punjab Cricket Association IS Bindra Stadium, Mohali","Punjab Cricket Association IS Bindra Stadium, Mohali",Chandigarh,Chandigarh,Delhi Daredevils,Delhi Capitals,Kings XI Punjab,Punjab Kings,172,163,9,5,120,20,82,13,5,34,3,0,0,6,51,0,36,30,6,1,11,81,2,54,32,5,2,11,40,3,30,20,2,2,12
980973,2016,2016-05-08,1,Dr. Y.S. Rajasekhara Reddy ACA-VDCA Cricket Stadium,Dr Y.S. Rajasekhara Reddy ACA-VDCA Cricket Stadium,Visakhapatnam,Visakhapatnam,Sunrisers Hyderabad,Sunrisers Hyderabad,Mumbai Indians,Mumbai Indians,177,172,5,3,120,20,104,20,4,37,3,0,0,2,51,0,36,30,6,1,11,65,2,54,30,6,1,20,61,1,30,44,8,2,6
980973,2016,2016-05-08,2,Dr. Y.S. Rajasekhara Reddy ACA-VDCA Cricket Stadium,Dr Y.S. Rajasekhara Reddy ACA-VDCA Cricket Stadium,Visakhapatnam,Visakhapatnam,Mumbai Indians,Mumbai Indians,Sunrisers Hyderabad,Sunrisers Hyderabad,92,86,6,10,99,16.5,46,10,1,51,4,0,0,2,32,5,36,22,4,1,23,53,4,54,20,5,0,22,7,1,9,4,1,0,6
980975,2016,2016-05-08,1,Eden Gardens,Eden Gardens,Kolkata,Kolkata,Kolkata Knight Riders,Kolkata Knight Riders,Gujarat Lions,Gujarat Lions,158,152,6,4,120,20,86,14,5,43,4,0,0,2,28,4,36,16,4,0,24,70,0,54,34,7,1,14,60,0,30,36,3,4,5
980975,2016,2016-05-08,2,Eden Gardens,Eden Gardens,Kolkata,Kolkata,Gujarat Lions,Gujarat Lions,Kolkata Knight Riders,Kolkata Knight Riders,164,159,5,5,108,18,118,19,7,44,5,0,0,0,46,1,36,34,7,1,21,89,2,54,60,9,4,14,29,2,18,24,3,2,9
980977,2016,2016-05-09,1,"Punjab Cricket Association IS Bindra Stadium, Mohali","Punjab Cricket Association IS Bindra Stadium, Mohali",Chandigarh,Chandigarh,Royal Challengers Bangalore,Royal Challengers Bengaluru,Kings XI Punjab,Punjab Kings,175,171,4,6,120,20,78,15,3,31,4,0,0,0,56,0,36,38,8,1,12,57,3,54,8,2,0,14,62,3,30,32,5,2,5
980977,2016,2016-05-09,2,"Punjab Cricket Association IS Bindra Stadium, Mohali","Punjab Cricket Association IS Bindra Stadium, Mohali",Chandigarh,Chandigarh,Kings XI Punjab,Punjab Kings,Royal Challengers Bangalore,Royal Challengers Bengaluru,174,169,5,4,120,20,88,19,2,28,2,0,0,3,50,1,36,24,6,0,8,73,2,54,34,7,1,13,51,1,30,30,6,1,7
980979,2016,2016-05-10,1,Dr. Y.S. Rajasekhara Reddy ACA-VDCA Cricket Stadium,Dr Y.S. Rajasekhara Reddy ACA-VDCA Cricket Stadium,Visakhapatnam,Visakhapatnam,Sunrisers Hyderabad,Sunrisers Hyderabad,Rising Pune Supergiants,Rising Pune Supergiants,137,132,5,8,120,20,74,8,7,53,4,0,0,1,34,1,36,20,2,2,22,62,1,54,30,3,3,21,41,6,30,24,3,2,10
980979,2016,2016-05-10,2,Dr. Y.S. Rajasekhara Reddy ACA-VDCA Cricket Stadium,Dr Y.S. Rajasekhara Reddy ACA-VDCA Cricket Stadium,Visakhapatnam,Visakhapatnam,Rising Pune Supergiants,Rising Pune Supergiants,Sunrisers Hyderabad,Sunrisers Hyderabad,133,130,3,8,120,20,64,10,4,44,1,0,0,2,25,2,36,16,4,0,23,61,3,54,26,5,1,16,47,3,30,22,1,3,5
980981,2016,2016-05-11,1,M Chinnaswamy Stadium,M Chinnaswamy Stadium,Bangalore,Bengaluru,Royal Challengers Bangalore,Royal Challengers Bengaluru,Mumbai Indians,Mumbai Indians,151,144,7,4,120,20,86,8,9,46,2,0,0,5,25,2,36,14,2,1,23,66,1,54,34,4,3,18,60,1,30,38,2,5,5
980981,2016,2016-05-11,2,M Chinnaswamy Stadium,M Chinnaswamy Stadium,Bangalore,Bengaluru,Mumbai Indians,Mumbai Indians,Royal Challengers Bangalore,Royal Challengers Bengaluru,153,143,10,4,112,18.67,84,9,8,43,8,2,0,0,39,1,36,22,4,1,19,58,2,54,26,2,3,21,56,1,22,36,3,4,3
980983,2016,2016-05-12,1,"Rajiv Gandhi International Stadium, Uppal","Rajiv Gandhi International Stadium, Uppal",Hyderabad,Hyderabad,Sunrisers Hyderabad,Sunrisers Hyderabad,Delhi Daredevils,Delhi Capitals,146,135,11,8,120,20,68,14,2,41,3,2,0,6,51,0,36,26,5,1,11,62,3,54,30,6,1,20,33,5,30,12,3,0,10
980983,2016,2016-05-12,2,"Rajiv Gandhi International Stadium, Uppal","Rajiv Gandhi International Stadium, Uppal",Hyderabad,Hyderabad,Delhi Daredevils,Delhi Capitals,Sunrisers Hyderabad,Sunrisers Hyderabad,150,147,3,3,109,18.17,90,12,7,41,3,0,0,0,50,1,36,38,8,1,16,64,2,54,30,3,3,19,36,0,19,22,1,3,6
980985,2016,2016-05-13,1,Dr. Y.S. Rajasekhara Reddy ACA-VDCA Cricket Stadium,Dr Y.S. Rajasekhara Reddy ACA-VDCA Cricket Stadium,Visakhapatnam,Visakhapatnam,Mumbai Indians,Mumbai Indians,Kings XI Punjab,Punjab Kings,124,116,8,9,120,20,68,5,8,62,2,0,0,6,21,2,36,10,1,1,24,59,3,54,28,1,4,25,44,4,30,30,3,3,13
980985,2016,2016-05-13,2,Dr. Y.S. Rajasekhara Reddy ACA-VDCA Cricket Stadium,Dr Y.S. Rajasekhara Reddy ACA-VDCA Cricket Stadium,Visakhapatnam,Visakhapatnam,Kings XI Punjab,Punjab Kings,Mumbai Indians,Mumbai Indians,127,116,11,3,102,17,60,12,2,37,4,0,4,3,32,1,36,20,5,0,21,78,0,54,32,5,2,12,17,2,12,8,2,0,4
980987,2016,2016-05-14,1,M Chinnaswamy Stadium,M Chinnaswamy Stadium,Bangalore,Bengaluru,Royal Challengers Bangalore,Royal Challengers Bengaluru,Gujarat Lions,Gujarat Lions,248,244,4,3,120,20,188,17,20,34,1,1,1,1,42,1,36,32,5,2,20,94,0,54,56,8,4,9,112,2,30,100,4,14,5
980987,2016,2016-05-14,2,M Chinnaswamy Stadium,M Chinnaswamy Stadium,Bangalore,Bengaluru,Gujarat Lions,Gujarat Lions,Royal Challengers Bangalore,Royal Challengers Bengaluru,104,92,12,10,112,18.67,48,9,2,56,5,3,1,3,41,2,36,26,5,1,16,53,6,54,18,3,1,24,10,2,22,4,1,0,16
980989,2016,2016-05-14,1,Eden Gardens,Eden Gardens,Kolkata,Kolkata,Rising Pune Supergiants,Rising Pune Supergiants,Kolkata Knight Riders,Kolkata Knight Riders,103,97,6,6,106,17.67,40,7,2,48,1,1,0,4,37,2,36,20,5,0,18,57,3,54,14,2,1,18,9,1,16,6,0,1,12
980989,2016,2016-05-14,2,Eden Gardens,Eden Gardens,Kolkata,Kolkata,Kolkata Knight Riders,Kolkata Knight Riders,Rising Pune Supergiants,Rising Pune Supergiants,66,56,10,2,30,5,42,6,3,9,8,0,1,1,66,2,30,42,6,3,9,0,0,0,0,0,0,0,0,0,0,0,0,0,0
980991,2016,2016-05-15,1,"Punjab Cricket Association IS Bindra Stadium, Mohali","Punjab Cricket Association IS Bindra Stadium, Mohali",Chandigarh,Chandigarh,Kings XI Punjab,Punjab Kings,Sunrisers Hyderabad,Sunrisers Hyderabad,179,176,3,4,120,20,110,23,3,34,0,0,0,3,47,1,36,30,6,1,13,74,1,54,36,9,0,14,58,2,30,44,8,2,7
980991,2016,2016-05-15,2,"Punjab Cricket Association IS Bindra Stadium, Mohali","Punjab Cricket Association IS Bindra Stadium, Mohali",Chandigarh,Chandigarh,Sunrisers Hyderabad,Sunrisers Hyderabad,Kings XI Punjab,Punjab Kings,180,171,9,3,118,19.67,102,15,7,33,3,2,0,4,55,0,36,34,7,1,9,75,2,54,34,7,1,15,50,1,28,34,1,5,9
980993,2016,2016-05-15,1,Dr. Y.S. Rajasekhara Reddy ACA-VDCA Cricket Stadium,Dr Y.S. Rajasekhara Reddy ACA-VDCA Cricket Stadium,Visakhapatnam,Visakhapatnam,Mumbai Indians,Mumbai Indians,Delhi Daredevils,Delhi Capitals,206,199,7,4,120,20,136,13,14,39,1,0,4,2,45,0,36,28,1,4,16,99,2,54,62,8,5,15,62,2,30,46,4,5,8
980993,2016,2016-05-15,2,Dr. Y.S. Rajasekhara Reddy ACA-VDCA Cricket Stadium,Dr Y.S. Rajasekhara Reddy ACA-VDCA Cricket Stadium,Visakhapatnam,Visakhapatnam,Delhi Daredevils,Delhi Capitals,Mumbai Indians,Mumbai Indians,126,123,3,10,115,19.17,74,11,5,51,1,0,1,1,49,2,36,34,4,3,14,59,4,54,30,6,1,22,18,4,25,10,1,1,15
980995,2016,2016-05-16,1,Eden Gardens,Eden Gardens,Kolkata,Kolkata,Kolkata Knight Riders,Kolkata Knight Riders,Royal Challengers Bangalore,Royal Challengers Bengaluru,183,171,12,5,120,20,100,16,6,32,6,0,0,6,51,1,36,36,9,0,13,73,3,54,28,4,2,14,59,1,30,36,3,4,5
980995,2016,2016-05-16,2,Eden Gardens,Eden Gardens,Kolkata,Kolkata,Royal Challengers Bangalore,Royal Challengers Bengaluru,Kolkata Knight Riders,Kolkata Knight Riders,186,183,3,1,112,18.67,120,15,10,35,1,1,0,1,63,0,36,52,7,4,15,72,1,54,36,3,4,18,51,0,22,32,5,2,2
980997,2016,2016-05-17,1,Dr. Y.S. Rajasekhara Reddy ACA-VDCA Cricket Stadium,Dr Y.S. Rajasekhara Reddy ACA-VDCA Cricket Stadium,Visakhapatnam,Visakhapatnam,Delhi Daredevils,Delhi Capitals,Rising Pune Supergiants,Rising Pune Supergiants,121,119,2,6,120,20,56,11,2,52,2,0,0,0,28,2,36,16,4,0,21,45,3,54,12,3,0,24,48,1,30,28,4,2,7
980997,2016,2016-05-17,2,Dr. Y.S. Rajasekhara Reddy ACA-VDCA Cricket Stadium,Dr Y.S. Rajasekhara Reddy ACA-VDCA Cricket Stadium,Visakhapatnam,Visakhapatnam,Rising Pune Supergiants,Rising Pune Supergiants,Delhi Daredevils,Delhi Capitals,76,69,7,1,66,11,46,10,1,31,4,1,0,2,44,1,36,28,7,0,19,32,0,30,18,3,1,12,0,0,0,0,0,0,0
980999,2016,2016-05-18,1,M Chinnaswamy Stadium,M Chinnaswamy Stadium,Bangalore,Bengaluru,Royal Challengers Bangalore,Royal Challengers Bengaluru,Kings XI Punjab,Punjab Kings,211,203,8,3,90,15,172,19,16,29,6,2,0,0,63,0,36,52,7,4,15,148,3,54,120,12,12,14,0,0,0,0,0,0,0
980999,2016,2016-05-18,2,M Chinnaswamy Stadium,M Chinnaswamy Stadium,Bangalore,Bengaluru,Kings XI Punjab,Punjab Kings,Royal Challengers Bangalore,Royal Challengers Bengaluru,120,114,6,9,84,14,72,12,4,26,5,0,0,1,59,4,36,40,7,2,13,61,5,48,32,5,2,13,0,0,0,0,0,0,0
981001,2016,2016-05-19,1,Green Park,Green Park,Kanpur,Kanpur,Kolkata Knight Riders,Kolkata Knight Riders,Gujarat Lions,Gujarat Lions,124,117,7,8,120,20,64,10,4,53,5,0,0,2,44,2,36,26,5,1,17,39,3,54,10,1,1,24,41,3,30,28,4,2,12
981001,2016,2016-05-19,2,Green Park,Green Park,Kanpur,Kanpur,Gujarat Lions,Gujarat Lions,Kolkata Knight Riders,Kolkata Knight Riders,125,108,17,4,81,13.5,68,11,4,30,16,0,0,1,55,3,36,32,5,2,15,70,1,45,36,6,2,15,0,0,0,0,0,0,0
981003,2016,2016-05-20,1,Shaheed Veer Narayan Singh International Stadium,Shaheed Veer Narayan Singh International Stadium,Raipur,Raipur,Sunrisers Hyderabad,Sunrisers Hyderabad,Delhi Daredevils,Delhi Capitals,158,155,3,7,120,20,78,15,3,38,1,0,1,1,46,1,36,32,8,0,17,69,3,54,26,5,1,13,43,3,30,20,2,2,8
981003,2016,2016-05-20,2,Shaheed Veer Narayan Singh International Stadium,Shaheed Veer Narayan Singh International Stadium,Raipur,Raipur,Delhi Daredevils,Delhi Capitals,Sunrisers Hyderabad,Sunrisers Hyderabad,161,147,14,4,120,20,74,14,3,38,10,0,0,4,37,1,36,20,5,0,23,70,1,54,22,4,1,8,54,2,30,32,5,2,7
981005,2016,2016-05-21,1,Dr. Y.S. Rajasekhara Reddy ACA-VDCA Cricket Stadium,Dr Y.S. Rajasekhara Reddy ACA-VDCA Cricket Stadium,Visakhapatnam,Visakhapatnam,Kings XI Punjab,Punjab Kings,Rising Pune Supergiants,Rising Pune Supergiants,172,168,4,7,120,20,100,13,8,38,3,0,0,1,52,0,36,36,6,2,17,68,2,54,28,4,2,12,52,5,30,36,3,4,9
981005,2016,2016-05-21,2,Dr. Y.S. Rajasekhara Reddy ACA-VDCA Cricket Stadium,Dr Y.S. Rajasekhara Reddy ACA-VDCA Cricket Stadium,Visakhapatnam,Visakhapatnam,Rising Pune Supergiants,Rising Pune Supergiants,Kings XI Punjab,Punjab Kings,173,165,8,6,120,20,104,14,8,46,7,0,0,1,44,1,36,30,6,1,17,59,4,54,20,2,2,21,70,1,30,54,6,5,8
981007,2016,2016-05-21,1,Green Park,Green Park,Kanpur,Kanpur,Mumbai Indians,Mumbai Indians,Gujarat Lions,Gujarat Lions,172,164,8,8,120,20,110,17,7,45,4,1,0,3,49,3,36,44,8,2,21,85,1,54,46,7,3,13,38,4,30,20,2,2,11
981007,2016,2016-05-21,2,Green Park,Green Park,Kanpur,Kanpur,Gujarat Lions,Gujarat Lions,Mumbai Indians,Mumbai Indians,173,167,6,4,107,17.83,126,24,5,37,4,0,0,2,70,1,36,58,10,3,14,77,3,54,52,10,2,17,26,0,17,16,4,0,6
981009,2016,2016-05-22,1,Eden Gardens,Eden Gardens,Kolkata,Kolkata,Kolkata Knight Riders,Kolkata Knight Riders,Sunrisers Hyderabad,Sunrisers Hyderabad,171,167,4,6,120,20,82,13,5,28,3,0,0,1,48,2,36,28,7,0,11,93,1,54,46,4,5,8,30,3,30,8,2,0,9
981009,2016,2016-05-22,2,Eden Gardens,Eden Gardens,Kolkata,Kolkata,Sunrisers Hyderabad,Sunrisers Hyderabad,Kolkata Knight Riders,Kolkata Knight Riders,149,138,11,8,120,20,72,9,6,45,3,1,1,6,48,1,36,30,3,3,16,66,3,54,34,4,3,22,35,4,30,8,2,0,7
981011,2016,2016-05-22,1,Shaheed Veer Narayan Singh International Stadium,Shaheed Veer Narayan Singh International Stadium,Raipur,Raipur,Delhi Daredevils,Delhi Capitals,Royal Challengers Bangalore,Royal Challengers Bengaluru,138,132,6,8,120,20,54,9,3,39,4,1,0,1,43,2,36,24,3,2,17,55,4,54,14,2,1,15,40,2,30,16,4,0,7
981011,2016,2016-05-22,2,Shaheed Veer Narayan Singh International Stadium,Shaheed Veer Narayan Singh International Stadium,Raipur,Raipur,Royal Challengers Bangalore,Royal Challengers Bengaluru,Delhi Daredevils,Delhi Capitals,139,129,10,4,109,18.17,64,13,2,41,10,0,0,0,49,2,36,30,6,1,18,62,2,54,26,5,1,17,28,0,19,8,2,0,6
981013,2016,2016-05-24,1,M Chinnaswamy Stadium,M Chinnaswamy Stadium,Bangalore,Bengaluru,Gujarat Lions,Gujarat Lions,Royal Challengers Bangalore,Royal Challengers Bengaluru,158,147,11,10,120,20,96,12,8,47,5,0,0,6,23,3,36,12,3,0,22,81,1,54,50,5,5,16,54,6,30,34,4,3,9
981013,2016,2016-05-24,2,M Chinnaswamy Stadium,M Chinnaswamy Stadium,Bangalore,Bengaluru,Royal Challengers Bangalore,Royal Challengers Bengaluru,Gujarat Lions,Gujarat Lions,159,143,16,6,110,18.33,90,12,7,40,8,1,0,7,31,5,36,14,2,1,22,79,1,54,42,6,3,15,49,0,20,34,4,3,3
981015,2016,2016-05-25,1,Feroz Shah Kotla,Feroz Shah Kotla,Delhi,Delhi,Sunrisers Hyderabad,Sunrisers Hyderabad,Kolkata Knight Riders,Kolkata Knight Riders,162,156,6,8,120,20,98,14,7,45,4,0,1,1,43,1,36,26,5,1,14,66,2,54,34,4,3,19,53,5,30,38,5,3,12
981015,2016,2016-05-25,2,Feroz Shah Kotla,Feroz Shah Kotla,Delhi,Delhi,Kolkata Knight Riders,Kolkata Knight Riders,Sunrisers Hyderabad,Sunrisers Hyderabad,140,131,9,8,120,20,50,8,3,38,0,0,0,9,46,1,36,18,3,1,14,64,3,54,24,3,2,14,30,4,30,8,2,0,10
981017,2016,2016-05-27,1,Feroz Shah Kotla,Feroz Shah Kotla,Delhi,Delhi,Gujarat Lions,Gujarat Lions,Sunrisers Hyderabad,Sunrisers Hyderabad,162,157,5,7,120,20,106,22,3,49,5,0,0,0,38,2,36,28,7,0,23,71,3,54,46,7,3,20,53,2,30,32,8,0,6
981017,2016,2016-05-27,2,Feroz Shah Kotla,Feroz Shah Kotla,Delhi,Delhi,Sunrisers Hyderabad,Sunrisers Hyderabad,Gujarat Lions,Gujarat Lions,163,161,2,6,116,19.33,102,15,7,42,1,0,0,1,46,2,36,32,8,0,15,70,3,54,40,4,4,19,47,1,26,30,3,3,8
981019,2016,2016-05-29,1,M Chinnaswamy Stadium,M Chinnaswamy Stadium,Bangalore,Bengaluru,Sunrisers Hyderabad,Sunrisers Hyderabad,Royal Challengers Bangalore,Royal Challengers Bengaluru,208,194,14,7,120,20,140,20,10,36,11,0,1,2,59,0,36,42,6,3,13,81,3,54,50,8,3,14,68,4,30,48,6,4,9
981019,2016,2016-05-29,2,M Chinnaswamy Stadium,M Chinnaswamy Stadium,Bangalore,Bengaluru,Royal Challengers Bangalore,Royal Challengers Bengaluru,Sunrisers Hyderabad,Sunrisers Hyderabad,200,191,9,7,120,20,126,12,13,36,4,0,0,5,59,0,36,40,4,4,15,99,3,54,66,6,7,13,42,4,30,20,2,2,8
1082591,2017,2017-04-05,1,"Rajiv Gandhi International Stadium, Uppal","Rajiv Gandhi International Stadium, Uppal",Hyderabad,Hyderabad,Sunrisers Hyderabad,Sunrisers Hyderabad,Royal Challengers Bangalore,Royal Challengers Bengaluru,207,200,7,4,120,20,122,17,9,26,5,1,0,1,59,1,36,38,8,1,12,92,1,54,48,6,4,7,56,2,30,36,3,4,7
1082591,2017,2017-04-05,2,"Rajiv Gandhi International Stadium, Uppal","Rajiv Gandhi International Stadium, Uppal",Hyderabad,Hyderabad,Royal Challengers Bangalore,Royal Challengers Bengaluru,Sunrisers Hyderabad,Sunrisers Hyderabad,172,166,6,10,118,19.67,108,15,8,44,4,1,0,1,54,1,36,40,7,2,18,85,4,54,46,7,3,12,33,5,28,22,1,3,14
1082592,2017,2017-04-06,1,Maharashtra Cricket Association Stadium,Maharashtra Cricket Association Stadium,Pune,Pune,Mumbai Indians,Mumbai Indians,Rising Pune Supergiant,Rising Pune Supergiants,184,176,8,8,120,20,114,12,11,41,6,0,1,1,61,1,36,46,7,3,17,59,4,54,20,2,2,17,64,3,30,48,3,6,7
1082592,2017,2017-04-06,2,Maharashtra Cricket Association Stadium,Maharashtra Cricket Association Stadium,Pune,Pune,Rising Pune Supergiant,Rising Pune Supergiants,Mumbai Indians,Mumbai Indians,187,183,4,3,119,19.83,108,18,6,29,3,0,0,1,59,1,36,40,7,2,10,80,1,54,40,7,2,13,48,1,29,28,4,2,6
1082593,2017,2017-04-07,1,Saurashtra Cricket Association Stadium,Saurashtra Cricket Association Stadium,Rajkot,Rajkot,Gujarat Lions,Gujarat Lions,Kolkata Knight Riders,Kolkata Knight Riders,183,179,4,4,120,20,116,20,6,35,2,0,0,2,52,1,36,38,8,1,17,73,2,54,38,5,3,13,58,1,30,40,7,2,5
1082593,2017,2017-04-07,2,Saurashtra Cricket Association Stadium,Saurashtra Cricket Association Stadium,Rajkot,Rajkot,Kolkata Knight Riders,Kolkata Knight Riders,Gujarat Lions,Gujarat Lions,184,169,15,0,89,14.83,120,18,8,21,11,0,4,0,73,0,36,56,11,2,11,111,0,53,64,7,6,10,0,0,0,0,0,0,0
1082594,2017,2017-04-08,1,Holkar Cricket Stadium,Holkar Cricket Stadium,Indore,Indore,Rising Pune Supergiant,Rising Pune Supergiants,Kings XI Punjab,Punjab Kings,163,157,6,6,120,20,86,11,7,32,5,0,0,1,35,1,36,18,3,1,15,73,3,54,34,4,3,12,55,2,30,34,4,3,5
1082594,2017,2017-04-08,2,Holkar Cricket Stadium,Holkar Cricket Stadium,Indore,Indore,Kings XI Punjab,Punjab Kings,Rising Pune Supergiant,Rising Pune Supergiants,164,154,10,4,114,19,98,11,9,40,9,0,0,1,56,2,36,40,7,2,13,72,2,54,36,3,4,18,36,0,24,22,1,3,9
1082595,2017,2017-04-08,1,M.Chinnaswamy Stadium,M Chinnaswamy Stadium,Bengaluru,Bengaluru,Royal Challengers Bangalore,Royal Challengers Bengaluru,Delhi Daredevils,Delhi Capitals,157,151,6,8,120,20,98,14,7,50,4,0,0,2,41,2,36,32,8,0,21,80,2,54,44,5,4,15,36,4,30,22,1,3,14
1082595,2017,2017-04-08,2,M.Chinnaswamy Stadium,M Chinnaswamy Stadium,Bengaluru,Bengaluru,Delhi Daredevils,Delhi Capitals,Royal Challengers Bangalore,Royal Challengers Bengaluru,142,137,5,9,120,20,70,10,5,47,4,0,0,1,43,2,36,20,5,0,15,70,4,54,36,3,4,19,29,3,30,14,2,1,13
1082596,2017,2017-04-09,1,"Rajiv Gandhi International Stadium, Uppal","Rajiv Gandhi International Stadium, Uppal",Hyderabad,Hyderabad,Gujarat Lions,Gujarat Lions,Sunrisers Hyderabad,Sunrisers Hyderabad,135,132,3,7,120,20,56,11,2,36,0,0,1,2,40,2,36,20,5,0,14,62,2,54,26,5,1,15,33,3,30,10,1,1,7
1082596,2017,2017-04-09,2,"Rajiv Gandhi International Stadium, Uppal","Rajiv Gandhi International Stadium, Uppal",Hyderabad,Hyderabad,Sunrisers Hyderabad,Sunrisers Hyderabad,Gujarat Lions,Gujarat Lions,140,137,3,1,93,15.5,78,12,5,27,3,0,0,0,59,1,36,42,6,3,14,72,0,54,30,6,1,13,9,0,3,6,0,1,0
1082597,2017,2017-04-09,1,Wankhede Stadium,Wankhede Stadium,Mumbai,Mumbai,Kolkata Knight Riders,Kolkata Knight Riders,Mumbai Indians,Mumbai Indians,178,169,9,7,120,20,92,14,6,35,5,3,0,1,59,2,36,34,7,1,13,58,2,54,22,4,1,17,61,3,30,36,3,4,5
1082597,2017,2017-04-09,2,Wankhede Stadium,Wankhede Stadium,Mumbai,Mumbai,Mumbai Indians,Mumbai Indians,Kolkata Knight Riders,Kolkata Knight Riders,180,168,12,6,119,19.83,114,15,9,48,7,0,0,5,49,0,36,22,4,1,15,66,4,54,44,5,4,28,65,2,29,48,6,4,5
1082598,2017,2017-04-10,1,Holkar Cricket Stadium,Holkar Cricket Stadium,Indore,Indore,Royal Challengers Bangalore,Royal Challengers Bengaluru,Kings XI Punjab,Punjab Kings,148,144,4,4,120,20,90,6,11,53,3,0,0,1,23,3,36,14,2,1,24,48,1,54,14,2,1,22,77,0,30,62,2,9,7
1082598,2017,2017-04-10,2,Holkar Cricket Stadium,Holkar Cricket Stadium,Indore,Indore,Kings XI Punjab,Punjab Kings,Royal Challengers Bangalore,Royal Challengers Bengaluru,150,144,6,2,87,14.5,98,11,9,21,2,0,0,4,62,1,36,40,7,2,9,88,1,51,58,4,7,12,0,0,0,0,0,0,0
1082599,2017,2017-04-11,1,Maharashtra Cricket Association Stadium,Maharashtra Cricket Association Stadium,Pune,Pune,Delhi Daredevils,Delhi Capitals,Rising Pune Supergiant,Rising Pune Supergiants,205,197,8,4,120,20,128,17,10,32,5,0,0,3,62,1,36,40,10,0,10,61,1,54,22,1,3,16,82,2,30,66,6,7,6
1082599,2017,2017-04-11,2,Maharashtra Cricket Association Stadium,Maharashtra Cricket Association Stadium,Pune,Pune,Rising Pune Supergiant,Rising Pune Supergiants,Delhi Daredevils,Delhi Capitals,108,103,5,10,97,16.17,52,7,4,41,4,0,0,1,50,3,36,20,5,0,10,56,5,54,32,2,4,26,2,2,7,0,0,0,5
1082600,2017,2017-04-12,1,Wankhede Stadium,Wankhede Stadium,Mumbai,Mumbai,Sunrisers Hyderabad,Sunrisers Hyderabad,Mumbai Indians,Mumbai Indians,158,147,11,8,120,20,90,18,3,45,5,1,0,5,34,0,36,20,5,0,19,84,3,54,54,9,3,18,40,5,30,16,4,0,8
1082600,2017,2017-04-12,2,Wankhede Stadium,Wankhede Stadium,Mumbai,Mumbai,Mumbai Indians,Mumbai Indians,Sunrisers Hyderabad,Sunrisers Hyderabad,159,155,4,6,112,18.67,100,16,6,39,1,0,0,3,61,2,36,46,10,1,14,60,2,54,26,2,3,18,38,2,22,28,4,2,7
1082601,2017,2017-04-13,1,Eden Gardens,Eden Gardens,Kolkata,Kolkata,Kings XI Punjab,Punjab Kings,Kolkata Knight Riders,Kolkata Knight Riders,170,154,16,9,120,20,108,18,6,54,13,2,0,1,57,1,36,38,8,1,20,77,3,54,48,6,4,20,36,5,30,22,4,1,14
1082601,2017,2017-04-13,2,Eden Gardens,Eden Gardens,Kolkata,Kolkata,Kolkata Knight Riders,Kolkata Knight Riders,Kings XI Punjab,Punjab Kings,171,160,11,2,99,16.5,110,20,5,25,5,0,0,6,76,1,36,62,11,3,15,81,1,54,38,8,1,7,14,0,9,10,1,1,3
1082602,2017,2017-04-14,1,M Chinnaswamy Stadium,M Chinnaswamy Stadium,Bangalore,Bengaluru,Royal Challengers Bangalore,Royal Challengers Bengaluru,Mumbai Indians,Mumbai Indians,142,131,11,5,120,20,52,7,4,41,3,1,4,3,41,0,36,22,4,1,16,69,1,54,30,3,3,15,32,4,30,0,0,0,10
1082602,2017,2017-04-14,2,M Chinnaswamy Stadium,M Chinnaswamy Stadium,Bangalore,Bengaluru,Mumbai Indians,Mumbai Indians,Royal Challengers Bangalore,Royal Challengers Bengaluru,145,132,13,6,113,18.83,70,7,7,41,7,0,0,6,21,4,36,4,1,0,20,70,1,54,34,4,3,16,54,1,23,32,2,4,5
1082603,2017,2017-04-14,1,Saurashtra Cricket Association Stadium,Saurashtra Cricket Association Stadium,Rajkot,Rajkot,Rising Pune Supergiant,Rising Pune Supergiants,Gujarat Lions,Gujarat Lions,171,166,5,8,120,20,96,15,6,37,4,0,0,1,64,2,36,50,8,3,15,62,3,54,26,5,1,14,45,3,30,20,2,2,8
1082603,2017,2017-04-14,2,Saurashtra Cricket Association Stadium,Saurashtra Cricket Association Stadium,Rajkot,Rajkot,Gujarat Lions,Gujarat Lions,Rising Pune Supergiant,Rising Pune Supergiants,172,167,5,3,108,18,122,20,7,41,4,0,0,1,61,0,36,50,8,3,15,72,3,54,44,8,2,22,39,0,18,28,4,2,4
1082604,2017,2017-04-15,1,Eden Gardens,Eden Gardens,Kolkata,Kolkata,Kolkata Knight Riders,Kolkata Knight Riders,Sunrisers Hyderabad,Sunrisers Hyderabad,172,161,11,6,120,20,94,13,7,40,10,0,0,1,40,2,36,22,4,1,17,84,1,54,42,6,3,11,48,3,30,30,3,3,12
1082604,2017,2017-04-15,2,Eden Gardens,Eden Gardens,Kolkata,Kolkata,Sunrisers Hyderabad,Sunrisers Hyderabad,Kolkata Knight Riders,Kolkata Knight Riders,155,148,7,6,120,20,94,16,5,48,4,0,2,1,45,0,36,32,8,0,17,68,5,54,42,6,3,22,42,1,30,20,2,2,9
1082605,2017,2017-04-15,1,Feroz Shah Kotla,Feroz Shah Kotla,Delhi,Delhi,Delhi Daredevils,Delhi Capitals,Kings XI Punjab,Punjab Kings,188,178,10,6,120,20,122,23,5,41,4,4,0,2,49,0,36,38,8,1,16,71,4,54,36,9,0,18,68,2,30,48,6,4,7
1082605,2017,2017-04-15,2,Feroz Shah Kotla,Feroz Shah Kotla,Delhi,Delhi,Kings XI Punjab,Punjab Kings,Delhi Daredevils,Delhi Capitals,137,135,2,9,120,20,62,11,3,40,1,0,0,1,40,3,36,24,6,0,15,63,3,54,26,5,1,16,34,3,30,12,0,2,9
1082606,2017,2017-04-16,1,Wankhede Stadium,Wankhede Stadium,Mumbai,Mumbai,Gujarat Lions,Gujarat Lions,Mumbai Indians,Mumbai Indians,176,165,11,4,120,20,84,12,6,36,8,2,0,1,46,1,36,28,4,2,17,74,2,54,28,4,2,14,56,1,30,28,4,2,5
1082606,2017,2017-04-16,2,Wankhede Stadium,Wankhede Stadium,Mumbai,Mumbai,Mumbai Indians,Mumbai Indians,Gujarat Lions,Gujarat Lions,177,164,13,4,117,19.5,92,11,8,32,10,0,0,3,56,1,36,30,3,3,14,76,2,54,38,5,3,14,45,1,27,24,3,2,4
1082607,2017,2017-04-16,1,M Chinnaswamy Stadium,M Chinnaswamy Stadium,Bangalore,Bengaluru,Rising Pune Supergiant,Rising Pune Supergiants,Royal Challengers Bangalore,Royal Challengers Bengaluru,161,148,13,8,120,20,92,17,4,43,7,0,1,5,55,0,36,34,7,1,12,62,2,54,26,5,1,19,44,6,30,32,5,2,12
1082607,2017,2017-04-16,2,M Chinnaswamy Stadium,M Chinnaswamy Stadium,Bangalore,Bengaluru,Royal Challengers Bangalore,Royal Challengers Bengaluru,Rising Pune Supergiant,Rising Pune Supergiants,134,126,8,9,120,20,58,7,5,46,5,0,1,2,42,2,36,28,4,2,19,50,2,54,6,0,1,17,42,5,30,24,3,2,10
1082608,2017,2017-04-17,1,Feroz Shah Kotla,Feroz Shah Kotla,Delhi,Delhi,Delhi Daredevils,Delhi Capitals,Kolkata Knight Riders,Kolkata Knight Riders,168,165,3,7,120,20,100,19,4,35,2,0,1,0,53,0,36,32,8,0,9,57,4,54,24,6,0,17,58,3,30,44,5,4,9
1082608,2017,2017-04-17,2,Feroz Shah Kotla,Feroz Shah Kotla,Delhi,Delhi,Kolkata Knight Riders,Kolkata Knight Riders,Delhi Daredevils,Delhi Capitals,169,158,11,6,119,19.83,82,13,5,33,8,0,0,3,49,3,36,32,8,0,13,86,1,54,44,5,4,14,34,2,29,6,0,1,6
1082609,2017,2017-04-17,1,"Rajiv Gandhi International Stadium, Uppal","Rajiv Gandhi International Stadium, Uppal",Hyderabad,Hyderabad,Sunrisers Hyderabad,Sunrisers Hyderabad,Kings XI Punjab,Punjab Kings,159,148,11,6,120,20,68,11,4,38,6,0,1,4,29,1,36,4,1,0,16,79,2,54,36,6,2,15,51,3,30,28,4,2,7
1082609,2017,2017-04-17,2,"Rajiv Gandhi International Stadium, Uppal","Rajiv Gandhi International Stadium, Uppal",Hyderabad,Hyderabad,Kings XI Punjab,Punjab Kings,Sunrisers Hyderabad,Sunrisers Hyderabad,154,144,10,10,118,19.67,86,11,7,52,5,1,0,4,51,2,36,32,5,2,16,53,4,54,24,3,2,26,50,4,28,30,3,3,10
1082610,2017,2017-04-18,1,Saurashtra Cricket Association Stadium,Saurashtra Cricket Association Stadium,Rajkot,Rajkot,Royal Challengers Bangalore,Royal Challengers Bengaluru,Gujarat Lions,Gujarat Lions,213,209,4,2,120,20,142,19,11,35,3,0,0,1,45,0,36,30,6,1,15,108,1,54,72,6,8,12,60,1,30,40,7,2,8
1082610,2017,2017-04-18,2,Saurashtra Cricket Association Stadium,Saurashtra Cricket Association Stadium,Rajkot,Rajkot,Gujarat Lions,Gujarat Lions,Royal Challengers Bangalore,Royal Challengers Bengaluru,192,184,8,7,120,20,124,10,14,39,6,0,0,2,57,2,36,42,3,5,14,82,3,54,50,5,5,17,53,2,30,32,2,4,8
1082611,2017,2017-04-19,1,"Rajiv Gandhi International Stadium, Uppal","Rajiv Gandhi International Stadium, Uppal",Hyderabad,Hyderabad,Sunrisers Hyderabad,Sunrisers Hyderabad,Delhi Daredevils,Delhi Capitals,191,187,4,4,120,20,102,15,7,24,1,2,0,1,39,1,36,16,4,0,13,96,0,54,50,5,5,7,56,3,30,36,6,2,4
1082611,2017,2017-04-19,2,"Rajiv Gandhi International Stadium, Uppal","Rajiv Gandhi International Stadium, Uppal",Hyderabad,Hyderabad,Delhi Daredevils,Delhi Capitals,Sunrisers Hyderabad,Sunrisers Hyderabad,176,169,7,5,120,20,108,18,6,35,2,0,3,2,56,1,36,48,9,2,17,71,3,54,34,4,3,13,49,1,30,26,5,1,5
1082612,2017,2017-04-20,1,Holkar Cricket Stadium,Holkar Cricket Stadium,Indore,Indore,Kings XI Punjab,Punjab Kings,Mumbai Indians,Mumbai Indians,198,186,12,4,120,20,122,17,9,35,5,2,0,5,46,1,36,30,6,1,15,93,1,54,52,7,4,10,59,2,30,40,4,4,10
1082612,2017,2017-04-20,2,Holkar Cricket Stadium,Holkar Cricket Stadium,Indore,Indore,Mumbai Indians,Mumbai Indians,Kings XI Punjab,Punjab Kings,199,191,8,2,93,15.5,142,13,15,16,5,0,0,3,82,1,36,64,10,4,6,109,1,54,72,3,10,9,8,0,3,6,0,1,1
1082613,2017,2017-04-21,1,Eden Gardens,Eden Gardens,Kolkata,Kolkata,Kolkata Knight Riders,Kolkata Knight Riders,Gujarat Lions,Gujarat Lions,187,184,3,5,120,20,116,23,4,30,1,0,0,2,65,1,36,54,12,1,12,76,1,54,36,6,2,10,46,3,30,26,5,1,8
1082613,2017,2017-04-21,2,Eden Gardens,Eden Gardens,Kolkata,Kolkata,Gujarat Lions,Gujarat Lions,Kolkata Knight Riders,Kolkata Knight Riders,188,183,5,6,110,18.33,128,20,8,30,0,1,0,4,72,1,36,54,9,3,10,74,4,54,44,8,2,15,42,1,20,30,3,3,5
1082614,2017,2017-04-22,1,Wankhede Stadium,Wankhede Stadium,Mumbai,Mumbai,Mumbai Indians,Mumbai Indians,Delhi Daredevils,Delhi Capitals,142,126,16,8,120,20,68,11,4,51,10,1,0,5,48,2,36,28,4,2,18,54,3,54,20,5,0,24,40,3,30,20,2,2,9
1082614,2017,2017-04-22,2,Wankhede Stadium,Wankhede Stadium,Mumbai,Mumbai,Delhi Daredevils,Delhi Capitals,Mumbai Indians,Mumbai Indians,128,120,8,7,120,20,60,12,2,50,5,0,2,1,23,5,36,12,3,0,26,68,1,54,34,7,1,17,37,1,30,14,2,1,7
1082615,2017,2017-04-22,1,Maharashtra Cricket Association Stadium,Maharashtra Cricket Association Stadium,Pune,Pune,Sunrisers Hyderabad,Sunrisers Hyderabad,Rising Pune Supergiant,Rising Pune Supergiants,176,168,8,3,120,20,98,17,5,34,3,1,0,4,45,0,36,24,6,0,12,68,2,54,28,4,2,18,63,1,30,46,7,3,4
1082615,2017,2017-04-22,2,Maharashtra Cricket Association Stadium,Maharashtra Cricket Association Stadium,Pune,Pune,Rising Pune Supergiant,Rising Pune Supergiants,Sunrisers Hyderabad,Sunrisers Hyderabad,179,176,3,4,120,20,112,16,8,36,1,0,0,2,55,1,36,42,6,3,16,60,2,54,30,3,3,18,64,1,30,40,7,2,2
1082616,2017,2017-04-23,1,Saurashtra Cricket Association Stadium,Saurashtra Cricket Association Stadium,Rajkot,Rajkot,Kings XI Punjab,Punjab Kings,Gujarat Lions,Gujarat Lions,188,183,5,7,120,20,122,17,9,35,1,0,1,3,50,1,36,38,8,1,15,85,3,54,54,6,5,14,53,3,30,30,3,3,6
1082616,2017,2017-04-23,2,Saurashtra Cricket Association Stadium,Saurashtra Cricket Association Stadium,Rajkot,Rajkot,Gujarat Lions,Gujarat Lions,Kings XI Punjab,Punjab Kings,162,155,7,7,120,20,76,16,2,33,4,0,1,2,50,2,36,30,6,1,14,71,4,54,30,6,1,12,41,1,30,16,4,0,7
1082617,2017,2017-04-23,1,Eden Gardens,Eden Gardens,Kolkata,Kolkata,Kolkata Knight Riders,Kolkata Knight Riders,Royal Challengers Bangalore,Royal Challengers Bengaluru,131,123,8,10,117,19.5,68,14,2,53,8,0,0,0,65,2,36,48,9,2,15,42,4,54,12,3,0,25,24,4,27,8,2,0,13
1082617,2017,2017-04-23,2,Eden Gardens,Eden Gardens,Kolkata,Kolkata,Royal Challengers Bangalore,Royal Challengers Bengaluru,Kolkata Knight Riders,Kolkata Knight Riders,49,42,7,10,58,9.67,32,8,0,39,2,2,0,3,39,4,36,28,7,0,22,10,6,22,4,1,0,17,0,0,0,0,0,0,0
1082618,2017,2017-04-24,1,Wankhede Stadium,Wankhede Stadium,Mumbai,Mumbai,Rising Pune Supergiant,Rising Pune Supergiants,Mumbai Indians,Mumbai Indians,160,156,4,6,120,20,86,17,3,41,2,0,1,1,48,0,36,32,5,2,16,72,3,54,30,6,1,12,40,3,30,24,6,0,13
1082618,2017,2017-04-24,2,Wankhede Stadium,Wankhede Stadium,Mumbai,Mumbai,Mumbai Indians,Mumbai Indians,Rising Pune Supergiant,Rising Pune Supergiants,157,151,6,8,120,20,94,16,5,44,3,0,0,3,44,1,36,28,7,0,16,69,3,54,40,7,2,19,44,4,30,26,2,3,9
1082620,2017,2017-04-26,1,Maharashtra Cricket Association Stadium,Maharashtra Cricket Association Stadium,Pune,Pune,Rising Pune Supergiant,Rising Pune Supergiants,Kolkata Knight Riders,Kolkata Knight Riders,182,175,7,5,120,20,100,16,6,32,6,0,0,1,57,0,36,38,8,1,11,72,2,54,34,7,1,14,53,3,30,28,1,4,7
1082620,2017,2017-04-26,2,Maharashtra Cricket Association Stadium,Maharashtra Cricket Association Stadium,Pune,Pune,Kolkata Knight Riders,Kolkata Knight Riders,Rising Pune Supergiant,Rising Pune Supergiants,184,171,13,3,109,18.17,110,17,7,27,9,0,0,4,45,1,36,28,7,0,15,114,0,54,66,9,5,4,25,2,19,16,1,2,8
1082621,2017,2017-04-27,1,M Chinnaswamy Stadium,M Chinnaswamy Stadium,Bangalore,Bengaluru,Royal Challengers Bangalore,Royal Challengers Bengaluru,Gujarat Lions,Gujarat Lions,134,122,12,10,120,20,60,9,4,45,3,0,0,9,35,3,36,22,4,1,21,72,4,54,34,4,3,16,27,3,30,4,1,0,8
1082621,2017,2017-04-27,2,M Chinnaswamy Stadium,M Chinnaswamy Stadium,Bangalore,Bengaluru,Gujarat Lions,Gujarat Lions,Royal Challengers Bangalore,Royal Challengers Bengaluru,135,127,8,3,83,13.83,94,13,7,31,4,2,0,2,49,2,36,36,6,2,18,86,1,47,58,7,5,13,0,0,0,0,0,0,0
1082622,2017,2017-04-28,1,Eden Gardens,Eden Gardens,Kolkata,Kolkata,Delhi Daredevils,Delhi Capitals,Kolkata Knight Riders,Kolkata Knight Riders,160,153,7,6,120,20,80,14,4,36,6,0,0,1,53,1,36,34,7,1,14,78,1,54,34,4,3,10,29,4,30,12,3,0,12
1082622,2017,2017-04-28,2,Eden Gardens,Eden Gardens,Kolkata,Kolkata,Kolkata Knight Riders,Kolkata Knight Riders,Delhi Daredevils,Delhi Capitals,161,151,10,3,98,16.33,104,20,4,28,1,0,4,5,47,1,36,20,5,0,12,93,2,54,68,11,4,15,21,0,8,16,4,0,1
1082623,2017,2017-04-28,1,"Punjab Cricket Association IS Bindra Stadium, Mohali","Punjab Cricket Association IS Bindra Stadium, Mohali",Chandigarh,Chandigarh,Sunrisers Hyderabad,Sunrisers Hyderabad,Kings XI Punjab,Punjab Kings,207,204,3,3,120,20,118,19,7,23,2,0,0,1,60,0,36,42,6,3,12,95,2,54,50,8,3,6,52,1,30,26,5,1,5
1082623,2017,2017-04-28,2,"Punjab Cricket Association IS Bindra Stadium, Mohali","Punjab Cricket Association IS Bindra Stadium, Mohali",Chandigarh,Chandigarh,Kings XI Punjab,Punjab Kings,Sunrisers Hyderabad,Sunrisers Hyderabad,181,176,5,9,120,20,124,25,4,38,0,1,0,4,59,3,36,48,9,2,15,79,2,54,52,10,2,16,43,4,30,24,6,0,7
1082624,2017,2017-04-29,1,Maharashtra Cricket Association Stadium,Maharashtra Cricket Association Stadium,Pune,Pune,Rising Pune Supergiant,Rising Pune Supergiants,Royal Challengers Bangalore,Royal Challengers Bengaluru,157,153,4,3,120,20,80,14,4,40,3,0,0,1,43,1,36,26,5,1,16,68,2,54,32,5,2,18,46,0,30,22,4,1,6
1082624,2017,2017-04-29,2,Maharashtra Cricket Association Stadium,Maharashtra Cricket Association Stadium,Pune,Pune,Royal Challengers Bangalore,Royal Challengers Bengaluru,Rising Pune Supergiant,Rising Pune Supergiants,96,92,4,9,120,20,30,6,1,57,2,0,0,2,39,2,36,20,5,0,15,32,5,54,0,0,0,25,25,2,30,10,1,1,17
1082625,2017,2017-04-29,1,Saurashtra Cricket Association Stadium,Saurashtra Cricket Association Stadium,Rajkot,Rajkot,Gujarat Lions,Gujarat Lions,Mumbai Indians,Mumbai Indians,153,142,11,9,120,20,88,13,6,53,7,3,0,1,48,3,36,36,6,2,19,52,3,54,18,3,1,25,53,3,30,34,4,3,9
1082625,2017,2017-04-29,2,Saurashtra Cricket Association Stadium,Saurashtra Cricket Association Stadium,Rajkot,Rajkot,Mumbai Indians,Mumbai Indians,Gujarat Lions,Gujarat Lions,153,152,1,10,120,20,82,16,3,41,1,0,0,0,61,1,36,44,8,2,14,53,3,54,20,5,0,19,39,6,30,18,3,1,8
1082625,2017,2017-04-29,3,Saurashtra Cricket Association Stadium,Saurashtra Cricket Association Stadium,Rajkot,Rajkot,Mumbai Indians,Mumbai Indians,Gujarat Lions,Gujarat Lions,11,11,0,2,5,0.83,10,1,1,2,0,0,0,0,11,2,5,10,1,1,2,0,0,0,0,0,0,0,0,0,0,0,0,0,0
1082625,2017,2017-04-29,4,Saurashtra Cricket Association Stadium,Saurashtra Cricket Association Stadium,Rajkot,Rajkot,Gujarat Lions,Gujarat Lions,Mumbai Indians,Mumbai Indians,6,2,4,0,6,1,0,0,0,2,1,1,1,1,6,0,6,0,0,0,2,0,0,0,0,0,0,0,0,0,0,0,0,0,0
1082626,2017,2017-04-30,1,"Punjab Cricket Association IS Bindra Stadium, Mohali","Punjab Cricket Association IS Bindra Stadium, Mohali",Chandigarh,Chandigarh,Delhi Daredevils,Delhi Capitals,Kings XI Punjab,Punjab Kings,67,62,5,10,103,17.17,24,3,2,64,5,0,0,0,25,3,36,14,2,1,24,35,4,54,10,1,1,32,7,3,13,0,0,0,8
1082626,2017,2017-04-30,2,"Punjab Cricket Association IS Bindra Stadium, Mohali","Punjab Cricket Association IS Bindra Stadium, Mohali",Chandigarh,Chandigarh,Kings XI Punjab,Punjab Kings,Delhi Daredevils,Delhi Capitals,68,66,2,0,47,7.83,46,7,3,20,2,0,0,0,50,0,36,34,7,1,17,18,0,11,12,0,2,3,0,0,0,0,0,0,0
1082627,2017,2017-04-30,1,"Rajiv Gandhi International Stadium, Uppal","Rajiv Gandhi International Stadium, Uppal",Hyderabad,Hyderabad,Sunrisers Hyderabad,Sunrisers Hyderabad,Kolkata Knight Riders,Kolkata Knight Riders,209,201,8,3,120,20,122,17,9,32,6,0,0,2,79,0,36,58,7,5,13,75,1,54,36,3,4,15,55,2,30,28,7,0,4
1082627,2017,2017-04-30,2,"Rajiv Gandhi International Stadium, Uppal","Rajiv Gandhi International Stadium, Uppal",Hyderabad,Hyderabad,Kolkata Knight Riders,Kolkata Knight Riders,Sunrisers Hyderabad,Sunrisers Hyderabad,161,156,5,7,120,20,78,12,5,37,4,0,0,1,44,2,36,32,8,0,17,78,2,54,32,2,4,12,39,3,30,14,2,1,8
1082628,2017,2017-05-01,1,Wankhede Stadium,Wankhede Stadium,Mumbai,Mumbai,Royal Challengers Bangalore,Royal Challengers Bengaluru,Mumbai Indians,Mumbai Indians,162,158,4,8,120,20,88,10,8,39,2,0,0,2,52,2,36,34,4,3,16,63,3,54,28,4,2,16,47,3,30,26,2,3,7
1082628,2017,2017-05-01,2,Wankhede Stadium,Wankhede Stadium,Mumbai,Mumbai,Mumbai Indians,Mumbai Indians,Royal Challengers Bangalore,Royal Challengers Bengaluru,165,158,7,6,119,19.83,86,17,3,34,5,0,0,2,55,1,36,38,8,1,13,59,4,54,24,6,0,19,51,1,29,24,3,2,2
1082629,2017,2017-05-01,1,Maharashtra Cricket Association Stadium,Maharashtra Cricket Association Stadium,Pune,Pune,Gujarat Lions,Gujarat Lions,Rising Pune Supergiant,Rising Pune Supergiants,161,154,7,10,119,19.83,90,15,5,40,2,0,0,5,55,1,36,42,6,3,16,80,5,54,40,7,2,13,26,4,29,8,2,0,11
1082629,2017,2017-05-01,2,Maharashtra Cricket Association Stadium,Maharashtra Cricket Association Stadium,Pune,Pune,Rising Pune Supergiant,Rising Pune Supergiants,Gujarat Lions,Gujarat Lions,167,160,7,5,119,19.83,96,12,8,43,4,0,0,3,43,4,36,30,6,1,19,59,0,54,26,2,3,23,65,1,29,40,4,4,1
1082630,2017,2017-05-02,1,Feroz Shah Kotla,Feroz Shah Kotla,Delhi,Delhi,Sunrisers Hyderabad,Sunrisers Hyderabad,Delhi Daredevils,Delhi Capitals,185,177,8,3,120,20,112,22,4,38,2,1,0,5,66,1,36,44,8,2,14,48,2,54,18,3,1,22,71,0,30,50,11,1,2
1082630,2017,2017-05-02,2,Feroz Shah Kotla,Feroz Shah Kotla,Delhi,Delhi,Delhi Daredevils,Delhi Capitals,Sunrisers Hyderabad,Sunrisers Hyderabad,189,186,3,4,115,19.17,120,15,10,31,2,0,0,1,62,1,36,46,7,3,13,80,2,54,44,5,4,15,47,1,25,30,3,3,3
1082631,2017,2017-05-03,1,Eden Gardens,Eden Gardens,Kolkata,Kolkata,Kolkata Knight Riders,Kolkata Knight Riders,Rising Pune Supergiant,Rising Pune Supergiants,155,150,5,8,120,20,98,14,7,47,0,0,0,5,41,3,36,26,5,1,20,69,2,54,42,6,3,18,45,3,30,30,3,3,9
1082631,2017,2017-05-03,2,Eden Gardens,Eden Gardens,Kolkata,Kolkata,Rising Pune Supergiant,Rising Pune Supergiants,Kolkata Knight Riders,Kolkata Knight Riders,158,150,8,6,116,19.33,106,13,9,50,2,0,4,2,74,2,36,60,9,4,15,60,2,54,34,4,3,23,24,2,26,12,0,2,12
1082632,2017,2017-05-04,1,Feroz Shah Kotla,Feroz Shah Kotla,Delhi,Delhi,Gujarat Lions,Gujarat Lions,Delhi Daredevils,Delhi Capitals,208,203,5,7,120,20,130,16,11,33,4,0,0,1,58,2,36,40,7,2,13,106,2,54,66,6,7,10,44,3,30,24,3,2,10
1082632,2017,2017-05-04,2,Feroz Shah Kotla,Feroz Shah Kotla,Delhi,Delhi,Delhi Daredevils,Delhi Capitals,Gujarat Lions,Gujarat Lions,214,202,12,3,105,17.5,152,8,20,28,5,0,1,6,63,1,36,42,3,5,11,119,2,54,86,5,11,12,32,0,15,24,0,4,5
1082633,2017,2017-05-05,1,M Chinnaswamy Stadium,M Chinnaswamy Stadium,Bangalore,Bengaluru,Kings XI Punjab,Punjab Kings,Royal Challengers Bangalore,Royal Challengers Bengaluru,138,126,12,7,120,20,62,11,3,50,3,0,8,1,35,2,36,20,5,0,19,49,3,54,10,1,1,21,54,2,30,32,5,2,10
1082633,2017,2017-05-05,2,M Chinnaswamy Stadium,M Chinnaswamy Stadium,Bangalore,Bengaluru,Royal Challengers Bangalore,Royal Challengers Bengaluru,Kings XI Punjab,Punjab Kings,119,112,7,10,114,19,58,10,3,50,3,0,0,4,46,3,36,40,7,2,22,52,4,54,18,3,1,23,21,3,24,0,0,0,5
1082634,2017,2017-05-06,1,"Rajiv Gandhi International Stadium, Uppal","Rajiv Gandhi International Stadium, Uppal",Hyderabad,Hyderabad,Rising Pune Supergiant,Rising Pune Supergiants,Sunrisers Hyderabad,Sunrisers Hyderabad,148,141,7,8,120,20,56,5,6,36,4,0,1,2,35,1,36,6,0,1,10,65,2,54,22,1,3,16,48,5,30,28,4,2,10
1082634,2017,2017-05-06,2,"Rajiv Gandhi International Stadium, Uppal","Rajiv Gandhi International Stadium, Uppal",Hyderabad,Hyderabad,Sunrisers Hyderabad,Sunrisers Hyderabad,Rising Pune Supergiant,Rising Pune Supergiants,136,134,2,9,120,20,74,11,5,55,2,0,0,0,47,2,36,34,7,1,17,54,2,54,24,3,2,24,35,5,30,16,1,2,14
1082635,2017,2017-05-06,1,Feroz Shah Kotla,Feroz Shah Kotla,Delhi,Delhi,Mumbai Indians,Mumbai Indians,Delhi Daredevils,Delhi Capitals,212,193,19,3,120,20,126,15,11,31,10,0,0,9,60,0,36,32,5,2,7,88,2,54,56,5,6,16,64,1,30,38,5,3,8
1082635,2017,2017-05-06,2,Feroz Shah Kotla,Feroz Shah Kotla,Delhi,Delhi,Delhi Daredevils,Delhi Capitals,Mumbai Indians,Mumbai Indians,66,63,3,10,82,13.67,38,5,3,49,1,0,1,1,35,5,36,26,5,1,21,31,5,46,12,0,2,28,0,0,0,0,0,0,0
1082636,2017,2017-05-07,1,M Chinnaswamy Stadium,M Chinnaswamy Stadium,Bangalore,Bengaluru,Royal Challengers Bangalore,Royal Challengers Bengaluru,Kolkata Knight Riders,Kolkata Knight Riders,158,155,3,6,120,20,80,11,6,37,2,0,0,1,40,3,36,26,5,1,20,65,0,54,18,3,1,9,53,3,30,36,3,4,8
1082636,2017,2017-05-07,2,M Chinnaswamy Stadium,M Chinnaswamy Stadium,Bangalore,Bengaluru,Kolkata Knight Riders,Kolkata Knight Riders,Royal Challengers Bangalore,Royal Challengers Bengaluru,159,153,6,4,91,15.17,108,12,10,31,3,0,0,3,105,0,36,92,11,8,10,52,4,54,16,1,2,21,2,0,1,0,0,0,0
1082637,2017,2017-05-07,1,"Punjab Cricket Association IS Bindra Stadium, Mohali","Punjab Cricket Association IS Bindra Stadium, Mohali",Chandigarh,Chandigarh,Kings XI Punjab,Punjab Kings,Gujarat Lions,Gujarat Lions,189,186,3,3,120,20,98,14,7,25,3,0,0,0,44,1,36,22,4,1,13,79,0,54,30,6,1,7,66,2,30,46,4,5,5
1082637,2017,2017-05-07,2,"Punjab Cricket Association IS Bindra Stadium, Mohali","Punjab Cricket Association IS Bindra Stadium, Mohali",Chandigarh,Chandigarh,Gujarat Lions,Gujarat Lions,Kings XI Punjab,Punjab Kings,192,186,6,4,118,19.67,104,17,6,24,2,1,0,3,58,0,36,36,9,0,9,90,2,54,48,6,4,7,44,2,28,20,2,2,8
1082638,2017,2017-05-08,1,"Rajiv Gandhi International Stadium, Uppal","Rajiv Gandhi International Stadium, Uppal",Hyderabad,Hyderabad,Mumbai Indians,Mumbai Indians,Sunrisers Hyderabad,Sunrisers Hyderabad,138,128,10,7,120,20,58,10,3,47,7,0,2,1,36,2,36,18,3,1,19,63,2,54,26,5,1,18,39,3,30,14,2,1,10
1082638,2017,2017-05-08,2,"Rajiv Gandhi International Stadium, Uppal","Rajiv Gandhi International Stadium, Uppal",Hyderabad,Hyderabad,Sunrisers Hyderabad,Sunrisers Hyderabad,Mumbai Indians,Mumbai Indians,140,136,4,3,110,18.33,64,13,2,35,2,0,0,2,43,1,36,20,5,0,12,70,2,54,40,7,2,21,27,0,20,4,1,0,2
1082639,2017,2017-05-09,1,"Punjab Cricket Association IS Bindra Stadium, Mohali","Punjab Cricket Association IS Bindra Stadium, Mohali",Chandigarh,Chandigarh,Kings XI Punjab,Punjab Kings,Kolkata Knight Riders,Kolkata Knight Riders,167,155,12,6,120,20,82,13,5,37,6,0,2,4,41,2,36,20,5,0,16,74,1,54,32,5,2,15,52,3,30,30,3,3,6
1082639,2017,2017-05-09,2,"Punjab Cricket Association IS Bindra Stadium, Mohali","Punjab Cricket Association IS Bindra Stadium, Mohali",Chandigarh,Chandigarh,Kolkata Knight Riders,Kolkata Knight Riders,Kings XI Punjab,Punjab Kings,153,149,4,6,120,20,80,14,4,38,2,0,0,2,61,1,36,50,11,1,14,57,2,54,16,1,2,17,35,3,30,14,2,1,7
1082640,2017,2017-05-10,1,Green Park,Green Park,Kanpur,Kanpur,Gujarat Lions,Gujarat Lions,Delhi Daredevils,Delhi Capitals,195,184,11,5,120,20,116,20,6,30,4,0,0,7,50,2,36,34,7,1,14,84,1,54,46,7,3,11,61,2,30,36,6,2,5
1082640,2017,2017-05-10,2,Green Park,Green Park,Kanpur,Kanpur,Delhi Daredevils,Delhi Capitals,Gujarat Lions,Gujarat Lions,197,194,3,8,118,19.67,148,31,4,42,1,0,0,2,64,2,36,54,12,1,14,74,4,54,54,12,1,23,59,2,28,40,7,2,5
1082641,2017,2017-05-11,1,Wankhede Stadium,Wankhede Stadium,Mumbai,Mumbai,Kings XI Punjab,Punjab Kings,Mumbai Indians,Mumbai Indians,230,220,10,3,120,20,144,18,12,26,6,3,0,1,71,1,36,50,11,1,10,102,1,54,68,5,8,11,57,1,30,26,2,3,5
1082641,2017,2017-05-11,2,Wankhede Stadium,Wankhede Stadium,Mumbai,Mumbai,Mumbai Indians,Mumbai Indians,Kings XI Punjab,Punjab Kings,223,215,8,6,120,20,156,18,14,38,5,1,0,2,68,0,36,48,9,2,12,80,4,54,50,5,5,19,75,2,30,58,4,7,7
1082642,2017,2017-05-12,1,Feroz Shah Kotla,Feroz Shah Kotla,Delhi,Delhi,Delhi Daredevils,Delhi Capitals,Rising Pune Supergiant,Rising Pune Supergiants,168,161,7,8,120,20,92,14,6,42,4,0,0,3,54,2,36,38,8,1,14,69,2,54,34,4,3,19,45,4,30,20,2,2,9
1082642,2017,2017-05-12,2,Feroz Shah Kotla,Feroz Shah Kotla,Delhi,Delhi,Rising Pune Supergiant,Rising Pune Supergiants,Delhi Daredevils,Delhi Capitals,161,151,10,7,120,20,88,13,6,44,5,0,0,5,53,2,36,34,7,1,13,64,1,54,36,6,2,20,44,4,30,18,0,3,11
1082643,2017,2017-05-13,1,Green Park,Green Park,Kanpur,Kanpur,Gujarat Lions,Gujarat Lions,Sunrisers Hyderabad,Sunrisers Hyderabad,154,148,6,10,116,19.33,96,15,6,44,2,0,1,3,61,0,36,46,7,3,12,65,5,54,38,5,3,23,28,5,26,12,3,0,9
1082643,2017,2017-05-13,2,Green Park,Green Park,Kanpur,Kanpur,Sunrisers Hyderabad,Sunrisers Hyderabad,Gujarat Lions,Gujarat Lions,158,154,4,2,109,18.17,92,23,0,31,1,0,0,3,47,2,36,32,8,0,16,80,0,54,40,10,0,10,31,0,19,20,5,0,5
1082644,2017,2017-05-13,1,Eden Gardens,Eden Gardens,Kolkata,Kolkata,Mumbai Indians,Mumbai Indians,Kolkata Knight Riders,Kolkata Knight Riders,173,156,17,5,120,20,106,19,5,46,6,0,0,11,51,1,36,34,7,1,19,67,1,54,32,8,0,17,55,3,30,40,4,4,10
1082644,2017,2017-05-13,2,Eden Gardens,Eden Gardens,Kolkata,Kolkata,Kolkata Knight Riders,Kolkata Knight Riders,Mumbai Indians,Mumbai Indians,164,156,8,8,120,20,98,14,7,46,5,1,0,2,53,3,36,42,6,3,18,78,3,54,44,5,4,18,33,2,30,12,3,0,10
1082645,2017,2017-05-14,1,Maharashtra Cricket Association Stadium,Maharashtra Cricket Association Stadium,Pune,Pune,Kings XI Punjab,Punjab Kings,Rising Pune Supergiant,Rising Pune Supergiants,73,70,3,10,95,15.83,32,5,2,54,3,0,0,0,32,5,36,22,4,1,23,39,3,54,10,1,1,27,2,2,5,0,0,0,4
1082645,2017,2017-05-14,2,Maharashtra Cricket Association Stadium,Maharashtra Cricket Association Stadium,Pune,Pune,Rising Pune Supergiant,Rising Pune Supergiants,Kings XI Punjab,Punjab Kings,78,77,1,1,72,12,32,5,2,25,1,0,0,0,43,1,36,26,5,1,16,35,0,36,6,0,1,9,0,0,0,0,0,0,0
1082646,2017,2017-05-14,1,Feroz Shah Kotla,Feroz Shah Kotla,Delhi,Delhi,Royal Challengers Bangalore,Royal Challengers Bengaluru,Delhi Daredevils,Delhi Capitals,161,152,9,6,120,20,86,11,7,39,7,0,0,2,37,1,36,24,3,2,19,70,2,54,30,3,3,11,54,3,30,32,5,2,9
1082646,2017,2017-05-14,2,Feroz Shah Kotla,Feroz Shah Kotla,Delhi,Delhi,Delhi Daredevils,Delhi Capitals,Royal Challengers Bangalore,Royal Challengers Bengaluru,151,144,7,10,120,20,88,13,6,49,1,1,4,1,42,2,36,26,5,1,19,62,2,54,26,5,1,18,47,6,30,36,3,4,12
1082647,2017,2017-05-16,1,Wankhede Stadium,Wankhede Stadium,Mumbai,Mumbai,Rising Pune Supergiant,Rising Pune Supergiants,Mumbai Indians,Mumbai Indians,162,155,7,4,120,20,84,9,8,41,4,1,0,2,33,2,36,12,3,0,15,71,1,54,34,4,3,16,58,1,30,38,2,5,10
1082647,2017,2017-05-16,2,Wankhede Stadium,Wankhede Stadium,Mumbai,Mumbai,Mumbai Indians,Mumbai Indians,Rising Pune Supergiant,Rising Pune Supergiants,142,133,9,9,120,20,70,7,7,46,7,0,0,2,42,3,36,26,2,3,18,61,4,54,26,5,1,19,39,2,30,18,0,3,9
1082648,2017,2017-05-17,1,M Chinnaswamy Stadium,M Chinnaswamy Stadium,Bangalore,Bengaluru,Sunrisers Hyderabad,Sunrisers Hyderabad,Kolkata Knight Riders,Kolkata Knight Riders,128,121,7,7,120,20,66,9,5,51,4,0,0,3,30,1,36,12,3,0,15,68,2,54,44,5,4,22,30,4,30,10,1,1,14
1082648,2017,2017-05-17,2,M Chinnaswamy Stadium,M Chinnaswamy Stadium,Bangalore,Bengaluru,Kolkata Knight Riders,Kolkata Knight Riders,Sunrisers Hyderabad,Sunrisers Hyderabad,48,44,4,3,32,5.33,26,2,3,10,3,0,0,1,48,3,32,26,2,3,10,0,0,0,0,0,0,0,0,0,0,0,0,0,0
1082649,2017,2017-05-19,1,M Chinnaswamy Stadium,M Chinnaswamy Stadium,Bangalore,Bengaluru,Kolkata Knight Riders,Kolkata Knight Riders,Mumbai Indians,Mumbai Indians,107,100,7,10,113,18.83,50,8,3,55,4,0,0,3,25,3,36,10,1,1,21,63,3,54,30,6,1,19,19,4,23,10,1,1,15
1082649,2017,2017-05-19,2,M Chinnaswamy Stadium,M Chinnaswamy Stadium,Bangalore,Bengaluru,Mumbai Indians,Mumbai Indians,Kolkata Knight Riders,Kolkata Knight Riders,111,103,8,4,87,14.5,58,13,1,33,4,0,0,4,36,3,36,12,3,0,16,75,1,51,46,10,1,17,0,0,0,0,0,0,0
1082650,2017,2017-05-21,1,"Rajiv Gandhi International Stadium, Uppal","Rajiv Gandhi International Stadium, Uppal",Hyderabad,Hyderabad,Mumbai Indians,Mumbai Indians,Rising Pune Supergiant,Rising Pune Supergiants,129,121,8,8,120,20,62,8,5,52,5,0,1,2,32,2,36,16,4,0,18,49,5,54,20,2,2,26,48,1,30,26,2,3,8
1082650,2017,2017-05-21,2,"Rajiv Gandhi International Stadium, Uppal","Rajiv Gandhi International Stadium, Uppal",Hyderabad,Hyderabad,Rising Pune Supergiant,Rising Pune Supergiants,Mumbai Indians,Mumbai Indians,128,119,9,6,120,20,48,9,2,46,3,0,1,5,38,1,36,12,3,0,15,45,1,54,12,3,0,24,45,4,30,24,3,2,7
1136561,2018,2018-04-07,1,Wankhede Stadium,Wankhede Stadium,Mumbai,Mumbai,Mumbai Indians,Mumbai Indians,Chennai Super Kings,Chennai Super Kings,165,161,4,4,120,20,102,18,5,47,2,0,0,2,39,2,36,24,3,2,22,78,2,54,50,11,1,17,48,0,30,28,4,2,8
1136561,2018,2018-04-07,2,Wankhede Stadium,Wankhede Stadium,Mumbai,Mumbai,Chennai Super Kings,Chennai Super Kings,Mumbai Indians,Mumbai Indians,169,162,7,9,119,19.83,104,11,10,44,4,1,0,2,42,2,36,26,5,1,15,64,5,54,28,4,2,18,63,2,29,50,2,7,11
1136562,2018,2018-04-08,1,Punjab Cricket Association IS Bindra Stadium,"Punjab Cricket Association IS Bindra Stadium, Mohali",Chandigarh,Chandigarh,Delhi Daredevils,Delhi Capitals,Kings XI Punjab,Punjab Kings,166,160,6,7,120,20,74,11,5,26,3,1,1,1,45,1,36,22,4,1,12,78,4,54,36,6,2,9,43,2,30,16,1,2,5
1136562,2018,2018-04-08,2,Punjab Cricket Association IS Bindra Stadium,"Punjab Cricket Association IS Bindra Stadium, Mohali",Chandigarh,Chandigarh,Kings XI Punjab,Punjab Kings,Delhi Daredevils,Delhi Capitals,167,166,1,4,113,18.83,106,16,7,41,0,1,0,0,73,2,36,66,9,5,16,59,1,54,26,5,1,19,35,1,23,14,2,1,6
1136563,2018,2018-04-08,1,Eden Gardens,Eden Gardens,Kolkata,Kolkata,Royal Challengers Bangalore,Royal Challengers Bengaluru,Kolkata Knight Riders,Kolkata Knight Riders,176,170,6,7,120,20,116,14,10,45,5,0,0,1,52,1,36,32,5,2,16,80,3,54,56,5,6,20,44,3,30,28,4,2,9
1136563,2018,2018-04-08,2,Eden Gardens,Eden Gardens,Kolkata,Kolkata,Kolkata Knight Riders,Kolkata Knight Riders,Royal Challengers Bangalore,Royal Challengers Bengaluru,177,164,13,6,113,18.83,114,15,9,41,10,0,0,3,68,2,36,56,5,6,15,73,2,54,32,5,2,15,36,2,23,26,5,1,11
1136564,2018,2018-04-09,1,Rajiv Gandhi International Stadium,"Rajiv Gandhi International Stadium, Uppal",Hyderabad,Hyderabad,Rajasthan Royals,Rajasthan Royals,Sunrisers Hyderabad,Sunrisers Hyderabad,125,117,8,9,120,20,48,12,0,45,5,0,0,3,48,1,36,28,7,0,15,49,5,54,12,3,0,18,28,3,30,8,2,0,12
1136564,2018,2018-04-09,2,Rajiv Gandhi International Stadium,"Rajiv Gandhi International Stadium, Uppal",Hyderabad,Hyderabad,Sunrisers Hyderabad,Sunrisers Hyderabad,Rajasthan Royals,Rajasthan Royals,127,119,8,1,96,16,80,17,2,43,3,1,4,0,57,1,36,44,8,2,19,66,0,55,32,8,0,20,4,0,5,4,1,0,4
1136565,2018,2018-04-10,1,MA Chidambaram Stadium,MA Chidambaram Stadium,Chennai,Chennai,Kolkata Knight Riders,Kolkata Knight Riders,Chennai Super Kings,Chennai Super Kings,202,197,5,6,120,20,146,11,17,43,3,0,1,1,64,2,36,54,6,5,16,59,3,54,26,5,1,20,79,1,30,66,0,11,7
1136565,2018,2018-04-10,2,MA Chidambaram Stadium,MA Chidambaram Stadium,Chennai,Chennai,Chennai Super Kings,Chennai Super Kings,Kolkata Knight Riders,Kolkata Knight Riders,205,198,7,5,119,19.83,120,9,14,29,3,1,0,3,75,1,36,54,6,5,10,70,2,54,32,2,4,15,60,2,29,34,1,5,4
1136566,2018,2018-04-11,1,Sawai Mansingh Stadium,Sawai Mansingh Stadium,Jaipur,Jaipur,Rajasthan Royals,Rajasthan Royals,Delhi Daredevils,Delhi Capitals,153,150,3,5,107,17.83,80,11,6,33,2,0,0,1,51,2,36,28,4,2,13,66,2,54,30,6,1,15,36,1,17,22,1,3,5
1136566,2018,2018-04-11,2,Sawai Mansingh Stadium,Sawai Mansingh Stadium,Jaipur,Jaipur,Delhi Daredevils,Delhi Capitals,Rajasthan Royals,Rajasthan Royals,60,57,3,4,36,6,40,7,2,12,1,0,0,2,60,4,36,40,7,2,12,0,0,0,0,0,0,0,0,0,0,0,0,0,0
1136567,2018,2018-04-12,1,Rajiv Gandhi International Stadium,"Rajiv Gandhi International Stadium, Uppal",Hyderabad,Hyderabad,Mumbai Indians,Mumbai Indians,Sunrisers Hyderabad,Sunrisers Hyderabad,147,139,8,8,120,20,96,15,6,61,3,1,0,4,54,3,36,42,6,3,21,57,2,54,36,6,2,29,36,3,30,18,3,1,11
1136567,2018,2018-04-12,2,Rajiv Gandhi International Stadium,"Rajiv Gandhi International Stadium, Uppal",Hyderabad,Hyderabad,Sunrisers Hyderabad,Sunrisers Hyderabad,Mumbai Indians,Mumbai Indians,151,147,4,9,120,20,78,18,1,37,1,0,0,3,56,0,36,36,9,0,8,65,5,54,28,7,0,16,30,4,30,14,2,1,13
1136568,2018,2018-04-13,1,M.Chinnaswamy Stadium,M Chinnaswamy Stadium,Bengaluru,Bengaluru,Kings XI Punjab,Punjab Kings,Royal Challengers Bangalore,Royal Challengers Bengaluru,155,149,6,10,116,19.33,84,12,6,39,3,0,0,3,50,3,36,42,6,3,19,72,4,54,32,5,2,13,33,3,26,10,1,1,7
1136568,2018,2018-04-13,2,M.Chinnaswamy Stadium,M Chinnaswamy Stadium,Bengaluru,Bengaluru,Royal Challengers Bangalore,Royal Challengers Bengaluru,Kings XI Punjab,Punjab Kings,159,155,4,6,117,19.5,94,16,5,39,1,0,0,3,41,2,36,28,7,0,16,68,2,54,36,6,2,19,50,2,27,30,3,3,4
1136569,2018,2018-04-14,1,Wankhede Stadium,Wankhede Stadium,Mumbai,Mumbai,Mumbai Indians,Mumbai Indians,Delhi Daredevils,Delhi Capitals,194,184,10,7,120,20,118,19,7,37,5,0,0,5,84,0,36,68,11,4,12,74,2,54,42,6,3,17,36,5,30,8,2,0,8
1136569,2018,2018-04-14,2,Wankhede Stadium,Wankhede Stadium,Mumbai,Mumbai,Delhi Daredevils,Delhi Capitals,Mumbai Indians,Mumbai Indians,195,193,2,3,120,20,132,18,10,37,1,0,0,1,53,1,36,38,5,3,14,95,2,54,62,8,5,13,47,0,30,32,5,2,10
1136570,2018,2018-04-14,1,Eden Gardens,Eden Gardens,Kolkata,Kolkata,Kolkata Knight Riders,Kolkata Knight Riders,Sunrisers Hyderabad,Sunrisers Hyderabad,138,131,7,8,120,20,72,12,4,52,3,2,0,2,49,1,36,38,8,1,17,57,4,54,24,3,2,23,32,3,30,10,1,1,12
1136570,2018,2018-04-14,2,Eden Gardens,Eden Gardens,Kolkata,Kolkata,Sunrisers Hyderabad,Sunrisers Hyderabad,Kolkata Knight Riders,Kolkata Knight Riders,139,134,5,5,114,19,74,14,3,43,5,0,0,0,46,2,36,32,8,0,19,66,1,54,28,4,2,14,27,2,24,14,2,1,10
1136571,2018,2018-04-15,1,M.Chinnaswamy Stadium,M Chinnaswamy Stadium,Bengaluru,Bengaluru,Rajasthan Royals,Rajasthan Royals,Royal Challengers Bangalore,Royal Challengers Bengaluru,217,203,14,4,120,20,140,14,14,34,6,2,4,2,52,1,36,34,7,1,13,77,2,54,40,4,4,17,88,1,30,66,3,9,4
1136571,2018,2018-04-15,2,M.Chinnaswamy Stadium,M Chinnaswamy Stadium,Bengaluru,Bengaluru,Royal Challengers Bangalore,Royal Challengers Bengaluru,Rajasthan Royals,Rajasthan Royals,198,192,6,6,120,20,122,20,7,32,3,0,2,1,64,1,36,44,11,0,9,70,4,54,36,3,4,15,64,1,30,42,6,3,8
1136572,2018,2018-04-15,1,Punjab Cricket Association IS Bindra Stadium,"Punjab Cricket Association IS Bindra Stadium, Mohali",Chandigarh,Chandigarh,Kings XI Punjab,Punjab Kings,Chennai Super Kings,Chennai Super Kings,197,196,1,7,120,20,130,19,9,38,1,0,0,0,75,0,36,66,12,3,14,79,4,54,48,6,4,16,43,3,30,16,1,2,8
1136572,2018,2018-04-15,2,Punjab Cricket Association IS Bindra Stadium,"Punjab Cricket Association IS Bindra Stadium, Mohali",Chandigarh,Chandigarh,Chennai Super Kings,Chennai Super Kings,Kings XI Punjab,Punjab Kings,193,180,13,5,120,20,108,15,8,32,11,0,0,2,53,2,36,30,6,1,12,69,2,54,28,4,2,13,71,1,30,50,5,5,7
1136573,2018,2018-04-16,1,Eden Gardens,Eden Gardens,Kolkata,Kolkata,Kolkata Knight Riders,Kolkata Knight Riders,Delhi Daredevils,Delhi Capitals,200,194,6,9,120,20,146,14,15,47,2,0,0,4,50,1,36,42,6,3,20,95,3,54,64,4,8,16,55,5,30,40,4,4,11
1136573,2018,2018-04-16,2,Eden Gardens,Eden Gardens,Kolkata,Kolkata,Delhi Daredevils,Delhi Capitals,Kolkata Knight Riders,Kolkata Knight Riders,129,121,8,10,86,14.33,82,13,5,29,5,0,0,3,56,3,36,36,9,0,13,73,7,50,46,4,5,16,0,0,0,0,0,0,0
1136574,2018,2018-04-17,1,Wankhede Stadium,Wankhede Stadium,Mumbai,Mumbai,Mumbai Indians,Mumbai Indians,Royal Challengers Bangalore,Royal Challengers Bengaluru,213,196,17,6,120,20,150,18,13,48,16,0,0,1,60,2,36,40,7,2,17,83,1,54,60,6,6,23,70,3,30,50,5,5,8
1136574,2018,2018-04-17,2,Wankhede Stadium,Wankhede Stadium,Mumbai,Mumbai,Royal Challengers Bangalore,Royal Challengers Bengaluru,Mumbai Indians,Mumbai Indians,167,160,7,8,120,20,90,12,7,36,3,1,1,2,55,2,36,38,8,1,11,53,4,54,14,2,1,18,59,2,30,38,2,5,7
1136575,2018,2018-04-18,1,Sawai Mansingh Stadium,Sawai Mansingh Stadium,Jaipur,Jaipur,Rajasthan Royals,Rajasthan Royals,Kolkata Knight Riders,Kolkata Knight Riders,160,155,5,8,120,20,84,15,4,40,3,1,0,1,48,0,36,30,6,1,11,64,4,54,34,7,1,20,48,4,30,20,2,2,9
1136575,2018,2018-04-18,2,Sawai Mansingh Stadium,Sawai Mansingh Stadium,Jaipur,Jaipur,Kolkata Knight Riders,Kolkata Knight Riders,Rajasthan Royals,Rajasthan Royals,163,160,3,3,113,18.83,96,15,6,36,2,0,0,1,53,1,36,42,9,1,16,68,2,54,32,5,2,17,42,0,23,22,1,3,3
1136576,2018,2018-04-19,1,Punjab Cricket Association IS Bindra Stadium,"Punjab Cricket Association IS Bindra Stadium, Mohali",Chandigarh,Chandigarh,Kings XI Punjab,Punjab Kings,Sunrisers Hyderabad,Sunrisers Hyderabad,193,185,8,3,120,20,124,10,14,38,3,0,0,5,49,0,36,34,4,3,18,94,2,54,64,4,8,15,50,1,30,26,2,3,5
1136576,2018,2018-04-19,2,Punjab Cricket Association IS Bindra Stadium,"Punjab Cricket Association IS Bindra Stadium, Mohali",Chandigarh,Chandigarh,Sunrisers Hyderabad,Sunrisers Hyderabad,Kings XI Punjab,Punjab Kings,178,165,13,5,120,20,74,11,5,29,10,1,0,2,40,3,36,20,5,0,15,78,1,54,28,4,2,10,60,1,30,26,2,3,4
1136577,2018,2018-04-20,1,Maharashtra Cricket Association Stadium,Maharashtra Cricket Association Stadium,Pune,Pune,Chennai Super Kings,Chennai Super Kings,Rajasthan Royals,Rajasthan Royals,204,198,6,5,120,20,136,25,6,34,5,1,0,0,69,1,36,54,9,3,11,92,2,54,62,11,3,14,43,2,30,20,5,0,9
1136577,2018,2018-04-20,2,Maharashtra Cricket Association Stadium,Maharashtra Cricket Association Stadium,Pune,Pune,Rajasthan Royals,Rajasthan Royals,Chennai Super Kings,Chennai Super Kings,140,132,8,10,111,18.5,58,10,3,36,8,0,0,0,35,3,36,14,2,1,19,80,4,54,32,5,2,11,25,3,21,12,3,0,6
1136578,2018,2018-04-21,1,Eden Gardens,Eden Gardens,Kolkata,Kolkata,Kolkata Knight Riders,Kolkata Knight Riders,Kings XI Punjab,Punjab Kings,191,182,9,7,120,20,114,21,5,35,7,1,0,1,50,1,36,34,7,1,16,96,2,54,56,8,4,10,45,4,30,24,6,0,9
1136578,2018,2018-04-21,2,Eden Gardens,Eden Gardens,Kolkata,Kolkata,Kings XI Punjab,Punjab Kings,Kolkata Knight Riders,Kolkata Knight Riders,126,124,2,1,67,11.17,104,14,8,25,2,0,0,0,73,0,36,62,11,3,12,53,1,31,42,3,5,13,0,0,0,0,0,0,0
1136579,2018,2018-04-21,1,M.Chinnaswamy Stadium,M Chinnaswamy Stadium,Bengaluru,Bengaluru,Delhi Daredevils,Delhi Capitals,Royal Challengers Bangalore,Royal Challengers Bengaluru,174,162,12,5,120,20,112,13,10,44,3,0,0,9,28,2,36,12,3,0,19,75,1,54,40,4,4,14,71,2,30,60,6,6,11
1136579,2018,2018-04-21,2,M.Chinnaswamy Stadium,M Chinnaswamy Stadium,Bengaluru,Bengaluru,Royal Challengers Bangalore,Royal Challengers Bengaluru,Delhi Daredevils,Delhi Capitals,176,172,4,4,108,18,110,14,9,26,3,0,0,1,43,2,36,28,4,2,17,97,1,54,58,7,5,6,36,1,18,24,3,2,3
1136580,2018,2018-04-22,1,Rajiv Gandhi International Stadium,"Rajiv Gandhi International Stadium, Uppal",Hyderabad,Hyderabad,Chennai Super Kings,Chennai Super Kings,Sunrisers Hyderabad,Sunrisers Hyderabad,182,178,4,3,120,20,120,18,8,39,4,0,0,0,27,1,36,14,2,1,22,93,1,54,62,8,5,14,62,1,30,44,8,2,3
1136580,2018,2018-04-22,2,Rajiv Gandhi International Stadium,"Rajiv Gandhi International Stadium, Uppal",Hyderabad,Hyderabad,Sunrisers Hyderabad,Sunrisers Hyderabad,Chennai Super Kings,Chennai Super Kings,178,176,2,6,120,20,112,10,12,44,2,0,0,0,40,3,36,32,5,2,23,77,1,54,36,3,4,12,61,2,30,44,2,6,9
1136581,2018,2018-04-22,1,Sawai Mansingh Stadium,Sawai Mansingh Stadium,Jaipur,Jaipur,Mumbai Indians,Mumbai Indians,Rajasthan Royals,Rajasthan Royals,167,162,5,7,120,20,94,13,7,43,3,1,0,1,43,1,36,30,3,3,17,92,1,54,46,7,3,11,32,5,30,18,3,1,15
1136581,2018,2018-04-22,2,Sawai Mansingh Stadium,Sawai Mansingh Stadium,Jaipur,Jaipur,Rajasthan Royals,Rajasthan Royals,Mumbai Indians,Mumbai Indians,168,162,6,7,118,19.67,74,14,3,33,4,2,0,0,43,2,36,20,5,0,13,75,1,54,22,4,1,10,50,4,28,32,5,2,10
1136582,2018,2018-04-23,1,Arun Jaitley Stadium,Arun Jaitley Stadium,Delhi,Delhi,Kings XI Punjab,Punjab Kings,Delhi Daredevils,Delhi Capitals,143,129,14,8,120,20,60,12,2,42,5,0,1,8,51,2,36,34,7,1,13,49,2,54,12,3,0,20,43,4,30,14,2,1,9
1136582,2018,2018-04-23,2,Arun Jaitley Stadium,Arun Jaitley Stadium,Delhi,Delhi,Delhi Daredevils,Delhi Capitals,Kings XI Punjab,Punjab Kings,139,130,9,8,120,20,62,11,3,49,7,0,0,2,48,3,36,26,5,1,18,48,2,54,16,4,0,24,43,3,30,20,2,2,7
1136583,2018,2018-04-24,1,Wankhede Stadium,Wankhede Stadium,Mumbai,Mumbai,Sunrisers Hyderabad,Sunrisers Hyderabad,Mumbai Indians,Mumbai Indians,118,106,12,10,112,18.67,58,13,1,53,8,0,4,0,51,4,36,28,7,0,16,55,3,54,24,6,0,20,12,3,22,6,0,1,17
1136583,2018,2018-04-24,2,Wankhede Stadium,Wankhede Stadium,Mumbai,Mumbai,Mumbai Indians,Mumbai Indians,Sunrisers Hyderabad,Sunrisers Hyderabad,87,85,2,10,113,18.83,46,10,1,65,1,0,0,1,22,3,36,12,3,0,25,55,3,54,30,6,1,24,10,4,23,4,1,0,16
1136584,2018,2018-04-25,1,M.Chinnaswamy Stadium,M Chinnaswamy Stadium,Bengaluru,Bengaluru,Royal Challengers Bangalore,Royal Challengers Bengaluru,Chennai Super Kings,Chennai Super Kings,205,197,8,8,120,20,132,9,16,42,4,0,4,0,52,1,36,40,4,4,18,90,3,54,56,2,8,17,63,4,30,36,3,4,7
1136584,2018,2018-04-25,2,M.Chinnaswamy Stadium,M Chinnaswamy Stadium,Bengaluru,Bengaluru,Chennai Super Kings,Chennai Super Kings,Royal Challengers Bangalore,Royal Challengers Bengaluru,207,196,11,5,118,19.67,138,9,17,36,8,1,0,2,55,2,36,44,5,4,17,80,2,54,46,1,7,17,72,1,28,48,3,6,2
1136585,2018,2018-04-26,1,Rajiv Gandhi International Stadium,"Rajiv Gandhi International Stadium, Uppal",Hyderabad,Hyderabad,Sunrisers Hyderabad,Sunrisers Hyderabad,Kings XI Punjab,Punjab Kings,132,124,8,6,120,20,56,11,2,51,5,1,1,1,37,3,36,24,6,0,21,60,1,54,14,2,1,16,35,2,30,18,3,1,14
1136585,2018,2018-04-26,2,Rajiv Gandhi International Stadium,"Rajiv Gandhi International Stadium, Uppal",Hyderabad,Hyderabad,Kings XI Punjab,Punjab Kings,Sunrisers Hyderabad,Sunrisers Hyderabad,119,117,2,10,116,19.33,60,9,4,48,0,0,1,1,44,0,36,32,5,2,17,47,5,54,12,0,2,21,28,5,26,16,4,0,10
1136586,2018,2018-04-27,1,Arun Jaitley Stadium,Arun Jaitley Stadium,Delhi,Delhi,Delhi Daredevils,Delhi Capitals,Kolkata Knight Riders,Kolkata Knight Riders,219,215,4,4,120,20,156,15,16,38,2,1,0,1,57,0,36,44,8,2,14,83,3,54,50,5,5,17,79,1,30,62,2,9,7
1136586,2018,2018-04-27,2,Arun Jaitley Stadium,Arun Jaitley Stadium,Delhi,Delhi,Kolkata Knight Riders,Kolkata Knight Riders,Delhi Daredevils,Delhi Capitals,164,160,4,9,120,20,102,12,9,46,3,0,0,1,51,4,36,34,4,3,14,89,1,54,56,5,6,15,24,4,30,12,3,0,17
1136587,2018,2018-04-28,1,Maharashtra Cricket Association Stadium,Maharashtra Cricket Association Stadium,Pune,Pune,Chennai Super Kings,Chennai Super Kings,Mumbai Indians,Mumbai Indians,169,162,7,5,120,20,102,12,9,42,4,0,0,3,51,1,36,36,3,4,16,66,1,54,36,6,2,20,52,3,30,30,3,3,6
1136587,2018,2018-04-28,2,Maharashtra Cricket Association Stadium,Maharashtra Cricket Association Stadium,Pune,Pune,Mumbai Indians,Mumbai Indians,Chennai Super Kings,Chennai Super Kings,170,160,10,2,118,19.67,92,14,6,38,5,0,4,1,50,0,36,30,6,1,16,73,1,54,36,3,4,16,47,1,28,26,5,1,6
1136588,2018,2018-04-29,1,Sawai Mansingh Stadium,Sawai Mansingh Stadium,Jaipur,Jaipur,Sunrisers Hyderabad,Sunrisers Hyderabad,Rajasthan Royals,Rajasthan Royals,151,150,1,7,120,20,72,15,2,37,0,0,1,0,39,1,36,20,5,0,14,81,2,54,44,8,2,13,31,4,30,8,2,0,10
1136588,2018,2018-04-29,2,Sawai Mansingh Stadium,Sawai Mansingh Stadium,Jaipur,Jaipur,Rajasthan Royals,Rajasthan Royals,Sunrisers Hyderabad,Sunrisers Hyderabad,140,139,1,6,120,20,48,9,2,33,0,0,0,1,43,1,36,26,5,1,16,59,3,54,12,3,0,11,38,2,30,10,1,1,6
1136589,2018,2018-04-29,1,M.Chinnaswamy Stadium,M Chinnaswamy Stadium,Bengaluru,Bengaluru,Royal Challengers Bangalore,Royal Challengers Bengaluru,Kolkata Knight Riders,Kolkata Knight Riders,175,165,10,4,120,20,102,12,9,40,5,0,1,4,40,0,36,26,5,1,17,69,3,54,32,5,2,16,66,1,30,44,2,6,7
1136589,2018,2018-04-29,2,M.Chinnaswamy Stadium,M Chinnaswamy Stadium,Bengaluru,Bengaluru,Kolkata Knight Riders,Kolkata Knight Riders,Royal Challengers Bangalore,Royal Challengers Bengaluru,176,168,8,5,115,19.17,108,18,6,39,7,0,1,0,51,0,36,36,6,2,16,73,2,54,42,6,3,19,52,3,25,30,6,1,4
1136590,2018,2018-04-30,1,Maharashtra Cricket Association Stadium,Maharashtra Cricket Association Stadium,Pune,Pune,Chennai Super Kings,Chennai Super Kings,Delhi Daredevils,Delhi Capitals,211,204,7,4,120,20,140,14,14,32,3,1,1,2,56,0,36,44,5,4,15,81,3,54,40,4,4,13,74,1,30,56,5,6,4
1136590,2018,2018-04-30,2,Maharashtra Cricket Association Stadium,Maharashtra Cricket Association Stadium,Pune,Pune,Delhi Daredevils,Delhi Capitals,Chennai Super Kings,Chennai Super Kings,198,190,8,5,120,20,126,15,11,34,6,0,0,2,59,2,36,46,7,3,15,69,2,54,30,3,3,13,70,1,30,50,5,5,6
1136591,2018,2018-05-01,1,M.Chinnaswamy Stadium,M Chinnaswamy Stadium,Bengaluru,Bengaluru,Royal Challengers Bangalore,Royal Challengers Bengaluru,Mumbai Indians,Mumbai Indians,167,161,6,7,120,20,106,10,11,50,1,2,1,2,43,1,36,30,3,3,20,80,2,54,48,6,4,18,44,4,30,28,1,4,12
1136591,2018,2018-05-01,2,M.Chinnaswamy Stadium,M Chinnaswamy Stadium,Bengaluru,Bengaluru,Mumbai Indians,Mumbai Indians,Royal Challengers Bangalore,Royal Challengers Bengaluru,153,130,23,7,120,20,70,13,3,48,18,0,1,4,40,3,36,20,5,0,20,66,2,54,22,4,1,20,47,2,30,28,4,2,8
1136592,2018,2018-05-02,1,Arun Jaitley Stadium,Arun Jaitley Stadium,Delhi,Delhi,Delhi Daredevils,Delhi Capitals,Rajasthan Royals,Rajasthan Royals,196,189,7,6,103,17.17,142,16,13,36,6,0,0,1,62,1,36,54,6,5,17,110,3,54,74,8,7,15,24,2,13,14,2,1,4
1136592,2018,2018-05-02,2,Arun Jaitley Stadium,Arun Jaitley Stadium,Delhi,Delhi,Rajasthan Royals,Rajasthan Royals,Delhi Daredevils,Delhi Capitals,146,142,4,5,72,12,108,9,12,18,3,0,0,1,79,0,36,62,5,7,8,67,5,36,46,4,5,10,0,0,0,0,0,0,0
1136593,2018,2018-05-03,1,Eden Gardens,Eden Gardens,Kolkata,Kolkata,Chennai Super Kings,Chennai Super Kings,Kolkata Knight Riders,Kolkata Knight Riders,177,170,7,5,120,20,110,17,7,39,3,0,4,0,57,1,36,48,9,2,16,64,3,54,30,6,1,16,56,1,30,32,2,4,7
1136593,2018,2018-05-03,2,Eden Gardens,Eden Gardens,Kolkata,Kolkata,Kolkata Knight Riders,Kolkata Knight Riders,Chennai Super Kings,Chennai Super Kings,180,168,12,4,106,17.67,122,20,7,41,11,0,0,1,56,2,36,50,8,3,21,85,2,54,48,6,4,20,39,0,16,24,6,0,0
1136594,2018,2018-05-04,1,Holkar Cricket Stadium,Holkar Cricket Stadium,Indore,Indore,Kings XI Punjab,Punjab Kings,Mumbai Indians,Mumbai Indians,174,164,10,6,120,20,106,10,11,41,5,0,0,5,49,0,36,34,4,3,16,74,3,54,40,4,4,18,51,3,30,32,2,4,7
1136594,2018,2018-05-04,2,Holkar Cricket Stadium,Holkar Cricket Stadium,Indore,Indore,Mumbai Indians,Mumbai Indians,Kings XI Punjab,Punjab Kings,176,170,6,4,114,19,118,13,11,40,2,0,0,4,39,1,36,20,2,2,15,79,2,54,54,6,5,20,58,1,24,44,5,4,5
1136595,2018,2018-05-05,1,Maharashtra Cricket Association Stadium,Maharashtra Cricket Association Stadium,Pune,Pune,Royal Challengers Bangalore,Royal Challengers Bengaluru,Chennai Super Kings,Chennai Super Kings,127,123,4,9,120,20,62,11,3,51,1,0,0,3,47,1,36,32,5,2,16,42,6,54,12,3,0,23,38,2,30,18,3,1,12
1136595,2018,2018-05-05,2,Maharashtra Cricket Association Stadium,Maharashtra Cricket Association Stadium,Pune,Pune,Chennai Super Kings,Chennai Super Kings,Royal Challengers Bangalore,Royal Challengers Bengaluru,128,121,7,4,108,18,80,8,8,53,3,1,0,3,42,1,36,28,4,2,19,47,3,54,24,3,2,30,39,0,18,28,1,4,4
1136596,2018,2018-05-05,1,Rajiv Gandhi International Stadium,"Rajiv Gandhi International Stadium, Uppal",Hyderabad,Hyderabad,Delhi Daredevils,Delhi Capitals,Sunrisers Hyderabad,Sunrisers Hyderabad,163,160,3,5,120,20,80,11,6,33,2,0,0,1,60,1,36,42,6,3,12,65,1,54,24,3,2,12,38,3,30,14,2,1,9
1136596,2018,2018-05-05,2,Rajiv Gandhi International Stadium,"Rajiv Gandhi International Stadium, Uppal",Hyderabad,Hyderabad,Sunrisers Hyderabad,Sunrisers Hyderabad,Delhi Daredevils,Delhi Capitals,164,158,6,3,119,19.83,78,9,7,33,5,1,0,0,61,0,36,40,4,4,12,54,2,54,12,3,0,15,49,1,29,26,2,3,6
1136597,2018,2018-05-06,1,Wankhede Stadium,Wankhede Stadium,Mumbai,Mumbai,Mumbai Indians,Mumbai Indians,Kolkata Knight Riders,Kolkata Knight Riders,181,175,6,4,120,20,114,18,7,41,5,0,0,1,56,0,36,46,7,3,17,76,3,54,40,7,2,16,49,1,30,28,4,2,8
1136597,2018,2018-05-06,2,Wankhede Stadium,Wankhede Stadium,Mumbai,Mumbai,Kolkata Knight Riders,Kolkata Knight Riders,Mumbai Indians,Mumbai Indians,168,159,9,6,120,20,114,21,5,51,1,0,4,4,47,2,36,30,6,1,19,75,2,54,50,8,3,19,46,2,30,34,7,1,13
1136598,2018,2018-05-06,1,Holkar Cricket Stadium,Holkar Cricket Stadium,Indore,Indore,Rajasthan Royals,Rajasthan Royals,Kings XI Punjab,Punjab Kings,152,144,8,9,120,20,70,16,1,33,1,0,4,3,45,2,36,20,5,0,10,65,4,54,30,6,1,17,42,3,30,20,5,0,6
1136598,2018,2018-05-06,2,Holkar Cricket Stadium,Holkar Cricket Stadium,Indore,Indore,Kings XI Punjab,Punjab Kings,Rajasthan Royals,Rajasthan Royals,155,152,3,4,112,18.67,88,13,6,42,3,0,0,0,34,2,36,24,6,0,23,68,2,54,34,4,3,18,53,0,22,30,3,3,1
1136599,2018,2018-05-07,1,Rajiv Gandhi International Stadium,"Rajiv Gandhi International Stadium, Uppal",Hyderabad,Hyderabad,Sunrisers Hyderabad,Sunrisers Hyderabad,Royal Challengers Bangalore,Royal Challengers Bengaluru,146,137,9,10,120,20,74,14,3,42,5,1,0,3,38,2,36,16,4,0,13,67,1,54,32,5,2,19,41,7,30,26,5,1,10
1136599,2018,2018-05-07,2,Rajiv Gandhi International Stadium,"Rajiv Gandhi International Stadium, Uppal",Hyderabad,Hyderabad,Royal Challengers Bangalore,Royal Challengers Bengaluru,Sunrisers Hyderabad,Sunrisers Hyderabad,141,136,5,6,120,20,70,13,3,43,3,0,0,2,55,1,36,38,8,1,13,47,4,54,16,4,0,23,39,1,30,16,1,2,7
1136600,2018,2018-05-08,1,Sawai Mansingh Stadium,Sawai Mansingh Stadium,Jaipur,Jaipur,Rajasthan Royals,Rajasthan Royals,Kings XI Punjab,Punjab Kings,158,155,3,8,120,20,76,13,4,36,1,1,1,0,63,1,36,44,8,2,9,57,2,54,18,3,1,15,38,5,30,14,2,1,12
1136600,2018,2018-05-08,2,Sawai Mansingh Stadium,Sawai Mansingh Stadium,Jaipur,Jaipur,Kings XI Punjab,Punjab Kings,Rajasthan Royals,Rajasthan Royals,143,136,7,7,120,20,64,13,2,42,1,1,4,1,33,3,36,18,3,1,20,59,3,54,16,4,0,16,51,1,30,30,6,1,6
1136601,2018,2018-05-09,1,Eden Gardens,Eden Gardens,Kolkata,Kolkata,Mumbai Indians,Mumbai Indians,Kolkata Knight Riders,Kolkata Knight Riders,210,203,7,6,120,20,148,16,14,41,4,1,2,0,47,1,36,34,7,1,16,98,2,54,68,8,6,15,65,3,30,46,1,7,10
1136601,2018,2018-05-09,2,Eden Gardens,Eden Gardens,Kolkata,Kolkata,Kolkata Knight Riders,Kolkata Knight Riders,Mumbai Indians,Mumbai Indians,108,107,1,10,109,18.17,72,12,4,59,0,0,0,1,47,2,36,42,6,3,22,48,6,54,26,5,1,27,13,2,19,4,1,0,10
1136602,2018,2018-05-10,1,Arun Jaitley Stadium,Arun Jaitley Stadium,Delhi,Delhi,Delhi Daredevils,Delhi Capitals,Sunrisers Hyderabad,Sunrisers Hyderabad,187,184,3,5,120,20,130,19,9,40,1,0,0,2,38,2,36,24,6,0,18,73,2,54,42,6,3,14,76,1,30,64,7,6,8
1136602,2018,2018-05-10,2,Arun Jaitley Stadium,Arun Jaitley Stadium,Delhi,Delhi,Sunrisers Hyderabad,Sunrisers Hyderabad,Delhi Daredevils,Delhi Capitals,191,189,2,1,113,18.83,116,20,6,23,1,0,0,1,51,1,36,30,6,1,11,101,0,54,64,10,4,9,39,0,23,22,4,1,3
1136603,2018,2018-05-11,1,Sawai Mansingh Stadium,Sawai Mansingh Stadium,Jaipur,Jaipur,Chennai Super Kings,Chennai Super Kings,Rajasthan Royals,Rajasthan Royals,176,164,12,4,120,20,80,14,4,30,10,1,0,1,55,1,36,32,8,0,11,72,2,54,30,3,3,15,49,1,30,18,3,1,4
1136603,2018,2018-05-11,2,Sawai Mansingh Stadium,Sawai Mansingh Stadium,Jaipur,Jaipur,Rajasthan Royals,Rajasthan Royals,Chennai Super Kings,Chennai Super Kings,177,174,3,6,119,19.83,108,18,6,43,2,0,0,1,57,2,36,48,9,2,17,65,2,54,28,7,0,20,55,2,29,32,2,4,6
1136604,2018,2018-05-12,1,Holkar Cricket Stadium,Holkar Cricket Stadium,Indore,Indore,Kolkata Knight Riders,Kolkata Knight Riders,Kings XI Punjab,Punjab Kings,245,240,5,6,120,20,186,24,15,31,5,0,0,0,59,1,36,42,6,3,13,110,2,54,82,10,7,12,76,3,30,62,8,5,6
1136604,2018,2018-05-12,2,Holkar Cricket Stadium,Holkar Cricket Stadium,Indore,Indore,Kings XI Punjab,Punjab Kings,Kolkata Knight Riders,Kolkata Knight Riders,214,207,7,8,120,20,144,12,16,32,6,0,0,1,58,2,36,40,4,4,11,92,3,54,54,3,7,11,64,3,30,50,5,5,10
1136605,2018,2018-05-12,1,Arun Jaitley Stadium,Arun Jaitley Stadium,Delhi,Delhi,Delhi Daredevils,Delhi Capitals,Royal Challengers Bangalore,Royal Challengers Bengaluru,181,174,7,4,120,20,110,14,9,39,5,1,0,1,44,2,36,26,5,1,16,76,1,54,44,5,4,17,61,1,30,40,4,4,6
1136605,2018,2018-05-12,2,Arun Jaitley Stadium,Arun Jaitley Stadium,Delhi,Delhi,Royal Challengers Bangalore,Royal Challengers Bengaluru,Delhi Daredevils,Delhi Capitals,187,176,11,5,114,19,116,14,10,36,7,0,4,0,58,2,36,40,7,2,14,89,1,54,56,5,6,15,40,2,24,20,2,2,7
1136606,2018,2018-05-13,1,Maharashtra Cricket Association Stadium,Maharashtra Cricket Association Stadium,Pune,Pune,Sunrisers Hyderabad,Sunrisers Hyderabad,Chennai Super Kings,Chennai Super Kings,179,166,13,4,120,20,104,17,6,38,10,0,0,3,29,1,36,16,4,0,20,101,0,54,66,9,5,11,49,3,30,22,4,1,7
1136606,2018,2018-05-13,2,Maharashtra Cricket Association Stadium,Maharashtra Cricket Association Stadium,Pune,Pune,Chennai Super Kings,Chennai Super Kings,Sunrisers Hyderabad,Sunrisers Hyderabad,180,179,1,2,114,19,118,13,11,34,1,0,0,0,53,0,36,40,4,4,16,90,2,54,58,7,5,15,37,0,24,20,2,2,3
1136607,2018,2018-05-13,1,Wankhede Stadium,Wankhede Stadium,Mumbai,Mumbai,Mumbai Indians,Mumbai Indians,Rajasthan Royals,Rajasthan Royals,168,159,9,6,120,20,102,15,7,46,7,0,0,2,51,0,36,36,9,0,17,72,4,54,40,4,4,19,45,2,30,26,2,3,10
1136607,2018,2018-05-13,2,Wankhede Stadium,Wankhede Stadium,Mumbai,Mumbai,Rajasthan Royals,Rajasthan Royals,Mumbai Indians,Mumbai Indians,171,161,10,3,108,18,106,16,7,34,9,0,0,1,51,1,36,30,6,1,16,81,1,54,46,7,3,13,39,1,18,30,3,3,5
1136608,2018,2018-05-14,1,Holkar Cricket Stadium,Holkar Cricket Stadium,Indore,Indore,Kings XI Punjab,Punjab Kings,Royal Challengers Bangalore,Royal Challengers Bengaluru,88,83,5,10,91,15.17,50,5,5,47,3,0,0,2,47,3,36,38,5,3,20,40,6,54,12,0,2,27,1,1,1,0,0,0,0
1136608,2018,2018-05-14,2,Holkar Cricket Stadium,Holkar Cricket Stadium,Indore,Indore,Royal Challengers Bangalore,Royal Challengers Bengaluru,Kings XI Punjab,Punjab Kings,92,88,4,0,49,8.17,64,13,2,10,1,1,0,2,66,0,36,48,9,2,9,26,0,13,16,4,0,1,0,0,0,0,0,0,0
1136609,2018,2018-05-15,1,Eden Gardens,Eden Gardens,Kolkata,Kolkata,Rajasthan Royals,Rajasthan Royals,Kolkata Knight Riders,Kolkata Knight Riders,142,140,2,10,114,19,88,16,4,47,1,0,0,1,68,1,36,58,10,3,15,50,6,54,18,3,1,22,24,3,24,12,3,0,10
1136609,2018,2018-05-15,2,Eden Gardens,Eden Gardens,Kolkata,Kolkata,Kolkata Knight Riders,Kolkata Knight Riders,Rajasthan Royals,Rajasthan Royals,145,143,2,4,108,18,94,16,5,42,1,0,0,1,51,2,36,38,5,3,18,65,1,54,34,7,1,18,29,1,18,22,4,1,6
1136610,2018,2018-05-16,1,Wankhede Stadium,Wankhede Stadium,Mumbai,Mumbai,Mumbai Indians,Mumbai Indians,Kings XI Punjab,Punjab Kings,186,175,11,8,120,20,114,12,11,38,5,1,0,5,60,3,36,46,4,5,15,91,2,54,54,6,5,11,35,3,30,14,2,1,12
1136610,2018,2018-05-16,2,Wankhede Stadium,Wankhede Stadium,Mumbai,Mumbai,Kings XI Punjab,Punjab Kings,Mumbai Indians,Mumbai Indians,183,174,9,5,120,20,100,16,6,27,5,0,2,2,57,1,36,42,6,3,14,70,0,54,24,6,0,7,56,4,30,34,4,3,6
1136611,2018,2018-05-17,1,M.Chinnaswamy Stadium,M Chinnaswamy Stadium,Bengaluru,Bengaluru,Royal Challengers Bangalore,Royal Challengers Bengaluru,Sunrisers Hyderabad,Sunrisers Hyderabad,218,214,4,6,120,20,152,20,12,33,2,0,1,1,44,2,36,32,8,0,16,105,2,54,74,8,7,13,69,2,30,46,4,5,4
1136611,2018,2018-05-17,2,M.Chinnaswamy Stadium,M Chinnaswamy Stadium,Bengaluru,Bengaluru,Sunrisers Hyderabad,Sunrisers Hyderabad,Royal Challengers Bangalore,Royal Challengers Bengaluru,204,199,5,3,120,20,136,16,12,34,3,0,0,2,56,1,36,42,3,5,15,96,1,54,68,8,6,14,52,1,30,26,5,1,5
1136612,2018,2018-05-18,1,Arun Jaitley Stadium,Arun Jaitley Stadium,Delhi,Delhi,Delhi Daredevils,Delhi Capitals,Chennai Super Kings,Chennai Super Kings,162,153,9,5,120,20,94,10,9,47,6,0,0,3,39,1,36,22,4,1,20,63,4,54,32,5,2,20,60,0,30,40,1,6,7
1136612,2018,2018-05-18,2,Arun Jaitley Stadium,Arun Jaitley Stadium,Delhi,Delhi,Chennai Super Kings,Chennai Super Kings,Delhi Daredevils,Delhi Capitals,128,126,2,6,120,20,66,6,7,51,0,0,0,2,44,0,36,32,2,4,20,50,4,54,22,4,1,21,34,2,30,12,0,2,10
1136613,2018,2018-05-19,1,Sawai Mansingh Stadium,Sawai Mansingh Stadium,Jaipur,Jaipur,Rajasthan Royals,Rajasthan Royals,Royal Challengers Bangalore,Royal Challengers Bengaluru,164,159,5,5,120,20,80,11,6,37,4,0,0,1,45,1,36,30,6,1,17,68,2,54,20,2,2,12,51,2,30,30,3,3,8
1136613,2018,2018-05-19,2,Sawai Mansingh Stadium,Sawai Mansingh Stadium,Jaipur,Jaipur,Royal Challengers Bangalore,Royal Challengers Bengaluru,Rajasthan Royals,Rajasthan Royals,134,131,3,10,116,19.33,72,15,2,45,1,0,1,1,55,1,36,40,7,2,13,53,5,54,16,4,0,19,26,4,26,16,4,0,13
1136614,2018,2018-05-19,1,Rajiv Gandhi International Stadium,"Rajiv Gandhi International Stadium, Uppal",Hyderabad,Hyderabad,Sunrisers Hyderabad,Sunrisers Hyderabad,Kolkata Knight Riders,Kolkata Knight Riders,172,161,11,9,120,20,92,14,6,40,5,1,4,1,60,0,36,40,7,2,15,81,2,54,38,5,3,12,31,7,30,14,2,1,13
1136614,2018,2018-05-19,2,Rajiv Gandhi International Stadium,"Rajiv Gandhi International Stadium, Uppal",Hyderabad,Hyderabad,Kolkata Knight Riders,Kolkata Knight Riders,Sunrisers Hyderabad,Sunrisers Hyderabad,173,166,7,5,118,19.67,104,14,8,39,5,0,0,2,66,1,36,54,9,3,15,66,1,54,28,1,4,16,41,3,28,22,4,1,8
1136615,2018,2018-05-20,1,Arun Jaitley Stadium,Arun Jaitley Stadium,Delhi,Delhi,Delhi Daredevils,Delhi Capitals,Mumbai Indians,Mumbai Indians,174,162,12,4,120,20,94,13,7,34,5,0,1,6,46,2,36,28,7,0,15,74,1,54,38,5,3,12,54,1,30,28,1,4,7
1136615,2018,2018-05-20,2,Arun Jaitley Stadium,Arun Jaitley Stadium,Delhi,Delhi,Mumbai Indians,Mumbai Indians,Delhi Daredevils,Delhi Capitals,163,156,7,10,117,19.5,94,10,9,48,6,0,0,1,57,1,36,40,4,4,14,65,6,54,28,4,2,23,41,3,27,26,2,3,11
1136616,2018,2018-05-20,1,Maharashtra Cricket Association Stadium,Maharashtra Cricket Association Stadium,Pune,Pune,Kings XI Punjab,Punjab Kings,Chennai Super Kings,Chennai Super Kings,153,142,11,10,118,19.67,84,9,8,45,5,1,1,4,29,3,36,12,3,0,19,73,2,54,36,3,4,17,51,5,28,36,3,4,9
1136616,2018,2018-05-20,2,Maharashtra Cricket Association Stadium,Maharashtra Cricket Association Stadium,Pune,Pune,Chennai Super Kings,Chennai Super Kings,Kings XI Punjab,Punjab Kings,159,150,9,5,115,19.17,86,11,7,42,7,1,1,0,33,3,36,24,6,0,24,69,1,54,26,2,3,16,57,1,25,36,3,4,2
1136617,2018,2018-05-22,1,Wankhede Stadium,Wankhede Stadium,Mumbai,Mumbai,Sunrisers Hyderabad,Sunrisers Hyderabad,Chennai Super Kings,Chennai Super Kings,139,130,9,7,120,20,72,12,4,54,9,0,0,0,47,3,36,32,8,0,16,41,3,54,12,3,0,29,51,1,30,28,1,4,9
1136617,2018,2018-05-22,2,Wankhede Stadium,Wankhede Stadium,Mumbai,Mumbai,Chennai Super Kings,Chennai Super Kings,Sunrisers Hyderabad,Sunrisers Hyderabad,140,135,5,8,115,19.17,82,13,5,48,3,0,0,2,33,3,36,20,5,0,21,59,4,54,26,2,3,20,48,1,25,36,6,2,7
1136618,2018,2018-05-23,1,Eden Gardens,Eden Gardens,Kolkata,Kolkata,Kolkata Knight Riders,Kolkata Knight Riders,Rajasthan Royals,Rajasthan Royals,169,159,10,7,120,20,100,13,8,46,5,1,4,0,46,3,36,24,6,0,16,68,2,54,34,4,3,19,55,2,30,42,3,5,11
1136618,2018,2018-05-23,2,Eden Gardens,Eden Gardens,Kolkata,Kolkata,Rajasthan Royals,Rajasthan Royals,Kolkata Knight Riders,Kolkata Knight Riders,144,143,1,4,120,20,74,11,5,45,1,0,0,0,51,1,36,34,4,3,14,60,1,54,28,4,2,22,33,2,30,12,3,0,9
1136619,2018,2018-05-25,1,Eden Gardens,Eden Gardens,Kolkata,Kolkata,Sunrisers Hyderabad,Sunrisers Hyderabad,Kolkata Knight Riders,Kolkata Knight Riders,174,169,5,7,120,20,106,16,7,38,4,0,0,1,45,0,36,22,4,1,11,68,3,54,36,9,0,16,61,4,30,48,3,6,11
1136619,2018,2018-05-25,2,Eden Gardens,Eden Gardens,Kolkata,Kolkata,Kolkata Knight Riders,Kolkata Knight Riders,Sunrisers Hyderabad,Sunrisers Hyderabad,160,157,3,9,120,20,102,15,7,45,1,0,0,2,67,1,36,54,6,5,13,51,5,54,24,6,0,23,42,3,30,24,3,2,9
1136620,2018,2018-05-27,1,Wankhede Stadium,Wankhede Stadium,Mumbai,Mumbai,Sunrisers Hyderabad,Sunrisers Hyderabad,Chennai Super Kings,Chennai Super Kings,178,170,8,6,120,20,106,13,9,38,6,1,0,1,42,1,36,20,2,2,15,84,2,54,54,9,3,15,52,3,30,32,2,4,8
1136620,2018,2018-05-27,2,Wankhede Stadium,Wankhede Stadium,Mumbai,Mumbai,Chennai Super Kings,Chennai Super Kings,Sunrisers Hyderabad,Sunrisers Hyderabad,181,175,6,2,111,18.5,124,16,10,37,3,0,0,3,35,1,36,18,3,1,20,111,1,54,80,8,8,11,35,0,21,26,5,1,6
1175356,2019,2019-03-23,1,MA Chidambaram Stadium,MA Chidambaram Stadium,Chennai,Chennai,Royal Challengers Bangalore,Royal Challengers Bengaluru,Chennai Super Kings,Chennai Super Kings,70,66,4,10,103,17.17,18,3,1,57,0,1,0,3,33,2,36,10,1,1,16,33,6,54,8,2,0,32,4,2,13,0,0,0,9
1175356,2019,2019-03-23,2,MA Chidambaram Stadium,MA Chidambaram Stadium,Chennai,Chennai,Chennai Super Kings,Chennai Super Kings,Royal Challengers Bangalore,Royal Challengers Bengaluru,71,66,5,3,106,17.67,30,6,1,67,3,1,0,1,16,1,36,6,0,1,25,47,2,54,24,6,0,32,8,0,16,0,0,0,10
1175357,2019,2019-03-24,1,Eden Gardens,Eden Gardens,Kolkata,Kolkata,Sunrisers Hyderabad,Sunrisers Hyderabad,Kolkata Knight Riders,Kolkata Knight Riders,181,173,8,3,120,20,96,15,6,30,2,1,1,4,54,0,36,30,6,1,14,80,1,54,42,6,3,11,47,2,30,24,3,2,5
1175357,2019,2019-03-24,2,Eden Gardens,Eden Gardens,Kolkata,Kolkata,Kolkata Knight Riders,Kolkata Knight Riders,Sunrisers Hyderabad,Sunrisers Hyderabad,183,179,4,4,118,19.67,126,15,11,42,3,0,0,1,47,1,36,36,6,2,18,67,2,54,34,4,3,18,69,1,28,56,5,6,6
1175358,2019,2019-03-24,1,Wankhede Stadium,Wankhede Stadium,Mumbai,Mumbai,Delhi Capitals,Delhi Capitals,Mumbai Indians,Mumbai Indians,213,207,6,6,120,20,154,22,11,37,2,2,0,2,45,2,36,26,5,1,15,86,1,54,62,11,3,17,82,3,30,66,6,7,5
1175358,2019,2019-03-24,2,Wankhede Stadium,Wankhede Stadium,Mumbai,Mumbai,Mumbai Indians,Mumbai Indians,Delhi Capitals,Delhi Capitals,176,167,9,9,116,19.33,116,20,6,42,7,0,0,2,46,3,36,30,6,1,14,88,3,54,62,11,3,19,42,3,26,24,3,2,9
1175359,2019,2019-03-25,1,Sawai Mansingh Stadium,Sawai Mansingh Stadium,Jaipur,Jaipur,Kings XI Punjab,Punjab Kings,Rajasthan Royals,Rajasthan Royals,184,168,16,4,120,20,110,17,7,43,8,0,4,4,32,1,36,18,3,1,22,93,1,54,60,9,4,14,59,2,30,32,5,2,7
1175359,2019,2019-03-25,2,Sawai Mansingh Stadium,Sawai Mansingh Stadium,Jaipur,Jaipur,Rajasthan Royals,Rajasthan Royals,Kings XI Punjab,Punjab Kings,170,165,5,9,120,20,94,16,5,40,2,2,0,1,64,0,36,56,11,2,16,71,2,54,22,4,1,12,35,7,30,16,1,2,12
1175360,2019,2019-03-26,1,Arun Jaitley Stadium,Arun Jaitley Stadium,Delhi,Delhi,Delhi Capitals,Delhi Capitals,Chennai Super Kings,Chennai Super Kings,147,140,7,6,120,20,76,16,2,44,5,0,0,2,43,1,36,32,8,0,20,75,1,54,36,6,2,13,29,4,30,8,2,0,11
1175360,2019,2019-03-26,2,Arun Jaitley Stadium,Arun Jaitley Stadium,Delhi,Delhi,Chennai Super Kings,Chennai Super Kings,Delhi Capitals,Delhi Capitals,150,142,8,4,118,19.67,86,14,5,46,2,1,0,5,58,1,36,42,9,1,13,62,2,54,30,3,3,21,30,1,28,14,2,1,12
1175361,2019,2019-03-27,1,Eden Gardens,Eden Gardens,Kolkata,Kolkata,Kolkata Knight Riders,Kolkata Knight Riders,Kings XI Punjab,Punjab Kings,218,213,5,4,120,20,158,14,17,40,3,1,0,1,53,2,36,42,3,5,19,94,1,54,62,5,7,17,71,1,30,54,6,5,4
1175361,2019,2019-03-27,2,Eden Gardens,Eden Gardens,Kolkata,Kolkata,Kings XI Punjab,Punjab Kings,Kolkata Knight Riders,Kolkata Knight Riders,190,184,6,4,120,20,118,19,7,41,5,0,0,1,51,2,36,36,6,2,19,82,1,54,46,7,3,16,57,1,30,36,6,2,6
1175362,2019,2019-03-28,1,M.Chinnaswamy Stadium,M Chinnaswamy Stadium,Bengaluru,Bengaluru,Mumbai Indians,Mumbai Indians,Royal Challengers Bangalore,Royal Challengers Bengaluru,187,177,10,8,120,20,122,17,9,42,4,1,4,1,52,0,36,44,8,2,18,87,3,54,48,6,4,12,48,5,30,30,3,3,12
1175362,2019,2019-03-28,2,M.Chinnaswamy Stadium,M Chinnaswamy Stadium,Bengaluru,Bengaluru,Royal Challengers Bangalore,Royal Challengers Bengaluru,Mumbai Indians,Mumbai Indians,181,176,5,5,120,20,114,15,9,36,3,0,0,2,60,1,36,48,9,2,13,67,2,54,28,4,2,13,54,2,30,38,2,5,10
1175363,2019,2019-03-29,1,Rajiv Gandhi International Stadium,"Rajiv Gandhi International Stadium, Uppal",Hyderabad,Hyderabad,Rajasthan Royals,Rajasthan Royals,Sunrisers Hyderabad,Sunrisers Hyderabad,198,193,5,2,120,20,114,18,7,31,4,1,0,0,35,1,36,12,3,0,16,87,0,54,48,6,4,12,76,1,30,54,9,3,3
1175363,2019,2019-03-29,2,Rajiv Gandhi International Stadium,"Rajiv Gandhi International Stadium, Uppal",Hyderabad,Hyderabad,Sunrisers Hyderabad,Sunrisers Hyderabad,Rajasthan Royals,Rajasthan Royals,201,195,6,5,114,19,124,19,8,28,5,0,0,1,69,0,36,50,11,1,10,96,3,54,58,7,5,11,36,2,24,16,1,2,7
1175364,2019,2019-03-30,1,Punjab Cricket Association IS Bindra Stadium,"Punjab Cricket Association IS Bindra Stadium, Mohali",Chandigarh,Chandigarh,Mumbai Indians,Mumbai Indians,Kings XI Punjab,Punjab Kings,176,169,7,7,120,20,98,20,3,34,4,0,0,3,62,1,36,36,9,0,6,69,3,54,40,7,2,19,45,3,30,22,4,1,9
1175364,2019,2019-03-30,2,Punjab Cricket Association IS Bindra Stadium,"Punjab Cricket Association IS Bindra Stadium, Mohali",Chandigarh,Chandigarh,Kings XI Punjab,Punjab Kings,Mumbai Indians,Mumbai Indians,177,169,8,2,112,18.67,102,15,7,33,7,0,0,1,38,0,36,28,4,2,20,102,2,54,54,6,5,8,37,0,22,20,5,0,5
1175365,2019,2019-03-30,1,Arun Jaitley Stadium,Arun Jaitley Stadium,Delhi,Delhi,Kolkata Knight Riders,Kolkata Knight Riders,Delhi Capitals,Delhi Capitals,185,177,8,8,120,20,122,17,9,44,3,1,0,4,36,2,36,24,6,0,20,82,3,54,50,5,5,18,67,3,30,48,6,4,6
1175365,2019,2019-03-30,2,Arun Jaitley Stadium,Arun Jaitley Stadium,Delhi,Delhi,Delhi Capitals,Delhi Capitals,Kolkata Knight Riders,Kolkata Knight Riders,185,181,4,6,120,20,116,20,6,34,3,0,0,1,45,1,36,32,5,2,17,95,1,54,60,9,4,10,45,4,30,24,6,0,7
1175365,2019,2019-03-30,3,Arun Jaitley Stadium,Arun Jaitley Stadium,Delhi,Delhi,Delhi Capitals,Delhi Capitals,Kolkata Knight Riders,Kolkata Knight Riders,10,10,0,1,6,1,4,1,0,1,0,0,0,0,10,1,6,4,1,0,1,0,0,0,0,0,0,0,0,0,0,0,0,0,0
1175365,2019,2019-03-30,4,Arun Jaitley Stadium,Arun Jaitley Stadium,Delhi,Delhi,Kolkata Knight Riders,Kolkata Knight Riders,Delhi Capitals,Delhi Capitals,7,7,0,1,6,1,4,1,0,2,0,0,0,0,7,1,6,4,1,0,2,0,0,0,0,0,0,0,0,0,0,0,0,0,0
1175366,2019,2019-03-31,1,Rajiv Gandhi International Stadium,"Rajiv Gandhi International Stadium, Uppal",Hyderabad,Hyderabad,Sunrisers Hyderabad,Sunrisers Hyderabad,Royal Challengers Bangalore,Royal Challengers Bengaluru,231,229,2,2,120,20,146,17,13,24,1,0,0,1,59,0,36,42,9,1,12,105,0,54,62,5,7,9,67,2,30,42,3,5,3
1175366,2019,2019-03-31,2,Rajiv Gandhi International Stadium,"Rajiv Gandhi International Stadium, Uppal",Hyderabad,Hyderabad,Royal Challengers Bangalore,Royal Challengers Bengaluru,Sunrisers Hyderabad,Sunrisers Hyderabad,113,105,8,10,119,19.83,60,9,4,62,3,1,4,0,30,3,36,14,2,1,20,56,3,54,36,6,2,27,27,4,29,10,1,1,15
1175367,2019,2019-03-31,1,MA Chidambaram Stadium,MA Chidambaram Stadium,Chennai,Chennai,Chennai Super Kings,Chennai Super Kings,Rajasthan Royals,Rajasthan Royals,175,168,7,5,120,20,104,14,8,45,5,1,0,1,29,3,36,22,4,1,25,70,1,54,34,7,1,17,76,1,30,48,3,6,3
1175367,2019,2019-03-31,2,MA Chidambaram Stadium,MA Chidambaram Stadium,Chennai,Chennai,Rajasthan Royals,Rajasthan Royals,Chennai Super Kings,Chennai Super Kings,167,160,7,8,120,20,86,11,7,39,4,1,0,2,45,3,36,30,6,1,19,66,2,54,18,3,1,12,56,3,30,38,2,5,8
1175368,2019,2019-04-01,1,Punjab Cricket Association IS Bindra Stadium,"Punjab Cricket Association IS Bindra Stadium, Mohali",Chandigarh,Chandigarh,Kings XI Punjab,Punjab Kings,Delhi Capitals,Delhi Capitals,166,157,9,9,120,20,98,17,5,42,8,0,1,0,54,2,36,44,8,2,18,75,2,54,36,6,2,15,37,5,30,18,3,1,9
1175368,2019,2019-04-01,2,Punjab Cricket Association IS Bindra Stadium,"Punjab Cricket Association IS Bindra Stadium, Mohali",Chandigarh,Chandigarh,Delhi Capitals,Delhi Capitals,Kings XI Punjab,Punjab Kings,152,141,11,10,116,19.33,86,17,3,45,5,0,0,6,49,1,36,28,7,0,13,79,2,54,42,9,1,16,24,7,26,16,1,2,16
1175369,2019,2019-04-02,1,Sawai Mansingh Stadium,Sawai Mansingh Stadium,Jaipur,Jaipur,Royal Challengers Bangalore,Royal Challengers Bengaluru,Rajasthan Royals,Rajasthan Royals,158,153,5,4,120,20,90,18,3,42,1,1,1,2,48,0,36,28,7,0,12,59,3,54,32,5,2,25,51,1,30,30,6,1,5
1175369,2019,2019-04-02,2,Sawai Mansingh Stadium,Sawai Mansingh Stadium,Jaipur,Jaipur,Rajasthan Royals,Rajasthan Royals,Royal Challengers Bangalore,Royal Challengers Bengaluru,164,154,10,3,119,19.83,86,17,3,42,5,0,4,1,55,0,36,36,9,0,15,66,2,54,30,6,1,19,43,1,29,20,2,2,8
1175370,2019,2019-04-03,1,Wankhede Stadium,Wankhede Stadium,Mumbai,Mumbai,Mumbai Indians,Mumbai Indians,Chennai Super Kings,Chennai Super Kings,170,164,6,5,120,20,106,16,7,45,4,1,0,1,40,1,36,28,7,0,18,53,2,54,22,4,1,21,77,2,30,56,5,6,6
1175370,2019,2019-04-03,2,Wankhede Stadium,Wankhede Stadium,Mumbai,Mumbai,Chennai Super Kings,Chennai Super Kings,Mumbai Indians,Mumbai Indians,133,119,14,8,120,20,76,13,4,61,5,2,0,7,34,3,36,28,4,2,26,60,2,54,20,5,0,22,39,3,30,28,4,2,13
1175371,2019,2019-04-04,1,Arun Jaitley Stadium,Arun Jaitley Stadium,Delhi,Delhi,Delhi Capitals,Delhi Capitals,Sunrisers Hyderabad,Sunrisers Hyderabad,129,124,5,8,120,20,60,9,4,47,2,0,0,3,36,2,36,18,3,1,15,49,3,54,20,5,0,22,44,3,30,22,1,3,10
1175371,2019,2019-04-04,2,Arun Jaitley Stadium,Arun Jaitley Stadium,Delhi,Delhi,Sunrisers Hyderabad,Sunrisers Hyderabad,Delhi Capitals,Delhi Capitals,131,120,11,5,111,18.5,68,14,2,46,3,0,4,4,62,0,36,42,9,1,14,41,4,54,8,2,0,24,28,1,21,18,3,1,8
1175372,2019,2019-04-05,1,M.Chinnaswamy Stadium,M Chinnaswamy Stadium,Bengaluru,Bengaluru,Royal Challengers Bangalore,Royal Challengers Bengaluru,Kolkata Knight Riders,Kolkata Knight Riders,205,200,5,3,120,20,122,20,7,31,4,0,0,1,53,0,36,32,8,0,10,89,1,54,48,6,4,12,63,2,30,42,6,3,9
1175372,2019,2019-04-05,2,M.Chinnaswamy Stadium,M Chinnaswamy Stadium,Bengaluru,Bengaluru,Kolkata Knight Riders,Kolkata Knight Riders,Royal Challengers Bangalore,Royal Challengers Bengaluru,206,193,13,5,115,19.17,132,15,12,40,8,3,0,2,59,1,36,38,8,1,16,75,2,54,38,5,3,18,72,2,25,56,2,8,6
1178393,2019,2019-04-06,1,MA Chidambaram Stadium,MA Chidambaram Stadium,Chennai,Chennai,Chennai Super Kings,Chennai Super Kings,Kings XI Punjab,Punjab Kings,160,155,5,3,120,20,86,11,7,37,5,0,0,0,54,0,36,38,5,3,13,54,3,54,20,2,2,19,52,0,30,28,4,2,5
1178393,2019,2019-04-06,2,MA Chidambaram Stadium,MA Chidambaram Stadium,Chennai,Chennai,Kings XI Punjab,Punjab Kings,Chennai Super Kings,Chennai Super Kings,138,134,4,5,120,20,54,9,3,39,2,2,0,0,46,2,36,24,3,2,14,59,0,54,22,4,1,15,33,3,30,8,2,0,10
1178394,2019,2019-04-06,1,Rajiv Gandhi International Stadium,"Rajiv Gandhi International Stadium, Uppal",Hyderabad,Hyderabad,Mumbai Indians,Mumbai Indians,Sunrisers Hyderabad,Sunrisers Hyderabad,136,130,6,7,120,20,74,8,7,57,5,1,0,0,30,2,36,16,1,2,21,45,3,54,12,3,0,24,61,2,30,46,4,5,12
1178394,2019,2019-04-06,2,Rajiv Gandhi International Stadium,"Rajiv Gandhi International Stadium, Uppal",Hyderabad,Hyderabad,Sunrisers Hyderabad,Sunrisers Hyderabad,Mumbai Indians,Mumbai Indians,96,90,6,10,106,17.67,38,8,1,50,3,0,1,2,39,2,36,24,6,0,19,45,3,54,10,1,1,22,12,5,16,4,1,0,9
1178395,2019,2019-04-07,1,M.Chinnaswamy Stadium,M Chinnaswamy Stadium,Bengaluru,Bengaluru,Royal Challengers Bangalore,Royal Challengers Bengaluru,Delhi Capitals,Delhi Capitals,149,144,5,8,120,20,74,8,7,41,3,1,0,1,40,2,36,18,3,1,15,68,2,54,32,2,4,15,41,4,30,24,3,2,11
1178395,2019,2019-04-07,2,M.Chinnaswamy Stadium,M Chinnaswamy Stadium,Bengaluru,Bengaluru,Delhi Capitals,Delhi Capitals,Royal Challengers Bangalore,Royal Challengers Bengaluru,152,140,12,6,113,18.83,90,18,3,48,6,1,0,5,53,1,36,34,7,1,17,70,2,54,38,8,1,21,29,3,23,18,3,1,10
1178396,2019,2019-04-07,1,Sawai Mansingh Stadium,Sawai Mansingh Stadium,Jaipur,Jaipur,Rajasthan Royals,Rajasthan Royals,Kolkata Knight Riders,Kolkata Knight Riders,139,128,11,3,120,20,64,13,2,45,4,2,0,5,28,1,36,16,4,0,21,75,1,54,34,7,1,13,36,1,30,14,2,1,11
1178396,2019,2019-04-07,2,Sawai Mansingh Stadium,Sawai Mansingh Stadium,Jaipur,Jaipur,Kolkata Knight Riders,Kolkata Knight Riders,Rajasthan Royals,Rajasthan Royals,140,129,11,2,83,13.83,100,13,8,32,3,0,0,8,65,0,36,56,11,2,16,75,2,47,44,2,6,16,0,0,0,0,0,0,0
1178397,2019,2019-04-08,1,Punjab Cricket Association IS Bindra Stadium,"Punjab Cricket Association IS Bindra Stadium, Mohali",Chandigarh,Chandigarh,Sunrisers Hyderabad,Sunrisers Hyderabad,Kings XI Punjab,Punjab Kings,150,142,8,4,120,20,60,12,2,41,3,0,0,5,27,1,36,8,2,0,22,65,2,54,16,4,0,15,58,1,30,36,6,2,4
1178397,2019,2019-04-08,2,Punjab Cricket Association IS Bindra Stadium,"Punjab Cricket Association IS Bindra Stadium, Mohali",Chandigarh,Chandigarh,Kings XI Punjab,Punjab Kings,Sunrisers Hyderabad,Sunrisers Hyderabad,151,150,1,4,119,19.83,74,11,5,39,0,0,0,1,38,1,36,24,3,2,18,73,0,54,36,6,2,15,40,3,29,14,2,1,6
1178398,2019,2019-04-09,1,MA Chidambaram Stadium,MA Chidambaram Stadium,Chennai,Chennai,Kolkata Knight Riders,Kolkata Knight Riders,Chennai Super Kings,Chennai Super Kings,108,104,4,9,120,20,64,10,4,74,3,0,0,1,29,4,36,16,4,0,24,46,2,54,24,3,2,31,33,3,30,24,3,2,19
1178398,2019,2019-04-09,2,MA Chidambaram Stadium,MA Chidambaram Stadium,Chennai,Chennai,Chennai Super Kings,Chennai Super Kings,Kolkata Knight Riders,Kolkata Knight Riders,111,103,8,3,104,17.33,48,9,2,47,6,2,0,0,40,2,36,28,4,2,22,45,1,54,12,3,0,21,26,0,14,8,2,0,4
1178399,2019,2019-04-10,1,Wankhede Stadium,Wankhede Stadium,Mumbai,Mumbai,Kings XI Punjab,Punjab Kings,Mumbai Indians,Mumbai Indians,197,190,7,4,120,20,130,13,13,41,6,0,0,1,50,0,36,36,3,4,15,81,2,54,50,5,5,21,66,2,30,44,5,4,5
1178399,2019,2019-04-10,2,Wankhede Stadium,Wankhede Stadium,Mumbai,Mumbai,Mumbai Indians,Mumbai Indians,Kings XI Punjab,Punjab Kings,198,186,12,7,120,20,126,15,11,44,11,1,0,0,50,1,36,34,7,1,14,85,3,54,46,4,5,19,63,3,30,46,4,5,11
1178400,2019,2019-04-11,1,Sawai Mansingh Stadium,Sawai Mansingh Stadium,Jaipur,Jaipur,Rajasthan Royals,Rajasthan Royals,Chennai Super Kings,Chennai Super Kings,151,144,7,7,120,20,76,16,2,41,6,0,0,1,54,3,36,42,9,1,19,49,3,54,12,3,0,19,48,1,30,22,4,1,3
1178400,2019,2019-04-11,2,Sawai Mansingh Stadium,Sawai Mansingh Stadium,Jaipur,Jaipur,Chennai Super Kings,Chennai Super Kings,Rajasthan Royals,Rajasthan Royals,155,146,9,6,120,20,68,5,8,41,3,1,0,5,24,4,36,10,1,1,24,77,0,54,38,2,5,13,54,2,30,20,2,2,4
1178401,2019,2019-04-12,1,Eden Gardens,Eden Gardens,Kolkata,Kolkata,Kolkata Knight Riders,Kolkata Knight Riders,Delhi Capitals,Delhi Capitals,178,173,5,7,120,20,112,16,8,42,3,1,0,1,41,1,36,32,8,0,19,81,3,54,44,5,4,16,56,3,30,36,3,4,7
1178401,2019,2019-04-12,2,Eden Gardens,Eden Gardens,Kolkata,Kolkata,Delhi Capitals,Delhi Capitals,Kolkata Knight Riders,Kolkata Knight Riders,180,177,3,3,113,18.83,110,17,7,30,2,0,0,1,57,2,36,48,6,4,17,81,0,54,38,8,1,10,42,1,23,24,3,2,3
1178402,2019,2019-04-13,1,Wankhede Stadium,Wankhede Stadium,Mumbai,Mumbai,Mumbai Indians,Mumbai Indians,Rajasthan Royals,Rajasthan Royals,187,183,4,5,120,20,110,14,9,34,3,0,0,1,57,0,36,36,6,2,10,69,2,54,36,3,4,17,61,3,30,38,5,3,7
1178402,2019,2019-04-13,2,Wankhede Stadium,Wankhede Stadium,Mumbai,Mumbai,Rajasthan Royals,Rajasthan Royals,Mumbai Indians,Mumbai Indians,188,184,4,6,117,19.5,130,19,9,40,2,0,0,2,59,0,36,48,9,2,15,99,2,54,66,6,7,14,30,4,27,16,4,0,11
1178403,2019,2019-04-13,1,Punjab Cricket Association IS Bindra Stadium,"Punjab Cricket Association IS Bindra Stadium, Mohali",Chandigarh,Chandigarh,Kings XI Punjab,Punjab Kings,Royal Challengers Bangalore,Royal Challengers Bengaluru,173,166,7,4,120,20,108,15,8,43,5,0,0,2,60,0,36,50,8,3,16,62,4,54,30,3,3,21,51,0,30,28,4,2,6
1178403,2019,2019-04-13,2,Punjab Cricket Association IS Bindra Stadium,"Punjab Cricket Association IS Bindra Stadium, Mohali",Chandigarh,Chandigarh,Royal Challengers Bangalore,Royal Challengers Bengaluru,Kings XI Punjab,Punjab Kings,174,173,1,2,116,19.33,96,21,2,28,1,0,0,0,63,1,36,48,12,0,10,63,0,54,20,5,0,13,48,1,26,28,4,2,5
1178404,2019,2019-04-14,1,Eden Gardens,Eden Gardens,Kolkata,Kolkata,Kolkata Knight Riders,Kolkata Knight Riders,Chennai Super Kings,Chennai Super Kings,161,152,9,8,120,20,94,13,7,46,8,0,0,1,49,1,36,38,8,1,19,84,4,54,52,4,6,18,28,3,30,4,1,0,9
1178404,2019,2019-04-14,2,Eden Gardens,Eden Gardens,Kolkata,Kolkata,Chennai Super Kings,Chennai Super Kings,Kolkata Knight Riders,Kolkata Knight Riders,162,160,2,5,118,19.67,102,21,3,43,2,0,0,0,44,2,36,36,9,0,19,76,2,54,42,6,3,16,42,1,28,24,6,0,8
1178405,2019,2019-04-14,1,Rajiv Gandhi International Stadium,"Rajiv Gandhi International Stadium, Uppal",Hyderabad,Hyderabad,Delhi Capitals,Delhi Capitals,Sunrisers Hyderabad,Sunrisers Hyderabad,155,146,9,7,120,20,80,14,4,41,3,1,0,5,51,2,36,36,6,2,19,70,1,54,34,7,1,13,34,4,30,10,1,1,9
1178405,2019,2019-04-14,2,Rajiv Gandhi International Stadium,"Rajiv Gandhi International Stadium, Uppal",Hyderabad,Hyderabad,Sunrisers Hyderabad,Sunrisers Hyderabad,Delhi Capitals,Delhi Capitals,116,111,5,10,113,18.83,44,8,2,47,4,1,0,0,40,0,36,22,4,1,17,60,2,54,22,4,1,19,16,8,23,0,0,0,11
1178406,2019,2019-04-15,1,Wankhede Stadium,Wankhede Stadium,Mumbai,Mumbai,Royal Challengers Bangalore,Royal Challengers Bengaluru,Mumbai Indians,Mumbai Indians,171,163,8,7,120,20,108,12,10,41,1,0,2,5,45,1,36,30,6,1,16,74,1,54,42,3,5,14,52,5,30,36,3,4,11
1178406,2019,2019-04-15,2,Wankhede Stadium,Wankhede Stadium,Mumbai,Mumbai,Mumbai Indians,Mumbai Indians,Royal Challengers Bangalore,Royal Challengers Bengaluru,172,166,6,5,114,19,120,15,10,48,6,0,0,0,67,0,36,52,7,4,15,60,3,54,36,3,4,25,45,2,24,32,5,2,8
1178407,2019,2019-04-16,1,Punjab Cricket Association IS Bindra Stadium,"Punjab Cricket Association IS Bindra Stadium, Mohali",Chandigarh,Chandigarh,Kings XI Punjab,Punjab Kings,Rajasthan Royals,Rajasthan Royals,182,170,12,6,120,20,102,9,11,38,1,0,5,2,39,1,36,26,2,3,21,97,1,54,52,4,6,7,46,4,30,24,3,2,10
1178407,2019,2019-04-16,2,Punjab Cricket Association IS Bindra Stadium,"Punjab Cricket Association IS Bindra Stadium, Mohali",Chandigarh,Chandigarh,Rajasthan Royals,Rajasthan Royals,Kings XI Punjab,Punjab Kings,170,160,10,7,120,20,70,10,5,32,9,0,0,1,54,1,36,24,3,2,12,68,1,54,20,5,0,10,48,5,30,26,2,3,10
1178408,2019,2019-04-17,1,Rajiv Gandhi International Stadium,"Rajiv Gandhi International Stadium, Uppal",Hyderabad,Hyderabad,Chennai Super Kings,Chennai Super Kings,Sunrisers Hyderabad,Sunrisers Hyderabad,132,125,7,5,120,20,62,11,3,48,3,0,2,2,41,0,36,26,5,1,18,61,5,54,28,4,2,18,30,0,30,8,2,0,12
1178408,2019,2019-04-17,2,Rajiv Gandhi International Stadium,"Rajiv Gandhi International Stadium, Uppal",Hyderabad,Hyderabad,Sunrisers Hyderabad,Sunrisers Hyderabad,Chennai Super Kings,Chennai Super Kings,137,134,3,4,101,16.83,74,14,3,34,3,0,0,0,68,1,36,48,12,0,10,48,2,54,16,1,2,23,21,1,11,10,1,1,1
1178409,2019,2019-04-18,1,Arun Jaitley Stadium,Arun Jaitley Stadium,Delhi,Delhi,Mumbai Indians,Mumbai Indians,Delhi Capitals,Delhi Capitals,168,162,6,5,120,20,92,14,6,32,3,1,0,2,57,0,36,34,4,3,9,47,3,54,12,3,0,17,64,2,30,46,7,3,6
1178409,2019,2019-04-18,2,Arun Jaitley Stadium,Arun Jaitley Stadium,Delhi,Delhi,Delhi Capitals,Delhi Capitals,Mumbai Indians,Mumbai Indians,128,120,8,9,120,20,56,8,4,53,3,0,0,5,48,0,36,34,7,1,16,38,5,54,4,1,0,27,42,4,30,18,0,3,10
1178410,2019,2019-04-19,1,Eden Gardens,Eden Gardens,Kolkata,Kolkata,Royal Challengers Bangalore,Royal Challengers Bengaluru,Kolkata Knight Riders,Kolkata Knight Riders,213,207,6,4,120,20,144,18,12,33,5,0,0,1,42,1,36,22,4,1,15,80,1,54,48,6,4,14,91,2,30,74,8,7,4
1178410,2019,2019-04-19,2,Eden Gardens,Eden Gardens,Kolkata,Kolkata,Kolkata Knight Riders,Kolkata Knight Riders,Royal Challengers Bangalore,Royal Challengers Bengaluru,203,187,16,5,120,20,152,17,14,58,12,0,0,4,37,3,36,24,6,0,22,84,1,54,56,8,4,25,82,1,30,72,3,10,11
1178411,2019,2019-04-20,1,Sawai Mansingh Stadium,Sawai Mansingh Stadium,Jaipur,Jaipur,Mumbai Indians,Mumbai Indians,Rajasthan Royals,Rajasthan Royals,161,152,9,5,120,20,80,11,6,42,4,0,0,5,46,1,36,26,5,1,16,66,2,54,24,3,2,15,49,2,30,30,3,3,11
1178411,2019,2019-04-20,2,Sawai Mansingh Stadium,Sawai Mansingh Stadium,Jaipur,Jaipur,Rajasthan Royals,Rajasthan Royals,Mumbai Indians,Mumbai Indians,162,156,6,5,115,19.17,94,19,3,36,0,0,4,2,60,1,36,40,10,0,11,68,2,54,38,5,3,19,34,2,25,16,4,0,6
1178412,2019,2019-04-20,1,Arun Jaitley Stadium,Arun Jaitley Stadium,Delhi,Delhi,Kings XI Punjab,Punjab Kings,Delhi Capitals,Delhi Capitals,163,158,5,7,120,20,100,13,8,42,2,0,3,0,50,2,36,44,8,2,20,68,3,54,34,1,5,16,45,2,30,22,4,1,6
1178412,2019,2019-04-20,2,Arun Jaitley Stadium,Arun Jaitley Stadium,Delhi,Delhi,Delhi Capitals,Delhi Capitals,Kings XI Punjab,Punjab Kings,166,155,11,5,118,19.67,90,18,3,36,7,2,1,1,60,1,36,44,8,2,12,68,1,54,26,5,1,17,38,3,28,20,5,0,7
1178413,2019,2019-04-21,1,Rajiv Gandhi International Stadium,"Rajiv Gandhi International Stadium, Uppal",Hyderabad,Hyderabad,Kolkata Knight Riders,Kolkata Knight Riders,Sunrisers Hyderabad,Sunrisers Hyderabad,159,154,5,8,120,20,92,11,8,44,4,0,0,1,61,2,36,42,6,3,10,55,2,54,18,3,1,18,43,4,30,32,2,4,16
1178413,2019,2019-04-21,2,Rajiv Gandhi International Stadium,"Rajiv Gandhi International Stadium, Uppal",Hyderabad,Hyderabad,Sunrisers Hyderabad,Sunrisers Hyderabad,Kolkata Knight Riders,Kolkata Knight Riders,161,155,6,1,90,15,94,10,9,19,4,0,1,1,72,0,36,50,5,5,10,89,1,54,44,5,4,9,0,0,0,0,0,0,0
1178414,2019,2019-04-21,1,M.Chinnaswamy Stadium,M Chinnaswamy Stadium,Bengaluru,Bengaluru,Royal Challengers Bangalore,Royal Challengers Bengaluru,Chennai Super Kings,Chennai Super Kings,161,157,4,7,120,20,94,13,7,44,2,0,0,2,49,1,36,38,5,3,19,69,2,54,32,2,4,15,43,4,30,24,6,0,10
1178414,2019,2019-04-21,2,M.Chinnaswamy Stadium,M Chinnaswamy Stadium,Bengaluru,Bengaluru,Chennai Super Kings,Chennai Super Kings,Royal Challengers Bangalore,Royal Challengers Bengaluru,160,148,12,8,120,20,88,10,8,46,2,1,0,9,32,4,36,16,4,0,20,60,1,54,28,4,2,19,68,3,30,44,2,6,7
1178415,2019,2019-04-22,1,Sawai Mansingh Stadium,Sawai Mansingh Stadium,Jaipur,Jaipur,Rajasthan Royals,Rajasthan Royals,Delhi Capitals,Delhi Capitals,191,186,5,6,120,20,110,23,3,34,4,0,0,1,52,1,36,36,6,2,15,98,1,54,58,13,1,10,41,4,30,16,4,0,9
1178415,2019,2019-04-22,2,Sawai Mansingh Stadium,Sawai Mansingh Stadium,Jaipur,Jaipur,Delhi Capitals,Delhi Capitals,Rajasthan Royals,Rajasthan Royals,193,192,1,4,116,19.33,124,19,8,31,0,1,0,0,59,0,36,44,8,2,11,83,2,54,44,8,2,12,51,2,26,36,3,4,8
1178416,2019,2019-04-23,1,MA Chidambaram Stadium,MA Chidambaram Stadium,Chennai,Chennai,Sunrisers Hyderabad,Sunrisers Hyderabad,Chennai Super Kings,Chennai Super Kings,175,171,4,3,120,20,84,12,6,33,3,0,0,1,54,1,36,36,6,2,17,80,1,54,34,4,3,10,41,1,30,14,2,1,6
1178416,2019,2019-04-23,2,MA Chidambaram Stadium,MA Chidambaram Stadium,Chennai,Chennai,Chennai Super Kings,Chennai Super Kings,Sunrisers Hyderabad,Sunrisers Hyderabad,176,167,9,4,119,19.83,112,16,8,41,2,0,4,3,49,1,36,40,7,2,19,86,1,54,50,8,3,14,41,2,29,22,1,3,8
1178417,2019,2019-04-24,1,M.Chinnaswamy Stadium,M Chinnaswamy Stadium,Bengaluru,Bengaluru,Royal Challengers Bangalore,Royal Challengers Bengaluru,Kings XI Punjab,Punjab Kings,202,191,11,4,120,20,132,15,12,35,3,2,2,4,70,1,36,52,10,2,12,52,3,54,20,2,2,19,80,0,30,60,3,8,4
1178417,2019,2019-04-24,2,M.Chinnaswamy Stadium,M Chinnaswamy Stadium,Bengaluru,Bengaluru,Kings XI Punjab,Punjab Kings,Royal Challengers Bangalore,Royal Challengers Bengaluru,185,181,4,7,120,20,130,19,9,45,4,0,0,0,68,1,36,60,12,2,17,75,2,54,44,5,4,17,42,4,30,26,2,3,11
1178418,2019,2019-04-25,1,Eden Gardens,Eden Gardens,Kolkata,Kolkata,Kolkata Knight Riders,Kolkata Knight Riders,Rajasthan Royals,Rajasthan Royals,175,165,10,6,120,20,122,14,11,51,2,1,0,7,32,2,36,16,4,0,21,68,2,54,48,6,4,25,75,2,30,58,4,7,5
1178418,2019,2019-04-25,2,Eden Gardens,Eden Gardens,Kolkata,Kolkata,Rajasthan Royals,Rajasthan Royals,Kolkata Knight Riders,Kolkata Knight Riders,177,172,5,7,116,19.33,120,18,8,45,5,0,0,0,55,1,36,38,5,3,13,67,4,54,42,9,1,27,55,2,26,40,4,4,5
1178419,2019,2019-04-26,1,MA Chidambaram Stadium,MA Chidambaram Stadium,Chennai,Chennai,Mumbai Indians,Mumbai Indians,Chennai Super Kings,Chennai Super Kings,155,151,4,4,120,20,88,13,6,47,3,0,0,1,45,1,36,26,5,1,17,60,2,54,30,3,3,20,50,1,30,32,5,2,10
1178419,2019,2019-04-26,2,MA Chidambaram Stadium,MA Chidambaram Stadium,Chennai,Chennai,Chennai Super Kings,Chennai Super Kings,Mumbai Indians,Mumbai Indians,109,102,7,10,106,17.67,46,7,3,47,5,1,0,1,40,3,36,26,5,1,20,48,3,54,8,2,0,20,21,4,16,12,0,2,7
1178420,2019,2019-04-27,1,Sawai Mansingh Stadium,Sawai Mansingh Stadium,Jaipur,Jaipur,Sunrisers Hyderabad,Sunrisers Hyderabad,Rajasthan Royals,Rajasthan Royals,160,151,9,8,120,20,54,12,1,29,3,0,4,2,51,1,36,20,5,0,12,70,2,54,24,6,0,9,39,5,30,10,1,1,8
1178420,2019,2019-04-27,2,Sawai Mansingh Stadium,Sawai Mansingh Stadium,Jaipur,Jaipur,Rajasthan Royals,Rajasthan Royals,Sunrisers Hyderabad,Sunrisers Hyderabad,161,156,5,3,115,19.17,90,15,5,42,3,0,0,2,60,0,36,48,6,4,16,72,2,54,30,6,1,18,29,1,25,12,3,0,8
1178421,2019,2019-04-28,1,Arun Jaitley Stadium,Arun Jaitley Stadium,Delhi,Delhi,Delhi Capitals,Delhi Capitals,Royal Challengers Bangalore,Royal Challengers Bengaluru,187,182,5,5,120,20,122,17,9,37,0,0,4,1,59,1,36,48,9,2,14,68,2,54,30,3,3,14,60,2,30,44,5,4,9
1178421,2019,2019-04-28,2,Arun Jaitley Stadium,Arun Jaitley Stadium,Delhi,Delhi,Royal Challengers Bangalore,Royal Challengers Bengaluru,Delhi Capitals,Delhi Capitals,171,166,5,7,120,20,96,12,8,34,2,0,0,3,64,1,36,48,9,2,10,62,4,54,22,1,3,16,45,2,30,26,2,3,8
1178422,2019,2019-04-28,1,Eden Gardens,Eden Gardens,Kolkata,Kolkata,Kolkata Knight Riders,Kolkata Knight Riders,Mumbai Indians,Mumbai Indians,232,225,7,2,120,20,174,21,15,36,5,1,0,1,50,0,36,34,7,1,12,107,1,54,78,9,7,16,75,1,30,62,5,7,8
1178422,2019,2019-04-28,2,Eden Gardens,Eden Gardens,Kolkata,Kolkata,Mumbai Indians,Mumbai Indians,Kolkata Knight Riders,Kolkata Knight Riders,198,192,6,7,120,20,140,14,14,41,0,0,4,2,41,2,36,32,5,2,20,99,3,54,68,5,8,11,58,2,30,40,4,4,10
1178423,2019,2019-04-29,1,Rajiv Gandhi International Stadium,"Rajiv Gandhi International Stadium, Uppal",Hyderabad,Hyderabad,Sunrisers Hyderabad,Sunrisers Hyderabad,Kings XI Punjab,Punjab Kings,212,192,20,6,120,20,102,15,7,22,14,0,4,2,77,0,36,46,7,3,8,82,1,54,30,6,1,8,53,5,30,26,2,3,6
1178423,2019,2019-04-29,2,Rajiv Gandhi International Stadium,"Rajiv Gandhi International Stadium, Uppal",Hyderabad,Hyderabad,Kings XI Punjab,Punjab Kings,Sunrisers Hyderabad,Sunrisers Hyderabad,167,160,7,8,120,20,98,11,9,48,6,1,0,0,44,1,36,22,4,1,14,79,4,54,50,5,5,21,44,3,30,26,2,3,13
1178424,2019,2019-04-30,1,M.Chinnaswamy Stadium,M Chinnaswamy Stadium,Bengaluru,Bengaluru,Royal Challengers Bangalore,Royal Challengers Bengaluru,Rajasthan Royals,Rajasthan Royals,62,59,3,7,30,5,42,6,3,8,0,1,2,0,62,7,30,42,6,3,8,0,0,0,0,0,0,0,0,0,0,0,0,0,0
1178424,2019,2019-04-30,2,M.Chinnaswamy Stadium,M Chinnaswamy Stadium,Bengaluru,Bengaluru,Rajasthan Royals,Rajasthan Royals,Royal Challengers Bangalore,Royal Challengers Bengaluru,41,39,2,1,20,3.33,36,3,4,8,0,0,1,1,41,1,20,36,3,4,8,0,0,0,0,0,0,0,0,0,0,0,0,0,0
1178425,2019,2019-05-01,1,MA Chidambaram Stadium,MA Chidambaram Stadium,Chennai,Chennai,Chennai Super Kings,Chennai Super Kings,Delhi Capitals,Delhi Capitals,179,172,7,4,120,20,116,17,8,43,5,1,0,1,27,1,36,16,4,0,22,75,2,54,42,6,3,17,77,1,30,58,7,5,4
1178425,2019,2019-05-01,2,MA Chidambaram Stadium,MA Chidambaram Stadium,Chennai,Chennai,Delhi Capitals,Delhi Capitals,Chennai Super Kings,Chennai Super Kings,99,99,0,10,98,16.33,48,9,2,43,0,0,0,0,59,2,36,36,6,2,11,33,6,54,8,2,0,28,7,2,8,4,1,0,4
1178426,2019,2019-05-02,1,Wankhede Stadium,Wankhede Stadium,Mumbai,Mumbai,Mumbai Indians,Mumbai Indians,Sunrisers Hyderabad,Sunrisers Hyderabad,162,154,8,5,120,20,96,15,6,43,1,1,0,6,44,1,36,36,9,0,20,69,2,54,34,4,3,17,49,2,30,26,2,3,6
1178426,2019,2019-05-02,2,Wankhede Stadium,Wankhede Stadium,Mumbai,Mumbai,Sunrisers Hyderabad,Sunrisers Hyderabad,Mumbai Indians,Mumbai Indians,162,159,3,6,120,20,94,16,5,39,2,0,0,1,59,2,36,44,8,2,14,47,3,54,12,3,0,19,56,1,30,38,5,3,6
1178426,2019,2019-05-02,3,Wankhede Stadium,Wankhede Stadium,Mumbai,Mumbai,Sunrisers Hyderabad,Sunrisers Hyderabad,Mumbai Indians,Mumbai Indians,8,8,0,2,4,0.67,6,0,1,1,0,0,0,0,8,2,4,6,0,1,1,0,0,0,0,0,0,0,0,0,0,0,0,0,0
1178426,2019,2019-05-02,4,Wankhede Stadium,Wankhede Stadium,Mumbai,Mumbai,Mumbai Indians,Mumbai Indians,Sunrisers Hyderabad,Sunrisers Hyderabad,9,9,0,0,3,0.5,6,0,1,0,0,0,0,0,9,0,3,6,0,1,0,0,0,0,0,0,0,0,0,0,0,0,0,0,0
1178427,2019,2019-05-03,1,Punjab Cricket Association IS Bindra Stadium,"Punjab Cricket Association IS Bindra Stadium, Mohali",Chandigarh,Chandigarh,Kings XI Punjab,Punjab Kings,Kolkata Knight Riders,Kolkata Knight Riders,183,180,3,6,120,20,108,15,8,36,1,0,0,2,41,2,36,22,4,1,17,84,2,54,46,4,5,12,58,2,30,40,7,2,7
1178427,2019,2019-05-03,2,Punjab Cricket Association IS Bindra Stadium,"Punjab Cricket Association IS Bindra Stadium, Mohali",Chandigarh,Chandigarh,Kolkata Knight Riders,Kolkata Knight Riders,Kings XI Punjab,Punjab Kings,185,178,7,3,108,18,118,16,9,30,5,0,0,2,62,1,36,46,7,3,13,89,2,54,54,6,5,15,34,0,18,18,3,1,2
1178428,2019,2019-05-04,1,Arun Jaitley Stadium,Arun Jaitley Stadium,Delhi,Delhi,Rajasthan Royals,Rajasthan Royals,Delhi Capitals,Delhi Capitals,115,106,9,9,120,20,50,8,3,56,9,0,0,0,30,4,36,18,3,1,22,40,3,54,12,3,0,24,45,2,30,20,2,2,10
1178428,2019,2019-05-04,2,Arun Jaitley Stadium,Arun Jaitley Stadium,Delhi,Delhi,Delhi Capitals,Delhi Capitals,Rajasthan Royals,Rajasthan Royals,121,116,5,5,97,16.17,68,5,8,38,1,0,0,4,46,2,36,28,4,2,16,54,2,54,22,1,3,21,21,1,7,18,0,3,1
1178429,2019,2019-05-04,1,M.Chinnaswamy Stadium,M Chinnaswamy Stadium,Bengaluru,Bengaluru,Sunrisers Hyderabad,Sunrisers Hyderabad,Royal Challengers Bangalore,Royal Challengers Bengaluru,175,171,4,7,120,20,110,14,9,43,2,1,0,1,52,1,36,36,6,2,16,70,3,54,42,3,5,21,53,3,30,32,5,2,6
1178429,2019,2019-05-04,2,M.Chinnaswamy Stadium,M Chinnaswamy Stadium,Bengaluru,Bengaluru,Royal Challengers Bangalore,Royal Challengers Bengaluru,Sunrisers Hyderabad,Sunrisers Hyderabad,178,169,9,6,116,19.33,112,16,8,34,7,0,0,2,49,3,36,32,5,2,16,81,0,54,48,6,4,12,48,3,26,32,5,2,6
1178430,2019,2019-05-05,1,Punjab Cricket Association IS Bindra Stadium,"Punjab Cricket Association IS Bindra Stadium, Mohali",Chandigarh,Chandigarh,Chennai Super Kings,Chennai Super Kings,Kings XI Punjab,Punjab Kings,170,168,2,5,120,20,100,16,6,34,1,0,0,1,42,1,36,24,6,0,14,82,0,54,50,8,3,12,46,4,30,26,2,3,8
1178430,2019,2019-05-05,2,Punjab Cricket Association IS Bindra Stadium,"Punjab Cricket Association IS Bindra Stadium, Mohali",Chandigarh,Chandigarh,Kings XI Punjab,Punjab Kings,Chennai Super Kings,Chennai Super Kings,173,159,14,4,108,18,116,14,10,41,5,0,4,5,68,0,36,54,6,5,17,83,3,54,52,7,4,17,22,1,18,10,1,1,7
1178431,2019,2019-05-05,1,Wankhede Stadium,Wankhede Stadium,Mumbai,Mumbai,Kolkata Knight Riders,Kolkata Knight Riders,Mumbai Indians,Mumbai Indians,133,123,10,7,120,20,72,3,10,58,7,1,0,2,49,0,36,32,2,4,17,50,4,54,28,1,4,30,34,3,30,12,0,2,11
1178431,2019,2019-05-05,2,Wankhede Stadium,Wankhede Stadium,Mumbai,Mumbai,Mumbai Indians,Mumbai Indians,Kolkata Knight Riders,Kolkata Knight Riders,134,131,3,1,97,16.17,86,14,5,37,2,1,0,0,46,0,36,30,3,3,18,75,1,54,46,10,1,17,13,0,7,10,1,1,2
1181764,2019,2019-05-07,1,MA Chidambaram Stadium,MA Chidambaram Stadium,Chennai,Chennai,Chennai Super Kings,Chennai Super Kings,Mumbai Indians,Mumbai Indians,131,126,5,4,120,20,64,10,4,49,1,3,0,1,32,3,36,24,6,0,23,59,1,54,24,3,2,19,40,0,30,16,1,2,7
1181764,2019,2019-05-07,2,MA Chidambaram Stadium,MA Chidambaram Stadium,Chennai,Chennai,Mumbai Indians,Mumbai Indians,Chennai Super Kings,Chennai Super Kings,132,124,8,4,111,18.5,66,15,1,46,7,0,0,1,44,2,36,34,7,1,22,64,2,54,24,6,0,17,24,0,21,8,2,0,7
1181766,2019,2019-05-08,1,Dr. Y.S. Rajasekhara Reddy ACA-VDCA Cricket Stadium,Dr Y.S. Rajasekhara Reddy ACA-VDCA Cricket Stadium,Visakhapatnam,Visakhapatnam,Sunrisers Hyderabad,Sunrisers Hyderabad,Delhi Capitals,Delhi Capitals,162,152,10,8,120,20,90,12,7,44,7,1,0,2,54,1,36,40,4,4,15,50,2,54,8,2,0,18,58,5,30,42,6,3,11
1181766,2019,2019-05-08,2,Dr. Y.S. Rajasekhara Reddy ACA-VDCA Cricket Stadium,Dr Y.S. Rajasekhara Reddy ACA-VDCA Cricket Stadium,Visakhapatnam,Visakhapatnam,Delhi Capitals,Delhi Capitals,Sunrisers Hyderabad,Sunrisers Hyderabad,165,159,6,8,119,19.83,110,14,9,51,5,0,1,0,55,0,36,42,9,1,16,56,5,54,26,2,3,23,54,3,29,42,3,5,12
1181767,2019,2019-05-10,1,Dr. Y.S. Rajasekhara Reddy ACA-VDCA Cricket Stadium,Dr Y.S. Rajasekhara Reddy ACA-VDCA Cricket Stadium,Visakhapatnam,Visakhapatnam,Delhi Capitals,Delhi Capitals,Chennai Super Kings,Chennai Super Kings,147,139,8,9,120,20,76,13,4,45,2,1,0,5,41,2,36,24,6,0,15,52,3,54,16,4,0,20,54,4,30,36,3,4,10
1181767,2019,2019-05-10,2,Dr. Y.S. Rajasekhara Reddy ACA-VDCA Cricket Stadium,Dr Y.S. Rajasekhara Reddy ACA-VDCA Cricket Stadium,Visakhapatnam,Visakhapatnam,Chennai Super Kings,Chennai Super Kings,Delhi Capitals,Delhi Capitals,151,140,11,4,114,19,86,14,5,43,6,0,0,5,42,0,36,26,5,1,14,77,2,54,44,5,4,19,32,2,24,16,4,0,10
1181768,2019,2019-05-12,1,Rajiv Gandhi International Stadium,"Rajiv Gandhi International Stadium, Uppal",Hyderabad,Hyderabad,Mumbai Indians,Mumbai Indians,Chennai Super Kings,Chennai Super Kings,149,146,3,8,120,20,90,9,9,51,3,0,0,0,45,2,36,34,1,5,21,57,3,54,22,4,1,20,47,3,30,34,4,3,10
1181768,2019,2019-05-12,2,Rajiv Gandhi International Stadium,"Rajiv Gandhi International Stadium, Uppal",Hyderabad,Hyderabad,Chennai Super Kings,Chennai Super Kings,Mumbai Indians,Mumbai Indians,148,139,9,7,120,20,80,11,6,55,4,0,5,0,53,1,36,36,6,2,18,35,3,54,8,2,0,31,60,3,30,36,3,4,6
1216492,2021,2020-09-19,1,Sheikh Zayed Stadium,Sheikh Zayed Stadium,Abu Dhabi,Abu Dhabi,Mumbai Indians,Mumbai Indians,Chennai Super Kings,Chennai Super Kings,162,157,5,9,120,20,84,15,4,39,4,0,0,1,51,2,36,28,7,0,12,75,3,54,38,5,3,16,36,4,30,18,3,1,11
1216492,2021,2020-09-19,2,Sheikh Zayed Stadium,Sheikh Zayed Stadium,Abu Dhabi,Abu Dhabi,Chennai Super Kings,Chennai Super Kings,Mumbai Indians,Mumbai Indians,166,162,4,5,116,19.33,94,16,5,36,3,1,0,0,37,2,36,26,5,1,25,79,0,54,32,5,2,6,50,3,26,36,6,2,5
1216493,2021,2020-09-20,1,Dubai International Cricket Stadium,Dubai International Cricket Stadium,Unknown,Unknown,Delhi Capitals,Delhi Capitals,Kings XI Punjab,Punjab Kings,157,148,9,8,120,20,88,13,6,49,6,2,1,0,23,3,36,12,3,0,25,70,2,54,30,3,3,15,64,3,30,46,7,3,9
1216493,2021,2020-09-20,2,Dubai International Cricket Stadium,Dubai International Cricket Stadium,Unknown,Unknown,Kings XI Punjab,Punjab Kings,Delhi Capitals,Delhi Capitals,157,149,8,8,120,20,84,12,6,46,1,1,0,6,35,3,36,14,2,1,19,63,2,54,32,5,2,19,59,3,30,38,5,3,8
1216493,2021,2020-09-20,3,Dubai International Cricket Stadium,Dubai International Cricket Stadium,Unknown,Unknown,Kings XI Punjab,Punjab Kings,Delhi Capitals,Delhi Capitals,2,2,0,2,3,0.5,0,0,0,2,0,0,0,0,2,2,3,0,0,0,2,0,0,0,0,0,0,0,0,0,0,0,0,0,0
1216493,2021,2020-09-20,4,Dubai International Cricket Stadium,Dubai International Cricket Stadium,Unknown,Unknown,Delhi Capitals,Delhi Capitals,Kings XI Punjab,Punjab Kings,3,2,1,0,2,0.33,0,0,0,1,1,0,0,0,3,0,2,0,0,0,1,0,0,0,0,0,0,0,0,0,0,0,0,0,0
1216534,2021,2020-09-21,1,Dubai International Cricket Stadium,Dubai International Cricket Stadium,Unknown,Unknown,Royal Challengers Bangalore,Royal Challengers Bengaluru,Sunrisers Hyderabad,Sunrisers Hyderabad,163,158,5,5,120,20,76,13,4,34,2,2,0,1,53,0,36,34,7,1,17,63,2,54,14,2,1,10,47,3,30,28,4,2,7
1216534,2021,2020-09-21,2,Dubai International Cricket Stadium,Dubai International Cricket Stadium,Unknown,Unknown,Sunrisers Hyderabad,Sunrisers Hyderabad,Royal Challengers Bangalore,Royal Challengers Bengaluru,153,138,15,10,118,19.67,74,14,3,45,8,0,5,2,48,1,36,30,6,1,16,73,1,54,32,5,2,18,32,8,28,12,3,0,11
1216496,2021,2020-09-22,1,Sharjah Cricket Stadium,Sharjah Cricket Stadium,Unknown,Unknown,Rajasthan Royals,Rajasthan Royals,Chennai Super Kings,Chennai Super Kings,216,207,9,7,120,20,138,9,17,33,5,3,1,0,54,1,36,34,4,3,13,100,3,54,64,1,10,12,62,3,30,40,4,4,8
1216496,2021,2020-09-22,2,Sharjah Cricket Stadium,Sharjah Cricket Stadium,Unknown,Unknown,Chennai Super Kings,Chennai Super Kings,Rajasthan Royals,Rajasthan Royals,200,195,5,6,120,20,132,9,16,34,3,1,0,1,53,0,36,40,4,4,16,78,5,54,40,4,4,12,69,1,30,52,1,8,6
1216508,2021,2020-09-23,1,Sheikh Zayed Stadium,Sheikh Zayed Stadium,Abu Dhabi,Abu Dhabi,Mumbai Indians,Mumbai Indians,Kolkata Knight Riders,Kolkata Knight Riders,195,181,14,5,120,20,106,13,9,34,11,1,0,2,59,1,36,42,6,3,17,88,1,54,42,3,5,8,48,3,30,22,4,1,9
1216508,2021,2020-09-23,2,Sheikh Zayed Stadium,Sheikh Zayed Stadium,Abu Dhabi,Abu Dhabi,Kolkata Knight Riders,Kolkata Knight Riders,Mumbai Indians,Mumbai Indians,146,141,5,9,120,20,94,13,7,56,3,0,0,2,33,2,36,24,3,2,23,67,2,54,38,8,1,19,46,5,30,32,2,4,14
1216510,2021,2020-09-24,1,Dubai International Cricket Stadium,Dubai International Cricket Stadium,Unknown,Unknown,Kings XI Punjab,Punjab Kings,Royal Challengers Bangalore,Royal Challengers Bengaluru,206,195,11,3,120,20,126,21,7,31,4,0,0,4,50,0,36,32,8,0,14,76,2,54,34,7,1,14,80,1,30,60,6,6,3
1216510,2021,2020-09-24,2,Dubai International Cricket Stadium,Dubai International Cricket Stadium,Unknown,Unknown,Royal Challengers Bangalore,Royal Challengers Bengaluru,Kings XI Punjab,Punjab Kings,109,100,9,10,102,17,58,10,3,51,7,0,0,2,40,3,36,26,5,1,22,55,4,54,22,4,1,22,14,3,12,10,1,1,7
1216539,2021,2020-09-25,1,Dubai International Cricket Stadium,Dubai International Cricket Stadium,Unknown,Unknown,Delhi Capitals,Delhi Capitals,Chennai Super Kings,Chennai Super Kings,175,167,8,3,120,20,92,20,2,34,3,0,0,5,36,0,36,16,4,0,16,88,2,54,52,10,2,12,51,1,30,24,6,0,6
1216539,2021,2020-09-25,2,Dubai International Cricket Stadium,Dubai International Cricket Stadium,Unknown,Unknown,Chennai Super Kings,Chennai Super Kings,Delhi Capitals,Delhi Capitals,131,126,5,7,120,20,54,12,1,45,4,0,0,1,34,2,36,18,3,1,19,61,1,54,24,6,0,16,36,4,30,12,3,0,10
1216545,2021,2020-09-26,1,Sheikh Zayed Stadium,Sheikh Zayed Stadium,Abu Dhabi,Abu Dhabi,Sunrisers Hyderabad,Sunrisers Hyderabad,Kolkata Knight Riders,Kolkata Knight Riders,142,135,7,4,120,20,56,8,4,36,3,0,2,2,40,1,36,20,2,2,14,59,1,54,14,2,1,14,43,2,30,22,4,1,8
1216545,2021,2020-09-26,2,Sheikh Zayed Stadium,Sheikh Zayed Stadium,Abu Dhabi,Abu Dhabi,Kolkata Knight Riders,Kolkata Knight Riders,Sunrisers Hyderabad,Sunrisers Hyderabad,145,138,7,3,108,18,80,14,4,34,4,1,0,2,52,2,36,42,9,1,19,61,1,54,18,3,1,12,32,0,18,20,2,2,3
1216527,2021,2020-09-27,1,Sharjah Cricket Stadium,Sharjah Cricket Stadium,Unknown,Unknown,Kings XI Punjab,Punjab Kings,Rajasthan Royals,Rajasthan Royals,223,213,10,2,120,20,146,20,11,29,8,0,0,0,60,0,36,40,7,2,13,112,0,54,72,9,6,7,51,2,30,34,4,3,9
1216527,2021,2020-09-27,2,Sharjah Cricket Stadium,Sharjah Cricket Stadium,Unknown,Unknown,Rajasthan Royals,Rajasthan Royals,Kings XI Punjab,Punjab Kings,226,218,8,6,117,19.5,164,14,18,39,6,0,1,1,69,1,36,54,9,3,18,71,1,54,32,2,4,14,86,4,27,78,3,11,7
1216547,2021,2020-09-28,1,Dubai International Cricket Stadium,Dubai International Cricket Stadium,Unknown,Unknown,Royal Challengers Bangalore,Royal Challengers Bengaluru,Mumbai Indians,Mumbai Indians,201,191,10,3,120,20,128,17,10,36,3,0,0,7,59,0,36,34,7,1,14,64,2,54,32,5,2,19,78,1,30,62,5,7,3
1216547,2021,2020-09-28,2,Dubai International Cricket Stadium,Dubai International Cricket Stadium,Unknown,Unknown,Mumbai Indians,Mumbai Indians,Royal Challengers Bangalore,Royal Challengers Bengaluru,201,196,5,5,120,20,120,6,16,33,5,0,0,0,35,2,36,20,2,2,20,77,2,54,34,1,5,11,89,1,30,66,3,9,2
1216547,2021,2020-09-28,3,Dubai International Cricket Stadium,Dubai International Cricket Stadium,Unknown,Unknown,Mumbai Indians,Mumbai Indians,Royal Challengers Bangalore,Royal Challengers Bengaluru,7,6,1,1,6,1,4,1,0,2,0,0,1,0,7,1,6,4,1,0,2,0,0,0,0,0,0,0,0,0,0,0,0,0,0
1216547,2021,2020-09-28,4,Dubai International Cricket Stadium,Dubai International Cricket Stadium,Unknown,Unknown,Royal Challengers Bangalore,Royal Challengers Bengaluru,Mumbai Indians,Mumbai Indians,11,11,0,0,6,1,8,2,0,1,0,0,0,0,11,0,6,8,2,0,1,0,0,0,0,0,0,0,0,0,0,0,0,0,0
1216532,2021,2020-09-29,1,Sheikh Zayed Stadium,Sheikh Zayed Stadium,Abu Dhabi,Abu Dhabi,Sunrisers Hyderabad,Sunrisers Hyderabad,Delhi Capitals,Delhi Capitals,162,155,7,4,120,20,68,11,4,29,3,0,0,4,38,0,36,14,2,1,13,79,2,54,28,4,2,9,45,2,30,26,5,1,7
1216532,2021,2020-09-29,2,Sheikh Zayed Stadium,Sheikh Zayed Stadium,Abu Dhabi,Abu Dhabi,Delhi Capitals,Delhi Capitals,Sunrisers Hyderabad,Sunrisers Hyderabad,147,136,11,7,120,20,66,9,5,44,5,0,0,6,34,1,36,20,5,0,20,70,2,54,28,1,4,17,43,4,30,18,3,1,7
1216504,2021,2020-09-30,1,Dubai International Cricket Stadium,Dubai International Cricket Stadium,Unknown,Unknown,Kolkata Knight Riders,Kolkata Knight Riders,Rajasthan Royals,Rajasthan Royals,174,163,11,6,120,20,96,12,8,43,8,0,0,3,42,1,36,28,4,2,19,78,4,54,44,5,4,21,54,1,30,24,3,2,3
1216504,2021,2020-09-30,2,Dubai International Cricket Stadium,Dubai International Cricket Stadium,Unknown,Unknown,Rajasthan Royals,Rajasthan Royals,Kolkata Knight Riders,Kolkata Knight Riders,137,130,7,9,120,20,64,4,8,51,1,0,0,6,39,2,36,20,2,2,18,51,6,54,16,1,2,23,47,1,30,28,1,4,10
1216503,2021,2020-10-01,1,Sheikh Zayed Stadium,Sheikh Zayed Stadium,Abu Dhabi,Abu Dhabi,Mumbai Indians,Mumbai Indians,Kings XI Punjab,Punjab Kings,191,185,6,4,120,20,128,17,10,40,5,0,0,1,41,2,36,28,7,0,19,61,1,54,26,2,3,17,89,1,30,74,8,7,4
1216503,2021,2020-10-01,2,Sheikh Zayed Stadium,Sheikh Zayed Stadium,Abu Dhabi,Abu Dhabi,Kings XI Punjab,Punjab Kings,Mumbai Indians,Mumbai Indians,143,136,7,8,120,20,58,10,3,41,5,0,0,2,41,2,36,16,4,0,12,68,3,54,24,3,2,17,34,3,30,18,3,1,12
1216516,2021,2020-10-02,1,Dubai International Cricket Stadium,Dubai International Cricket Stadium,Unknown,Unknown,Sunrisers Hyderabad,Sunrisers Hyderabad,Chennai Super Kings,Chennai Super Kings,164,156,8,5,120,20,88,19,2,43,6,2,0,0,42,1,36,24,6,0,16,58,3,54,30,6,1,22,64,1,30,34,7,1,5
1216516,2021,2020-10-02,2,Dubai International Cricket Stadium,Dubai International Cricket Stadium,Unknown,Unknown,Chennai Super Kings,Chennai Super Kings,Sunrisers Hyderabad,Sunrisers Hyderabad,157,146,11,5,120,20,86,14,5,49,8,0,0,3,36,3,36,20,5,0,19,43,1,54,14,2,1,26,78,1,30,52,7,4,4
1216514,2021,2020-10-03,1,Sheikh Zayed Stadium,Sheikh Zayed Stadium,Abu Dhabi,Abu Dhabi,Rajasthan Royals,Rajasthan Royals,Royal Challengers Bangalore,Royal Challengers Bengaluru,154,151,3,6,120,20,84,9,8,40,1,1,0,1,38,3,36,26,5,1,19,61,1,54,24,3,2,14,55,2,30,34,1,5,7
1216514,2021,2020-10-03,2,Sheikh Zayed Stadium,Sheikh Zayed Stadium,Abu Dhabi,Abu Dhabi,Royal Challengers Bangalore,Royal Challengers Bengaluru,Rajasthan Royals,Rajasthan Royals,158,155,3,2,115,19.17,82,16,3,35,2,0,1,0,50,1,36,34,7,1,15,68,0,54,28,4,2,16,40,1,25,20,5,0,4
1216515,2021,2020-10-03,1,Sharjah Cricket Stadium,Sharjah Cricket Stadium,Unknown,Unknown,Delhi Capitals,Delhi Capitals,Kolkata Knight Riders,Kolkata Knight Riders,228,226,2,4,120,20,156,18,14,23,2,0,0,0,57,1,36,38,5,3,10,94,1,54,52,4,6,7,77,2,30,66,9,5,6
1216515,2021,2020-10-03,2,Sharjah Cricket Stadium,Sharjah Cricket Stadium,Unknown,Unknown,Kolkata Knight Riders,Kolkata Knight Riders,Delhi Capitals,Delhi Capitals,210,197,13,8,120,20,132,12,14,35,5,2,4,2,59,1,36,34,4,3,11,78,5,54,40,4,4,18,73,2,30,58,4,7,6
1216513,2021,2020-10-04,1,Dubai International Cricket Stadium,Dubai International Cricket Stadium,Unknown,Unknown,Kings XI Punjab,Punjab Kings,Chennai Super Kings,Chennai Super Kings,178,174,4,4,120,20,92,14,6,35,3,0,0,1,46,0,36,24,6,0,11,84,2,54,44,5,4,15,48,2,30,24,3,2,9
1216513,2021,2020-10-04,2,Dubai International Cricket Stadium,Dubai International Cricket Stadium,Unknown,Unknown,Chennai Super Kings,Chennai Super Kings,Kings XI Punjab,Punjab Kings,181,170,11,0,106,17.67,112,22,4,30,11,0,0,0,60,0,36,36,9,0,12,90,0,54,54,9,3,14,31,0,16,22,4,1,4
1216538,2021,2020-10-04,1,Sharjah Cricket Stadium,Sharjah Cricket Stadium,Unknown,Unknown,Mumbai Indians,Mumbai Indians,Sunrisers Hyderabad,Sunrisers Hyderabad,208,204,4,5,120,20,144,15,14,37,2,1,0,1,48,2,36,38,8,1,18,99,2,54,58,4,7,10,61,1,30,48,3,6,9
1216538,2021,2020-10-04,2,Sharjah Cricket Stadium,Sharjah Cricket Stadium,Unknown,Unknown,Sunrisers Hyderabad,Sunrisers Hyderabad,Mumbai Indians,Mumbai Indians,174,159,15,7,120,20,90,12,7,41,10,0,0,5,56,1,36,40,7,2,15,83,3,54,34,4,3,11,35,3,30,16,1,2,15
1216519,2021,2020-10-05,1,Dubai International Cricket Stadium,Dubai International Cricket Stadium,Unknown,Unknown,Delhi Capitals,Delhi Capitals,Royal Challengers Bangalore,Royal Challengers Bengaluru,196,186,10,4,120,20,114,18,7,31,4,2,0,4,63,0,36,40,7,2,9,71,3,54,36,6,2,17,62,1,30,38,5,3,5
1216519,2021,2020-10-05,2,Dubai International Cricket Stadium,Dubai International Cricket Stadium,Unknown,Unknown,Royal Challengers Bangalore,Royal Challengers Bengaluru,Delhi Capitals,Delhi Capitals,137,126,11,9,120,20,56,11,2,42,7,0,0,4,43,3,36,20,5,0,12,62,2,54,20,2,2,16,32,4,30,16,4,0,14
1216511,2021,2020-10-06,1,Sheikh Zayed Stadium,Sheikh Zayed Stadium,Abu Dhabi,Abu Dhabi,Mumbai Indians,Mumbai Indians,Rajasthan Royals,Rajasthan Royals,193,179,14,4,120,20,120,18,8,41,5,1,1,2,57,1,36,42,6,3,14,68,3,54,36,6,2,21,68,0,30,42,6,3,6
1216511,2021,2020-10-06,2,Sheikh Zayed Stadium,Sheikh Zayed Stadium,Abu Dhabi,Abu Dhabi,Rajasthan Royals,Rajasthan Royals,Mumbai Indians,Mumbai Indians,136,134,2,10,109,18.17,80,11,6,45,1,0,0,1,31,3,36,20,5,0,21,82,3,54,46,4,5,16,23,4,19,14,2,1,8
1216501,2021,2020-10-07,1,Sheikh Zayed Stadium,Sheikh Zayed Stadium,Abu Dhabi,Abu Dhabi,Kolkata Knight Riders,Kolkata Knight Riders,Chennai Super Kings,Chennai Super Kings,167,157,10,10,120,20,86,14,5,36,6,0,0,4,52,1,36,34,7,1,13,76,3,54,34,4,3,12,39,6,30,18,3,1,11
1216501,2021,2020-10-07,2,Sheikh Zayed Stadium,Sheikh Zayed Stadium,Abu Dhabi,Abu Dhabi,Chennai Super Kings,Chennai Super Kings,Kolkata Knight Riders,Kolkata Knight Riders,157,153,4,5,120,20,90,18,3,39,2,0,0,2,54,1,36,34,7,1,10,56,2,54,20,5,0,18,47,2,30,36,6,2,11
1216542,2021,2020-10-08,1,Dubai International Cricket Stadium,Dubai International Cricket Stadium,Unknown,Unknown,Sunrisers Hyderabad,Sunrisers Hyderabad,Kings XI Punjab,Punjab Kings,201,190,11,6,120,20,114,15,9,38,9,1,0,1,58,0,36,36,9,0,15,102,0,54,54,3,7,10,41,6,30,24,3,2,13
1216542,2021,2020-10-08,2,Dubai International Cricket Stadium,Dubai International Cricket Stadium,Unknown,Unknown,Kings XI Punjab,Punjab Kings,Sunrisers Hyderabad,Sunrisers Hyderabad,132,128,4,10,101,16.83,78,9,7,42,2,0,0,2,45,2,36,22,4,1,14,81,6,54,52,4,6,20,6,2,11,4,1,0,8
1216500,2021,2020-10-09,1,Sharjah Cricket Stadium,Sharjah Cricket Stadium,Unknown,Unknown,Delhi Capitals,Delhi Capitals,Rajasthan Royals,Rajasthan Royals,184,170,14,8,120,20,110,11,11,42,5,1,0,3,51,3,36,34,7,1,17,71,2,54,36,0,6,17,62,3,30,40,4,4,8
1216500,2021,2020-10-09,2,Sharjah Cricket Stadium,Sharjah Cricket Stadium,Unknown,Unknown,Rajasthan Royals,Rajasthan Royals,Delhi Capitals,Delhi Capitals,138,128,10,10,118,19.67,68,8,6,48,7,0,0,1,41,1,36,24,3,2,17,60,6,54,24,3,2,20,37,3,28,20,2,2,11
1216523,2021,2020-10-10,1,Sheikh Zayed Stadium,Sheikh Zayed Stadium,Abu Dhabi,Abu Dhabi,Kolkata Knight Riders,Kolkata Knight Riders,Kings XI Punjab,Punjab Kings,164,155,9,6,120,20,86,17,3,44,6,0,1,2,25,2,36,16,4,0,24,76,1,54,28,4,2,14,63,3,30,42,9,1,6
1216523,2021,2020-10-10,2,Sheikh Zayed Stadium,Sheikh Zayed Stadium,Abu Dhabi,Abu Dhabi,Kings XI Punjab,Punjab Kings,Kolkata Knight Riders,Kolkata Knight Riders,162,160,2,5,120,20,76,16,2,32,0,0,0,2,47,0,36,26,5,1,13,70,1,54,24,6,0,9,45,4,30,26,5,1,10
1216525,2021,2020-10-10,1,Dubai International Cricket Stadium,Dubai International Cricket Stadium,Unknown,Unknown,Royal Challengers Bangalore,Royal Challengers Bengaluru,Chennai Super Kings,Chennai Super Kings,169,157,12,4,120,20,74,8,7,37,10,1,0,1,36,1,36,12,3,0,16,59,3,54,22,1,3,17,74,0,30,40,4,4,4
1216525,2021,2020-10-10,2,Dubai International Cricket Stadium,Dubai International Cricket Stadium,Unknown,Unknown,Chennai Super Kings,Chennai Super Kings,Royal Challengers Bangalore,Royal Challengers Bengaluru,132,127,5,8,120,20,54,12,1,48,5,0,0,0,26,2,36,12,3,0,23,70,1,54,32,8,0,15,36,5,30,10,1,1,10
1216507,2021,2020-10-11,1,Dubai International Cricket Stadium,Dubai International Cricket Stadium,Unknown,Unknown,Sunrisers Hyderabad,Sunrisers Hyderabad,Rajasthan Royals,Rajasthan Royals,158,155,3,4,120,20,78,6,9,42,2,1,0,0,26,1,36,10,1,1,20,70,1,54,32,2,4,16,62,2,30,36,3,4,6
1216507,2021,2020-10-11,2,Dubai International Cricket Stadium,Dubai International Cricket Stadium,Unknown,Unknown,Rajasthan Royals,Rajasthan Royals,Sunrisers Hyderabad,Sunrisers Hyderabad,163,157,6,5,119,19.83,84,12,6,36,2,0,0,4,36,3,36,24,3,2,21,58,2,54,12,3,0,13,69,0,29,48,6,4,2
1216529,2021,2020-10-11,1,Sheikh Zayed Stadium,Sheikh Zayed Stadium,Abu Dhabi,Abu Dhabi,Delhi Capitals,Delhi Capitals,Mumbai Indians,Mumbai Indians,162,157,5,4,120,20,74,17,1,33,5,0,0,0,46,2,36,34,7,1,19,65,1,54,20,5,0,11,51,1,30,20,5,0,3
1216529,2021,2020-10-11,2,Sheikh Zayed Stadium,Sheikh Zayed Stadium,Abu Dhabi,Abu Dhabi,Mumbai Indians,Mumbai Indians,Delhi Capitals,Delhi Capitals,166,162,4,5,118,19.67,96,15,6,37,4,0,0,0,44,1,36,26,2,3,17,86,2,54,48,9,2,10,36,2,28,22,4,1,10
1216540,2021,2020-10-12,1,Sharjah Cricket Stadium,Sharjah Cricket Stadium,Unknown,Unknown,Royal Challengers Bangalore,Royal Challengers Bengaluru,Kolkata Knight Riders,Kolkata Knight Riders,194,185,9,2,120,20,104,14,8,33,6,1,0,2,47,0,36,30,6,1,13,64,2,54,18,3,1,14,83,0,30,56,5,6,6
1216540,2021,2020-10-12,2,Sharjah Cricket Stadium,Sharjah Cricket Stadium,Unknown,Unknown,Kolkata Knight Riders,Kolkata Knight Riders,Royal Challengers Bangalore,Royal Challengers Bengaluru,112,106,6,9,120,20,44,8,2,49,3,0,0,3,43,1,36,22,4,1,13,47,6,54,18,3,1,22,22,2,30,4,1,0,14
1216528,2021,2020-10-13,1,Dubai International Cricket Stadium,Dubai International Cricket Stadium,Unknown,Unknown,Chennai Super Kings,Chennai Super Kings,Sunrisers Hyderabad,Sunrisers Hyderabad,167,162,5,6,120,20,102,12,9,44,2,0,0,3,44,2,36,32,5,2,20,72,0,54,38,2,5,16,51,4,30,32,5,2,8
1216528,2021,2020-10-13,2,Dubai International Cricket Stadium,Dubai International Cricket Stadium,Unknown,Unknown,Sunrisers Hyderabad,Sunrisers Hyderabad,Chennai Super Kings,Chennai Super Kings,147,141,6,8,120,20,64,13,2,41,6,0,0,0,40,2,36,20,5,0,17,61,2,54,16,4,0,14,46,4,30,28,4,2,10
1216543,2021,2020-10-14,1,Dubai International Cricket Stadium,Dubai International Cricket Stadium,Unknown,Unknown,Delhi Capitals,Delhi Capitals,Rajasthan Royals,Rajasthan Royals,161,151,10,7,120,20,74,11,5,37,6,2,0,2,47,2,36,26,5,1,18,82,1,54,38,5,3,10,32,4,30,10,1,1,9
1216543,2021,2020-10-14,2,Dubai International Cricket Stadium,Dubai International Cricket Stadium,Unknown,Unknown,Rajasthan Royals,Rajasthan Royals,Delhi Capitals,Delhi Capitals,148,143,5,8,120,20,80,14,4,41,3,1,1,0,50,2,36,34,7,1,12,73,3,54,38,5,3,16,25,3,30,8,2,0,13
1216531,2021,2020-10-15,1,Sharjah Cricket Stadium,Sharjah Cricket Stadium,Unknown,Unknown,Royal Challengers Bangalore,Royal Challengers Bengaluru,Kings XI Punjab,Punjab Kings,171,159,12,6,120,20,80,8,8,30,6,0,4,2,57,1,36,32,5,2,10,65,2,54,20,2,2,13,49,3,30,28,1,4,7
1216531,2021,2020-10-15,2,Sharjah Cricket Stadium,Sharjah Cricket Stadium,Unknown,Unknown,Kings XI Punjab,Punjab Kings,Royal Challengers Bangalore,Royal Challengers Bengaluru,177,165,12,2,120,20,108,6,14,43,9,0,0,3,56,0,36,40,4,4,15,70,1,54,34,1,5,17,51,1,30,34,1,5,11
1216526,2021,2020-10-16,1,Sheikh Zayed Stadium,Sheikh Zayed Stadium,Abu Dhabi,Abu Dhabi,Kolkata Knight Riders,Kolkata Knight Riders,Mumbai Indians,Mumbai Indians,148,141,7,5,120,20,82,13,5,52,5,0,0,2,33,2,36,16,4,0,20,62,3,54,32,5,2,24,53,0,30,34,4,3,8
1216526,2021,2020-10-16,2,Sheikh Zayed Stadium,Sheikh Zayed Stadium,Abu Dhabi,Abu Dhabi,Mumbai Indians,Mumbai Indians,Kolkata Knight Riders,Kolkata Knight Riders,149,144,5,2,101,16.83,102,18,5,40,0,0,0,5,51,0,36,36,9,0,16,75,2,54,48,6,4,22,23,0,11,18,3,1,2
1216509,2021,2020-10-17,1,Sharjah Cricket Stadium,Sharjah Cricket Stadium,Unknown,Unknown,Chennai Super Kings,Chennai Super Kings,Delhi Capitals,Delhi Capitals,179,175,4,4,120,20,112,13,10,42,3,1,0,0,39,1,36,30,6,1,22,73,2,54,36,6,2,15,67,1,30,46,1,7,5
1216509,2021,2020-10-17,2,Sharjah Cricket Stadium,Sharjah Cricket Stadium,Unknown,Unknown,Delhi Capitals,Delhi Capitals,Chennai Super Kings,Chennai Super Kings,185,181,4,5,119,19.83,110,17,7,31,3,0,0,1,41,2,36,26,5,1,16,88,1,54,46,10,1,7,56,2,29,38,2,5,8
1216522,2021,2020-10-17,1,Dubai International Cricket Stadium,Dubai International Cricket Stadium,Unknown,Unknown,Rajasthan Royals,Rajasthan Royals,Royal Challengers Bangalore,Royal Challengers Bengaluru,177,167,10,6,120,20,98,17,5,40,7,2,1,0,52,1,36,34,7,1,16,67,2,54,32,5,2,17,58,3,30,32,5,2,7
1216522,2021,2020-10-17,2,Dubai International Cricket Stadium,Dubai International Cricket Stadium,Unknown,Unknown,Royal Challengers Bangalore,Royal Challengers Bengaluru,Rajasthan Royals,Rajasthan Royals,179,166,13,3,118,19.67,80,5,10,36,11,1,0,1,47,1,36,24,3,2,15,67,2,54,12,0,2,16,65,0,28,44,2,6,5
1216512,2021,2020-10-18,1,Sheikh Zayed Stadium,Sheikh Zayed Stadium,Abu Dhabi,Abu Dhabi,Kolkata Knight Riders,Kolkata Knight Riders,Sunrisers Hyderabad,Sunrisers Hyderabad,163,160,3,5,120,20,94,16,5,40,0,1,0,2,48,1,36,30,6,1,12,57,3,54,30,6,1,24,58,1,30,34,4,3,4
1216512,2021,2020-10-18,2,Sheikh Zayed Stadium,Sheikh Zayed Stadium,Abu Dhabi,Abu Dhabi,Sunrisers Hyderabad,Sunrisers Hyderabad,Kolkata Knight Riders,Kolkata Knight Riders,163,153,10,6,120,20,84,18,2,43,2,1,0,7,58,0,36,46,10,1,16,51,4,54,8,2,0,19,54,2,30,30,6,1,8
1216512,2021,2020-10-18,3,Sheikh Zayed Stadium,Sheikh Zayed Stadium,Abu Dhabi,Abu Dhabi,Sunrisers Hyderabad,Sunrisers Hyderabad,Kolkata Knight Riders,Kolkata Knight Riders,2,2,0,2,3,0.5,0,0,0,2,0,0,0,0,2,2,3,0,0,0,2,0,0,0,0,0,0,0,0,0,0,0,0,0,0
1216512,2021,2020-10-18,4,Sheikh Zayed Stadium,Sheikh Zayed Stadium,Abu Dhabi,Abu Dhabi,Kolkata Knight Riders,Kolkata Knight Riders,Sunrisers Hyderabad,Sunrisers Hyderabad,3,1,2,0,4,0.67,0,0,0,2,0,0,0,2,3,0,4,0,0,0,2,0,0,0,0,0,0,0,0,0,0,0,0,0,0
1216517,2021,2020-10-18,1,Dubai International Cricket Stadium,Dubai International Cricket Stadium,Unknown,Unknown,Mumbai Indians,Mumbai Indians,Kings XI Punjab,Punjab Kings,176,169,7,6,120,20,114,15,9,46,1,0,4,2,43,3,36,26,5,1,18,71,1,54,44,5,4,21,62,2,30,44,5,4,7
1216517,2021,2020-10-18,2,Dubai International Cricket Stadium,Dubai International Cricket Stadium,Unknown,Unknown,Kings XI Punjab,Punjab Kings,Mumbai Indians,Mumbai Indians,176,172,4,6,120,20,104,14,8,44,4,0,0,0,51,1,36,38,5,3,18,74,3,54,40,4,4,20,51,2,30,26,5,1,6
1216517,2021,2020-10-18,3,Dubai International Cricket Stadium,Dubai International Cricket Stadium,Unknown,Unknown,Kings XI Punjab,Punjab Kings,Mumbai Indians,Mumbai Indians,5,5,0,2,6,1,0,0,0,2,0,0,0,0,5,2,6,0,0,0,2,0,0,0,0,0,0,0,0,0,0,0,0,0,0
1216517,2021,2020-10-18,4,Dubai International Cricket Stadium,Dubai International Cricket Stadium,Unknown,Unknown,Mumbai Indians,Mumbai Indians,Kings XI Punjab,Punjab Kings,5,5,0,1,6,1,0,0,0,1,0,0,0,0,5,1,6,0,0,0,1,0,0,0,0,0,0,0,0,0,0,0,0,0,0
1216517,2021,2020-10-18,5,Dubai International Cricket Stadium,Dubai International Cricket Stadium,Unknown,Unknown,Mumbai Indians,Mumbai Indians,Kings XI Punjab,Punjab Kings,11,9,2,1,6,1,4,1,0,1,2,0,0,0,11,1,6,4,1,0,1,0,0,0,0,0,0,0,0,0,0,0,0,0,0
1216517,2021,2020-10-18,6,Dubai International Cricket Stadium,Dubai International Cricket Stadium,Unknown,Unknown,Kings XI Punjab,Punjab Kings,Mumbai Indians,Mumbai Indians,15,15,0,0,4,0.67,14,2,1,0,0,0,0,0,15,0,4,14,2,1,0,0,0,0,0,0,0,0,0,0,0,0,0,0,0
1216533,2021,2020-10-19,1,Sheikh Zayed Stadium,Sheikh Zayed Stadium,Abu Dhabi,Abu Dhabi,Chennai Super Kings,Chennai Super Kings,Rajasthan Royals,Rajasthan Royals,125,120,5,5,120,20,54,12,1,48,1,1,1,2,43,2,36,30,6,1,18,46,2,54,12,3,0,25,36,1,30,12,3,0,5
1216533,2021,2020-10-19,2,Sheikh Zayed Stadium,Sheikh Zayed Stadium,Abu Dhabi,Abu Dhabi,Rajasthan Royals,Rajasthan Royals,Chennai Super Kings,Chennai Super Kings,126,119,7,3,105,17.5,60,12,2,45,1,0,0,6,31,3,36,12,3,0,23,77,0,54,38,8,1,17,18,0,15,10,1,1,5
1216546,2021,2020-10-20,1,Dubai International Cricket Stadium,Dubai International Cricket Stadium,Unknown,Unknown,Delhi Capitals,Delhi Capitals,Kings XI Punjab,Punjab Kings,164,160,4,5,120,20,86,14,5,34,3,0,0,1,53,1,36,40,7,2,17,64,2,54,26,5,1,12,47,2,30,20,2,2,5
1216546,2021,2020-10-20,2,Dubai International Cricket Stadium,Dubai International Cricket Stadium,Unknown,Unknown,Kings XI Punjab,Punjab Kings,Delhi Capitals,Delhi Capitals,167,159,8,5,114,19,98,14,7,39,6,1,0,1,57,3,36,38,5,3,15,84,1,54,46,7,3,15,26,1,24,14,2,1,9
1216494,2021,2020-10-21,1,Sheikh Zayed Stadium,Sheikh Zayed Stadium,Abu Dhabi,Abu Dhabi,Kolkata Knight Riders,Kolkata Knight Riders,Royal Challengers Bangalore,Royal Challengers Bengaluru,84,81,3,8,120,20,36,6,2,70,1,0,0,2,17,4,36,10,1,1,28,35,2,54,14,2,1,31,32,2,30,12,3,0,11
1216494,2021,2020-10-21,2,Sheikh Zayed Stadium,Sheikh Zayed Stadium,Abu Dhabi,Abu Dhabi,Royal Challengers Bangalore,Royal Challengers Bengaluru,Kolkata Knight Riders,Kolkata Knight Riders,85,80,5,2,81,13.5,44,11,0,38,3,0,0,2,44,0,36,20,5,0,14,41,2,45,24,6,0,24,0,0,0,0,0,0,0
1216518,2021,2020-10-22,1,Dubai International Cricket Stadium,Dubai International Cricket Stadium,Unknown,Unknown,Rajasthan Royals,Rajasthan Royals,Sunrisers Hyderabad,Sunrisers Hyderabad,154,151,3,6,120,20,72,12,4,41,3,0,0,0,47,1,36,30,6,1,14,58,2,54,14,2,1,18,49,3,30,28,4,2,9
1216518,2021,2020-10-22,2,Dubai International Cricket Stadium,Dubai International Cricket Stadium,Unknown,Unknown,Sunrisers Hyderabad,Sunrisers Hyderabad,Rajasthan Royals,Rajasthan Royals,156,149,7,2,109,18.17,102,12,9,44,6,0,0,1,58,2,36,50,5,5,22,60,0,54,24,3,2,17,38,0,19,28,4,2,5
1216521,2021,2020-10-23,1,Sharjah Cricket Stadium,Sharjah Cricket Stadium,Unknown,Unknown,Chennai Super Kings,Chennai Super Kings,Mumbai Indians,Mumbai Indians,114,102,12,9,120,20,54,9,3,65,8,0,1,3,24,5,36,12,3,0,26,47,3,54,18,0,3,27,43,1,30,24,6,0,12
1216521,2021,2020-10-23,2,Sharjah Cricket Stadium,Sharjah Cricket Stadium,Unknown,Unknown,Mumbai Indians,Mumbai Indians,Chennai Super Kings,Chennai Super Kings,116,114,2,0,74,12.33,86,11,7,28,0,0,0,2,52,0,36,42,9,1,17,64,0,38,44,2,6,11,0,0,0,0,0,0,0
1216497,2021,2020-10-24,1,Sheikh Zayed Stadium,Sheikh Zayed Stadium,Abu Dhabi,Abu Dhabi,Kolkata Knight Riders,Kolkata Knight Riders,Delhi Capitals,Delhi Capitals,194,187,7,6,120,20,132,24,6,42,6,0,0,1,36,2,36,20,5,0,18,106,1,54,74,11,5,12,52,3,30,38,8,1,12
1216497,2021,2020-10-24,2,Sheikh Zayed Stadium,Sheikh Zayed Stadium,Abu Dhabi,Abu Dhabi,Delhi Capitals,Delhi Capitals,Kolkata Knight Riders,Kolkata Knight Riders,135,129,6,9,120,20,62,11,3,48,3,1,0,0,36,2,36,22,4,1,21,74,3,54,28,4,2,13,25,4,30,12,3,0,14
1216498,2021,2020-10-24,1,Dubai International Cricket Stadium,Dubai International Cricket Stadium,Unknown,Unknown,Kings XI Punjab,Punjab Kings,Sunrisers Hyderabad,Sunrisers Hyderabad,126,119,7,7,120,20,40,7,2,46,5,0,1,1,47,1,36,26,5,1,15,41,4,54,6,0,1,23,38,2,30,8,2,0,8
1216498,2021,2020-10-24,2,Dubai International Cricket Stadium,Dubai International Cricket Stadium,Unknown,Unknown,Sunrisers Hyderabad,Sunrisers Hyderabad,Kings XI Punjab,Punjab Kings,114,110,4,10,119,19.83,60,12,2,58,4,0,0,0,52,0,36,36,6,2,17,45,3,54,20,5,0,25,17,7,29,4,1,0,16
1216541,2021,2020-10-25,1,Sheikh Zayed Stadium,Sheikh Zayed Stadium,Abu Dhabi,Abu Dhabi,Mumbai Indians,Mumbai Indians,Rajasthan Royals,Rajasthan Royals,195,186,9,5,120,20,128,14,12,39,5,0,0,4,59,1,36,38,5,3,15,57,3,54,26,5,1,20,79,1,30,64,4,8,4
1216541,2021,2020-10-25,2,Sheikh Zayed Stadium,Sheikh Zayed Stadium,Abu Dhabi,Abu Dhabi,Rajasthan Royals,Rajasthan Royals,Mumbai Indians,Mumbai Indians,196,185,11,2,110,18.33,126,21,7,31,7,0,1,3,55,2,36,42,9,1,18,102,0,54,62,8,5,10,39,0,20,22,4,1,3
1216544,2021,2020-10-25,1,Dubai International Cricket Stadium,Dubai International Cricket Stadium,Unknown,Unknown,Royal Challengers Bangalore,Royal Challengers Bengaluru,Chennai Super Kings,Chennai Super Kings,145,136,9,6,120,20,56,11,2,36,5,2,0,2,46,1,36,26,5,1,14,55,1,54,16,4,0,16,44,4,30,14,2,1,6
1216544,2021,2020-10-25,2,Dubai International Cricket Stadium,Dubai International Cricket Stadium,Unknown,Unknown,Chennai Super Kings,Chennai Super Kings,Royal Challengers Bangalore,Royal Challengers Bengaluru,150,148,2,2,112,18.67,90,12,7,40,1,0,0,1,48,1,36,30,3,3,16,79,1,54,46,7,3,14,23,0,22,14,2,1,10
1216520,2021,2020-10-26,1,Sharjah Cricket Stadium,Sharjah Cricket Stadium,Unknown,Unknown,Kolkata Knight Riders,Kolkata Knight Riders,Kings XI Punjab,Punjab Kings,149,143,6,9,120,20,96,12,8,55,3,0,0,3,54,3,36,42,6,3,17,60,3,54,32,2,4,25,35,3,30,22,4,1,13
1216520,2021,2020-10-26,2,Sharjah Cricket Stadium,Sharjah Cricket Stadium,Unknown,Unknown,Kings XI Punjab,Punjab Kings,Kolkata Knight Riders,Kolkata Knight Riders,150,147,3,2,113,18.83,98,14,7,46,1,0,0,2,36,0,36,22,4,1,19,77,1,54,48,6,4,19,37,1,23,28,4,2,8
1216524,2021,2020-10-27,1,Dubai International Cricket Stadium,Dubai International Cricket Stadium,Unknown,Unknown,Sunrisers Hyderabad,Sunrisers Hyderabad,Delhi Capitals,Delhi Capitals,219,208,11,2,120,20,130,25,5,29,4,0,0,7,77,0,36,56,11,2,9,98,2,54,52,10,2,10,44,0,30,22,4,1,10
1216524,2021,2020-10-27,2,Dubai International Cricket Stadium,Dubai International Cricket Stadium,Unknown,Unknown,Delhi Capitals,Delhi Capitals,Sunrisers Hyderabad,Sunrisers Hyderabad,131,122,9,10,114,19,70,13,3,49,5,0,0,4,54,2,36,34,7,1,14,42,4,54,14,2,1,26,35,4,24,22,4,1,9
1216499,2021,2020-10-28,1,Sheikh Zayed Stadium,Sheikh Zayed Stadium,Abu Dhabi,Abu Dhabi,Royal Challengers Bangalore,Royal Challengers Bengaluru,Mumbai Indians,Mumbai Indians,164,161,3,6,120,20,102,21,3,47,3,0,0,0,54,0,36,42,9,1,16,75,2,54,44,8,2,19,35,4,30,16,4,0,12
1216499,2021,2020-10-28,2,Sheikh Zayed Stadium,Sheikh Zayed Stadium,Abu Dhabi,Abu Dhabi,Mumbai Indians,Mumbai Indians,Royal Challengers Bangalore,Royal Challengers Bengaluru,166,158,8,5,115,19.17,102,15,7,46,6,0,0,2,45,1,36,24,3,2,17,72,3,54,42,6,3,21,49,1,25,36,6,2,8
1216536,2021,2020-10-29,1,Dubai International Cricket Stadium,Dubai International Cricket Stadium,Unknown,Unknown,Kolkata Knight Riders,Kolkata Knight Riders,Chennai Super Kings,Chennai Super Kings,172,170,2,5,120,20,110,20,5,41,1,0,0,1,48,0,36,38,8,1,17,58,3,54,26,5,1,18,66,2,30,46,7,3,6
1216536,2021,2020-10-29,2,Dubai International Cricket Stadium,Dubai International Cricket Stadium,Unknown,Unknown,Chennai Super Kings,Chennai Super Kings,Kolkata Knight Riders,Kolkata Knight Riders,178,169,9,4,120,20,102,15,7,38,8,1,0,0,44,0,36,28,4,2,19,77,3,54,40,7,2,12,57,1,30,34,4,3,7
1216537,2021,2020-10-30,1,Sheikh Zayed Stadium,Sheikh Zayed Stadium,Abu Dhabi,Abu Dhabi,Kings XI Punjab,Punjab Kings,Rajasthan Royals,Rajasthan Royals,185,174,11,4,120,20,118,10,13,46,8,2,0,1,53,1,36,38,5,3,21,70,1,54,36,3,4,16,62,2,30,44,2,6,9
1216537,2021,2020-10-30,2,Sheikh Zayed Stadium,Sheikh Zayed Stadium,Abu Dhabi,Abu Dhabi,Rajasthan Royals,Rajasthan Royals,Kings XI Punjab,Punjab Kings,186,181,5,3,105,17.5,128,17,10,30,3,0,0,2,66,1,36,52,7,4,13,80,2,54,48,6,4,15,40,0,15,28,4,2,2
1216502,2021,2020-10-31,1,Sharjah Cricket Stadium,Sharjah Cricket Stadium,Unknown,Unknown,Royal Challengers Bangalore,Royal Challengers Bengaluru,Sunrisers Hyderabad,Sunrisers Hyderabad,120,109,11,7,120,20,42,9,1,47,8,0,1,2,30,2,36,12,3,0,18,63,2,54,22,4,1,18,27,3,30,8,2,0,11
1216502,2021,2020-10-31,2,Sharjah Cricket Stadium,Sharjah Cricket Stadium,Unknown,Unknown,Sunrisers Hyderabad,Sunrisers Hyderabad,Royal Challengers Bangalore,Royal Challengers Bengaluru,121,115,6,5,85,14.17,74,8,7,35,6,0,0,0,58,1,36,38,5,3,16,63,4,49,36,3,4,19,0,0,0,0,0,0,0
1216535,2021,2020-10-31,1,Dubai International Cricket Stadium,Dubai International Cricket Stadium,Unknown,Unknown,Delhi Capitals,Delhi Capitals,Mumbai Indians,Mumbai Indians,110,105,5,9,120,20,46,7,3,60,2,0,0,3,22,2,36,12,3,0,24,56,4,54,22,4,1,22,32,3,30,12,0,2,14
1216535,2021,2020-10-31,2,Dubai International Cricket Stadium,Dubai International Cricket Stadium,Unknown,Unknown,Mumbai Indians,Mumbai Indians,Delhi Capitals,Delhi Capitals,111,110,1,1,86,14.33,62,11,3,32,1,0,0,0,38,0,36,20,5,0,16,73,1,50,42,6,3,16,0,0,0,0,0,0,0
1216506,2021,2020-11-01,1,Sheikh Zayed Stadium,Sheikh Zayed Stadium,Abu Dhabi,Abu Dhabi,Kings XI Punjab,Punjab Kings,Chennai Super Kings,Chennai Super Kings,153,151,2,6,120,20,78,12,5,37,1,0,1,0,53,1,36,38,8,1,12,42,3,54,8,2,0,21,58,2,30,32,2,4,4
1216506,2021,2020-11-01,2,Sheikh Zayed Stadium,Sheikh Zayed Stadium,Abu Dhabi,Abu Dhabi,Chennai Super Kings,Chennai Super Kings,Kings XI Punjab,Punjab Kings,154,140,14,1,113,18.83,66,12,3,36,7,0,0,7,57,0,36,34,4,3,18,61,1,54,16,4,0,15,36,0,23,16,4,0,3
1216530,2021,2020-11-01,1,Dubai International Cricket Stadium,Dubai International Cricket Stadium,Unknown,Unknown,Kolkata Knight Riders,Kolkata Knight Riders,Rajasthan Royals,Rajasthan Royals,191,184,7,7,120,20,136,16,12,45,2,0,0,5,55,1,36,42,9,1,14,77,4,54,50,5,5,21,59,2,30,44,2,6,10
1216530,2021,2020-11-01,2,Dubai International Cricket Stadium,Dubai International Cricket Stadium,Unknown,Unknown,Rajasthan Royals,Rajasthan Royals,Kolkata Knight Riders,Kolkata Knight Riders,131,126,5,9,120,20,68,11,4,55,4,0,0,1,41,5,36,28,4,2,21,66,2,54,32,5,2,20,24,2,30,8,2,0,14
1216505,2021,2020-11-02,1,Sheikh Zayed Stadium,Sheikh Zayed Stadium,Abu Dhabi,Abu Dhabi,Royal Challengers Bangalore,Royal Challengers Bengaluru,Delhi Capitals,Delhi Capitals,152,148,4,7,120,20,72,12,4,41,3,0,1,0,40,1,36,20,5,0,16,63,1,54,18,3,1,14,49,5,30,34,4,3,11
1216505,2021,2020-11-02,2,Sheikh Zayed Stadium,Sheikh Zayed Stadium,Abu Dhabi,Abu Dhabi,Delhi Capitals,Delhi Capitals,Royal Challengers Bangalore,Royal Challengers Bengaluru,154,148,6,4,114,19,68,14,2,28,3,0,0,3,53,1,36,36,9,0,12,68,1,54,22,4,1,11,33,2,24,10,1,1,5
1216495,2021,2020-11-03,1,Sharjah Cricket Stadium,Sharjah Cricket Stadium,Unknown,Unknown,Mumbai Indians,Mumbai Indians,Sunrisers Hyderabad,Sunrisers Hyderabad,149,148,1,8,120,20,88,10,8,46,0,0,0,1,48,2,36,36,6,2,18,50,3,54,14,2,1,17,51,3,30,38,2,5,11
1216495,2021,2020-11-03,2,Sharjah Cricket Stadium,Sharjah Cricket Stadium,Unknown,Unknown,Sunrisers Hyderabad,Sunrisers Hyderabad,Mumbai Indians,Mumbai Indians,151,143,8,0,103,17.17,80,17,2,30,8,0,0,0,56,0,36,42,9,1,15,81,0,54,30,6,1,10,14,0,13,8,2,0,5
1237177,2021,2020-11-05,1,Dubai International Cricket Stadium,Dubai International Cricket Stadium,Unknown,Unknown,Mumbai Indians,Mumbai Indians,Delhi Capitals,Delhi Capitals,200,196,4,5,120,20,132,15,12,35,1,0,1,2,63,1,36,44,8,2,11,59,3,54,28,4,2,20,78,1,30,60,3,8,4
1237177,2021,2020-11-05,2,Dubai International Cricket Stadium,Dubai International Cricket Stadium,Unknown,Unknown,Delhi Capitals,Delhi Capitals,Mumbai Indians,Mumbai Indians,143,137,6,8,120,20,88,13,6,56,6,0,0,0,32,4,36,24,6,0,25,80,1,54,50,5,5,16,31,3,30,14,2,1,15
1237178,2021,2020-11-06,1,Sheikh Zayed Stadium,Sheikh Zayed Stadium,Abu Dhabi,Abu Dhabi,Royal Challengers Bangalore,Royal Challengers Bengaluru,Sunrisers Hyderabad,Sunrisers Hyderabad,131,127,4,7,120,20,46,10,1,40,3,1,0,0,32,2,36,12,3,0,16,61,2,54,22,4,1,16,38,3,30,12,3,0,8
1237178,2021,2020-11-06,2,Sheikh Zayed Stadium,Sheikh Zayed Stadium,Abu Dhabi,Abu Dhabi,Sunrisers Hyderabad,Sunrisers Hyderabad,Royal Challengers Bangalore,Royal Challengers Bengaluru,132,122,10,4,118,19.67,62,11,3,49,4,1,0,5,48,2,36,30,6,1,18,39,2,54,6,0,1,26,45,0,28,26,5,1,5
1237180,2021,2020-11-08,1,Sheikh Zayed Stadium,Sheikh Zayed Stadium,Abu Dhabi,Abu Dhabi,Delhi Capitals,Delhi Capitals,Sunrisers Hyderabad,Sunrisers Hyderabad,189,181,8,3,120,20,94,16,5,24,3,2,1,2,65,0,36,48,9,2,11,74,2,54,24,3,2,11,50,1,30,22,4,1,2
1237180,2021,2020-11-08,2,Sheikh Zayed Stadium,Sheikh Zayed Stadium,Abu Dhabi,Abu Dhabi,Sunrisers Hyderabad,Sunrisers Hyderabad,Delhi Capitals,Delhi Capitals,172,166,6,8,120,20,102,12,9,39,5,0,0,1,49,3,36,28,4,2,14,80,1,54,50,5,5,16,43,4,30,24,3,2,9
1237181,2021,2020-11-10,1,Dubai International Cricket Stadium,Dubai International Cricket Stadium,Unknown,Unknown,Delhi Capitals,Delhi Capitals,Mumbai Indians,Mumbai Indians,156,152,4,7,120,20,84,15,4,41,3,0,0,1,41,3,36,28,7,0,17,77,1,54,34,4,3,13,38,3,30,22,4,1,11
1237181,2021,2020-11-10,2,Dubai International Cricket Stadium,Dubai International Cricket Stadium,Unknown,Unknown,Mumbai Indians,Mumbai Indians,Delhi Capitals,Delhi Capitals,157,153,4,5,112,18.67,98,14,7,38,0,0,0,4,61,1,36,44,5,4,15,65,1,54,34,4,3,17,31,3,22,20,5,0,6
1254058,2021,2021-04-09,1,"MA Chidambaram Stadium, Chepauk, Chennai",MA Chidambaram Stadium,Chennai,Chennai,Mumbai Indians,Mumbai Indians,Royal Challengers Bangalore,Royal Challengers Bengaluru,159,155,4,9,120,20,96,15,6,50,2,2,0,0,41,1,36,28,4,2,20,87,2,54,52,7,4,14,31,6,30,16,4,0,16
1254058,2021,2021-04-09,2,"MA Chidambaram Stadium, Chepauk, Chennai",MA Chidambaram Stadium,Chennai,Chennai,Royal Challengers Bangalore,Royal Challengers Bengaluru,Mumbai Indians,Mumbai Indians,160,148,12,8,120,20,72,12,4,42,9,1,0,2,46,2,36,20,5,0,17,60,3,54,24,3,2,21,54,3,30,28,4,2,4
1254059,2021,2021-04-10,1,"Wankhede Stadium, Mumbai",Wankhede Stadium,Mumbai,Mumbai,Chennai Super Kings,Chennai Super Kings,Delhi Capitals,Delhi Capitals,188,178,10,7,120,20,124,16,10,42,2,1,0,7,33,2,36,24,6,0,22,103,2,54,68,5,8,14,52,3,30,32,5,2,6
1254059,2021,2021-04-10,2,"Wankhede Stadium, Mumbai",Wankhede Stadium,Mumbai,Mumbai,Delhi Capitals,Delhi Capitals,Chennai Super Kings,Chennai Super Kings,190,186,4,3,112,18.67,126,24,5,27,3,1,0,0,65,0,36,52,10,2,11,86,1,54,46,7,3,8,39,2,22,28,7,0,8
1254060,2021,2021-04-11,1,"MA Chidambaram Stadium, Chepauk, Chennai",MA Chidambaram Stadium,Chennai,Chennai,Kolkata Knight Riders,Kolkata Knight Riders,Sunrisers Hyderabad,Sunrisers Hyderabad,187,180,7,6,120,20,120,18,8,41,7,0,0,0,50,0,36,42,9,1,18,95,1,54,60,6,6,12,42,5,30,18,3,1,11
1254060,2021,2021-04-11,2,"MA Chidambaram Stadium, Chepauk, Chennai",MA Chidambaram Stadium,Chennai,Chennai,Sunrisers Hyderabad,Sunrisers Hyderabad,Kolkata Knight Riders,Kolkata Knight Riders,177,170,7,5,120,20,96,9,10,40,5,0,1,1,35,2,36,16,1,2,20,84,1,54,48,6,4,14,58,2,30,32,2,4,6
1254061,2021,2021-04-12,1,"Wankhede Stadium, Mumbai",Wankhede Stadium,Mumbai,Mumbai,Punjab Kings,Punjab Kings,Rajasthan Royals,Rajasthan Royals,221,215,6,6,120,20,150,18,13,35,4,2,0,0,46,1,36,24,6,0,15,115,1,54,84,6,10,11,60,4,30,42,6,3,9
1254061,2021,2021-04-12,2,"Wankhede Stadium, Mumbai",Wankhede Stadium,Mumbai,Mumbai,Rajasthan Royals,Rajasthan Royals,Punjab Kings,Punjab Kings,217,208,9,7,120,20,154,22,11,38,6,1,0,2,59,2,36,50,11,1,17,95,2,54,56,8,4,11,63,3,30,48,3,6,10
1254062,2021,2021-04-13,1,"MA Chidambaram Stadium, Chepauk, Chennai",MA Chidambaram Stadium,Chennai,Chennai,Mumbai Indians,Mumbai Indians,Kolkata Knight Riders,Kolkata Knight Riders,152,145,7,10,120,20,82,16,3,44,3,0,0,4,42,1,36,24,6,0,16,72,2,54,38,5,3,14,38,7,30,20,5,0,14
1254062,2021,2021-04-13,2,"MA Chidambaram Stadium, Chepauk, Chennai",MA Chidambaram Stadium,Chennai,Chennai,Kolkata Knight Riders,Kolkata Knight Riders,Mumbai Indians,Mumbai Indians,142,130,12,7,120,20,74,14,3,49,2,1,4,5,45,0,36,34,7,1,20,77,4,54,36,6,2,14,20,3,30,4,1,0,15
1254063,2021,2021-04-14,1,"MA Chidambaram Stadium, Chepauk, Chennai",MA Chidambaram Stadium,Chennai,Chennai,Royal Challengers Bangalore,Royal Challengers Bengaluru,Sunrisers Hyderabad,Sunrisers Hyderabad,149,139,10,8,120,20,80,14,4,46,7,0,0,3,47,1,36,26,5,1,13,56,3,54,28,4,2,23,46,4,30,26,5,1,10
1254063,2021,2021-04-14,2,"MA Chidambaram Stadium, Chepauk, Chennai",MA Chidambaram Stadium,Chennai,Chennai,Sunrisers Hyderabad,Sunrisers Hyderabad,Royal Challengers Bangalore,Royal Challengers Bengaluru,143,131,12,9,120,20,68,11,4,54,4,2,4,2,50,1,36,32,5,2,19,58,1,54,26,5,1,22,35,7,30,10,1,1,13
1254064,2021,2021-04-15,1,"Wankhede Stadium, Mumbai",Wankhede Stadium,Mumbai,Mumbai,Delhi Capitals,Delhi Capitals,Rajasthan Royals,Rajasthan Royals,147,142,5,8,120,20,80,20,0,47,5,0,0,0,36,3,36,20,5,0,18,66,3,54,40,10,0,23,45,2,30,20,5,0,6
1254064,2021,2021-04-15,2,"Wankhede Stadium, Mumbai",Wankhede Stadium,Mumbai,Mumbai,Rajasthan Royals,Rajasthan Royals,Delhi Capitals,Delhi Capitals,150,147,3,7,118,19.67,90,12,7,45,1,0,0,2,26,3,36,16,4,0,22,64,3,54,32,8,0,17,60,1,28,42,0,7,6
1254065,2021,2021-04-16,1,"Wankhede Stadium, Mumbai",Wankhede Stadium,Mumbai,Mumbai,Punjab Kings,Punjab Kings,Chennai Super Kings,Chennai Super Kings,106,102,4,8,120,20,52,10,2,64,4,0,0,0,26,4,36,16,4,0,24,47,2,54,24,3,2,27,33,2,30,12,3,0,13
1254065,2021,2021-04-16,2,"Wankhede Stadium, Mumbai",Wankhede Stadium,Mumbai,Mumbai,Chennai Super Kings,Chennai Super Kings,Punjab Kings,Punjab Kings,107,100,7,4,94,15.67,64,13,2,47,2,0,0,5,32,1,36,18,3,1,21,70,3,54,42,9,1,24,5,0,4,4,1,0,2
1254066,2021,2021-04-17,1,"MA Chidambaram Stadium, Chepauk, Chennai",MA Chidambaram Stadium,Chennai,Chennai,Mumbai Indians,Mumbai Indians,Sunrisers Hyderabad,Sunrisers Hyderabad,150,139,11,5,120,20,76,10,6,46,4,1,0,6,53,0,36,32,5,2,15,48,3,54,18,3,1,23,49,2,30,26,2,3,8
1254066,2021,2021-04-17,2,"MA Chidambaram Stadium, Chepauk, Chennai",MA Chidambaram Stadium,Chennai,Chennai,Sunrisers Hyderabad,Sunrisers Hyderabad,Mumbai Indians,Mumbai Indians,137,132,5,10,118,19.67,76,7,8,52,2,0,0,3,57,0,36,44,5,4,17,47,5,54,16,1,2,24,33,5,28,16,1,2,11
1254067,2021,2021-04-18,1,"MA Chidambaram Stadium, Chepauk, Chennai",MA Chidambaram Stadium,Chennai,Chennai,Royal Challengers Bangalore,Royal Challengers Bengaluru,Kolkata Knight Riders,Kolkata Knight Riders,204,196,8,4,120,20,130,22,7,37,5,3,0,0,45,2,36,26,5,1,15,89,1,54,48,9,2,14,70,1,30,56,8,4,8
1254067,2021,2021-04-18,2,"MA Chidambaram Stadium, Chepauk, Chennai",MA Chidambaram Stadium,Chennai,Chennai,Kolkata Knight Riders,Kolkata Knight Riders,Royal Challengers Bangalore,Royal Challengers Bengaluru,166,162,4,8,120,20,110,14,9,45,4,0,0,0,57,2,36,46,7,3,16,64,3,54,34,4,3,19,45,3,30,30,3,3,10
1254068,2021,2021-04-18,1,"Wankhede Stadium, Mumbai",Wankhede Stadium,Mumbai,Mumbai,Punjab Kings,Punjab Kings,Delhi Capitals,Delhi Capitals,195,187,8,4,120,20,128,17,10,37,0,2,0,6,59,0,36,42,9,1,15,81,1,54,50,5,5,15,55,3,30,36,3,4,7
1254068,2021,2021-04-18,2,"Wankhede Stadium, Mumbai",Wankhede Stadium,Mumbai,Mumbai,Delhi Capitals,Delhi Capitals,Punjab Kings,Punjab Kings,198,187,11,4,110,18.33,120,21,6,27,6,3,0,2,62,1,36,44,8,2,11,90,2,54,50,8,3,14,46,1,20,26,5,1,2
1254069,2021,2021-04-19,1,"Wankhede Stadium, Mumbai",Wankhede Stadium,Mumbai,Mumbai,Chennai Super Kings,Chennai Super Kings,Rajasthan Royals,Rajasthan Royals,188,174,14,9,120,20,108,12,10,44,8,1,1,4,46,2,36,32,5,2,15,81,3,54,44,2,6,23,61,4,30,32,5,2,6
1254069,2021,2021-04-19,2,"Wankhede Stadium, Mumbai",Wankhede Stadium,Mumbai,Mumbai,Rajasthan Royals,Rajasthan Royals,Chennai Super Kings,Chennai Super Kings,143,130,13,9,120,20,76,10,6,54,8,1,1,3,45,2,36,28,4,2,18,52,5,54,22,4,1,25,46,2,30,26,2,3,11
1254070,2021,2021-04-20,1,"MA Chidambaram Stadium, Chepauk, Chennai",MA Chidambaram Stadium,Chennai,Chennai,Mumbai Indians,Mumbai Indians,Delhi Capitals,Delhi Capitals,137,132,5,9,120,20,64,10,4,46,0,0,0,5,55,1,36,36,6,2,13,46,5,54,14,2,1,23,36,3,30,14,2,1,10
1254070,2021,2021-04-20,2,"MA Chidambaram Stadium, Chepauk, Chennai",MA Chidambaram Stadium,Chennai,Chennai,Delhi Capitals,Delhi Capitals,Mumbai Indians,Mumbai Indians,138,128,10,4,115,19.17,62,14,1,41,4,3,0,3,39,1,36,20,5,0,16,62,2,54,26,5,1,18,37,1,25,16,4,0,7
1254071,2021,2021-04-21,1,"MA Chidambaram Stadium, Chepauk, Chennai",MA Chidambaram Stadium,Chennai,Chennai,Punjab Kings,Punjab Kings,Sunrisers Hyderabad,Sunrisers Hyderabad,120,109,11,10,118,19.67,40,7,2,45,1,1,9,0,32,1,36,12,3,0,16,62,5,54,24,3,2,21,26,4,28,4,1,0,8
1254071,2021,2021-04-21,2,"MA Chidambaram Stadium, Chepauk, Chennai",MA Chidambaram Stadium,Chennai,Chennai,Sunrisers Hyderabad,Sunrisers Hyderabad,Punjab Kings,Punjab Kings,121,116,5,1,112,18.67,48,6,4,45,4,0,0,1,50,0,36,32,5,2,16,45,1,54,6,0,1,22,26,0,22,10,1,1,7
1254072,2021,2021-04-21,1,"Wankhede Stadium, Mumbai",Wankhede Stadium,Mumbai,Mumbai,Chennai Super Kings,Chennai Super Kings,Kolkata Knight Riders,Kolkata Knight Riders,220,207,13,3,120,20,148,19,12,39,10,3,0,0,54,0,36,36,6,2,14,90,1,54,48,6,4,14,76,2,30,64,7,6,11
1254072,2021,2021-04-21,2,"Wankhede Stadium, Mumbai",Wankhede Stadium,Mumbai,Mumbai,Kolkata Knight Riders,Kolkata Knight Riders,Chennai Super Kings,Chennai Super Kings,202,188,14,10,115,19.17,148,16,14,48,7,1,4,2,45,5,36,34,7,1,21,101,2,54,76,7,8,18,56,3,25,38,2,5,9
1254073,2021,2021-04-22,1,"Wankhede Stadium, Mumbai",Wankhede Stadium,Mumbai,Mumbai,Rajasthan Royals,Rajasthan Royals,Royal Challengers Bangalore,Royal Challengers Bengaluru,177,164,13,9,120,20,114,18,7,47,8,0,5,0,32,3,36,24,6,0,23,96,2,54,60,9,4,13,49,4,30,30,3,3,11
1254073,2021,2021-04-22,2,"Wankhede Stadium, Mumbai",Wankhede Stadium,Mumbai,Mumbai,Royal Challengers Bangalore,Royal Challengers Bengaluru,Rajasthan Royals,Rajasthan Royals,181,173,8,0,99,16.5,122,17,9,23,6,0,1,1,59,0,36,46,7,3,15,103,0,54,68,8,6,7,19,0,9,8,2,0,1
1254074,2021,2021-04-23,1,"MA Chidambaram Stadium, Chepauk, Chennai",MA Chidambaram Stadium,Chennai,Chennai,Mumbai Indians,Mumbai Indians,Punjab Kings,Punjab Kings,131,125,6,6,120,20,56,8,4,43,2,0,4,0,21,1,36,4,1,0,18,76,1,54,42,6,3,15,34,4,30,10,1,1,10
1254074,2021,2021-04-23,2,"MA Chidambaram Stadium, Chepauk, Chennai",MA Chidambaram Stadium,Chennai,Chennai,Punjab Kings,Punjab Kings,Mumbai Indians,Mumbai Indians,132,128,4,1,106,17.67,84,12,6,48,3,1,0,0,45,0,36,32,5,2,19,54,1,54,28,4,2,24,33,0,16,24,3,2,5
1254075,2021,2021-04-24,1,"Wankhede Stadium, Mumbai",Wankhede Stadium,Mumbai,Mumbai,Kolkata Knight Riders,Kolkata Knight Riders,Rajasthan Royals,Rajasthan Royals,133,124,9,9,120,20,66,9,5,53,5,1,2,1,25,1,36,8,2,0,22,68,3,54,34,4,3,16,40,5,30,24,3,2,15
1254075,2021,2021-04-24,2,"Wankhede Stadium, Mumbai",Wankhede Stadium,Mumbai,Mumbai,Rajasthan Royals,Rajasthan Royals,Kolkata Knight Riders,Kolkata Knight Riders,134,120,14,4,113,18.83,64,13,2,43,6,1,0,7,50,2,36,38,8,1,17,54,2,54,14,2,1,19,30,0,23,12,3,0,7
1254076,2021,2021-04-25,1,"Wankhede Stadium, Mumbai",Wankhede Stadium,Mumbai,Mumbai,Chennai Super Kings,Chennai Super Kings,Royal Challengers Bangalore,Royal Challengers Bengaluru,191,185,6,4,120,20,126,15,11,43,3,2,0,1,51,0,36,34,7,1,14,66,3,54,40,4,4,24,74,1,30,52,4,6,5
1254076,2021,2021-04-25,2,"Wankhede Stadium, Mumbai",Wankhede Stadium,Mumbai,Mumbai,Royal Challengers Bangalore,Royal Challengers Bengaluru,Chennai Super Kings,Chennai Super Kings,122,114,8,9,120,20,64,10,4,61,5,0,0,3,65,2,36,44,8,2,12,30,6,54,8,2,0,34,27,1,30,12,0,2,15
1254077,2021,2021-04-25,1,"MA Chidambaram Stadium, Chepauk, Chennai",MA Chidambaram Stadium,Chennai,Chennai,Delhi Capitals,Delhi Capitals,Sunrisers Hyderabad,Sunrisers Hyderabad,159,155,4,4,120,20,86,17,3,38,2,1,1,0,51,0,36,34,7,1,13,65,2,54,26,5,1,18,43,2,30,26,5,1,7
1254077,2021,2021-04-25,2,"MA Chidambaram Stadium, Chepauk, Chennai",MA Chidambaram Stadium,Chennai,Chennai,Sunrisers Hyderabad,Sunrisers Hyderabad,Delhi Capitals,Delhi Capitals,159,150,9,7,120,20,86,14,5,45,5,0,2,2,56,2,36,44,5,4,17,54,2,54,20,5,0,22,49,3,30,22,4,1,6
1254077,2021,2021-04-25,3,"MA Chidambaram Stadium, Chepauk, Chennai",MA Chidambaram Stadium,Chennai,Chennai,Sunrisers Hyderabad,Sunrisers Hyderabad,Delhi Capitals,Delhi Capitals,7,6,1,0,6,1,4,1,0,2,0,0,0,1,7,0,6,4,1,0,2,0,0,0,0,0,0,0,0,0,0,0,0,0,0
1254077,2021,2021-04-25,4,"MA Chidambaram Stadium, Chepauk, Chennai",MA Chidambaram Stadium,Chennai,Chennai,Delhi Capitals,Delhi Capitals,Sunrisers Hyderabad,Sunrisers Hyderabad,8,5,3,0,6,1,4,1,0,1,0,0,0,3,8,0,6,4,1,0,1,0,0,0,0,0,0,0,0,0,0,0,0,0,0
1254078,2021,2021-04-26,1,"Narendra Modi Stadium, Ahmedabad",Narendra Modi Stadium,Ahmedabad,Ahmedabad,Punjab Kings,Punjab Kings,Kolkata Knight Riders,Kolkata Knight Riders,123,118,5,9,120,20,68,5,8,59,4,0,0,1,37,1,36,24,3,2,19,45,5,54,16,1,2,26,41,3,30,28,1,4,14
1254078,2021,2021-04-26,2,"Narendra Modi Stadium, Ahmedabad",Narendra Modi Stadium,Ahmedabad,Ahmedabad,Kolkata Knight Riders,Kolkata Knight Riders,Punjab Kings,Punjab Kings,126,119,7,5,100,16.67,80,17,2,43,1,0,0,6,42,3,36,34,7,1,21,60,2,54,28,7,0,21,24,0,10,18,3,1,1
1254079,2021,2021-04-27,1,"Narendra Modi Stadium, Ahmedabad",Narendra Modi Stadium,Ahmedabad,Ahmedabad,Royal Challengers Bangalore,Royal Challengers Bengaluru,Delhi Capitals,Delhi Capitals,171,169,2,5,120,20,90,9,9,36,2,0,0,0,36,2,36,24,6,0,20,79,2,54,34,1,5,10,56,1,30,32,2,4,6
1254079,2021,2021-04-27,2,"Narendra Modi Stadium, Ahmedabad",Narendra Modi Stadium,Ahmedabad,Ahmedabad,Delhi Capitals,Delhi Capitals,Royal Challengers Bangalore,Royal Challengers Bengaluru,170,164,6,4,120,20,88,16,4,34,2,0,0,4,43,2,36,24,6,0,16,68,2,54,30,6,1,14,59,0,30,34,4,3,4
1254080,2021,2021-04-28,1,"Arun Jaitley Stadium, Delhi",Arun Jaitley Stadium,Delhi,Delhi,Sunrisers Hyderabad,Sunrisers Hyderabad,Chennai Super Kings,Chennai Super Kings,171,163,8,3,120,20,86,14,5,34,6,0,0,2,39,1,36,16,4,0,14,74,0,54,28,4,2,13,58,2,30,42,6,3,7
1254080,2021,2021-04-28,2,"Arun Jaitley Stadium, Delhi",Arun Jaitley Stadium,Delhi,Delhi,Chennai Super Kings,Chennai Super Kings,Sunrisers Hyderabad,Sunrisers Hyderabad,173,170,3,3,111,18.5,106,25,1,32,3,0,0,0,50,0,36,28,7,0,13,98,3,54,62,14,1,10,25,0,21,16,4,0,9
1254081,2021,2021-04-29,1,"Arun Jaitley Stadium, Delhi",Arun Jaitley Stadium,Delhi,Delhi,Rajasthan Royals,Rajasthan Royals,Mumbai Indians,Mumbai Indians,171,165,6,4,120,20,98,14,7,35,3,1,0,2,47,0,36,32,5,2,16,79,2,54,44,5,4,13,45,2,30,22,4,1,6
1254081,2021,2021-04-29,2,"Arun Jaitley Stadium, Delhi",Arun Jaitley Stadium,Delhi,Delhi,Mumbai Indians,Mumbai Indians,Rajasthan Royals,Rajasthan Royals,172,155,17,3,111,18.5,88,13,6,29,2,0,0,15,49,1,36,26,2,3,13,82,1,54,34,7,1,11,41,1,21,28,4,2,5
1254082,2021,2021-04-29,1,"Narendra Modi Stadium, Ahmedabad",Narendra Modi Stadium,Ahmedabad,Ahmedabad,Kolkata Knight Riders,Kolkata Knight Riders,Delhi Capitals,Delhi Capitals,154,147,7,6,120,20,82,10,7,41,1,0,0,6,45,1,36,26,5,1,12,50,4,54,16,1,2,19,59,1,30,40,4,4,10
1254082,2021,2021-04-29,2,"Narendra Modi Stadium, Ahmedabad",Narendra Modi Stadium,Ahmedabad,Ahmedabad,Delhi Capitals,Delhi Capitals,Kolkata Knight Riders,Kolkata Knight Riders,156,150,6,3,99,16.5,102,18,5,35,4,1,1,0,67,0,36,50,11,1,13,79,1,54,44,5,4,16,10,2,9,8,2,0,6
1254083,2021,2021-04-30,1,"Narendra Modi Stadium, Ahmedabad",Narendra Modi Stadium,Ahmedabad,Ahmedabad,Punjab Kings,Punjab Kings,Royal Challengers Bangalore,Royal Challengers Bengaluru,179,174,5,5,120,20,114,15,9,40,4,0,0,1,49,1,36,34,7,1,16,70,4,54,42,3,5,21,60,0,30,38,5,3,3
1254083,2021,2021-04-30,2,"Narendra Modi Stadium, Ahmedabad",Narendra Modi Stadium,Ahmedabad,Ahmedabad,Royal Challengers Bangalore,Royal Challengers Bengaluru,Punjab Kings,Punjab Kings,145,134,11,8,120,20,76,10,6,44,3,0,0,8,36,1,36,18,3,1,14,56,4,54,24,3,2,23,53,3,30,34,4,3,7
1254084,2021,2021-05-01,1,"Arun Jaitley Stadium, Delhi",Arun Jaitley Stadium,Delhi,Delhi,Chennai Super Kings,Chennai Super Kings,Mumbai Indians,Mumbai Indians,218,208,10,4,120,20,152,14,16,35,7,1,0,2,49,1,36,38,5,3,17,87,3,54,58,4,7,17,82,0,30,56,5,6,1
1254084,2021,2021-05-01,2,"Arun Jaitley Stadium, Delhi",Arun Jaitley Stadium,Delhi,Delhi,Mumbai Indians,Mumbai Indians,Chennai Super Kings,Chennai Super Kings,219,211,8,6,120,20,148,16,14,36,8,0,0,0,58,0,36,40,7,2,12,95,3,54,58,4,7,14,66,3,30,50,5,5,10
1254085,2021,2021-05-02,1,"Arun Jaitley Stadium, Delhi",Arun Jaitley Stadium,Delhi,Delhi,Rajasthan Royals,Rajasthan Royals,Sunrisers Hyderabad,Sunrisers Hyderabad,220,206,14,3,120,20,140,17,12,35,8,1,0,5,42,1,36,26,5,1,18,104,0,54,64,7,6,12,74,2,30,50,5,5,5
1254085,2021,2021-05-02,2,"Arun Jaitley Stadium, Delhi",Arun Jaitley Stadium,Delhi,Delhi,Sunrisers Hyderabad,Sunrisers Hyderabad,Rajasthan Royals,Rajasthan Royals,165,157,8,8,120,20,94,13,7,41,7,0,0,1,57,0,36,42,6,3,14,72,5,54,34,4,3,15,36,3,30,18,3,1,12
1254086,2021,2021-05-02,1,"Narendra Modi Stadium, Ahmedabad",Narendra Modi Stadium,Ahmedabad,Ahmedabad,Punjab Kings,Punjab Kings,Delhi Capitals,Delhi Capitals,166,161,5,6,120,20,86,11,7,34,3,0,0,2,39,2,36,20,2,2,14,63,2,54,24,3,2,16,64,2,30,42,6,3,4
1254086,2021,2021-05-02,2,"Narendra Modi Stadium, Ahmedabad",Narendra Modi Stadium,Ahmedabad,Ahmedabad,Delhi Capitals,Delhi Capitals,Punjab Kings,Punjab Kings,167,162,5,3,106,17.67,96,12,8,29,3,0,0,2,63,0,36,46,7,3,11,76,2,54,34,4,3,13,28,1,16,16,1,2,5
1254104,2021,2021-09-19,1,Dubai International Cricket Stadium,Dubai International Cricket Stadium,Dubai,Dubai,Chennai Super Kings,Chennai Super Kings,Mumbai Indians,Mumbai Indians,156,145,11,7,120,20,86,11,7,51,8,0,0,3,24,5,36,16,4,0,24,63,0,54,18,3,1,21,69,2,30,52,4,6,6
1254104,2021,2021-09-19,2,Dubai International Cricket Stadium,Dubai International Cricket Stadium,Dubai,Dubai,Mumbai Indians,Mumbai Indians,Chennai Super Kings,Chennai Super Kings,136,132,4,8,120,20,66,12,3,46,4,0,0,0,41,3,36,30,6,1,20,56,3,54,22,4,1,18,39,2,30,14,2,1,8
1254087,2021,2021-09-20,1,"Zayed Cricket Stadium, Abu Dhabi","Zayed Cricket Stadium, Abu Dhabi",Abu Dhabi,Abu Dhabi,Royal Challengers Bangalore,Royal Challengers Bengaluru,Kolkata Knight Riders,Kolkata Knight Riders,92,86,6,10,114,19,32,8,0,60,1,3,0,2,41,2,36,20,5,0,17,34,5,54,4,1,0,29,17,3,24,8,2,0,14
1254087,2021,2021-09-20,2,"Zayed Cricket Stadium, Abu Dhabi","Zayed Cricket Stadium, Abu Dhabi",Abu Dhabi,Abu Dhabi,Kolkata Knight Riders,Kolkata Knight Riders,Royal Challengers Bangalore,Royal Challengers Bengaluru,94,89,5,1,60,10,64,13,2,24,4,1,0,0,56,0,36,38,8,1,16,38,1,24,26,5,1,8,0,0,0,0,0,0,0
1254111,2021,2021-09-21,1,Dubai International Cricket Stadium,Dubai International Cricket Stadium,Dubai,Dubai,Rajasthan Royals,Rajasthan Royals,Punjab Kings,Punjab Kings,185,176,9,10,120,20,120,18,8,42,5,0,0,4,57,1,36,46,10,1,16,83,3,54,50,5,5,15,45,6,30,24,3,2,11
1254111,2021,2021-09-21,2,Dubai International Cricket Stadium,Dubai International Cricket Stadium,Dubai,Dubai,Punjab Kings,Punjab Kings,Rajasthan Royals,Rajasthan Royals,183,174,9,4,120,20,98,14,7,32,8,1,0,0,49,0,36,24,3,2,11,99,2,54,58,10,3,10,35,2,30,16,1,2,11
1254105,2021,2021-09-22,1,Dubai International Cricket Stadium,Dubai International Cricket Stadium,Dubai,Dubai,Sunrisers Hyderabad,Sunrisers Hyderabad,Delhi Capitals,Delhi Capitals,134,121,13,9,120,20,60,9,4,50,3,3,1,6,32,2,36,14,2,1,20,58,3,54,18,3,1,17,44,4,30,28,4,2,13
1254105,2021,2021-09-22,2,Dubai International Cricket Stadium,Dubai International Cricket Stadium,Dubai,Dubai,Delhi Capitals,Delhi Capitals,Sunrisers Hyderabad,Sunrisers Hyderabad,139,135,4,2,107,17.83,82,13,5,43,4,0,0,0,39,1,36,26,5,1,19,60,1,54,30,6,1,22,40,0,17,26,2,3,2
1254096,2021,2021-09-23,1,"Zayed Cricket Stadium, Abu Dhabi","Zayed Cricket Stadium, Abu Dhabi",Abu Dhabi,Abu Dhabi,Mumbai Indians,Mumbai Indians,Kolkata Knight Riders,Kolkata Knight Riders,155,146,9,6,120,20,80,11,6,45,6,2,0,1,56,0,36,38,5,3,14,50,3,54,12,3,0,19,49,3,30,30,3,3,12
1254096,2021,2021-09-23,2,"Zayed Cricket Stadium, Abu Dhabi","Zayed Cricket Stadium, Abu Dhabi",Abu Dhabi,Abu Dhabi,Kolkata Knight Riders,Kolkata Knight Riders,Mumbai Indians,Mumbai Indians,159,152,7,3,91,15.17,104,14,8,30,6,0,0,1,63,1,36,42,6,3,12,92,2,54,58,7,5,18,4,0,1,4,1,0,0
1254113,2021,2021-09-24,1,Sharjah Cricket Stadium,Sharjah Cricket Stadium,Sharjah,Sharjah,Royal Challengers Bangalore,Royal Challengers Bengaluru,Chennai Super Kings,Chennai Super Kings,156,151,5,6,120,20,80,11,6,37,2,0,0,3,55,0,36,36,6,2,11,63,1,54,26,5,1,15,38,5,30,18,0,3,11
1254113,2021,2021-09-24,2,Sharjah Cricket Stadium,Sharjah Cricket Stadium,Sharjah,Sharjah,Chennai Super Kings,Chennai Super Kings,Royal Challengers Bangalore,Royal Challengers Bengaluru,157,152,5,4,109,18.17,94,13,7,35,2,2,0,1,59,0,36,38,5,3,10,66,3,54,30,3,3,17,32,1,19,26,5,1,8
1254097,2021,2021-09-25,1,"Zayed Cricket Stadium, Abu Dhabi","Zayed Cricket Stadium, Abu Dhabi",Abu Dhabi,Abu Dhabi,Delhi Capitals,Delhi Capitals,Rajasthan Royals,Rajasthan Royals,154,145,9,6,120,20,58,10,3,32,6,0,2,1,36,2,36,12,3,0,16,68,2,54,24,3,2,11,50,2,30,22,4,1,5
1254097,2021,2021-09-25,2,"Zayed Cricket Stadium, Abu Dhabi","Zayed Cricket Stadium, Abu Dhabi",Abu Dhabi,Abu Dhabi,Rajasthan Royals,Rajasthan Royals,Delhi Capitals,Delhi Capitals,121,115,6,6,120,20,44,8,2,49,5,0,0,1,21,3,36,0,0,0,21,61,2,54,30,6,1,19,39,1,30,14,2,1,9
1254107,2021,2021-09-25,1,Sharjah Cricket Stadium,Sharjah Cricket Stadium,Sharjah,Sharjah,Punjab Kings,Punjab Kings,Sunrisers Hyderabad,Sunrisers Hyderabad,125,118,7,7,120,20,44,8,2,44,3,0,1,3,29,2,36,12,3,0,20,64,3,54,22,4,1,12,32,2,30,10,1,1,12
1254107,2021,2021-09-25,2,Sharjah Cricket Stadium,Sharjah Cricket Stadium,Sharjah,Sharjah,Sunrisers Hyderabad,Sunrisers Hyderabad,Punjab Kings,Punjab Kings,120,113,7,7,120,20,38,2,5,50,4,0,1,2,20,2,36,4,1,0,23,55,3,54,10,1,1,17,45,2,30,24,0,4,10
1254098,2021,2021-09-26,1,"Zayed Cricket Stadium, Abu Dhabi","Zayed Cricket Stadium, Abu Dhabi",Abu Dhabi,Abu Dhabi,Kolkata Knight Riders,Kolkata Knight Riders,Chennai Super Kings,Chennai Super Kings,171,163,8,6,120,20,92,17,4,34,5,1,1,1,50,2,36,34,7,1,14,68,2,54,28,4,2,14,53,2,30,30,6,1,6
1254098,2021,2021-09-26,2,"Zayed Cricket Stadium, Abu Dhabi","Zayed Cricket Stadium, Abu Dhabi",Abu Dhabi,Abu Dhabi,Chennai Super Kings,Chennai Super Kings,Kolkata Knight Riders,Kolkata Knight Riders,172,167,5,8,120,20,96,15,6,38,2,1,0,2,52,0,36,38,8,1,15,75,3,54,38,5,3,14,45,5,30,20,2,2,9
1254108,2021,2021-09-26,1,Dubai International Cricket Stadium,Dubai International Cricket Stadium,Dubai,Dubai,Royal Challengers Bangalore,Royal Challengers Bengaluru,Mumbai Indians,Mumbai Indians,165,154,11,6,120,20,102,12,9,51,6,1,0,4,48,1,36,34,4,3,17,71,1,54,36,3,4,22,46,4,30,32,5,2,12
1254108,2021,2021-09-26,2,Dubai International Cricket Stadium,Dubai International Cricket Stadium,Dubai,Dubai,Mumbai Indians,Mumbai Indians,Royal Challengers Bangalore,Royal Challengers Bengaluru,111,104,7,10,109,18.17,50,11,1,49,4,1,0,2,56,0,36,36,9,0,14,43,5,54,10,1,1,23,12,5,19,4,1,0,12
1254100,2021,2021-09-27,1,Dubai International Cricket Stadium,Dubai International Cricket Stadium,Dubai,Dubai,Rajasthan Royals,Rajasthan Royals,Sunrisers Hyderabad,Sunrisers Hyderabad,164,157,7,5,120,20,86,14,5,34,3,0,1,3,49,1,36,32,8,0,12,64,2,54,30,3,3,17,51,2,30,24,3,2,5
1254100,2021,2021-09-27,2,Dubai International Cricket Stadium,Dubai International Cricket Stadium,Dubai,Dubai,Sunrisers Hyderabad,Sunrisers Hyderabad,Rajasthan Royals,Rajasthan Royals,167,150,17,3,111,18.5,88,16,4,35,9,0,4,4,63,1,36,38,8,1,12,68,2,54,32,5,2,17,36,0,21,18,3,1,6
1254092,2021,2021-09-28,1,Sharjah Cricket Stadium,Sharjah Cricket Stadium,Sharjah,Sharjah,Delhi Capitals,Delhi Capitals,Kolkata Knight Riders,Kolkata Knight Riders,127,121,6,9,120,20,56,14,0,45,4,0,0,2,39,1,36,24,6,0,17,50,4,54,16,4,0,19,38,4,30,16,4,0,9
1254092,2021,2021-09-28,2,Sharjah Cricket Stadium,Sharjah Cricket Stadium,Sharjah,Sharjah,Kolkata Knight Riders,Kolkata Knight Riders,Delhi Capitals,Delhi Capitals,130,125,5,7,110,18.33,74,8,7,51,2,1,1,1,44,2,36,24,3,2,14,54,3,54,30,3,3,28,32,2,20,20,2,2,9
1254099,2021,2021-09-28,1,"Zayed Cricket Stadium, Abu Dhabi","Zayed Cricket Stadium, Abu Dhabi",Abu Dhabi,Abu Dhabi,Punjab Kings,Punjab Kings,Mumbai Indians,Mumbai Indians,135,129,6,6,120,20,50,11,1,39,2,1,1,2,38,1,36,16,4,0,13,67,3,54,30,6,1,17,30,2,30,4,1,0,9
1254099,2021,2021-09-28,2,"Zayed Cricket Stadium, Abu Dhabi","Zayed Cricket Stadium, Abu Dhabi",Abu Dhabi,Abu Dhabi,Mumbai Indians,Mumbai Indians,Punjab Kings,Punjab Kings,137,135,2,4,114,19,74,11,5,45,2,0,0,0,30,2,36,12,3,0,19,62,1,54,28,4,2,17,45,1,24,34,4,3,9
1254103,2021,2021-09-29,1,Dubai International Cricket Stadium,Dubai International Cricket Stadium,Dubai,Dubai,Rajasthan Royals,Rajasthan Royals,Royal Challengers Bangalore,Royal Challengers Bengaluru,149,145,4,9,120,20,82,10,7,45,3,0,0,1,56,0,36,40,4,4,14,64,5,54,34,4,3,21,29,4,30,8,2,0,10
1254103,2021,2021-09-29,2,Dubai International Cricket Stadium,Dubai International Cricket Stadium,Dubai,Dubai,Royal Challengers Bangalore,Royal Challengers Bengaluru,Rajasthan Royals,Rajasthan Royals,153,145,8,3,103,17.17,84,18,2,30,6,0,0,2,54,1,36,32,8,0,16,69,1,54,30,6,1,12,30,1,13,22,4,1,2
1254091,2021,2021-09-30,1,Sharjah Cricket Stadium,Sharjah Cricket Stadium,Sharjah,Sharjah,Sunrisers Hyderabad,Sunrisers Hyderabad,Chennai Super Kings,Chennai Super Kings,134,124,10,7,120,20,52,7,4,44,4,1,0,5,41,1,36,24,3,2,18,56,3,54,14,2,1,18,37,3,30,14,2,1,8
1254091,2021,2021-09-30,2,Sharjah Cricket Stadium,Sharjah Cricket Stadium,Sharjah,Sharjah,Chennai Super Kings,Chennai Super Kings,Sunrisers Hyderabad,Sunrisers Hyderabad,139,136,3,4,118,19.67,80,11,6,54,3,0,0,0,47,0,36,34,4,3,20,58,2,54,26,5,1,22,34,2,28,20,2,2,12
1254102,2021,2021-10-01,1,Dubai International Cricket Stadium,Dubai International Cricket Stadium,Dubai,Dubai,Kolkata Knight Riders,Kolkata Knight Riders,Punjab Kings,Punjab Kings,165,157,8,7,120,20,84,15,4,35,4,0,3,1,48,1,36,28,7,0,14,73,2,54,40,7,2,14,44,4,30,16,1,2,7
1254102,2021,2021-10-01,2,Dubai International Cricket Stadium,Dubai International Cricket Stadium,Dubai,Dubai,Punjab Kings,Punjab Kings,Kolkata Knight Riders,Kolkata Knight Riders,168,162,6,5,117,19.5,86,8,9,31,3,1,0,2,46,0,36,28,4,2,14,75,2,54,28,1,4,9,47,3,27,30,3,3,8
1254089,2021,2021-10-02,1,"Zayed Cricket Stadium, Abu Dhabi","Zayed Cricket Stadium, Abu Dhabi",Abu Dhabi,Abu Dhabi,Chennai Super Kings,Chennai Super Kings,Rajasthan Royals,Rajasthan Royals,189,184,5,4,120,20,112,16,8,33,5,0,0,0,44,0,36,26,5,1,14,72,3,54,34,4,3,14,73,1,30,52,7,4,5
1254089,2021,2021-10-02,2,"Zayed Cricket Stadium, Abu Dhabi","Zayed Cricket Stadium, Abu Dhabi",Abu Dhabi,Abu Dhabi,Rajasthan Royals,Rajasthan Royals,Chennai Super Kings,Chennai Super Kings,190,183,7,3,105,17.5,128,17,10,31,4,2,0,1,81,1,36,66,9,5,10,84,1,54,48,6,4,17,25,1,15,14,2,1,4
1254112,2021,2021-10-02,1,Sharjah Cricket Stadium,Sharjah Cricket Stadium,Sharjah,Sharjah,Mumbai Indians,Mumbai Indians,Delhi Capitals,Delhi Capitals,129,123,6,8,120,20,66,9,5,54,5,1,0,0,35,1,36,20,2,2,20,52,4,54,18,3,1,21,42,3,30,28,4,2,13
1254112,2021,2021-10-02,2,Sharjah Cricket Stadium,Sharjah Cricket Stadium,Sharjah,Sharjah,Delhi Capitals,Delhi Capitals,Mumbai Indians,Mumbai Indians,132,126,6,6,115,19.17,60,9,4,43,4,0,0,2,46,3,36,34,4,3,18,54,3,54,12,3,0,18,32,0,25,14,2,1,7
1254090,2021,2021-10-03,1,Sharjah Cricket Stadium,Sharjah Cricket Stadium,Sharjah,Sharjah,Royal Challengers Bangalore,Royal Challengers Bengaluru,Punjab Kings,Punjab Kings,164,154,10,7,120,20,100,10,10,49,5,0,0,5,55,0,36,36,6,2,15,54,3,54,30,0,5,27,55,4,30,34,4,3,7
1254090,2021,2021-10-03,2,Sharjah Cricket Stadium,Sharjah Cricket Stadium,Sharjah,Sharjah,Punjab Kings,Punjab Kings,Royal Challengers Bangalore,Royal Challengers Bengaluru,158,150,8,6,120,20,82,10,7,41,5,1,0,2,49,0,36,26,2,3,13,64,2,54,30,6,1,18,45,4,30,26,2,3,10
1254109,2021,2021-10-03,1,Dubai International Cricket Stadium,Dubai International Cricket Stadium,Dubai,Dubai,Sunrisers Hyderabad,Sunrisers Hyderabad,Kolkata Knight Riders,Kolkata Knight Riders,115,112,3,8,120,20,56,8,4,55,0,1,0,2,35,2,36,24,6,0,23,44,3,54,12,0,2,22,36,3,30,20,2,2,10
1254109,2021,2021-10-03,2,Dubai International Cricket Stadium,Dubai International Cricket Stadium,Dubai,Dubai,Kolkata Knight Riders,Kolkata Knight Riders,Sunrisers Hyderabad,Sunrisers Hyderabad,119,117,2,4,118,19.67,68,17,0,59,2,0,0,0,36,1,36,20,5,0,19,48,1,54,28,7,0,31,35,2,28,20,5,0,9
1254110,2021,2021-10-04,1,Dubai International Cricket Stadium,Dubai International Cricket Stadium,Dubai,Dubai,Chennai Super Kings,Chennai Super Kings,Delhi Capitals,Delhi Capitals,136,121,15,5,120,20,52,10,2,44,10,0,0,5,48,2,36,20,5,0,16,45,2,54,8,2,0,19,43,1,30,24,3,2,9
1254110,2021,2021-10-04,2,Dubai International Cricket Stadium,Dubai International Cricket Stadium,Dubai,Dubai,Delhi Capitals,Delhi Capitals,Chennai Super Kings,Chennai Super Kings,139,131,8,7,118,19.67,72,12,4,52,7,0,0,1,51,2,36,36,6,2,17,48,4,54,18,3,1,26,40,1,28,18,3,1,9
1254093,2021,2021-10-05,1,Sharjah Cricket Stadium,Sharjah Cricket Stadium,Sharjah,Sharjah,Rajasthan Royals,Rajasthan Royals,Mumbai Indians,Mumbai Indians,90,87,3,9,120,20,40,7,2,66,2,1,0,0,41,2,36,30,6,1,20,30,4,54,0,0,0,25,19,3,30,10,1,1,21
1254093,2021,2021-10-05,2,Sharjah Cricket Stadium,Sharjah Cricket Stadium,Sharjah,Sharjah,Mumbai Indians,Mumbai Indians,Rajasthan Royals,Rajasthan Royals,94,90,4,2,50,8.33,66,9,5,21,1,2,0,1,56,2,36,40,7,2,18,38,0,14,26,2,3,3,0,0,0,0,0,0,0
1254095,2021,2021-10-06,1,"Zayed Cricket Stadium, Abu Dhabi","Zayed Cricket Stadium, Abu Dhabi",Abu Dhabi,Abu Dhabi,Sunrisers Hyderabad,Sunrisers Hyderabad,Royal Challengers Bangalore,Royal Challengers Bengaluru,141,137,4,7,120,20,68,14,2,46,3,1,0,0,50,1,36,34,7,1,16,57,3,54,18,3,1,19,34,3,30,16,4,0,11
1254095,2021,2021-10-06,2,"Zayed Cricket Stadium, Abu Dhabi","Zayed Cricket Stadium, Abu Dhabi",Abu Dhabi,Abu Dhabi,Royal Challengers Bangalore,Royal Challengers Bengaluru,Sunrisers Hyderabad,Sunrisers Hyderabad,137,134,3,6,120,20,72,12,4,51,2,0,0,1,37,2,36,26,5,1,21,61,2,54,28,4,2,21,39,2,30,18,3,1,9
1254094,2021,2021-10-07,1,Dubai International Cricket Stadium,Dubai International Cricket Stadium,Dubai,Dubai,Chennai Super Kings,Chennai Super Kings,Punjab Kings,Punjab Kings,134,125,9,6,120,20,64,13,2,48,8,0,1,0,30,2,36,12,3,0,18,52,3,54,20,5,0,23,52,1,30,32,5,2,7
1254094,2021,2021-10-07,2,Dubai International Cricket Stadium,Dubai International Cricket Stadium,Dubai,Dubai,Punjab Kings,Punjab Kings,Chennai Super Kings,Chennai Super Kings,139,134,5,4,78,13,96,9,10,27,5,0,0,0,51,2,36,40,7,2,18,88,2,42,56,2,8,9,0,0,0,0,0,0,0
1254106,2021,2021-10-07,1,Sharjah Cricket Stadium,Sharjah Cricket Stadium,Sharjah,Sharjah,Kolkata Knight Riders,Kolkata Knight Riders,Rajasthan Royals,Rajasthan Royals,171,154,17,4,120,20,90,12,7,38,9,0,5,3,34,0,36,18,3,1,20,93,2,54,52,7,4,9,44,2,30,20,2,2,9
1254106,2021,2021-10-07,2,Sharjah Cricket Stadium,Sharjah Cricket Stadium,Sharjah,Sharjah,Rajasthan Royals,Rajasthan Royals,Kolkata Knight Riders,Kolkata Knight Riders,85,84,1,10,97,16.17,52,7,4,59,0,0,1,0,17,4,36,4,1,0,24,66,4,54,48,6,4,30,2,2,7,0,0,0,5
1254088,2021,2021-10-08,1,"Zayed Cricket Stadium, Abu Dhabi","Zayed Cricket Stadium, Abu Dhabi",Abu Dhabi,Abu Dhabi,Mumbai Indians,Mumbai Indians,Sunrisers Hyderabad,Sunrisers Hyderabad,235,224,11,9,120,20,168,30,8,31,9,0,1,1,83,1,36,64,13,2,6,94,4,54,56,8,4,13,58,4,30,48,9,2,12
1254088,2021,2021-10-08,2,"Zayed Cricket Stadium, Abu Dhabi","Zayed Cricket Stadium, Abu Dhabi",Abu Dhabi,Abu Dhabi,Sunrisers Hyderabad,Sunrisers Hyderabad,Mumbai Indians,Mumbai Indians,193,183,10,8,120,20,108,21,4,30,7,1,0,2,70,1,36,46,10,1,11,86,3,54,42,6,3,8,37,4,30,20,5,0,11
1254101,2021,2021-10-08,1,Dubai International Cricket Stadium,Dubai International Cricket Stadium,Dubai,Dubai,Delhi Capitals,Delhi Capitals,Royal Challengers Bangalore,Royal Challengers Bengaluru,164,155,9,5,120,20,84,12,6,35,5,1,0,3,55,0,36,30,6,1,8,73,3,54,40,4,4,16,36,2,30,14,2,1,11
1254101,2021,2021-10-08,2,Dubai International Cricket Stadium,Dubai International Cricket Stadium,Dubai,Dubai,Royal Challengers Bangalore,Royal Challengers Bengaluru,Delhi Capitals,Delhi Capitals,166,159,7,3,120,20,82,13,5,36,5,0,0,2,29,2,36,10,1,1,18,79,1,54,44,8,2,15,58,0,30,28,4,2,3
1254114,2021,2021-10-10,1,Dubai International Cricket Stadium,Dubai International Cricket Stadium,Dubai,Dubai,Delhi Capitals,Delhi Capitals,Chennai Super Kings,Chennai Super Kings,172,166,6,5,120,20,96,15,6,36,6,0,0,0,51,2,36,42,6,3,18,63,2,54,22,4,1,12,58,1,30,32,5,2,6
1254114,2021,2021-10-10,2,Dubai International Cricket Stadium,Dubai International Cricket Stadium,Dubai,Dubai,Chennai Super Kings,Chennai Super Kings,Delhi Capitals,Delhi Capitals,173,169,4,6,118,19.67,98,17,5,32,3,0,0,1,59,1,36,42,6,3,12,62,3,54,18,3,1,13,52,2,28,38,8,1,7
1254115,2021,2021-10-11,1,Sharjah Cricket Stadium,Sharjah Cricket Stadium,Sharjah,Sharjah,Royal Challengers Bangalore,Royal Challengers Bengaluru,Kolkata Knight Riders,Kolkata Knight Riders,138,125,13,7,120,20,48,12,0,36,4,2,1,6,53,1,36,24,6,0,9,55,3,54,16,4,0,15,30,3,30,8,2,0,12
1254115,2021,2021-10-11,2,Sharjah Cricket Stadium,Sharjah Cricket Stadium,Sharjah,Sharjah,Kolkata Knight Riders,Kolkata Knight Riders,Royal Challengers Bangalore,Royal Challengers Bengaluru,139,134,5,6,118,19.67,62,8,5,35,3,0,0,2,48,1,36,26,5,1,11,64,3,54,28,1,4,16,27,2,28,8,2,0,8
1254116,2021,2021-10-13,1,Sharjah Cricket Stadium,Sharjah Cricket Stadium,Sharjah,Sharjah,Delhi Capitals,Delhi Capitals,Kolkata Knight Riders,Kolkata Knight Riders,135,129,6,5,120,20,60,6,6,44,4,1,0,1,38,1,36,26,2,3,19,52,2,54,12,3,0,18,45,2,30,22,1,3,7
1254116,2021,2021-10-13,2,Sharjah Cricket Stadium,Sharjah Cricket Stadium,Sharjah,Sharjah,Kolkata Knight Riders,Kolkata Knight Riders,Delhi Capitals,Delhi Capitals,136,126,10,7,119,19.83,56,5,6,46,9,0,0,1,51,0,36,24,3,2,10,62,1,54,20,2,2,19,23,6,29,12,0,2,17
1254117,2021,2021-10-15,1,Dubai International Cricket Stadium,Dubai International Cricket Stadium,Dubai,Dubai,Chennai Super Kings,Chennai Super Kings,Kolkata Knight Riders,Kolkata Knight Riders,192,186,6,3,120,20,108,12,10,29,3,1,1,1,50,0,36,30,6,1,12,81,2,54,38,2,5,11,61,1,30,40,4,4,6
1254117,2021,2021-10-15,2,Dubai International Cricket Stadium,Dubai International Cricket Stadium,Dubai,Dubai,Kolkata Knight Riders,Kolkata Knight Riders,Chennai Super Kings,Chennai Super Kings,165,156,9,9,120,20,94,13,7,49,8,1,0,0,55,0,36,38,8,1,14,65,6,54,30,3,3,21,45,3,30,26,2,3,14
1304047,2022,2022-03-26,1,"Wankhede Stadium, Mumbai",Wankhede Stadium,Mumbai,Mumbai,Chennai Super Kings,Chennai Super Kings,Kolkata Knight Riders,Kolkata Knight Riders,131,125,6,5,120,20,70,10,5,55,4,2,0,0,35,2,36,24,3,2,23,38,3,54,6,0,1,25,58,0,30,40,7,2,7
1304047,2022,2022-03-26,2,"Wankhede Stadium, Mumbai",Wankhede Stadium,Mumbai,Mumbai,Kolkata Knight Riders,Kolkata Knight Riders,Chennai Super Kings,Chennai Super Kings,133,129,4,4,111,18.5,66,12,3,42,0,0,4,0,43,0,36,30,6,1,20,61,3,54,22,4,1,17,29,1,21,14,2,1,5
1304048,2022,2022-03-27,1,"Brabourne Stadium, Mumbai",Brabourne Stadium,Mumbai,Mumbai,Mumbai Indians,Mumbai Indians,Delhi Capitals,Delhi Capitals,177,174,3,5,120,20,108,18,6,37,2,0,0,1,53,0,36,42,6,3,18,65,3,54,28,7,0,15,59,2,30,38,5,3,4
1304048,2022,2022-03-27,2,"Brabourne Stadium, Mumbai",Brabourne Stadium,Mumbai,Mumbai,Delhi Capitals,Delhi Capitals,Mumbai Indians,Mumbai Indians,179,168,11,6,110,18.33,114,18,7,38,7,0,0,4,46,3,36,32,5,2,20,76,3,54,42,9,1,17,57,0,20,40,4,4,1
1304049,2022,2022-03-27,1,"Dr DY Patil Sports Academy, Mumbai","Dr DY Patil Sports Academy, Mumbai",Mumbai,Mumbai,Royal Challengers Bangalore,Royal Challengers Bengaluru,Punjab Kings,Punjab Kings,205,182,23,2,120,20,114,9,13,39,12,0,5,6,41,0,36,18,3,1,21,101,1,54,50,2,7,13,63,1,30,46,4,5,5
1304049,2022,2022-03-27,2,"Dr DY Patil Sports Academy, Mumbai","Dr DY Patil Sports Academy, Mumbai",Mumbai,Mumbai,Punjab Kings,Punjab Kings,Royal Challengers Bangalore,Royal Challengers Bengaluru,208,186,22,5,114,19,128,11,14,40,21,0,0,1,63,0,36,36,6,2,13,93,5,54,54,3,7,17,52,0,24,38,2,5,10
1304050,2022,2022-03-28,1,"Wankhede Stadium, Mumbai",Wankhede Stadium,Mumbai,Mumbai,Lucknow Super Giants,Lucknow Super Giants,Gujarat Titans,Gujarat Titans,158,154,4,6,120,20,98,17,5,47,4,0,0,0,32,4,36,16,4,0,21,77,0,54,50,8,3,18,49,2,30,32,5,2,8
1304050,2022,2022-03-28,2,"Wankhede Stadium, Mumbai",Wankhede Stadium,Mumbai,Mumbai,Gujarat Titans,Gujarat Titans,Lucknow Super Giants,Lucknow Super Giants,161,152,9,5,118,19.67,102,18,5,48,3,0,0,6,44,2,36,28,7,0,20,47,2,54,14,2,1,21,70,1,28,60,9,4,7
1304051,2022,2022-03-29,1,"Maharashtra Cricket Association Stadium, Pune",Maharashtra Cricket Association Stadium,Pune,Pune,Rajasthan Royals,Rajasthan Royals,Sunrisers Hyderabad,Sunrisers Hyderabad,210,196,14,6,120,20,148,16,14,46,6,4,0,4,58,0,36,44,5,4,20,90,3,54,58,7,5,18,62,3,30,46,4,5,8
1304051,2022,2022-03-29,2,"Maharashtra Cricket Association Stadium, Pune",Maharashtra Cricket Association Stadium,Pune,Pune,Sunrisers Hyderabad,Sunrisers Hyderabad,Rajasthan Royals,Rajasthan Royals,149,139,10,7,120,20,80,11,6,50,4,1,0,5,14,3,36,4,1,0,30,63,2,54,24,3,2,16,72,2,30,52,7,4,4
1304052,2022,2022-03-30,1,"Dr DY Patil Sports Academy, Mumbai","Dr DY Patil Sports Academy, Mumbai",Mumbai,Mumbai,Kolkata Knight Riders,Kolkata Knight Riders,Royal Challengers Bangalore,Royal Challengers Bengaluru,128,122,6,10,113,18.83,86,11,7,62,1,1,2,2,44,3,36,26,5,1,16,57,6,54,38,2,5,33,27,1,23,22,4,1,13
1304052,2022,2022-03-30,2,"Dr DY Patil Sports Academy, Mumbai","Dr DY Patil Sports Academy, Mumbai",Mumbai,Mumbai,Royal Challengers Bangalore,Royal Challengers Bengaluru,Kolkata Knight Riders,Kolkata Knight Riders,132,118,14,7,116,19.33,74,11,5,60,8,1,4,1,36,3,36,16,4,0,23,57,1,54,30,3,3,27,39,3,26,28,4,2,10
1304053,2022,2022-03-31,1,"Brabourne Stadium, Mumbai",Brabourne Stadium,Mumbai,Mumbai,Chennai Super Kings,Chennai Super Kings,Lucknow Super Giants,Lucknow Super Giants,210,196,14,7,120,20,144,24,8,39,3,0,4,7,73,1,36,58,10,3,14,74,2,54,44,8,2,18,63,4,30,42,6,3,7
1304053,2022,2022-03-31,2,"Brabourne Stadium, Mumbai",Brabourne Stadium,Mumbai,Mumbai,Lucknow Super Giants,Lucknow Super Giants,Chennai Super Kings,Chennai Super Kings,211,193,18,4,117,19.5,126,18,9,33,12,0,0,6,55,0,36,38,8,1,16,89,3,54,42,6,3,11,67,1,27,46,4,5,6
1304054,2022,2022-04-01,1,"Wankhede Stadium, Mumbai",Wankhede Stadium,Mumbai,Mumbai,Punjab Kings,Punjab Kings,Kolkata Knight Riders,Kolkata Knight Riders,137,126,11,10,110,18.33,92,11,8,58,7,2,0,2,62,3,36,46,4,5,15,40,5,54,18,3,1,33,35,2,20,28,4,2,10
1304054,2022,2022-04-01,2,"Wankhede Stadium, Mumbai",Wankhede Stadium,Mumbai,Mumbai,Kolkata Knight Riders,Kolkata Knight Riders,Punjab Kings,Punjab Kings,141,135,6,4,87,14.5,98,11,9,37,3,2,0,1,51,2,36,36,9,0,16,90,2,51,62,2,9,21,0,0,0,0,0,0,0
1304055,2022,2022-04-02,1,"Dr DY Patil Sports Academy, Mumbai","Dr DY Patil Sports Academy, Mumbai",Mumbai,Mumbai,Rajasthan Royals,Rajasthan Royals,Mumbai Indians,Mumbai Indians,193,182,11,8,120,20,134,17,11,46,6,0,0,5,48,2,36,40,4,4,21,90,1,54,60,9,4,16,55,5,30,34,4,3,9
1304055,2022,2022-04-02,2,"Dr DY Patil Sports Academy, Mumbai","Dr DY Patil Sports Academy, Mumbai",Mumbai,Mumbai,Mumbai Indians,Mumbai Indians,Rajasthan Royals,Rajasthan Royals,170,159,11,8,120,20,100,13,8,49,8,2,0,1,50,2,36,32,5,2,17,86,2,54,46,4,5,12,34,4,30,22,4,1,20
1304056,2022,2022-04-02,1,"Maharashtra Cricket Association Stadium, Pune",Maharashtra Cricket Association Stadium,Pune,Pune,Gujarat Titans,Gujarat Titans,Delhi Capitals,Delhi Capitals,171,164,7,6,120,20,86,14,5,34,3,1,1,2,44,1,36,18,3,1,11,76,2,54,42,9,1,17,51,3,30,26,2,3,6
1304056,2022,2022-04-02,2,"Maharashtra Cricket Association Stadium, Pune",Maharashtra Cricket Association Stadium,Pune,Pune,Delhi Capitals,Delhi Capitals,Gujarat Titans,Gujarat Titans,157,146,11,9,120,20,90,18,3,45,7,0,0,4,43,3,36,28,7,0,17,83,3,54,52,10,2,15,31,3,30,10,1,1,13
1304057,2022,2022-04-03,1,"Brabourne Stadium, Mumbai",Brabourne Stadium,Mumbai,Mumbai,Punjab Kings,Punjab Kings,Chennai Super Kings,Chennai Super Kings,180,166,14,8,120,20,114,12,11,54,13,0,0,1,72,2,36,58,7,5,18,75,3,54,42,3,5,21,33,3,30,14,2,1,15
1304057,2022,2022-04-03,2,"Brabourne Stadium, Mumbai",Brabourne Stadium,Mumbai,Mumbai,Chennai Super Kings,Chennai Super Kings,Punjab Kings,Punjab Kings,126,122,4,10,108,18,74,11,5,52,2,2,0,0,27,4,36,16,4,0,23,71,3,54,42,6,3,22,28,3,18,16,1,2,7
1304058,2022,2022-04-04,1,"Dr DY Patil Sports Academy, Mumbai","Dr DY Patil Sports Academy, Mumbai",Mumbai,Mumbai,Lucknow Super Giants,Lucknow Super Giants,Sunrisers Hyderabad,Sunrisers Hyderabad,169,165,4,7,120,20,92,14,6,37,3,0,0,1,32,3,36,18,3,1,19,82,0,54,42,6,3,11,55,4,30,32,5,2,7
1304058,2022,2022-04-04,2,"Dr DY Patil Sports Academy, Mumbai","Dr DY Patil Sports Academy, Mumbai",Mumbai,Mumbai,Sunrisers Hyderabad,Sunrisers Hyderabad,Lucknow Super Giants,Lucknow Super Giants,157,147,10,9,120,20,78,12,5,41,5,1,0,4,40,2,36,18,3,1,16,80,2,54,40,7,2,13,37,5,30,20,2,2,12
1304059,2022,2022-04-05,1,"Wankhede Stadium, Mumbai",Wankhede Stadium,Mumbai,Mumbai,Rajasthan Royals,Rajasthan Royals,Royal Challengers Bangalore,Royal Challengers Bengaluru,169,161,8,3,120,20,90,6,11,40,4,1,0,3,35,1,36,10,1,1,15,68,2,54,36,3,4,21,66,0,30,44,2,6,4
1304059,2022,2022-04-05,2,"Wankhede Stadium, Mumbai",Wankhede Stadium,Mumbai,Mumbai,Royal Challengers Bangalore,Royal Challengers Bengaluru,Rajasthan Royals,Rajasthan Royals,173,163,10,6,115,19.17,110,20,5,39,6,1,0,3,48,0,36,32,8,0,14,77,5,54,44,8,2,19,48,1,25,34,4,3,6
1304060,2022,2022-04-06,1,"Maharashtra Cricket Association Stadium, Pune",Maharashtra Cricket Association Stadium,Pune,Pune,Mumbai Indians,Mumbai Indians,Kolkata Knight Riders,Kolkata Knight Riders,161,158,3,4,120,20,98,11,9,44,1,0,0,2,35,1,36,18,3,1,17,50,2,54,20,2,2,22,76,1,30,60,6,6,5
1304060,2022,2022-04-06,2,"Maharashtra Cricket Association Stadium, Pune",Maharashtra Cricket Association Stadium,Pune,Pune,Kolkata Knight Riders,Kolkata Knight Riders,Mumbai Indians,Mumbai Indians,162,159,3,5,96,16,118,13,11,37,0,1,0,2,35,2,36,20,5,0,18,92,3,54,66,6,7,19,35,0,6,32,2,4,0
1304061,2022,2022-04-07,1,"Dr DY Patil Sports Academy, Mumbai","Dr DY Patil Sports Academy, Mumbai",Mumbai,Mumbai,Delhi Capitals,Delhi Capitals,Lucknow Super Giants,Lucknow Super Giants,149,143,6,3,120,20,84,15,4,48,4,0,0,2,52,0,36,38,8,1,18,47,3,54,18,3,1,24,50,0,30,28,4,2,6
1304061,2022,2022-04-07,2,"Dr DY Patil Sports Academy, Mumbai","Dr DY Patil Sports Academy, Mumbai",Mumbai,Mumbai,Lucknow Super Giants,Lucknow Super Giants,Delhi Capitals,Delhi Capitals,155,149,6,4,118,19.67,74,11,5,39,2,2,0,2,48,0,36,26,5,1,12,63,2,54,24,3,2,19,44,2,28,24,3,2,8
1304062,2022,2022-04-08,1,"Brabourne Stadium, Mumbai",Brabourne Stadium,Mumbai,Mumbai,Punjab Kings,Punjab Kings,Gujarat Titans,Gujarat Titans,189,185,4,9,120,20,126,18,9,44,3,0,0,1,43,2,36,32,8,0,18,109,3,54,76,7,8,14,37,4,30,18,3,1,12
1304062,2022,2022-04-08,2,"Brabourne Stadium, Mumbai",Brabourne Stadium,Mumbai,Mumbai,Gujarat Titans,Gujarat Titans,Punjab Kings,Punjab Kings,190,183,7,4,120,20,112,22,4,32,4,1,0,2,53,1,36,36,9,0,11,81,1,54,40,7,2,12,56,2,30,36,6,2,9
1304063,2022,2022-04-09,1,"Dr DY Patil Sports Academy, Mumbai","Dr DY Patil Sports Academy, Mumbai",Mumbai,Mumbai,Chennai Super Kings,Chennai Super Kings,Sunrisers Hyderabad,Sunrisers Hyderabad,154,149,5,7,120,20,74,14,3,44,5,0,0,0,41,2,36,20,5,0,19,67,2,54,36,6,2,17,46,3,30,18,3,1,8
1304063,2022,2022-04-09,2,"Dr DY Patil Sports Academy, Mumbai","Dr DY Patil Sports Academy, Mumbai",Mumbai,Mumbai,Sunrisers Hyderabad,Sunrisers Hyderabad,Chennai Super Kings,Chennai Super Kings,155,151,4,2,106,17.67,88,13,6,33,3,1,0,0,37,0,36,22,4,1,18,84,1,54,44,5,4,12,34,1,16,22,4,1,3
1304064,2022,2022-04-09,1,"Maharashtra Cricket Association Stadium, Pune",Maharashtra Cricket Association Stadium,Pune,Pune,Mumbai Indians,Mumbai Indians,Royal Challengers Bangalore,Royal Challengers Bengaluru,151,147,4,6,120,20,98,14,7,59,1,1,0,2,49,0,36,34,7,1,19,43,6,54,22,4,1,29,59,0,30,42,3,5,11
1304064,2022,2022-04-09,2,"Maharashtra Cricket Association Stadium, Pune",Maharashtra Cricket Association Stadium,Pune,Pune,Royal Challengers Bangalore,Royal Challengers Bengaluru,Mumbai Indians,Mumbai Indians,152,145,7,3,111,18.5,82,10,7,37,3,0,0,4,30,0,36,12,0,2,19,81,1,54,44,8,2,13,41,2,21,26,2,3,5
1304065,2022,2022-04-10,1,"Brabourne Stadium, Mumbai",Brabourne Stadium,Mumbai,Mumbai,Delhi Capitals,Delhi Capitals,Kolkata Knight Riders,Kolkata Knight Riders,215,199,16,5,120,20,138,18,11,34,2,2,0,7,68,0,36,52,10,2,13,93,3,54,50,5,5,12,54,2,30,36,3,4,9
1304065,2022,2022-04-10,2,"Brabourne Stadium, Mumbai",Brabourne Stadium,Mumbai,Mumbai,Kolkata Knight Riders,Kolkata Knight Riders,Delhi Capitals,Delhi Capitals,171,165,6,10,118,19.67,104,14,8,44,3,0,0,3,43,2,36,28,4,2,17,94,3,54,56,5,6,13,34,5,28,20,5,0,14
1304066,2022,2022-04-10,1,"Wankhede Stadium, Mumbai",Wankhede Stadium,Mumbai,Mumbai,Rajasthan Royals,Rajasthan Royals,Lucknow Super Giants,Lucknow Super Giants,165,156,9,6,120,20,100,10,10,47,6,0,0,3,44,1,36,30,6,1,19,48,3,54,18,3,1,24,73,2,30,52,1,8,4
1304066,2022,2022-04-10,2,"Wankhede Stadium, Mumbai",Wankhede Stadium,Mumbai,Mumbai,Lucknow Super Giants,Lucknow Super Giants,Rajasthan Royals,Rajasthan Royals,162,157,5,8,120,20,88,13,6,44,4,0,0,1,31,3,36,16,4,0,21,66,2,54,26,5,1,13,65,3,30,46,4,5,10
1304067,2022,2022-04-11,1,"Dr DY Patil Sports Academy, Mumbai","Dr DY Patil Sports Academy, Mumbai",Mumbai,Mumbai,Gujarat Titans,Gujarat Titans,Sunrisers Hyderabad,Sunrisers Hyderabad,162,140,22,7,120,20,76,16,2,41,20,0,0,2,51,2,36,28,7,0,17,67,2,54,26,5,1,17,44,3,30,22,4,1,7
1304067,2022,2022-04-11,2,"Dr DY Patil Sports Academy, Mumbai","Dr DY Patil Sports Academy, Mumbai",Mumbai,Mumbai,Sunrisers Hyderabad,Sunrisers Hyderabad,Gujarat Titans,Gujarat Titans,168,162,6,3,115,19.17,90,12,7,35,3,0,1,2,42,0,36,26,5,1,16,74,2,54,30,3,3,14,52,1,25,34,4,3,5
1304068,2022,2022-04-12,1,"Dr DY Patil Sports Academy, Mumbai","Dr DY Patil Sports Academy, Mumbai",Mumbai,Mumbai,Chennai Super Kings,Chennai Super Kings,Royal Challengers Bangalore,Royal Challengers Bengaluru,216,203,13,4,120,20,150,12,17,42,6,1,4,2,35,1,36,22,4,1,19,98,1,54,66,6,7,16,83,2,30,62,2,9,7
1304068,2022,2022-04-12,2,"Dr DY Patil Sports Academy, Mumbai","Dr DY Patil Sports Academy, Mumbai",Mumbai,Mumbai,Royal Challengers Bangalore,Royal Challengers Bengaluru,Chennai Super Kings,Chennai Super Kings,193,184,9,9,120,20,110,17,7,40,8,1,0,0,42,3,36,20,2,2,17,98,3,54,56,11,2,11,53,3,30,34,4,3,12
1304069,2022,2022-04-13,1,"Maharashtra Cricket Association Stadium, Pune",Maharashtra Cricket Association Stadium,Pune,Pune,Punjab Kings,Punjab Kings,Mumbai Indians,Mumbai Indians,198,182,16,5,120,20,110,14,9,29,8,0,0,8,65,0,36,40,7,2,11,67,3,54,28,4,2,12,66,2,30,42,3,5,6
1304069,2022,2022-04-13,2,"Maharashtra Cricket Association Stadium, Pune",Maharashtra Cricket Association Stadium,Pune,Pune,Mumbai Indians,Mumbai Indians,Punjab Kings,Punjab Kings,186,181,5,9,120,20,132,12,14,51,4,1,0,0,42,2,36,32,5,2,21,104,2,54,78,6,9,17,40,5,30,22,1,3,13
1304070,2022,2022-04-14,1,"Dr DY Patil Sports Academy, Mumbai","Dr DY Patil Sports Academy, Mumbai",Mumbai,Mumbai,Gujarat Titans,Gujarat Titans,Rajasthan Royals,Rajasthan Royals,192,188,4,4,120,20,130,22,7,39,3,1,0,0,42,2,36,28,7,0,16,88,1,54,56,8,4,13,62,1,30,46,7,3,10
1304070,2022,2022-04-14,2,"Dr DY Patil Sports Academy, Mumbai","Dr DY Patil Sports Academy, Mumbai",Mumbai,Mumbai,Rajasthan Royals,Rajasthan Royals,Gujarat Titans,Gujarat Titans,155,152,3,9,120,20,90,12,7,49,2,0,0,1,65,3,36,56,8,4,16,65,3,54,24,3,2,18,25,3,30,10,1,1,15
1304071,2022,2022-04-15,1,"Brabourne Stadium, Mumbai",Brabourne Stadium,Mumbai,Mumbai,Kolkata Knight Riders,Kolkata Knight Riders,Sunrisers Hyderabad,Sunrisers Hyderabad,175,166,9,8,120,20,114,15,9,52,3,0,2,4,38,3,36,24,3,2,21,82,2,54,48,6,4,19,55,3,30,42,6,3,12
1304071,2022,2022-04-15,2,"Brabourne Stadium, Mumbai",Brabourne Stadium,Mumbai,Mumbai,Sunrisers Hyderabad,Sunrisers Hyderabad,Kolkata Knight Riders,Kolkata Knight Riders,176,164,12,3,107,17.83,112,13,10,34,8,0,4,0,46,2,36,26,5,1,18,94,1,54,60,6,6,14,36,0,17,26,2,3,2
1304072,2022,2022-04-16,1,"Brabourne Stadium, Mumbai",Brabourne Stadium,Mumbai,Mumbai,Lucknow Super Giants,Lucknow Super Giants,Mumbai Indians,Mumbai Indians,199,191,8,4,120,20,128,20,8,33,5,0,0,3,57,1,36,44,8,2,14,93,1,54,62,8,5,14,49,2,30,22,4,1,5
1304072,2022,2022-04-16,2,"Brabourne Stadium, Mumbai",Brabourne Stadium,Mumbai,Mumbai,Mumbai Indians,Mumbai Indians,Lucknow Super Giants,Lucknow Super Giants,181,166,15,9,120,20,102,18,5,39,9,0,0,6,57,2,36,42,9,1,18,68,2,54,20,5,0,10,56,5,30,40,4,4,11
1304073,2022,2022-04-16,1,"Wankhede Stadium, Mumbai",Wankhede Stadium,Mumbai,Mumbai,Royal Challengers Bangalore,Royal Challengers Bengaluru,Delhi Capitals,Delhi Capitals,189,179,10,5,120,20,124,19,8,43,7,0,0,3,40,2,36,28,7,0,19,75,3,54,42,6,3,19,74,0,30,54,6,5,5
1304073,2022,2022-04-16,2,"Wankhede Stadium, Mumbai",Wankhede Stadium,Mumbai,Mumbai,Delhi Capitals,Delhi Capitals,Royal Challengers Bangalore,Royal Challengers Bengaluru,173,168,5,7,120,20,104,11,10,42,4,0,0,1,57,1,36,40,4,4,14,58,4,54,24,3,2,20,58,2,30,40,4,4,8
1304074,2022,2022-04-17,1,"Dr DY Patil Sports Academy, Mumbai","Dr DY Patil Sports Academy, Mumbai",Mumbai,Mumbai,Punjab Kings,Punjab Kings,Sunrisers Hyderabad,Sunrisers Hyderabad,151,144,7,10,120,20,94,13,7,57,7,0,0,0,48,2,36,34,7,1,18,74,2,54,50,5,5,22,29,6,30,10,1,1,17
1304074,2022,2022-04-17,2,"Dr DY Patil Sports Academy, Mumbai","Dr DY Patil Sports Academy, Mumbai",Mumbai,Mumbai,Sunrisers Hyderabad,Sunrisers Hyderabad,Punjab Kings,Punjab Kings,152,144,8,3,113,18.83,72,12,4,37,7,0,0,1,39,1,36,24,6,0,18,72,2,54,26,2,3,15,41,0,23,22,4,1,4
1304075,2022,2022-04-17,1,"Maharashtra Cricket Association Stadium, Pune",Maharashtra Cricket Association Stadium,Pune,Pune,Chennai Super Kings,Chennai Super Kings,Gujarat Titans,Gujarat Titans,169,164,5,5,120,20,98,11,9,41,4,1,0,0,39,2,36,24,3,2,21,86,1,54,54,6,5,14,44,2,30,20,2,2,6
1304075,2022,2022-04-17,2,"Maharashtra Cricket Association Stadium, Pune",Maharashtra Cricket Association Stadium,Pune,Pune,Gujarat Titans,Gujarat Titans,Chennai Super Kings,Chennai Super Kings,170,163,7,7,119,19.83,102,12,9,41,1,1,4,1,37,3,36,16,4,0,15,71,2,54,44,5,4,19,62,2,29,42,3,5,7
1304076,2022,2022-04-18,1,"Brabourne Stadium, Mumbai",Brabourne Stadium,Mumbai,Mumbai,Rajasthan Royals,Rajasthan Royals,Kolkata Knight Riders,Kolkata Knight Riders,217,201,16,5,120,20,136,19,10,35,6,1,3,6,60,0,36,42,6,3,14,103,1,54,60,9,4,12,54,4,30,34,4,3,9
1304076,2022,2022-04-18,2,"Brabourne Stadium, Mumbai",Brabourne Stadium,Mumbai,Mumbai,Kolkata Knight Riders,Kolkata Knight Riders,Rajasthan Royals,Rajasthan Royals,210,197,13,10,118,19.67,126,18,9,33,13,0,0,0,57,1,36,42,9,1,14,110,3,54,62,8,5,11,43,6,28,22,1,3,8
1304077,2022,2022-04-19,1,"Dr DY Patil Sports Academy, Mumbai","Dr DY Patil Sports Academy, Mumbai",Mumbai,Mumbai,Royal Challengers Bangalore,Royal Challengers Bengaluru,Lucknow Super Giants,Lucknow Super Giants,181,172,9,6,120,20,94,16,5,32,6,1,0,2,47,3,36,30,6,1,16,83,1,54,42,6,3,12,51,2,30,22,4,1,4
1304077,2022,2022-04-19,2,"Dr DY Patil Sports Academy, Mumbai","Dr DY Patil Sports Academy, Mumbai",Mumbai,Mumbai,Lucknow Super Giants,Lucknow Super Giants,Royal Challengers Bangalore,Royal Challengers Bengaluru,163,148,15,8,120,20,92,14,6,46,11,0,0,4,44,2,36,26,5,1,14,73,3,54,40,7,2,23,46,3,30,26,2,3,9
1304078,2022,2022-04-20,1,"Brabourne Stadium, Mumbai",Brabourne Stadium,Mumbai,Mumbai,Punjab Kings,Punjab Kings,Delhi Capitals,Delhi Capitals,115,113,2,10,120,20,66,15,1,62,1,0,0,1,47,3,36,28,7,0,15,49,5,54,24,6,0,25,19,2,30,14,2,1,22
1304078,2022,2022-04-20,2,"Brabourne Stadium, Mumbai",Brabourne Stadium,Mumbai,Mumbai,Delhi Capitals,Delhi Capitals,Punjab Kings,Punjab Kings,119,113,6,1,63,10.5,84,18,2,17,6,0,0,0,81,0,36,62,14,1,9,38,1,27,22,4,1,8,0,0,0,0,0,0,0
1304079,2022,2022-04-21,1,"Dr DY Patil Sports Academy, Mumbai","Dr DY Patil Sports Academy, Mumbai",Navi Mumbai,Navi Mumbai,Mumbai Indians,Mumbai Indians,Chennai Super Kings,Chennai Super Kings,155,150,5,7,120,20,78,12,5,44,3,0,0,2,42,3,36,22,4,1,17,58,2,54,28,4,2,21,55,2,30,28,4,2,6
1304079,2022,2022-04-21,2,"Dr DY Patil Sports Academy, Mumbai","Dr DY Patil Sports Academy, Mumbai",Navi Mumbai,Navi Mumbai,Chennai Super Kings,Chennai Super Kings,Mumbai Indians,Mumbai Indians,156,148,8,7,120,20,92,11,8,50,7,0,0,1,46,2,36,34,4,3,20,57,3,54,26,2,3,23,53,2,30,32,5,2,7
1304080,2022,2022-04-22,1,"Wankhede Stadium, Mumbai",Wankhede Stadium,Mumbai,Mumbai,Rajasthan Royals,Rajasthan Royals,Delhi Capitals,Delhi Capitals,222,217,5,2,120,20,168,21,14,40,4,0,0,1,44,0,36,32,5,2,19,111,0,54,88,10,8,14,67,2,30,48,6,4,7
1304080,2022,2022-04-22,2,"Wankhede Stadium, Mumbai",Wankhede Stadium,Mumbai,Mumbai,Delhi Capitals,Delhi Capitals,Rajasthan Royals,Rajasthan Royals,207,194,13,8,120,20,140,17,12,41,8,0,0,0,55,2,36,46,10,1,16,94,3,54,48,6,4,12,58,3,30,46,1,7,13
1304081,2022,2022-04-23,1,"Dr DY Patil Sports Academy, Mumbai","Dr DY Patil Sports Academy, Mumbai",Navi Mumbai,Navi Mumbai,Gujarat Titans,Gujarat Titans,Kolkata Knight Riders,Kolkata Knight Riders,156,146,10,9,120,20,70,10,5,40,7,0,0,3,47,1,36,22,4,1,12,80,1,54,40,4,4,17,29,7,30,8,2,0,11
1304081,2022,2022-04-23,2,"Dr DY Patil Sports Academy, Mumbai","Dr DY Patil Sports Academy, Mumbai",Navi Mumbai,Navi Mumbai,Kolkata Knight Riders,Kolkata Knight Riders,Gujarat Titans,Gujarat Titans,148,141,7,8,120,20,98,11,9,62,6,1,0,0,34,3,36,24,3,2,24,73,3,54,46,7,3,24,41,2,30,28,1,4,14
1304082,2022,2022-04-23,1,"Brabourne Stadium, Mumbai",Brabourne Stadium,Mumbai,Mumbai,Royal Challengers Bangalore,Royal Challengers Bengaluru,Sunrisers Hyderabad,Sunrisers Hyderabad,68,56,12,10,97,16.17,24,6,0,66,11,1,0,0,31,4,36,16,4,0,25,34,4,54,8,2,0,37,3,2,7,0,0,0,4
1304082,2022,2022-04-23,2,"Brabourne Stadium, Mumbai",Brabourne Stadium,Mumbai,Mumbai,Sunrisers Hyderabad,Sunrisers Hyderabad,Royal Challengers Bangalore,Royal Challengers Bengaluru,72,70,2,1,48,8,52,10,2,19,1,0,0,1,56,0,36,42,9,1,15,16,1,12,10,1,1,4,0,0,0,0,0,0,0
1304083,2022,2022-04-24,1,"Wankhede Stadium, Mumbai",Wankhede Stadium,Mumbai,Mumbai,Lucknow Super Giants,Lucknow Super Giants,Mumbai Indians,Mumbai Indians,168,160,8,6,120,20,94,13,7,41,6,0,0,2,32,1,36,18,3,1,20,84,3,54,40,4,4,13,52,2,30,36,6,2,8
1304083,2022,2022-04-24,2,"Wankhede Stadium, Mumbai",Wankhede Stadium,Mumbai,Mumbai,Mumbai Indians,Mumbai Indians,Lucknow Super Giants,Lucknow Super Giants,132,118,14,8,120,20,56,8,4,50,12,0,0,2,43,0,36,26,5,1,19,55,4,54,16,1,2,19,34,4,30,14,2,1,12
1304084,2022,2022-04-25,1,"Wankhede Stadium, Mumbai",Wankhede Stadium,Mumbai,Mumbai,Punjab Kings,Punjab Kings,Chennai Super Kings,Chennai Super Kings,187,173,14,4,120,20,96,15,6,28,11,2,0,1,37,1,36,14,2,1,14,86,0,54,40,7,2,10,64,3,30,42,6,3,4
1304084,2022,2022-04-25,2,"Wankhede Stadium, Mumbai",Wankhede Stadium,Mumbai,Mumbai,Chennai Super Kings,Chennai Super Kings,Punjab Kings,Punjab Kings,176,160,16,6,120,20,108,15,8,44,7,0,0,9,32,2,36,12,3,0,21,86,2,54,54,9,3,15,58,2,30,42,3,5,8
1304085,2022,2022-04-26,1,"Maharashtra Cricket Association Stadium, Pune",Maharashtra Cricket Association Stadium,Pune,Pune,Rajasthan Royals,Rajasthan Royals,Royal Challengers Bangalore,Royal Challengers Bengaluru,144,141,3,8,120,20,84,9,8,51,3,0,0,0,43,3,36,36,6,2,23,57,2,54,22,1,3,18,44,3,30,26,2,3,10
1304085,2022,2022-04-26,2,"Maharashtra Cricket Association Stadium, Pune",Maharashtra Cricket Association Stadium,Pune,Pune,Royal Challengers Bangalore,Royal Challengers Bengaluru,Rajasthan Royals,Rajasthan Royals,115,104,11,10,117,19.5,60,9,4,62,6,0,1,4,37,1,36,26,5,1,21,53,5,54,20,2,2,24,25,4,27,14,2,1,17
1304086,2022,2022-04-27,1,"Wankhede Stadium, Mumbai",Wankhede Stadium,Mumbai,Mumbai,Sunrisers Hyderabad,Sunrisers Hyderabad,Gujarat Titans,Gujarat Titans,195,181,14,6,120,20,114,12,11,38,14,0,0,0,53,2,36,34,7,1,20,87,0,54,46,4,5,11,55,4,30,34,1,5,7
1304086,2022,2022-04-27,2,"Wankhede Stadium, Mumbai",Wankhede Stadium,Mumbai,Mumbai,Gujarat Titans,Gujarat Titans,Sunrisers Hyderabad,Sunrisers Hyderabad,199,188,11,5,120,20,124,19,8,33,10,0,0,1,59,0,36,38,8,1,12,76,3,54,42,9,1,14,64,2,30,44,2,6,7
1304087,2022,2022-04-28,1,"Wankhede Stadium, Mumbai",Wankhede Stadium,Mumbai,Mumbai,Kolkata Knight Riders,Kolkata Knight Riders,Delhi Capitals,Delhi Capitals,146,137,9,9,120,20,64,10,4,35,3,1,0,5,29,2,36,4,1,0,15,60,4,54,22,4,1,13,57,3,30,38,5,3,7
1304087,2022,2022-04-28,2,"Wankhede Stadium, Mumbai",Wankhede Stadium,Mumbai,Mumbai,Delhi Capitals,Delhi Capitals,Kolkata Knight Riders,Kolkata Knight Riders,150,144,6,6,114,19,86,14,5,43,2,1,0,3,47,2,36,28,7,0,16,66,4,54,36,6,2,19,37,0,24,22,1,3,8
1304088,2022,2022-04-29,1,"Maharashtra Cricket Association Stadium, Pune",Maharashtra Cricket Association Stadium,Pune,Pune,Lucknow Super Giants,Lucknow Super Giants,Punjab Kings,Punjab Kings,153,141,12,8,120,20,80,8,8,49,4,0,0,8,39,1,36,16,1,2,18,70,4,54,36,6,2,21,44,3,30,28,1,4,10
1304088,2022,2022-04-29,2,"Maharashtra Cricket Association Stadium, Pune",Maharashtra Cricket Association Stadium,Pune,Pune,Punjab Kings,Punjab Kings,Lucknow Super Giants,Lucknow Super Giants,133,118,15,8,120,20,78,12,5,64,8,1,4,2,46,1,36,28,4,2,17,57,4,54,28,4,2,27,30,3,30,22,4,1,20
1304089,2022,2022-04-30,1,"Brabourne Stadium, Mumbai",Brabourne Stadium,Mumbai,Mumbai,Royal Challengers Bangalore,Royal Challengers Bengaluru,Gujarat Titans,Gujarat Titans,170,163,7,6,120,20,100,16,6,39,2,0,0,5,43,1,36,28,7,0,17,74,1,54,38,5,3,15,53,4,30,34,4,3,7
1304089,2022,2022-04-30,2,"Brabourne Stadium, Mumbai",Brabourne Stadium,Mumbai,Mumbai,Gujarat Titans,Gujarat Titans,Royal Challengers Bangalore,Royal Challengers Bengaluru,174,165,9,4,117,19.5,96,18,4,33,4,1,0,4,46,0,36,24,6,0,12,67,4,54,36,6,2,18,61,0,27,36,6,2,3
1304090,2022,2022-04-30,1,"Dr DY Patil Sports Academy, Mumbai","Dr DY Patil Sports Academy, Mumbai",Navi Mumbai,Navi Mumbai,Rajasthan Royals,Rajasthan Royals,Mumbai Indians,Mumbai Indians,158,146,12,6,120,20,90,12,7,52,10,1,0,1,40,1,36,24,6,0,21,62,2,54,24,3,2,20,56,3,30,42,3,5,11
1304090,2022,2022-04-30,2,"Dr DY Patil Sports Academy, Mumbai","Dr DY Patil Sports Academy, Mumbai",Navi Mumbai,Navi Mumbai,Mumbai Indians,Mumbai Indians,Rajasthan Royals,Rajasthan Royals,161,150,11,5,116,19.33,90,12,7,42,8,0,1,2,41,2,36,30,6,1,20,81,1,54,40,4,4,14,39,2,26,20,2,2,8
1304091,2022,2022-05-01,1,"Wankhede Stadium, Mumbai",Wankhede Stadium,Mumbai,Mumbai,Lucknow Super Giants,Lucknow Super Giants,Delhi Capitals,Delhi Capitals,195,178,17,3,120,20,104,14,8,29,13,0,0,4,57,1,36,36,6,2,12,88,1,54,46,7,3,11,50,1,30,22,1,3,6
1304091,2022,2022-05-01,2,"Wankhede Stadium, Mumbai",Wankhede Stadium,Mumbai,Mumbai,Delhi Capitals,Delhi Capitals,Lucknow Super Giants,Lucknow Super Giants,189,186,3,7,120,20,124,16,10,44,3,0,0,0,66,2,36,56,8,4,16,69,3,54,38,5,3,21,54,2,30,30,3,3,7
1304092,2022,2022-05-01,1,"Maharashtra Cricket Association Stadium, Pune",Maharashtra Cricket Association Stadium,Pune,Pune,Chennai Super Kings,Chennai Super Kings,Sunrisers Hyderabad,Sunrisers Hyderabad,202,193,9,2,120,20,120,15,10,30,3,0,0,6,40,0,36,20,2,2,15,113,0,54,78,9,7,10,49,2,30,22,4,1,5
1304092,2022,2022-05-01,2,"Maharashtra Cricket Association Stadium, Pune",Maharashtra Cricket Association Stadium,Pune,Pune,Sunrisers Hyderabad,Sunrisers Hyderabad,Chennai Super Kings,Chennai Super Kings,189,184,5,6,120,20,110,11,11,34,2,1,0,2,58,2,36,36,6,2,11,73,2,54,34,1,5,14,58,2,30,40,4,4,9
1304093,2022,2022-05-02,1,"Wankhede Stadium, Mumbai",Wankhede Stadium,Mumbai,Mumbai,Rajasthan Royals,Rajasthan Royals,Kolkata Knight Riders,Kolkata Knight Riders,152,143,9,5,120,20,82,13,5,48,5,2,0,2,38,1,36,26,5,1,21,67,2,54,34,7,1,16,47,2,30,22,1,3,11
1304093,2022,2022-05-02,2,"Wankhede Stadium, Mumbai",Wankhede Stadium,Mumbai,Mumbai,Kolkata Knight Riders,Kolkata Knight Riders,Rajasthan Royals,Rajasthan Royals,158,143,15,3,115,19.17,80,14,4,38,11,0,0,4,32,2,36,12,3,0,19,75,1,54,36,6,2,13,51,0,25,32,5,2,6
1304094,2022,2022-05-03,1,"Dr DY Patil Sports Academy, Mumbai","Dr DY Patil Sports Academy, Mumbai",Navi Mumbai,Navi Mumbai,Gujarat Titans,Gujarat Titans,Punjab Kings,Punjab Kings,143,129,14,8,120,20,56,11,2,45,8,1,1,4,42,2,36,26,5,1,21,56,2,54,12,3,0,16,45,4,30,18,3,1,8
1304094,2022,2022-05-03,2,"Dr DY Patil Sports Academy, Mumbai","Dr DY Patil Sports Academy, Mumbai",Navi Mumbai,Navi Mumbai,Punjab Kings,Punjab Kings,Gujarat Titans,Gujarat Titans,145,133,12,2,96,16,90,15,5,36,7,1,1,3,43,1,36,34,7,1,21,74,1,54,30,6,1,15,28,0,6,26,2,3,0
1304095,2022,2022-05-04,1,"Maharashtra Cricket Association Stadium, Pune",Maharashtra Cricket Association Stadium,Pune,Pune,Royal Challengers Bangalore,Royal Challengers Bengaluru,Chennai Super Kings,Chennai Super Kings,173,161,12,8,120,20,90,12,7,39,7,0,0,5,57,0,36,36,6,2,14,66,3,54,24,3,2,14,50,5,30,30,3,3,11
1304095,2022,2022-05-04,2,"Maharashtra Cricket Association Stadium, Pune",Maharashtra Cricket Association Stadium,Pune,Pune,Chennai Super Kings,Chennai Super Kings,Royal Challengers Bangalore,Royal Challengers Bengaluru,160,156,4,8,120,20,96,12,8,43,0,0,0,4,51,0,36,36,6,2,14,67,4,54,38,5,3,18,42,4,30,22,1,3,11
1304096,2022,2022-05-05,1,"Brabourne Stadium, Mumbai",Brabourne Stadium,Mumbai,Mumbai,Delhi Capitals,Delhi Capitals,Sunrisers Hyderabad,Sunrisers Hyderabad,207,195,12,3,120,20,144,18,12,46,10,1,1,0,50,2,36,34,7,1,20,87,1,54,52,4,6,17,70,0,30,58,7,5,9
1304096,2022,2022-05-05,2,"Brabourne Stadium, Mumbai",Brabourne Stadium,Mumbai,Mumbai,Sunrisers Hyderabad,Sunrisers Hyderabad,Delhi Capitals,Delhi Capitals,186,175,11,8,120,20,130,16,11,53,10,0,0,1,35,2,36,22,4,1,20,99,3,54,70,7,7,21,52,3,30,38,5,3,12
1304097,2022,2022-05-06,1,"Brabourne Stadium, Mumbai",Brabourne Stadium,Mumbai,Mumbai,Mumbai Indians,Mumbai Indians,Gujarat Titans,Gujarat Titans,177,170,7,6,120,20,104,14,8,43,4,1,0,2,63,0,36,44,8,2,11,57,4,54,24,3,2,23,57,2,30,36,3,4,9
1304097,2022,2022-05-06,2,"Brabourne Stadium, Mumbai",Brabourne Stadium,Mumbai,Mumbai,Gujarat Titans,Gujarat Titans,Mumbai Indians,Mumbai Indians,172,168,4,5,120,20,108,18,6,38,1,0,0,3,54,0,36,42,6,3,17,76,2,54,42,9,1,12,42,3,30,24,3,2,9
1304098,2022,2022-05-07,1,"Wankhede Stadium, Mumbai",Wankhede Stadium,Mumbai,Mumbai,Punjab Kings,Punjab Kings,Rajasthan Royals,Rajasthan Royals,189,175,14,5,120,20,122,20,7,40,10,1,0,3,48,1,36,34,7,1,18,74,3,54,40,7,2,15,67,1,30,48,6,4,7
1304098,2022,2022-05-07,2,"Wankhede Stadium, Mumbai",Wankhede Stadium,Mumbai,Mumbai,Rajasthan Royals,Rajasthan Royals,Punjab Kings,Punjab Kings,190,183,7,4,118,19.67,126,24,5,36,7,0,0,0,67,1,36,56,11,2,13,76,2,54,38,8,1,14,47,1,28,32,5,2,9
1304099,2022,2022-05-07,1,"Maharashtra Cricket Association Stadium, Pune",Maharashtra Cricket Association Stadium,Pune,Pune,Lucknow Super Giants,Lucknow Super Giants,Kolkata Knight Riders,Kolkata Knight Riders,176,172,4,7,120,20,104,11,10,42,2,0,1,1,66,1,36,52,7,4,15,57,3,54,18,3,1,18,53,3,30,34,1,5,9
1304099,2022,2022-05-07,2,"Maharashtra Cricket Association Stadium, Pune",Maharashtra Cricket Association Stadium,Pune,Pune,Kolkata Knight Riders,Kolkata Knight Riders,Lucknow Super Giants,Lucknow Super Giants,101,98,3,10,87,14.5,68,8,6,48,2,0,0,1,25,3,36,8,2,0,21,76,7,51,60,6,6,27,0,0,0,0,0,0,0
1304100,2022,2022-05-08,1,"Wankhede Stadium, Mumbai",Wankhede Stadium,Mumbai,Mumbai,Royal Challengers Bangalore,Royal Challengers Bengaluru,Sunrisers Hyderabad,Sunrisers Hyderabad,192,184,8,3,120,20,124,16,10,40,6,1,0,1,47,1,36,28,4,2,16,78,1,54,50,8,3,19,67,1,30,46,4,5,5
1304100,2022,2022-05-08,2,"Wankhede Stadium, Mumbai",Wankhede Stadium,Mumbai,Mumbai,Sunrisers Hyderabad,Sunrisers Hyderabad,Royal Challengers Bangalore,Royal Challengers Bengaluru,125,118,7,10,116,19.33,70,10,5,52,4,0,0,3,39,2,36,24,3,2,18,72,3,54,42,6,3,18,14,5,26,4,1,0,16
1304101,2022,2022-05-08,1,"Dr DY Patil Sports Academy, Mumbai","Dr DY Patil Sports Academy, Mumbai",Navi Mumbai,Navi Mumbai,Chennai Super Kings,Chennai Super Kings,Delhi Capitals,Delhi Capitals,208,196,12,6,120,20,132,18,10,33,11,1,0,0,57,0,36,34,4,3,11,91,1,54,54,9,3,11,60,5,30,44,5,4,11
1304101,2022,2022-05-08,2,"Dr DY Patil Sports Academy, Mumbai","Dr DY Patil Sports Academy, Mumbai",Navi Mumbai,Navi Mumbai,Delhi Capitals,Delhi Capitals,Chennai Super Kings,Chennai Super Kings,117,113,4,10,106,17.67,78,12,5,56,2,0,0,2,59,2,36,50,8,3,18,40,5,54,14,2,1,28,18,3,16,14,2,1,10
1304102,2022,2022-05-09,1,"Dr DY Patil Sports Academy, Mumbai","Dr DY Patil Sports Academy, Mumbai",Navi Mumbai,Navi Mumbai,Kolkata Knight Riders,Kolkata Knight Riders,Mumbai Indians,Mumbai Indians,165,154,11,9,120,20,108,12,10,57,10,0,0,1,64,1,36,44,5,4,16,76,4,54,50,5,5,23,25,4,30,14,2,1,18
1304102,2022,2022-05-09,2,"Dr DY Patil Sports Academy, Mumbai","Dr DY Patil Sports Academy, Mumbai",Navi Mumbai,Navi Mumbai,Mumbai Indians,Mumbai Indians,Kolkata Knight Riders,Kolkata Knight Riders,113,103,10,10,105,17.5,48,9,2,41,2,0,1,7,37,2,36,16,4,0,18,65,5,54,32,5,2,17,11,3,15,0,0,0,6
1304103,2022,2022-05-10,1,"Maharashtra Cricket Association Stadium, Pune",Maharashtra Cricket Association Stadium,Pune,Pune,Gujarat Titans,Gujarat Titans,Lucknow Super Giants,Lucknow Super Giants,144,137,7,4,120,20,66,15,1,37,6,0,0,1,35,2,36,24,6,0,19,57,1,54,12,3,0,12,52,1,30,30,6,1,6
1304103,2022,2022-05-10,2,"Maharashtra Cricket Association Stadium, Pune",Maharashtra Cricket Association Stadium,Pune,Pune,Lucknow Super Giants,Lucknow Super Giants,Gujarat Titans,Gujarat Titans,82,79,3,10,83,13.83,46,7,3,41,3,0,0,0,37,3,36,26,5,1,21,45,7,47,20,2,2,20,0,0,0,0,0,0,0
1304104,2022,2022-05-11,1,"Dr DY Patil Sports Academy, Mumbai","Dr DY Patil Sports Academy, Mumbai",Navi Mumbai,Navi Mumbai,Rajasthan Royals,Rajasthan Royals,Delhi Capitals,Delhi Capitals,160,154,6,6,120,20,92,14,6,41,5,0,1,0,43,1,36,32,5,2,20,73,2,54,38,5,3,13,44,3,30,22,4,1,8
1304104,2022,2022-05-11,2,"Dr DY Patil Sports Academy, Mumbai","Dr DY Patil Sports Academy, Mumbai",Navi Mumbai,Navi Mumbai,Delhi Capitals,Delhi Capitals,Rajasthan Royals,Rajasthan Royals,161,154,7,2,109,18.17,100,10,10,39,5,0,0,2,38,1,36,20,2,2,18,76,0,54,44,5,4,17,47,1,19,36,3,4,4
1304105,2022,2022-05-12,1,"Wankhede Stadium, Mumbai",Wankhede Stadium,Mumbai,Mumbai,Chennai Super Kings,Chennai Super Kings,Mumbai Indians,Mumbai Indians,97,82,15,10,96,16,54,9,3,60,12,0,0,3,32,5,36,16,4,0,24,55,4,54,28,4,2,32,10,1,6,10,1,1,4
1304105,2022,2022-05-12,2,"Wankhede Stadium, Mumbai",Wankhede Stadium,Mumbai,Mumbai,Mumbai Indians,Mumbai Indians,Chennai Super Kings,Chennai Super Kings,103,93,10,5,89,14.83,56,11,2,44,9,0,0,1,36,4,36,20,5,0,23,67,1,53,36,6,2,21,0,0,0,0,0,0,0
1304106,2022,2022-05-13,1,"Brabourne Stadium, Mumbai",Brabourne Stadium,Mumbai,Mumbai,Punjab Kings,Punjab Kings,Royal Challengers Bangalore,Royal Challengers Bengaluru,209,202,7,9,120,20,148,16,14,38,3,1,0,3,83,1,36,68,5,8,12,69,3,54,40,7,2,18,57,5,30,40,4,4,8
1304106,2022,2022-05-13,2,"Brabourne Stadium, Mumbai",Brabourne Stadium,Mumbai,Mumbai,Royal Challengers Bangalore,Royal Challengers Bengaluru,Punjab Kings,Punjab Kings,155,145,10,9,120,20,82,13,5,49,9,0,1,0,44,3,36,28,4,2,19,76,3,54,38,5,3,17,35,3,30,16,4,0,13
1304107,2022,2022-05-14,1,"Maharashtra Cricket Association Stadium, Pune",Maharashtra Cricket Association Stadium,Pune,Pune,Kolkata Knight Riders,Kolkata Knight Riders,Sunrisers Hyderabad,Sunrisers Hyderabad,177,165,12,6,120,20,106,10,11,45,8,0,0,4,55,1,36,38,2,5,15,64,4,54,28,4,2,21,58,1,30,40,4,4,9
1304107,2022,2022-05-14,2,"Maharashtra Cricket Association Stadium, Pune",Maharashtra Cricket Association Stadium,Pune,Pune,Sunrisers Hyderabad,Sunrisers Hyderabad,Kolkata Knight Riders,Kolkata Knight Riders,123,120,3,8,120,20,62,8,5,55,3,0,0,0,31,1,36,16,4,0,20,69,4,54,38,2,5,19,23,3,30,8,2,0,16
1304108,2022,2022-05-15,1,"Wankhede Stadium, Mumbai",Wankhede Stadium,Mumbai,Mumbai,Chennai Super Kings,Chennai Super Kings,Gujarat Titans,Gujarat Titans,133,126,7,5,120,20,52,7,4,42,4,1,0,2,47,1,36,26,2,3,15,62,1,54,26,5,1,15,24,3,30,0,0,0,12
1304108,2022,2022-05-15,2,"Wankhede Stadium, Mumbai",Wankhede Stadium,Mumbai,Mumbai,Gujarat Titans,Gujarat Titans,Chennai Super Kings,Chennai Super Kings,137,127,10,3,115,19.17,66,15,1,39,4,0,4,2,53,0,36,46,10,1,19,55,3,54,12,3,0,16,29,0,25,8,2,0,4
1304109,2022,2022-05-15,1,"Brabourne Stadium, Mumbai",Brabourne Stadium,Mumbai,Mumbai,Rajasthan Royals,Rajasthan Royals,Lucknow Super Giants,Lucknow Super Giants,178,174,4,6,120,20,112,22,4,45,2,1,0,1,51,1,36,42,9,1,21,79,3,54,48,9,2,17,48,2,30,22,4,1,7
1304109,2022,2022-05-15,2,"Brabourne Stadium, Mumbai",Brabourne Stadium,Mumbai,Mumbai,Lucknow Super Giants,Lucknow Super Giants,Rajasthan Royals,Rajasthan Royals,154,139,15,8,120,20,72,9,6,45,12,0,0,3,34,3,36,18,3,1,22,73,1,54,30,3,3,12,47,4,30,24,3,2,11
1304110,2022,2022-05-16,1,"Dr DY Patil Sports Academy, Mumbai","Dr DY Patil Sports Academy, Mumbai",Navi Mumbai,Navi Mumbai,Delhi Capitals,Delhi Capitals,Punjab Kings,Punjab Kings,159,150,9,7,120,20,84,12,6,42,2,1,0,6,59,2,36,42,6,3,14,57,3,54,22,1,3,20,43,2,30,20,5,0,8
1304110,2022,2022-05-16,2,"Dr DY Patil Sports Academy, Mumbai","Dr DY Patil Sports Academy, Mumbai",Navi Mumbai,Navi Mumbai,Punjab Kings,Punjab Kings,Delhi Capitals,Delhi Capitals,142,136,6,9,120,20,82,13,5,56,5,1,0,0,54,3,36,38,8,1,14,47,4,54,18,3,1,28,41,2,30,26,2,3,14
1304111,2022,2022-05-17,1,"Wankhede Stadium, Mumbai",Wankhede Stadium,Mumbai,Mumbai,Sunrisers Hyderabad,Sunrisers Hyderabad,Mumbai Indians,Mumbai Indians,193,184,9,6,120,20,116,17,8,37,5,0,0,4,57,1,36,40,7,2,15,91,1,54,52,7,4,11,45,4,30,24,3,2,11
1304111,2022,2022-05-17,2,"Wankhede Stadium, Mumbai",Wankhede Stadium,Mumbai,Mumbai,Mumbai Indians,Mumbai Indians,Sunrisers Hyderabad,Sunrisers Hyderabad,190,176,14,7,120,20,114,12,11,41,8,1,0,3,51,0,36,34,4,3,15,76,4,54,34,4,3,15,63,3,30,46,4,5,11
1304112,2022,2022-05-18,1,"Dr DY Patil Sports Academy, Mumbai","Dr DY Patil Sports Academy, Mumbai",Navi Mumbai,Navi Mumbai,Lucknow Super Giants,Lucknow Super Giants,Kolkata Knight Riders,Kolkata Knight Riders,210,208,2,0,120,20,136,13,14,30,1,1,0,0,44,0,36,28,4,2,16,78,0,54,38,2,5,12,88,0,30,70,7,7,2
1304112,2022,2022-05-18,2,"Dr DY Patil Sports Academy, Mumbai","Dr DY Patil Sports Academy, Mumbai",Navi Mumbai,Navi Mumbai,Kolkata Knight Riders,Kolkata Knight Riders,Lucknow Super Giants,Lucknow Super Giants,208,198,10,8,120,20,150,18,13,43,6,1,0,3,60,2,36,54,12,1,19,74,2,54,40,4,4,18,74,4,30,56,2,8,6
1304113,2022,2022-05-19,1,"Wankhede Stadium, Mumbai",Wankhede Stadium,Mumbai,Mumbai,Gujarat Titans,Gujarat Titans,Royal Challengers Bangalore,Royal Challengers Bengaluru,168,165,3,5,120,20,104,11,10,45,2,0,0,1,38,2,36,32,5,2,23,80,1,54,42,3,5,17,50,2,30,30,3,3,5
1304113,2022,2022-05-19,2,"Wankhede Stadium, Mumbai",Wankhede Stadium,Mumbai,Mumbai,Royal Challengers Bangalore,Royal Challengers Bengaluru,Gujarat Titans,Gujarat Titans,170,159,11,2,112,18.67,96,18,4,32,7,0,4,0,55,0,36,36,9,0,15,66,1,54,22,4,1,12,49,1,22,38,5,3,5
1304114,2022,2022-05-20,1,"Brabourne Stadium, Mumbai",Brabourne Stadium,Mumbai,Mumbai,Chennai Super Kings,Chennai Super Kings,Rajasthan Royals,Rajasthan Royals,150,145,5,6,120,20,90,15,5,51,5,0,0,0,75,1,36,68,11,4,16,42,3,54,8,2,0,22,33,2,30,14,2,1,13
1304114,2022,2022-05-20,2,"Brabourne Stadium, Mumbai",Brabourne Stadium,Mumbai,Mumbai,Rajasthan Royals,Rajasthan Royals,Chennai Super Kings,Chennai Super Kings,151,135,16,5,118,19.67,80,14,4,46,8,0,0,8,52,1,36,36,9,0,16,52,3,54,16,1,2,23,47,1,28,28,4,2,7
1304115,2022,2022-05-21,1,"Wankhede Stadium, Mumbai",Wankhede Stadium,Mumbai,Mumbai,Delhi Capitals,Delhi Capitals,Mumbai Indians,Mumbai Indians,159,145,14,7,120,20,86,8,9,49,8,0,4,2,37,3,36,24,3,2,20,69,1,54,30,3,3,20,53,3,30,32,2,4,9
1304115,2022,2022-05-21,2,"Wankhede Stadium, Mumbai",Wankhede Stadium,Mumbai,Mumbai,Mumbai Indians,Mumbai Indians,Delhi Capitals,Delhi Capitals,160,155,5,5,115,19.17,108,9,12,49,3,1,0,1,27,1,36,20,2,2,26,74,2,54,44,2,6,18,59,2,25,44,5,4,5
1304116,2022,2022-05-22,1,"Wankhede Stadium, Mumbai",Wankhede Stadium,Mumbai,Mumbai,Sunrisers Hyderabad,Sunrisers Hyderabad,Punjab Kings,Punjab Kings,157,145,12,8,120,20,88,13,6,47,8,1,2,1,43,1,36,30,6,1,19,53,4,54,20,2,2,21,61,3,30,38,5,3,7
1304116,2022,2022-05-22,2,"Wankhede Stadium, Mumbai",Wankhede Stadium,Mumbai,Mumbai,Punjab Kings,Punjab Kings,Sunrisers Hyderabad,Sunrisers Hyderabad,160,154,6,5,91,15.17,114,15,9,28,4,0,0,2,62,1,36,46,7,3,12,94,4,54,64,7,6,16,4,0,1,4,1,0,0
1312197,2022,2022-05-24,1,"Eden Gardens, Kolkata",Eden Gardens,Kolkata,Kolkata,Rajasthan Royals,Rajasthan Royals,Gujarat Titans,Gujarat Titans,188,177,11,6,120,20,118,19,7,44,10,1,0,0,55,1,36,42,6,3,22,69,2,54,32,5,2,15,64,3,30,44,8,2,7
1312197,2022,2022-05-24,2,"Eden Gardens, Kolkata",Eden Gardens,Kolkata,Kolkata,Gujarat Titans,Gujarat Titans,Rajasthan Royals,Rajasthan Royals,191,178,13,3,117,19.5,112,19,6,31,11,1,0,1,64,1,36,46,10,1,15,75,2,54,34,7,1,13,52,0,27,32,2,4,3
1312198,2022,2022-05-25,1,"Eden Gardens, Kolkata",Eden Gardens,Kolkata,Kolkata,Royal Challengers Bangalore,Royal Challengers Bengaluru,Lucknow Super Giants,Lucknow Super Giants,207,197,10,4,120,20,138,21,9,42,9,1,0,0,52,1,36,38,8,1,17,71,3,54,32,5,2,17,84,0,30,68,8,6,8
1312198,2022,2022-05-25,2,"Eden Gardens, Kolkata",Eden Gardens,Kolkata,Kolkata,Lucknow Super Giants,Lucknow Super Giants,Royal Challengers Bangalore,Royal Challengers Bengaluru,193,171,22,6,120,20,108,6,14,39,15,0,5,2,62,2,36,42,3,5,16,81,1,54,40,1,6,11,50,3,30,26,2,3,12
1312199,2022,2022-05-27,1,"Narendra Modi Stadium, Ahmedabad",Narendra Modi Stadium,Ahmedabad,Ahmedabad,Royal Challengers Bangalore,Royal Challengers Bengaluru,Rajasthan Royals,Rajasthan Royals,157,142,15,8,120,20,78,9,7,45,7,0,4,4,46,1,36,30,6,1,20,77,2,54,32,2,4,12,34,5,30,16,1,2,13
1312199,2022,2022-05-27,2,"Narendra Modi Stadium, Ahmedabad",Narendra Modi Stadium,Ahmedabad,Ahmedabad,Rajasthan Royals,Rajasthan Royals,Royal Challengers Bangalore,Royal Challengers Bengaluru,161,161,0,3,109,18.17,108,12,10,41,0,0,0,0,67,1,36,54,6,5,16,59,1,54,32,5,2,21,35,1,19,22,1,3,4
1312200,2022,2022-05-29,1,"Narendra Modi Stadium, Ahmedabad",Narendra Modi Stadium,Ahmedabad,Ahmedabad,Rajasthan Royals,Rajasthan Royals,Gujarat Titans,Gujarat Titans,130,128,2,9,120,20,68,11,4,50,0,0,0,2,44,1,36,28,4,2,17,50,4,54,24,6,0,24,36,4,30,16,1,2,9
1312200,2022,2022-05-29,2,"Narendra Modi Stadium, Ahmedabad",Narendra Modi Stadium,Ahmedabad,Ahmedabad,Gujarat Titans,Gujarat Titans,Rajasthan Royals,Rajasthan Royals,133,124,9,3,109,18.17,64,10,4,46,8,0,0,1,31,2,36,18,3,1,27,66,1,54,26,5,1,15,36,0,19,20,2,2,4
1359475,2023,2023-03-31,1,"Narendra Modi Stadium, Ahmedabad",Narendra Modi Stadium,Ahmedabad,Ahmedabad,Chennai Super Kings,Chennai Super Kings,Gujarat Titans,Gujarat Titans,178,170,8,7,120,20,118,10,13,45,0,1,1,6,51,2,36,40,7,2,17,82,2,54,56,2,8,21,45,3,30,22,1,3,7
1359475,2023,2023-03-31,2,"Narendra Modi Stadium, Ahmedabad",Narendra Modi Stadium,Ahmedabad,Ahmedabad,Gujarat Titans,Gujarat Titans,Chennai Super Kings,Chennai Super Kings,182,170,12,5,116,19.33,108,15,8,37,4,2,0,6,65,1,36,46,7,3,12,73,3,54,32,5,2,15,44,1,26,30,3,3,10
1359476,2023,2023-04-01,1,"Punjab Cricket Association IS Bindra Stadium, Mohali, Chandigarh","Punjab Cricket Association IS Bindra Stadium, Mohali",Chandigarh,Chandigarh,Punjab Kings,Punjab Kings,Kolkata Knight Riders,Kolkata Knight Riders,191,187,4,5,120,20,122,17,9,42,2,1,0,1,56,1,36,46,7,3,18,87,3,54,50,8,3,16,48,1,30,26,2,3,8
1359476,2023,2023-04-01,2,"Punjab Cricket Association IS Bindra Stadium, Mohali, Chandigarh","Punjab Cricket Association IS Bindra Stadium, Mohali",Chandigarh,Chandigarh,Kolkata Knight Riders,Kolkata Knight Riders,Punjab Kings,Punjab Kings,146,140,6,7,96,16,94,13,7,34,1,2,1,2,46,3,36,34,7,1,18,90,3,54,54,6,5,15,10,1,6,6,0,1,1
1359477,2023,2023-04-01,1,"Bharat Ratna Shri Atal Bihari Vajpayee Ekana Cricket Stadium, Lucknow",Bharat Ratna Shri Atal Bihari Vajpayee Ekana Cricket Stadium,Lucknow,Lucknow,Lucknow Super Giants,Lucknow Super Giants,Delhi Capitals,Delhi Capitals,193,185,8,6,120,20,116,5,16,40,5,0,1,2,30,1,36,10,1,1,18,97,3,54,62,2,9,14,66,2,30,44,2,6,8
1359477,2023,2023-04-01,2,"Bharat Ratna Shri Atal Bihari Vajpayee Ekana Cricket Stadium, Lucknow",Bharat Ratna Shri Atal Bihari Vajpayee Ekana Cricket Stadium,Lucknow,Lucknow,Delhi Capitals,Delhi Capitals,Lucknow Super Giants,Lucknow Super Giants,143,133,10,9,120,20,72,15,2,52,9,1,0,0,47,2,36,32,8,0,19,63,3,54,26,5,1,18,33,4,30,14,2,1,15
1359478,2023,2023-04-02,1,"Rajiv Gandhi International Stadium, Uppal, Hyderabad","Rajiv Gandhi International Stadium, Uppal",Hyderabad,Hyderabad,Rajasthan Royals,Rajasthan Royals,Sunrisers Hyderabad,Sunrisers Hyderabad,203,195,8,5,120,20,132,21,8,36,2,0,5,1,85,1,36,70,13,3,12,75,2,54,42,6,3,15,43,2,30,20,2,2,9
1359478,2023,2023-04-02,2,"Rajiv Gandhi International Stadium, Uppal, Hyderabad","Rajiv Gandhi International Stadium, Uppal",Hyderabad,Hyderabad,Sunrisers Hyderabad,Sunrisers Hyderabad,Rajasthan Royals,Rajasthan Royals,131,124,7,8,120,20,62,8,5,57,3,3,0,1,30,2,36,16,4,0,21,55,5,54,16,1,2,24,46,1,30,30,3,3,12
1359479,2023,2023-04-02,1,"M Chinnaswamy Stadium, Bengaluru",M Chinnaswamy Stadium,Bengaluru,Bengaluru,Mumbai Indians,Mumbai Indians,Royal Challengers Bangalore,Royal Challengers Bengaluru,171,160,11,7,120,20,102,15,7,49,10,1,0,0,29,3,36,18,3,1,23,73,2,54,42,6,3,18,69,2,30,42,6,3,8
1359479,2023,2023-04-02,2,"M Chinnaswamy Stadium, Bengaluru",M Chinnaswamy Stadium,Bengaluru,Bengaluru,Royal Challengers Bangalore,Royal Challengers Bengaluru,Mumbai Indians,Mumbai Indians,172,167,5,2,98,16.33,122,11,13,37,4,0,0,1,53,0,36,38,5,3,17,95,1,54,62,5,7,17,24,1,8,22,1,3,3
1359480,2023,2023-04-03,1,"MA Chidambaram Stadium, Chepauk, Chennai",MA Chidambaram Stadium,Chennai,Chennai,Chennai Super Kings,Chennai Super Kings,Lucknow Super Giants,Lucknow Super Giants,217,201,16,7,120,20,138,15,13,32,7,1,4,4,79,0,36,48,6,4,8,85,3,54,54,6,5,17,53,4,30,36,3,4,7
1359480,2023,2023-04-03,2,"MA Chidambaram Stadium, Chepauk, Chennai",MA Chidambaram Stadium,Chennai,Chennai,Lucknow Super Giants,Lucknow Super Giants,Chennai Super Kings,Chennai Super Kings,205,187,18,7,120,20,106,13,9,37,13,2,0,1,80,1,36,52,10,2,11,70,4,54,38,2,5,19,55,2,30,16,1,2,7
1359481,2023,2023-04-04,1,"Arun Jaitley Stadium, Delhi",Arun Jaitley Stadium,Delhi,Delhi,Delhi Capitals,Delhi Capitals,Gujarat Titans,Gujarat Titans,162,147,15,8,120,20,92,14,6,53,11,0,0,4,52,2,36,28,7,0,21,69,3,54,38,5,3,20,41,3,30,26,2,3,12
1359481,2023,2023-04-04,2,"Arun Jaitley Stadium, Delhi",Arun Jaitley Stadium,Delhi,Delhi,Gujarat Titans,Gujarat Titans,Delhi Capitals,Delhi Capitals,163,155,8,4,109,18.17,90,15,5,33,4,2,1,1,54,3,36,44,8,2,20,63,1,54,16,4,0,12,46,0,19,30,3,3,1
1359482,2023,2023-04-05,1,"Barsapara Cricket Stadium, Guwahati",Barsapara Cricket Stadium,Guwahati,Guwahati,Punjab Kings,Punjab Kings,Rajasthan Royals,Rajasthan Royals,197,187,10,5,120,20,118,19,7,34,8,0,0,0,63,0,36,48,9,2,15,89,2,54,46,7,3,10,45,3,30,24,3,2,9
1359482,2023,2023-04-05,2,"Barsapara Cricket Stadium, Guwahati",Barsapara Cricket Stadium,Guwahati,Guwahati,Rajasthan Royals,Rajasthan Royals,Punjab Kings,Punjab Kings,192,182,10,7,120,20,112,13,10,39,9,0,1,0,57,3,36,42,6,3,18,67,3,54,24,3,2,19,68,1,30,46,4,5,2
1359483,2023,2023-04-06,1,"Eden Gardens, Kolkata",Eden Gardens,Kolkata,Kolkata,Kolkata Knight Riders,Kolkata Knight Riders,Royal Challengers Bangalore,Royal Challengers Bengaluru,204,181,23,7,120,20,126,18,9,45,10,3,4,6,47,2,36,22,4,1,22,93,3,54,58,7,5,14,64,2,30,46,7,3,9
1359483,2023,2023-04-06,2,"Eden Gardens, Kolkata",Eden Gardens,Kolkata,Kolkata,Royal Challengers Bangalore,Royal Challengers Bengaluru,Kolkata Knight Riders,Kolkata Knight Riders,123,117,6,10,106,17.67,72,12,4,48,1,0,4,1,50,2,36,36,6,2,17,52,7,54,22,4,1,24,21,1,16,14,2,1,7
1359484,2023,2023-04-07,1,"Bharat Ratna Shri Atal Bihari Vajpayee Ekana Cricket Stadium, Lucknow",Bharat Ratna Shri Atal Bihari Vajpayee Ekana Cricket Stadium,Lucknow,Lucknow,Sunrisers Hyderabad,Sunrisers Hyderabad,Lucknow Super Giants,Lucknow Super Giants,121,117,4,8,120,20,58,10,3,50,2,0,1,1,43,1,36,26,5,1,15,40,3,54,8,2,0,22,38,4,30,24,3,2,13
1359484,2023,2023-04-07,2,"Bharat Ratna Shri Atal Bihari Vajpayee Ekana Cricket Stadium, Lucknow",Bharat Ratna Shri Atal Bihari Vajpayee Ekana Cricket Stadium,Lucknow,Lucknow,Lucknow Super Giants,Lucknow Super Giants,Sunrisers Hyderabad,Sunrisers Hyderabad,127,110,17,5,96,16,70,13,3,45,15,0,2,0,45,2,36,26,5,1,18,73,3,54,38,8,1,25,9,0,6,6,0,1,2
1359485,2023,2023-04-08,1,"Barsapara Cricket Stadium, Guwahati",Barsapara Cricket Stadium,Guwahati,Guwahati,Rajasthan Royals,Rajasthan Royals,Delhi Capitals,Delhi Capitals,199,193,6,4,120,20,134,23,7,38,4,1,0,1,68,0,36,56,14,0,14,62,3,54,28,4,2,19,69,1,30,50,5,5,5
1359485,2023,2023-04-08,2,"Barsapara Cricket Stadium, Guwahati",Barsapara Cricket Stadium,Guwahati,Guwahati,Delhi Capitals,Delhi Capitals,Rajasthan Royals,Rajasthan Royals,142,132,10,9,120,20,60,15,0,42,7,1,0,2,38,3,36,24,6,0,21,75,2,54,28,7,0,9,29,4,30,8,2,0,12
1359486,2023,2023-04-08,1,"Wankhede Stadium, Mumbai",Wankhede Stadium,Mumbai,Mumbai,Mumbai Indians,Mumbai Indians,Chennai Super Kings,Chennai Super Kings,157,149,8,8,120,20,84,15,4,36,5,0,1,2,61,1,36,42,9,1,10,48,5,54,14,2,1,20,48,2,30,28,4,2,6
1359486,2023,2023-04-08,2,"Wankhede Stadium, Mumbai",Wankhede Stadium,Mumbai,Mumbai,Chennai Super Kings,Chennai Super Kings,Mumbai Indians,Mumbai Indians,159,149,10,3,109,18.17,86,14,5,34,6,0,0,4,68,1,36,42,6,3,10,66,2,54,32,5,2,17,25,0,19,12,3,0,7
1359487,2023,2023-04-09,1,"Narendra Modi Stadium, Ahmedabad",Narendra Modi Stadium,Ahmedabad,Ahmedabad,Gujarat Titans,Gujarat Titans,Kolkata Knight Riders,Kolkata Knight Riders,204,188,16,4,120,20,114,18,7,29,10,1,1,4,54,1,36,28,7,0,13,78,2,54,40,7,2,14,72,1,30,46,4,5,2
1359487,2023,2023-04-09,2,"Narendra Modi Stadium, Ahmedabad",Narendra Modi Stadium,Ahmedabad,Ahmedabad,Kolkata Knight Riders,Kolkata Knight Riders,Gujarat Titans,Gujarat Titans,207,203,4,7,120,20,150,15,15,42,3,0,0,1,43,2,36,28,4,2,18,106,1,54,78,9,7,14,58,4,30,44,2,6,10
1359488,2023,2023-04-09,1,"Rajiv Gandhi International Stadium, Uppal, Hyderabad","Rajiv Gandhi International Stadium, Uppal",Hyderabad,Hyderabad,Punjab Kings,Punjab Kings,Sunrisers Hyderabad,Sunrisers Hyderabad,143,137,6,9,120,20,104,17,6,68,5,0,0,1,41,3,36,30,6,1,23,47,6,54,28,7,0,31,55,0,30,46,4,5,14
1359488,2023,2023-04-09,2,"Rajiv Gandhi International Stadium, Uppal, Hyderabad","Rajiv Gandhi International Stadium, Uppal",Hyderabad,Hyderabad,Sunrisers Hyderabad,Sunrisers Hyderabad,Punjab Kings,Punjab Kings,145,145,0,2,103,17.17,106,22,3,42,0,0,0,0,34,1,36,24,6,0,20,84,1,54,62,11,3,20,27,0,13,20,5,0,2
1359489,2023,2023-04-10,1,"M Chinnaswamy Stadium, Bengaluru",M Chinnaswamy Stadium,Bengaluru,Bengaluru,Royal Challengers Bangalore,Royal Challengers Bengaluru,Lucknow Super Giants,Lucknow Super Giants,212,200,12,2,120,20,138,12,15,31,4,0,0,8,56,0,36,38,5,3,12,81,1,54,42,3,5,12,75,1,30,58,4,7,7
1359489,2023,2023-04-10,2,"M Chinnaswamy Stadium, Bengaluru",M Chinnaswamy Stadium,Bengaluru,Bengaluru,Lucknow Super Giants,Lucknow Super Giants,Royal Challengers Bangalore,Royal Challengers Bengaluru,213,197,16,9,120,20,140,17,12,36,9,0,1,6,37,3,36,16,4,0,18,134,2,54,106,10,11,10,42,4,30,18,3,1,8
1359490,2023,2023-04-11,1,"Arun Jaitley Stadium, Delhi",Arun Jaitley Stadium,Delhi,Delhi,Delhi Capitals,Delhi Capitals,Mumbai Indians,Mumbai Indians,172,161,11,10,118,19.67,110,20,5,44,8,2,0,1,51,1,36,40,10,0,16,72,4,54,36,6,2,19,49,5,28,34,4,3,9
1359490,2023,2023-04-11,2,"Arun Jaitley Stadium, Delhi",Arun Jaitley Stadium,Delhi,Delhi,Mumbai Indians,Mumbai Indians,Delhi Capitals,Delhi Capitals,173,167,6,4,120,20,116,14,10,48,2,0,0,4,68,0,36,58,10,3,14,55,1,54,22,1,3,22,50,3,30,36,3,4,12
1359491,2023,2023-04-12,1,"MA Chidambaram Stadium, Chepauk, Chennai",MA Chidambaram Stadium,Chennai,Chennai,Rajasthan Royals,Rajasthan Royals,Chennai Super Kings,Chennai Super Kings,175,165,10,8,120,20,86,11,7,34,10,0,0,0,57,1,36,38,8,1,10,78,3,54,28,1,4,15,40,4,30,20,2,2,9
1359491,2023,2023-04-12,2,"MA Chidambaram Stadium, Chepauk, Chennai",MA Chidambaram Stadium,Chennai,Chennai,Chennai Super Kings,Chennai Super Kings,Rajasthan Royals,Rajasthan Royals,172,162,10,6,120,20,84,12,6,35,8,0,0,2,45,1,36,26,5,1,15,68,5,54,20,5,0,15,59,0,30,38,2,5,5
1359492,2023,2023-04-13,1,"Punjab Cricket Association IS Bindra Stadium, Mohali, Chandigarh","Punjab Cricket Association IS Bindra Stadium, Mohali",Chandigarh,Chandigarh,Punjab Kings,Punjab Kings,Gujarat Titans,Gujarat Titans,153,142,11,8,120,20,94,16,5,54,9,0,0,2,52,2,36,38,8,1,20,47,2,54,24,6,0,26,54,4,30,32,2,4,8
1359492,2023,2023-04-13,2,"Punjab Cricket Association IS Bindra Stadium, Mohali, Chandigarh","Punjab Cricket Association IS Bindra Stadium, Mohali",Chandigarh,Chandigarh,Gujarat Titans,Gujarat Titans,Punjab Kings,Punjab Kings,154,146,8,4,119,19.83,74,17,1,34,0,0,0,8,56,1,36,36,9,0,12,55,2,54,16,4,0,17,43,1,29,22,4,1,5
1359493,2023,2023-04-14,1,"Eden Gardens, Kolkata",Eden Gardens,Kolkata,Kolkata,Sunrisers Hyderabad,Sunrisers Hyderabad,Kolkata Knight Riders,Kolkata Knight Riders,228,216,12,4,120,20,150,21,11,30,11,1,0,0,65,2,36,40,7,2,11,92,1,54,60,6,6,16,71,1,30,50,8,3,3
1359493,2023,2023-04-14,2,"Eden Gardens, Kolkata",Eden Gardens,Kolkata,Kolkata,Kolkata Knight Riders,Kolkata Knight Riders,Sunrisers Hyderabad,Sunrisers Hyderabad,205,195,10,7,120,20,138,18,11,42,6,1,0,1,62,3,36,50,8,3,15,80,2,54,44,5,4,17,63,2,30,44,5,4,10
1359494,2023,2023-04-15,1,"M Chinnaswamy Stadium, Bengaluru",M Chinnaswamy Stadium,Bengaluru,Bengaluru,Royal Challengers Bangalore,Royal Challengers Bengaluru,Delhi Capitals,Delhi Capitals,174,163,11,6,120,20,100,13,8,36,3,1,1,6,47,1,36,30,6,1,14,87,5,54,54,3,7,16,40,0,30,16,4,0,6
1359494,2023,2023-04-15,2,"M Chinnaswamy Stadium, Bengaluru",M Chinnaswamy Stadium,Bengaluru,Bengaluru,Delhi Capitals,Delhi Capitals,Royal Challengers Bangalore,Royal Challengers Bengaluru,151,148,3,9,120,20,84,18,2,46,3,0,0,0,32,4,36,20,5,0,20,76,3,54,40,7,2,15,43,2,30,24,6,0,11
1359495,2023,2023-04-15,1,"Bharat Ratna Shri Atal Bihari Vajpayee Ekana Cricket Stadium, Lucknow",Bharat Ratna Shri Atal Bihari Vajpayee Ekana Cricket Stadium,Lucknow,Lucknow,Lucknow Super Giants,Lucknow Super Giants,Punjab Kings,Punjab Kings,159,147,12,8,120,20,80,11,6,46,6,0,0,1,49,0,36,34,4,3,16,62,4,54,24,6,0,22,48,4,30,22,1,3,8
1359495,2023,2023-04-15,2,"Bharat Ratna Shri Atal Bihari Vajpayee Ekana Cricket Stadium, Lucknow",Bharat Ratna Shri Atal Bihari Vajpayee Ekana Cricket Stadium,Lucknow,Lucknow,Punjab Kings,Punjab Kings,Lucknow Super Giants,Lucknow Super Giants,161,154,7,8,117,19.5,100,16,6,50,5,0,0,2,45,3,36,34,7,1,19,70,2,54,38,5,3,21,46,3,27,28,4,2,10
1359496,2023,2023-04-16,1,"Wankhede Stadium, Mumbai",Wankhede Stadium,Mumbai,Mumbai,Kolkata Knight Riders,Kolkata Knight Riders,Mumbai Indians,Mumbai Indians,185,171,14,6,120,20,108,12,10,42,12,0,0,2,57,2,36,32,2,4,16,83,2,54,46,4,5,14,45,2,30,30,6,1,12
1359496,2023,2023-04-16,2,"Wankhede Stadium, Mumbai",Wankhede Stadium,Mumbai,Mumbai,Mumbai Indians,Mumbai Indians,Kolkata Knight Riders,Kolkata Knight Riders,186,182,4,5,106,17.67,138,15,13,38,4,0,0,0,72,1,36,60,6,6,14,91,2,54,66,6,7,21,23,2,16,12,3,0,3
1359497,2023,2023-04-16,1,"Narendra Modi Stadium, Ahmedabad",Narendra Modi Stadium,Ahmedabad,Ahmedabad,Gujarat Titans,Gujarat Titans,Rajasthan Royals,Rajasthan Royals,177,172,5,7,120,20,94,13,7,32,4,0,0,1,42,2,36,24,6,0,17,77,1,54,34,4,3,10,58,4,30,36,3,4,5
1359497,2023,2023-04-16,2,"Narendra Modi Stadium, Ahmedabad",Narendra Modi Stadium,Ahmedabad,Ahmedabad,Rajasthan Royals,Rajasthan Royals,Gujarat Titans,Gujarat Titans,179,176,3,7,116,19.33,130,10,15,48,2,0,0,1,26,2,36,20,2,2,27,88,3,54,58,4,7,14,65,2,26,52,4,6,7
1359498,2023,2023-04-17,1,"M Chinnaswamy Stadium, Bengaluru",M Chinnaswamy Stadium,Bengaluru,Bengaluru,Chennai Super Kings,Chennai Super Kings,Royal Challengers Bangalore,Royal Challengers Bengaluru,226,219,7,6,120,20,150,12,17,32,4,2,0,1,53,1,36,34,4,3,13,112,1,54,78,6,9,12,61,4,30,38,2,5,7
1359498,2023,2023-04-17,2,"M Chinnaswamy Stadium, Bengaluru",M Chinnaswamy Stadium,Bengaluru,Bengaluru,Royal Challengers Bangalore,Royal Challengers Bengaluru,Chennai Super Kings,Chennai Super Kings,218,207,11,8,120,20,144,12,16,35,6,0,0,5,75,2,36,60,6,6,14,94,2,54,60,3,8,11,49,4,30,24,3,2,10
1359499,2023,2023-04-18,1,"Rajiv Gandhi International Stadium, Uppal, Hyderabad","Rajiv Gandhi International Stadium, Uppal",Hyderabad,Hyderabad,Mumbai Indians,Mumbai Indians,Sunrisers Hyderabad,Sunrisers Hyderabad,192,190,2,5,120,20,130,19,9,41,2,0,0,0,53,1,36,40,7,2,16,77,2,54,48,6,4,19,62,2,30,42,6,3,6
1359499,2023,2023-04-18,2,"Rajiv Gandhi International Stadium, Uppal, Hyderabad","Rajiv Gandhi International Stadium, Uppal",Hyderabad,Hyderabad,Sunrisers Hyderabad,Sunrisers Hyderabad,Mumbai Indians,Mumbai Indians,178,159,19,10,119,19.83,96,18,4,35,13,0,1,5,42,2,36,22,4,1,14,91,4,54,50,8,3,11,45,4,29,24,6,0,10
1359500,2023,2023-04-19,1,"Sawai Mansingh Stadium, Jaipur",Sawai Mansingh Stadium,Jaipur,Jaipur,Lucknow Super Giants,Lucknow Super Giants,Rajasthan Royals,Rajasthan Royals,154,148,6,7,120,20,82,13,5,43,1,1,0,4,37,0,36,22,4,1,20,72,4,54,38,5,3,16,45,3,30,22,4,1,7
1359500,2023,2023-04-19,2,"Sawai Mansingh Stadium, Jaipur",Sawai Mansingh Stadium,Jaipur,Jaipur,Rajasthan Royals,Rajasthan Royals,Lucknow Super Giants,Lucknow Super Giants,144,132,12,6,120,20,76,13,4,46,6,1,1,4,47,0,36,32,5,2,19,57,3,54,18,3,1,16,40,3,30,26,5,1,11
1359501,2023,2023-04-20,1,"Punjab Cricket Association IS Bindra Stadium, Mohali, Chandigarh","Punjab Cricket Association IS Bindra Stadium, Mohali",Chandigarh,Chandigarh,Royal Challengers Bangalore,Royal Challengers Bengaluru,Punjab Kings,Punjab Kings,174,162,12,4,120,20,84,12,6,31,3,1,0,8,59,0,36,36,6,2,10,71,0,54,28,4,2,11,44,4,30,20,2,2,10
1359501,2023,2023-04-20,2,"Punjab Cricket Association IS Bindra Stadium, Mohali, Chandigarh","Punjab Cricket Association IS Bindra Stadium, Mohali",Chandigarh,Chandigarh,Punjab Kings,Punjab Kings,Royal Challengers Bangalore,Royal Challengers Bengaluru,150,145,5,10,110,18.33,96,9,10,44,2,1,1,1,49,4,36,38,5,3,18,76,3,54,48,3,6,21,25,3,20,10,1,1,5
1359502,2023,2023-04-20,1,"Arun Jaitley Stadium, Delhi",Arun Jaitley Stadium,Delhi,Delhi,Kolkata Knight Riders,Kolkata Knight Riders,Delhi Capitals,Delhi Capitals,127,115,12,10,120,20,76,10,6,66,11,0,0,1,35,3,36,24,6,0,21,59,5,54,30,3,3,24,33,2,30,22,1,3,21
1359502,2023,2023-04-20,2,"Arun Jaitley Stadium, Delhi",Arun Jaitley Stadium,Delhi,Delhi,Delhi Capitals,Delhi Capitals,Kolkata Knight Riders,Kolkata Knight Riders,128,121,7,6,116,19.33,68,17,0,50,3,2,0,2,61,1,36,48,12,0,15,43,3,54,20,5,0,26,24,2,26,0,0,0,9
1359503,2023,2023-04-21,1,"MA Chidambaram Stadium, Chepauk, Chennai",MA Chidambaram Stadium,Chennai,Chennai,Sunrisers Hyderabad,Sunrisers Hyderabad,Chennai Super Kings,Chennai Super Kings,134,130,4,7,120,20,56,11,2,39,2,0,0,2,45,1,36,26,5,1,16,57,4,54,18,3,1,14,32,2,30,12,3,0,9
1359503,2023,2023-04-21,2,"MA Chidambaram Stadium, Chepauk, Chennai",MA Chidambaram Stadium,Chennai,Chennai,Chennai Super Kings,Chennai Super Kings,Sunrisers Hyderabad,Sunrisers Hyderabad,138,136,2,3,112,18.67,70,16,1,37,0,0,0,2,60,0,36,42,9,1,12,51,2,54,12,3,0,17,27,1,22,16,4,0,8
1359504,2023,2023-04-22,1,"Bharat Ratna Shri Atal Bihari Vajpayee Ekana Cricket Stadium, Lucknow",Bharat Ratna Shri Atal Bihari Vajpayee Ekana Cricket Stadium,Lucknow,Lucknow,Gujarat Titans,Gujarat Titans,Lucknow Super Giants,Lucknow Super Giants,135,134,1,6,120,20,60,9,4,45,0,0,0,1,40,1,36,20,5,0,18,52,3,54,18,3,1,19,43,2,30,22,1,3,8
1359504,2023,2023-04-22,2,"Bharat Ratna Shri Atal Bihari Vajpayee Ekana Cricket Stadium, Lucknow",Bharat Ratna Shri Atal Bihari Vajpayee Ekana Cricket Stadium,Lucknow,Lucknow,Lucknow Super Giants,Lucknow Super Giants,Gujarat Titans,Gujarat Titans,128,126,2,7,120,20,60,12,2,49,1,0,0,1,53,0,36,38,8,1,13,53,2,54,22,4,1,25,22,5,30,0,0,0,11
1359505,2023,2023-04-22,1,"Wankhede Stadium, Mumbai",Wankhede Stadium,Mumbai,Mumbai,Punjab Kings,Punjab Kings,Mumbai Indians,Mumbai Indians,214,202,12,8,120,20,148,16,14,44,7,2,0,3,58,1,36,34,4,3,13,60,3,54,28,4,2,25,96,4,30,86,8,9,6
1359505,2023,2023-04-22,2,"Wankhede Stadium, Mumbai",Wankhede Stadium,Mumbai,Mumbai,Mumbai Indians,Mumbai Indians,Punjab Kings,Punjab Kings,201,198,3,6,120,20,134,17,11,33,3,0,0,0,54,1,36,38,5,3,15,95,1,54,64,10,4,10,52,4,30,32,2,4,8
1359506,2023,2023-04-23,1,"M Chinnaswamy Stadium, Bengaluru",M Chinnaswamy Stadium,Bengaluru,Bengaluru,Royal Challengers Bangalore,Royal Challengers Bengaluru,Rajasthan Royals,Rajasthan Royals,189,176,13,9,120,20,108,18,6,34,10,0,0,3,62,2,36,50,8,3,14,94,2,54,46,7,3,10,33,5,30,12,3,0,10
1359506,2023,2023-04-23,2,"M Chinnaswamy Stadium, Bengaluru",M Chinnaswamy Stadium,Bengaluru,Bengaluru,Rajasthan Royals,Rajasthan Royals,Royal Challengers Bangalore,Royal Challengers Bengaluru,182,171,11,6,120,20,108,18,6,35,7,0,1,3,47,1,36,38,8,1,18,74,2,54,38,5,3,13,61,3,30,32,5,2,4
1359507,2023,2023-04-23,1,"Eden Gardens, Kolkata",Eden Gardens,Kolkata,Kolkata,Chennai Super Kings,Chennai Super Kings,Kolkata Knight Riders,Kolkata Knight Riders,235,232,3,4,120,20,164,14,18,34,2,1,0,0,59,0,36,40,4,4,14,101,2,54,70,7,7,13,75,2,30,54,3,7,7
1359507,2023,2023-04-23,2,"Eden Gardens, Kolkata",Eden Gardens,Kolkata,Kolkata,Kolkata Knight Riders,Kolkata Knight Riders,Chennai Super Kings,Chennai Super Kings,186,176,10,8,120,20,128,14,12,49,9,0,0,1,38,2,36,28,4,2,22,99,3,54,70,7,7,13,49,3,30,30,3,3,14
1359508,2023,2023-04-24,1,"Rajiv Gandhi International Stadium, Uppal, Hyderabad","Rajiv Gandhi International Stadium, Uppal",Hyderabad,Hyderabad,Delhi Capitals,Delhi Capitals,Sunrisers Hyderabad,Sunrisers Hyderabad,144,140,4,9,120,20,72,15,2,42,2,0,0,2,49,2,36,36,6,2,18,57,3,54,20,5,0,17,38,4,30,16,4,0,7
1359508,2023,2023-04-24,2,"Rajiv Gandhi International Stadium, Uppal, Hyderabad","Rajiv Gandhi International Stadium, Uppal",Hyderabad,Hyderabad,Sunrisers Hyderabad,Sunrisers Hyderabad,Delhi Capitals,Delhi Capitals,137,136,1,6,120,20,58,13,1,39,0,1,0,0,36,1,36,24,6,0,19,53,4,54,8,2,0,14,48,1,30,26,5,1,6
1359509,2023,2023-04-25,1,"Narendra Modi Stadium, Ahmedabad",Narendra Modi Stadium,Ahmedabad,Ahmedabad,Gujarat Titans,Gujarat Titans,Mumbai Indians,Mumbai Indians,207,202,5,6,120,20,128,14,12,35,5,0,0,0,50,1,36,26,5,1,14,80,3,54,46,7,3,16,77,2,30,56,2,8,5
1359509,2023,2023-04-25,2,"Narendra Modi Stadium, Ahmedabad",Narendra Modi Stadium,Ahmedabad,Ahmedabad,Mumbai Indians,Mumbai Indians,Gujarat Titans,Gujarat Titans,152,147,5,9,120,20,86,8,9,50,1,0,4,0,29,1,36,10,1,1,21,83,5,54,54,6,5,19,40,3,30,22,1,3,10
1359510,2023,2023-04-26,1,"M Chinnaswamy Stadium, Bengaluru",M Chinnaswamy Stadium,Bengaluru,Bengaluru,Kolkata Knight Riders,Kolkata Knight Riders,Royal Challengers Bangalore,Royal Challengers Bengaluru,200,193,7,5,120,20,136,16,12,35,5,0,0,2,66,0,36,58,7,5,17,65,2,54,22,4,1,12,69,3,30,56,5,6,6
1359510,2023,2023-04-26,2,"M Chinnaswamy Stadium, Bengaluru",M Chinnaswamy Stadium,Bengaluru,Bengaluru,Royal Challengers Bangalore,Royal Challengers Bengaluru,Kolkata Knight Riders,Kolkata Knight Riders,179,173,6,8,120,20,90,12,7,28,3,0,0,3,58,3,36,40,7,2,10,80,3,54,34,4,3,10,41,2,30,16,1,2,8
1359511,2023,2023-04-27,1,"Sawai Mansingh Stadium, Jaipur",Sawai Mansingh Stadium,Jaipur,Jaipur,Rajasthan Royals,Rajasthan Royals,Chennai Super Kings,Chennai Super Kings,202,191,11,5,120,20,120,21,6,33,4,0,4,3,64,0,36,52,10,2,14,75,3,54,24,3,2,13,63,2,30,44,8,2,6
1359511,2023,2023-04-27,2,"Sawai Mansingh Stadium, Jaipur",Sawai Mansingh Stadium,Jaipur,Jaipur,Chennai Super Kings,Chennai Super Kings,Rajasthan Royals,Rajasthan Royals,170,168,2,6,120,20,94,13,7,34,1,0,0,1,42,1,36,22,4,1,15,83,4,54,46,4,5,13,45,1,30,26,5,1,6
1359512,2023,2023-04-28,1,"Punjab Cricket Association IS Bindra Stadium, Mohali, Chandigarh","Punjab Cricket Association IS Bindra Stadium, Mohali",Chandigarh,Chandigarh,Lucknow Super Giants,Lucknow Super Giants,Punjab Kings,Punjab Kings,257,242,15,5,120,20,192,27,14,37,5,3,0,5,74,2,36,66,9,5,19,110,1,54,76,10,6,12,73,2,30,50,8,3,6
1359512,2023,2023-04-28,2,"Punjab Cricket Association IS Bindra Stadium, Mohali, Chandigarh","Punjab Cricket Association IS Bindra Stadium, Mohali",Chandigarh,Chandigarh,Punjab Kings,Punjab Kings,Lucknow Super Giants,Lucknow Super Giants,201,188,13,10,119,19.83,120,18,8,40,7,2,0,4,55,2,36,34,7,1,15,97,2,54,60,9,4,12,49,6,29,26,2,3,13
1359513,2023,2023-04-29,1,"Eden Gardens, Kolkata",Eden Gardens,Kolkata,Kolkata,Kolkata Knight Riders,Kolkata Knight Riders,Gujarat Titans,Gujarat Titans,179,176,3,7,120,20,120,12,12,49,3,0,0,0,61,2,36,48,6,4,16,73,2,54,40,4,4,21,45,3,30,32,2,4,12
1359513,2023,2023-04-29,2,"Eden Gardens, Kolkata",Eden Gardens,Kolkata,Kolkata,Gujarat Titans,Gujarat Titans,Kolkata Knight Riders,Kolkata Knight Riders,180,168,12,3,107,17.83,108,15,8,26,3,0,0,9,52,1,36,36,9,0,12,77,2,54,38,5,3,13,51,0,17,34,1,5,1
1359514,2023,2023-04-29,1,"Arun Jaitley Stadium, Delhi",Arun Jaitley Stadium,Delhi,Delhi,Sunrisers Hyderabad,Sunrisers Hyderabad,Delhi Capitals,Delhi Capitals,197,187,10,6,120,20,122,17,9,37,8,1,0,1,62,2,36,46,10,1,15,73,3,54,38,5,3,17,62,1,30,38,2,5,5
1359514,2023,2023-04-29,2,"Arun Jaitley Stadium, Delhi",Arun Jaitley Stadium,Delhi,Delhi,Delhi Capitals,Delhi Capitals,Sunrisers Hyderabad,Sunrisers Hyderabad,188,184,4,6,120,20,104,14,8,26,3,0,0,1,57,1,36,36,6,2,10,81,3,54,44,5,4,11,50,2,30,24,3,2,5
1359515,2023,2023-04-30,1,"MA Chidambaram Stadium, Chepauk, Chennai",MA Chidambaram Stadium,Chennai,Chennai,Chennai Super Kings,Chennai Super Kings,Punjab Kings,Punjab Kings,200,192,8,4,120,20,128,23,6,35,7,0,0,1,57,0,36,42,9,1,14,89,2,54,54,9,3,13,54,2,30,32,5,2,8
1359515,2023,2023-04-30,2,"MA Chidambaram Stadium, Chepauk, Chennai",MA Chidambaram Stadium,Chennai,Chennai,Punjab Kings,Punjab Kings,Chennai Super Kings,Chennai Super Kings,201,188,13,6,120,20,106,13,9,31,6,0,0,7,62,1,36,40,7,2,10,67,2,54,24,3,2,16,72,3,30,42,3,5,5
1359516,2023,2023-04-30,1,"Wankhede Stadium, Mumbai",Wankhede Stadium,Mumbai,Mumbai,Rajasthan Royals,Rajasthan Royals,Mumbai Indians,Mumbai Indians,212,187,25,7,120,20,152,20,12,50,16,1,1,7,65,0,36,46,7,3,19,78,4,54,52,7,4,23,69,3,30,54,6,5,8
1359516,2023,2023-04-30,2,"Wankhede Stadium, Mumbai",Wankhede Stadium,Mumbai,Mumbai,Mumbai Indians,Mumbai Indians,Rajasthan Royals,Rajasthan Royals,214,204,10,4,117,19.5,144,21,10,30,7,1,0,2,58,1,36,34,7,1,8,92,2,54,64,10,4,16,64,1,27,46,4,5,6
1359517,2023,2023-05-01,1,"Bharat Ratna Shri Atal Bihari Vajpayee Ekana Cricket Stadium, Lucknow",Bharat Ratna Shri Atal Bihari Vajpayee Ekana Cricket Stadium,Lucknow,Lucknow,Royal Challengers Bangalore,Royal Challengers Bengaluru,Lucknow Super Giants,Lucknow Super Giants,126,124,2,9,120,20,36,6,2,38,2,0,0,0,42,0,36,18,3,1,11,50,4,54,4,1,0,18,34,5,30,14,2,1,9
1359517,2023,2023-05-01,2,"Bharat Ratna Shri Atal Bihari Vajpayee Ekana Cricket Stadium, Lucknow",Bharat Ratna Shri Atal Bihari Vajpayee Ekana Cricket Stadium,Lucknow,Lucknow,Lucknow Super Giants,Lucknow Super Giants,Royal Challengers Bangalore,Royal Challengers Bengaluru,108,101,7,10,119,19.83,56,8,4,62,3,2,1,1,34,4,36,24,3,2,24,44,4,54,16,1,2,23,30,2,29,16,4,0,15
1359518,2023,2023-05-02,1,"Narendra Modi Stadium, Ahmedabad",Narendra Modi Stadium,Ahmedabad,Ahmedabad,Delhi Capitals,Delhi Capitals,Gujarat Titans,Gujarat Titans,130,125,5,8,120,20,66,9,5,57,3,1,0,1,28,5,36,12,3,0,23,50,1,54,20,2,2,26,52,2,30,34,4,3,8
1359518,2023,2023-05-02,2,"Narendra Modi Stadium, Ahmedabad",Narendra Modi Stadium,Ahmedabad,Ahmedabad,Gujarat Titans,Gujarat Titans,Delhi Capitals,Delhi Capitals,125,120,5,6,120,20,60,9,4,54,5,0,0,0,31,3,36,24,6,0,26,48,1,54,14,2,1,21,46,2,30,22,1,3,7
1359519,2023,2023-05-03,1,"Bharat Ratna Shri Atal Bihari Vajpayee Ekana Cricket Stadium, Lucknow",Bharat Ratna Shri Atal Bihari Vajpayee Ekana Cricket Stadium,Lucknow,Lucknow,Lucknow Super Giants,Lucknow Super Giants,Chennai Super Kings,Chennai Super Kings,125,119,6,7,116,19.33,48,6,4,46,6,0,0,0,31,3,36,16,4,0,19,42,2,54,6,0,1,20,52,2,26,26,2,3,7
1359520,2023,2023-05-03,1,"Punjab Cricket Association IS Bindra Stadium, Mohali, Chandigarh","Punjab Cricket Association IS Bindra Stadium, Mohali",Chandigarh,Chandigarh,Punjab Kings,Punjab Kings,Mumbai Indians,Mumbai Indians,214,197,17,3,120,20,122,20,7,29,10,2,0,5,50,1,36,34,7,1,16,95,2,54,48,9,2,8,69,0,30,40,4,4,5
1359520,2023,2023-05-03,2,"Punjab Cricket Association IS Bindra Stadium, Mohali, Chandigarh","Punjab Cricket Association IS Bindra Stadium, Mohali",Chandigarh,Chandigarh,Mumbai Indians,Mumbai Indians,Punjab Kings,Punjab Kings,216,209,7,4,113,18.83,146,23,9,27,3,0,4,0,54,2,36,36,6,2,15,116,0,54,76,13,4,6,46,2,23,34,4,3,6
1359521,2023,2023-05-04,1,"Rajiv Gandhi International Stadium, Uppal, Hyderabad","Rajiv Gandhi International Stadium, Uppal",Hyderabad,Hyderabad,Kolkata Knight Riders,Kolkata Knight Riders,Sunrisers Hyderabad,Sunrisers Hyderabad,171,163,8,9,120,20,100,16,6,45,5,2,0,1,49,3,36,32,8,0,19,80,2,54,50,5,5,18,42,4,30,18,3,1,8
1359521,2023,2023-05-04,2,"Rajiv Gandhi International Stadium, Uppal, Hyderabad","Rajiv Gandhi International Stadium, Uppal",Hyderabad,Hyderabad,Sunrisers Hyderabad,Sunrisers Hyderabad,Kolkata Knight Riders,Kolkata Knight Riders,166,152,14,8,120,20,90,15,5,42,4,3,1,6,53,3,36,36,6,2,18,81,2,54,42,6,3,12,32,3,30,12,3,0,12
1359522,2023,2023-05-05,1,"Sawai Mansingh Stadium, Jaipur",Sawai Mansingh Stadium,Jaipur,Jaipur,Rajasthan Royals,Rajasthan Royals,Gujarat Titans,Gujarat Titans,118,110,8,10,107,17.83,54,9,3,43,7,0,0,1,50,2,36,32,5,2,15,50,6,54,16,4,0,21,18,2,17,6,0,1,7
1359522,2023,2023-05-05,2,"Sawai Mansingh Stadium, Jaipur",Sawai Mansingh Stadium,Jaipur,Jaipur,Gujarat Titans,Gujarat Titans,Rajasthan Royals,Rajasthan Royals,119,116,3,1,83,13.83,74,14,3,27,0,1,0,2,49,0,36,36,9,0,16,70,1,47,38,5,3,11,0,0,0,0,0,0,0
1359523,2023,2023-05-06,1,"MA Chidambaram Stadium, Chepauk, Chennai",MA Chidambaram Stadium,Chennai,Chennai,Mumbai Indians,Mumbai Indians,Chennai Super Kings,Chennai Super Kings,139,131,8,8,120,20,66,15,1,47,3,0,0,5,34,3,36,16,4,0,18,59,1,54,24,6,0,20,46,4,30,26,5,1,9
1359523,2023,2023-05-06,2,"MA Chidambaram Stadium, Chepauk, Chennai",MA Chidambaram Stadium,Chennai,Chennai,Chennai Super Kings,Chennai Super Kings,Mumbai Indians,Mumbai Indians,140,135,5,4,106,17.67,78,9,7,36,2,1,0,2,55,1,36,40,7,2,17,68,2,54,32,2,4,15,17,1,16,6,0,1,4
1359524,2023,2023-05-06,1,"Arun Jaitley Stadium, Delhi",Arun Jaitley Stadium,Delhi,Delhi,Royal Challengers Bangalore,Royal Challengers Bengaluru,Delhi Capitals,Delhi Capitals,181,173,8,4,120,20,100,16,6,31,6,0,0,2,51,0,36,34,7,1,14,75,2,54,34,4,3,10,55,2,30,32,5,2,7
1359524,2023,2023-05-06,2,"Arun Jaitley Stadium, Delhi",Arun Jaitley Stadium,Delhi,Delhi,Delhi Capitals,Delhi Capitals,Royal Challengers Bangalore,Royal Challengers Bengaluru,187,178,9,3,100,16.67,132,15,12,32,2,1,4,2,70,1,36,58,7,5,13,96,1,54,58,7,5,17,21,1,10,16,1,2,2
1359525,2023,2023-05-07,1,"Narendra Modi Stadium, Ahmedabad",Narendra Modi Stadium,Ahmedabad,Ahmedabad,Gujarat Titans,Gujarat Titans,Lucknow Super Giants,Lucknow Super Giants,227,221,6,2,120,20,144,15,14,24,4,1,0,1,78,0,36,60,6,6,12,98,1,54,56,5,6,8,51,1,30,28,4,2,4
1359525,2023,2023-05-07,2,"Narendra Modi Stadium, Ahmedabad",Narendra Modi Stadium,Ahmedabad,Ahmedabad,Lucknow Super Giants,Lucknow Super Giants,Gujarat Titans,Gujarat Titans,171,163,8,7,120,20,106,16,7,42,5,0,0,3,72,0,36,60,12,2,15,58,3,54,20,2,2,14,41,4,30,26,2,3,13
1359526,2023,2023-05-07,1,"Sawai Mansingh Stadium, Jaipur",Sawai Mansingh Stadium,Jaipur,Jaipur,Rajasthan Royals,Rajasthan Royals,Sunrisers Hyderabad,Sunrisers Hyderabad,214,203,11,2,120,20,142,19,11,33,5,0,1,5,61,1,36,44,8,2,15,93,0,54,60,6,6,13,60,1,30,38,5,3,5
1359526,2023,2023-05-07,2,"Sawai Mansingh Stadium, Jaipur",Sawai Mansingh Stadium,Jaipur,Jaipur,Sunrisers Hyderabad,Sunrisers Hyderabad,Rajasthan Royals,Rajasthan Royals,217,212,5,6,120,20,138,15,13,31,4,1,0,0,52,1,36,34,7,1,12,94,1,54,50,5,5,10,71,4,30,54,3,7,9
1359527,2023,2023-05-08,1,"Eden Gardens, Kolkata",Eden Gardens,Kolkata,Kolkata,Punjab Kings,Punjab Kings,Kolkata Knight Riders,Kolkata Knight Riders,179,166,13,7,120,20,120,21,6,49,4,2,4,3,58,3,36,44,11,0,15,66,2,54,38,5,3,24,55,2,30,38,5,3,10
1359527,2023,2023-05-08,2,"Eden Gardens, Kolkata",Eden Gardens,Kolkata,Kolkata,Kolkata Knight Riders,Kolkata Knight Riders,Punjab Kings,Punjab Kings,182,178,4,5,120,20,116,20,6,38,3,0,0,1,52,1,36,38,8,1,16,70,2,54,38,8,1,15,60,2,30,40,4,4,7
1359528,2023,2023-05-09,1,"Wankhede Stadium, Mumbai",Wankhede Stadium,Mumbai,Mumbai,Royal Challengers Bangalore,Royal Challengers Bengaluru,Mumbai Indians,Mumbai Indians,199,195,4,6,120,20,132,21,8,36,2,1,0,1,56,2,36,46,10,1,15,96,3,54,56,5,6,11,47,1,30,30,6,1,10
1359528,2023,2023-05-09,2,"Wankhede Stadium, Mumbai",Wankhede Stadium,Mumbai,Mumbai,Mumbai Indians,Mumbai Indians,Royal Challengers Bangalore,Royal Challengers Bengaluru,200,186,14,4,99,16.5,142,16,13,30,6,1,0,2,62,2,36,50,5,5,17,112,0,54,70,10,5,10,26,2,9,22,1,3,3
1359529,2023,2023-05-10,1,"MA Chidambaram Stadium, Chepauk, Chennai",MA Chidambaram Stadium,Chennai,Chennai,Chennai Super Kings,Chennai Super Kings,Delhi Capitals,Delhi Capitals,167,152,15,8,120,20,82,10,7,35,10,0,1,4,49,1,36,28,7,0,13,68,4,54,28,1,4,13,50,3,30,26,2,3,9
1359529,2023,2023-05-10,2,"MA Chidambaram Stadium, Chepauk, Chennai",MA Chidambaram Stadium,Chennai,Chennai,Delhi Capitals,Delhi Capitals,Chennai Super Kings,Chennai Super Kings,140,129,11,8,120,20,76,10,6,52,5,0,0,6,47,3,36,34,4,3,17,44,2,54,16,1,2,25,49,3,30,26,5,1,10
1359530,2023,2023-05-11,1,"Eden Gardens, Kolkata",Eden Gardens,Kolkata,Kolkata,Kolkata Knight Riders,Kolkata Knight Riders,Rajasthan Royals,Rajasthan Royals,149,146,3,8,120,20,80,8,8,46,1,0,0,2,37,2,36,24,3,2,22,79,2,54,40,4,4,11,33,4,30,16,1,2,13
1359530,2023,2023-05-11,2,"Eden Gardens, Kolkata",Eden Gardens,Kolkata,Kolkata,Rajasthan Royals,Rajasthan Royals,Kolkata Knight Riders,Kolkata Knight Riders,151,146,5,1,79,13.17,120,15,10,28,3,0,1,1,78,1,36,68,11,4,15,73,0,43,52,4,6,13,0,0,0,0,0,0,0
1359531,2023,2023-05-12,1,"Wankhede Stadium, Mumbai",Wankhede Stadium,Mumbai,Mumbai,Mumbai Indians,Mumbai Indians,Gujarat Titans,Gujarat Titans,218,216,2,5,120,20,160,22,12,39,0,0,0,2,61,0,36,46,7,3,15,90,3,54,62,8,5,17,67,2,30,52,7,4,7
1359531,2023,2023-05-12,2,"Wankhede Stadium, Mumbai",Wankhede Stadium,Mumbai,Mumbai,Gujarat Titans,Gujarat Titans,Mumbai Indians,Mumbai Indians,191,185,6,8,120,20,136,16,12,44,3,0,0,3,48,3,36,32,8,0,14,82,5,54,50,5,5,15,61,0,30,54,3,7,15
1359532,2023,2023-05-13,1,"Rajiv Gandhi International Stadium, Uppal, Hyderabad","Rajiv Gandhi International Stadium, Uppal",Hyderabad,Hyderabad,Sunrisers Hyderabad,Sunrisers Hyderabad,Lucknow Super Giants,Lucknow Super Giants,182,177,5,6,120,20,120,18,8,44,2,1,0,2,56,2,36,40,10,0,15,74,3,54,42,6,3,17,52,1,30,38,2,5,12
1359532,2023,2023-05-13,2,"Rajiv Gandhi International Stadium, Uppal, Hyderabad","Rajiv Gandhi International Stadium, Uppal",Hyderabad,Hyderabad,Lucknow Super Giants,Lucknow Super Giants,Sunrisers Hyderabad,Sunrisers Hyderabad,185,179,6,3,116,19.33,120,15,10,36,5,0,0,1,30,1,36,16,4,0,20,84,1,54,46,7,3,11,71,1,26,58,4,7,5
1359533,2023,2023-05-13,1,"Arun Jaitley Stadium, Delhi",Arun Jaitley Stadium,Delhi,Delhi,Punjab Kings,Punjab Kings,Delhi Capitals,Delhi Capitals,167,154,13,7,120,20,100,13,8,49,11,0,0,2,46,3,36,32,5,2,22,71,1,54,36,3,4,18,50,3,30,32,5,2,9
1359533,2023,2023-05-13,2,"Arun Jaitley Stadium, Delhi",Arun Jaitley Stadium,Delhi,Delhi,Delhi Capitals,Delhi Capitals,Punjab Kings,Punjab Kings,136,132,4,8,120,20,80,17,2,51,3,0,0,1,65,0,36,50,11,1,11,50,6,54,30,6,1,30,21,2,30,0,0,0,10
1359534,2023,2023-05-14,1,"Sawai Mansingh Stadium, Jaipur",Sawai Mansingh Stadium,Jaipur,Jaipur,Royal Challengers Bangalore,Royal Challengers Bengaluru,Rajasthan Royals,Rajasthan Royals,171,166,5,5,120,20,90,12,7,31,5,0,0,0,42,0,36,18,3,1,10,78,2,54,38,5,3,13,51,3,30,34,4,3,8
1359534,2023,2023-05-14,2,"Sawai Mansingh Stadium, Jaipur",Sawai Mansingh Stadium,Jaipur,Jaipur,Rajasthan Royals,Rajasthan Royals,Royal Challengers Bangalore,Royal Challengers Bengaluru,59,56,3,10,63,10.5,40,4,4,39,2,0,0,1,28,5,36,18,3,1,24,31,5,27,22,1,3,15,0,0,0,0,0,0,0
1359535,2023,2023-05-14,1,"MA Chidambaram Stadium, Chepauk, Chennai",MA Chidambaram Stadium,Chennai,Chennai,Chennai Super Kings,Chennai Super Kings,Kolkata Knight Riders,Kolkata Knight Riders,144,138,6,6,120,20,58,7,5,40,4,2,0,0,52,1,36,30,6,1,11,40,4,54,6,0,1,21,52,1,30,22,1,3,8
1359535,2023,2023-05-14,2,"MA Chidambaram Stadium, Chepauk, Chennai",MA Chidambaram Stadium,Chennai,Chennai,Kolkata Knight Riders,Kolkata Knight Riders,Chennai Super Kings,Chennai Super Kings,147,135,12,4,111,18.5,76,13,4,40,10,1,0,1,46,3,36,28,4,2,17,71,0,54,40,7,2,17,30,1,21,8,2,0,6
1359536,2023,2023-05-15,1,"Narendra Modi Stadium, Ahmedabad",Narendra Modi Stadium,Ahmedabad,Ahmedabad,Gujarat Titans,Gujarat Titans,Sunrisers Hyderabad,Sunrisers Hyderabad,188,175,13,9,120,20,100,22,2,33,10,2,1,0,65,1,36,40,10,0,15,89,1,54,48,9,2,10,34,7,30,12,3,0,8
1359536,2023,2023-05-15,2,"Narendra Modi Stadium, Ahmedabad",Narendra Modi Stadium,Ahmedabad,Ahmedabad,Sunrisers Hyderabad,Sunrisers Hyderabad,Gujarat Titans,Gujarat Titans,154,145,9,9,120,20,82,13,5,47,5,0,0,4,45,4,36,28,4,2,18,66,3,54,32,5,2,19,43,2,30,22,4,1,10
1359537,2023,2023-05-16,1,"Bharat Ratna Shri Atal Bihari Vajpayee Ekana Cricket Stadium, Lucknow",Bharat Ratna Shri Atal Bihari Vajpayee Ekana Cricket Stadium,Lucknow,Lucknow,Lucknow Super Giants,Lucknow Super Giants,Mumbai Indians,Mumbai Indians,177,167,10,4,120,20,90,6,11,37,5,0,0,5,35,2,36,16,1,2,19,73,1,54,22,1,3,12,69,1,30,52,4,6,6
1359537,2023,2023-05-16,2,"Bharat Ratna Shri Atal Bihari Vajpayee Ekana Cricket Stadium, Lucknow",Bharat Ratna Shri Atal Bihari Vajpayee Ekana Cricket Stadium,Lucknow,Lucknow,Mumbai Indians,Mumbai Indians,Lucknow Super Giants,Lucknow Super Giants,172,157,15,5,120,20,90,12,7,44,8,1,0,1,58,0,36,36,3,4,11,67,3,54,36,9,0,21,47,2,30,18,0,3,12
1359538,2023,2023-05-17,1,"Himachal Pradesh Cricket Association Stadium, Dharamsala",Himachal Pradesh Cricket Association Stadium,Dharamsala,Dharamsala,Delhi Capitals,Delhi Capitals,Punjab Kings,Punjab Kings,213,208,5,2,120,20,146,20,11,36,5,0,0,0,61,0,36,46,7,3,14,87,2,54,56,8,4,17,65,0,30,44,5,4,5
1359538,2023,2023-05-17,2,"Himachal Pradesh Cricket Association Stadium, Dharamsala",Himachal Pradesh Cricket Association Stadium,Dharamsala,Dharamsala,Punjab Kings,Punjab Kings,Delhi Capitals,Delhi Capitals,198,188,10,8,120,20,138,15,13,44,2,2,0,6,47,1,36,36,6,2,19,81,2,54,42,6,3,11,70,5,30,60,3,8,14
1359539,2023,2023-05-18,1,"Rajiv Gandhi International Stadium, Uppal, Hyderabad","Rajiv Gandhi International Stadium, Uppal",Hyderabad,Hyderabad,Sunrisers Hyderabad,Sunrisers Hyderabad,Royal Challengers Bangalore,Royal Challengers Bengaluru,186,180,6,5,120,20,108,15,8,33,5,0,1,0,49,2,36,38,8,1,18,84,1,54,40,4,4,10,53,2,30,30,3,3,5
1359539,2023,2023-05-18,2,"Rajiv Gandhi International Stadium, Uppal, Hyderabad","Rajiv Gandhi International Stadium, Uppal",Hyderabad,Hyderabad,Royal Challengers Bangalore,Royal Challengers Bengaluru,Sunrisers Hyderabad,Sunrisers Hyderabad,187,180,7,2,116,19.33,116,20,6,33,4,1,2,0,64,0,36,46,10,1,10,86,0,54,50,8,3,14,37,2,26,20,2,2,9
1359540,2023,2023-05-19,1,"Himachal Pradesh Cricket Association Stadium, Dharamsala",Himachal Pradesh Cricket Association Stadium,Dharamsala,Dharamsala,Punjab Kings,Punjab Kings,Rajasthan Royals,Rajasthan Royals,187,181,6,5,120,20,122,17,9,42,5,1,0,0,48,3,36,36,6,2,19,69,2,54,34,4,3,19,70,0,30,52,7,4,4
1359540,2023,2023-05-19,2,"Himachal Pradesh Cricket Association Stadium, Dharamsala",Himachal Pradesh Cricket Association Stadium,Dharamsala,Dharamsala,Rajasthan Royals,Rajasthan Royals,Punjab Kings,Punjab Kings,189,180,9,6,118,19.67,126,18,9,44,7,1,0,1,57,1,36,44,8,2,16,84,3,54,48,6,4,16,48,2,28,34,4,3,12
1359541,2023,2023-05-20,1,"Arun Jaitley Stadium, Delhi",Arun Jaitley Stadium,Delhi,Delhi,Chennai Super Kings,Chennai Super Kings,Delhi Capitals,Delhi Capitals,223,213,10,3,120,20,152,17,14,31,7,2,0,1,52,0,36,36,6,2,13,96,1,54,62,5,7,11,75,2,30,54,6,5,7
1359541,2023,2023-05-20,2,"Arun Jaitley Stadium, Delhi",Arun Jaitley Stadium,Delhi,Delhi,Delhi Capitals,Delhi Capitals,Chennai Super Kings,Chennai Super Kings,146,135,11,9,120,20,80,11,6,49,8,0,0,3,34,3,36,24,3,2,22,82,2,54,44,5,4,14,30,4,30,12,3,0,13
1359542,2023,2023-05-20,1,"Eden Gardens, Kolkata",Eden Gardens,Kolkata,Kolkata,Lucknow Super Giants,Lucknow Super Giants,Kolkata Knight Riders,Kolkata Knight Riders,176,164,12,8,120,20,108,12,10,47,5,2,4,1,54,1,36,32,5,2,15,65,4,54,40,4,4,24,57,3,30,36,3,4,8
1359542,2023,2023-05-20,2,"Eden Gardens, Kolkata",Eden Gardens,Kolkata,Kolkata,Kolkata Knight Riders,Kolkata Knight Riders,Lucknow Super Giants,Lucknow Super Giants,175,166,9,7,120,20,110,17,7,44,5,0,0,4,61,1,36,48,9,2,14,53,3,54,16,4,0,19,61,3,30,46,4,5,11
1359543,2023,2023-05-21,1,"Wankhede Stadium, Mumbai",Wankhede Stadium,Mumbai,Mumbai,Sunrisers Hyderabad,Sunrisers Hyderabad,Mumbai Indians,Mumbai Indians,200,188,12,5,120,20,122,20,7,29,6,1,0,5,53,0,36,36,9,0,12,104,1,54,66,9,5,10,43,4,30,20,2,2,7
1359543,2023,2023-05-21,2,"Wankhede Stadium, Mumbai",Wankhede Stadium,Mumbai,Mumbai,Mumbai Indians,Mumbai Indians,Sunrisers Hyderabad,Sunrisers Hyderabad,201,195,6,2,108,18,144,21,10,31,1,4,0,1,60,1,36,46,7,3,15,100,1,54,68,8,6,14,41,0,18,30,6,1,2
1359544,2023,2023-05-21,1,"M Chinnaswamy Stadium, Bengaluru",M Chinnaswamy Stadium,Bengaluru,Bengaluru,Royal Challengers Bangalore,Royal Challengers Bengaluru,Gujarat Titans,Gujarat Titans,197,190,7,5,120,20,118,25,3,27,5,0,0,2,62,0,36,44,11,0,11,74,5,54,38,8,1,15,61,0,30,36,6,2,1
1359544,2023,2023-05-21,2,"M Chinnaswamy Stadium, Bengaluru",M Chinnaswamy Stadium,Bengaluru,Bengaluru,Gujarat Titans,Gujarat Titans,Royal Challengers Bangalore,Royal Challengers Bengaluru,198,179,19,4,115,19.17,120,15,10,36,7,1,5,6,51,1,36,34,7,1,17,97,1,54,58,7,5,12,50,2,25,28,1,4,7
1370350,2023,2023-05-23,1,"MA Chidambaram Stadium, Chepauk, Chennai",MA Chidambaram Stadium,Chennai,Chennai,Chennai Super Kings,Chennai Super Kings,Gujarat Titans,Gujarat Titans,172,167,5,7,120,20,80,14,4,32,0,1,0,2,49,0,36,30,6,1,17,76,3,54,30,6,1,10,47,4,30,20,2,2,5
1370350,2023,2023-05-23,2,"MA Chidambaram Stadium, Chepauk, Chennai",MA Chidambaram Stadium,Chennai,Chennai,Gujarat Titans,Gujarat Titans,Chennai Super Kings,Chennai Super Kings,157,142,15,10,120,20,82,13,5,48,13,0,0,2,41,2,36,26,5,1,15,61,4,54,18,3,1,21,55,4,30,38,5,3,12
1370351,2023,2023-05-24,1,"MA Chidambaram Stadium, Chepauk, Chennai",MA Chidambaram Stadium,Chennai,Chennai,Mumbai Indians,Mumbai Indians,Lucknow Super Giants,Lucknow Super Giants,182,166,16,8,120,20,108,15,8,42,6,0,8,2,62,2,36,48,9,2,16,69,2,54,30,3,3,13,51,4,30,30,3,3,13
1370351,2023,2023-05-24,2,"MA Chidambaram Stadium, Chepauk, Chennai",MA Chidambaram Stadium,Chennai,Chennai,Lucknow Super Giants,Lucknow Super Giants,Mumbai Indians,Mumbai Indians,101,91,10,10,99,16.5,48,9,2,47,3,0,2,5,54,2,36,34,7,1,15,46,7,54,14,2,1,24,1,1,9,0,0,0,8
1370352,2023,2023-05-26,1,"Narendra Modi Stadium, Ahmedabad",Narendra Modi Stadium,Ahmedabad,Ahmedabad,Gujarat Titans,Gujarat Titans,Mumbai Indians,Mumbai Indians,233,223,10,3,120,20,150,18,13,25,6,2,0,2,50,0,36,30,6,1,13,116,1,54,76,4,10,6,67,2,30,44,8,2,6
1370352,2023,2023-05-26,2,"Narendra Modi Stadium, Ahmedabad",Narendra Modi Stadium,Ahmedabad,Ahmedabad,Mumbai Indians,Mumbai Indians,Gujarat Titans,Gujarat Titans,171,164,7,10,110,18.33,110,17,7,39,4,1,0,2,72,3,36,58,10,3,12,84,3,54,48,6,4,18,15,4,20,4,1,0,9
1370353,2023,2023-05-29,1,"Narendra Modi Stadium, Ahmedabad",Narendra Modi Stadium,Ahmedabad,Ahmedabad,Gujarat Titans,Gujarat Titans,Chennai Super Kings,Chennai Super Kings,214,210,4,4,120,20,134,20,9,25,2,0,1,1,62,0,36,42,9,1,9,81,2,54,38,5,3,11,71,2,30,54,6,5,5
1370353,2023,2023-05-29,2,"Narendra Modi Stadium, Ahmedabad",Narendra Modi Stadium,Ahmedabad,Ahmedabad,Chennai Super Kings,Chennai Super Kings,Gujarat Titans,Gujarat Titans,171,166,5,5,90,15,104,11,10,18,4,0,0,1,72,0,36,46,7,3,7,99,5,54,58,4,7,11,0,0,0,0,0,0,0
1422119,2024,2024-03-22,1,"MA Chidambaram Stadium, Chepauk, Chennai",MA Chidambaram Stadium,Chennai,Chennai,Royal Challengers Bengaluru,Royal Challengers Bengaluru,Chennai Super Kings,Chennai Super Kings,173,160,13,6,120,20,100,16,6,41,10,0,1,2,42,3,36,32,8,0,20,60,2,54,18,3,1,13,71,1,30,50,5,5,8
1422119,2024,2024-03-22,2,"MA Chidambaram Stadium, Chepauk, Chennai",MA Chidambaram Stadium,Chennai,Chennai,Chennai Super Kings,Chennai Super Kings,Royal Challengers Bengaluru,Royal Challengers Bengaluru,176,160,16,4,112,18.67,94,10,9,39,8,0,4,4,62,1,36,42,6,3,14,66,3,54,30,0,5,20,48,0,22,22,4,1,5
1422120,2024,2024-03-23,1,"Maharaja Yadavindra Singh International Cricket Stadium, Mullanpur",Maharaja Yadavindra Singh International Cricket Stadium,Mohali,Mohali,Delhi Capitals,Delhi Capitals,Punjab Kings,Punjab Kings,174,164,10,9,120,20,114,15,9,47,4,0,0,6,54,1,36,40,4,4,20,70,4,54,40,7,2,18,50,4,30,34,4,3,9
1422120,2024,2024-03-23,2,"Maharaja Yadavindra Singh International Cricket Stadium, Mullanpur",Maharaja Yadavindra Singh International Cricket Stadium,Mohali,Mohali,Punjab Kings,Punjab Kings,Delhi Capitals,Delhi Capitals,177,169,8,6,116,19.33,104,20,4,32,6,0,0,2,60,2,36,44,11,0,14,70,2,54,30,6,1,11,47,2,26,30,3,3,7
1422121,2024,2024-03-23,1,"Eden Gardens, Kolkata",Eden Gardens,Kolkata,Kolkata,Kolkata Knight Riders,Kolkata Knight Riders,Sunrisers Hyderabad,Sunrisers Hyderabad,208,200,8,7,120,20,136,13,14,41,6,2,0,0,43,3,36,26,2,3,19,80,3,54,44,5,4,17,85,1,30,66,6,7,5
1422121,2024,2024-03-23,2,"Eden Gardens, Kolkata",Eden Gardens,Kolkata,Kolkata,Sunrisers Hyderabad,Sunrisers Hyderabad,Kolkata Knight Riders,Kolkata Knight Riders,204,197,7,7,120,20,138,12,15,42,6,0,0,1,65,1,36,46,7,3,15,63,3,54,30,3,3,19,76,3,30,62,2,9,8
1422122,2024,2024-03-24,1,"Sawai Mansingh Stadium, Jaipur",Sawai Mansingh Stadium,Jaipur,Jaipur,Rajasthan Royals,Rajasthan Royals,Lucknow Super Giants,Lucknow Super Giants,193,185,8,4,120,20,106,10,11,30,6,1,0,1,54,2,36,36,6,2,13,89,1,54,48,3,6,10,50,1,30,22,1,3,7
1422122,2024,2024-03-24,2,"Sawai Mansingh Stadium, Jaipur",Sawai Mansingh Stadium,Jaipur,Jaipur,Lucknow Super Giants,Lucknow Super Giants,Rajasthan Royals,Rajasthan Royals,173,159,14,6,120,20,92,11,8,38,9,0,0,5,47,3,36,28,4,2,20,87,1,54,46,4,5,9,39,2,30,18,3,1,9
1422123,2024,2024-03-24,1,"Narendra Modi Stadium, Ahmedabad",Narendra Modi Stadium,Ahmedabad,Ahmedabad,Gujarat Titans,Gujarat Titans,Mumbai Indians,Mumbai Indians,168,156,12,6,120,20,80,14,4,36,7,1,0,4,47,1,36,34,7,1,17,77,2,54,28,4,2,12,44,3,30,18,3,1,7
1422123,2024,2024-03-24,2,"Narendra Modi Stadium, Ahmedabad",Narendra Modi Stadium,Ahmedabad,Ahmedabad,Mumbai Indians,Mumbai Indians,Gujarat Titans,Gujarat Titans,162,159,3,9,120,20,102,15,7,49,3,0,0,0,52,2,36,44,8,2,20,74,1,54,38,5,3,15,36,6,30,20,2,2,14
1422124,2024,2024-03-25,1,"M Chinnaswamy Stadium, Bengaluru",M Chinnaswamy Stadium,Bengaluru,Bengaluru,Punjab Kings,Punjab Kings,Royal Challengers Bengaluru,Royal Challengers Bengaluru,176,168,8,6,120,20,108,15,8,44,6,0,1,1,40,1,36,28,7,0,19,88,3,54,52,4,6,15,48,2,30,28,4,2,10
1422124,2024,2024-03-25,2,"M Chinnaswamy Stadium, Bengaluru",M Chinnaswamy Stadium,Bengaluru,Bengaluru,Royal Challengers Bengaluru,Royal Challengers Bengaluru,Punjab Kings,Punjab Kings,178,160,18,6,116,19.33,108,18,6,41,7,0,2,9,50,2,36,36,9,0,17,68,2,54,26,2,3,17,60,2,26,46,7,3,7
1422125,2024,2024-03-26,1,"MA Chidambaram Stadium, Chepauk, Chennai",MA Chidambaram Stadium,Chennai,Chennai,Chennai Super Kings,Chennai Super Kings,Gujarat Titans,Gujarat Titans,206,200,6,6,120,20,134,17,11,33,5,0,0,1,69,1,36,54,9,3,12,86,2,54,50,5,5,13,51,3,30,30,3,3,8
1422125,2024,2024-03-26,2,"MA Chidambaram Stadium, Chepauk, Chennai",MA Chidambaram Stadium,Chennai,Chennai,Gujarat Titans,Gujarat Titans,Chennai Super Kings,Chennai Super Kings,143,132,11,8,120,20,70,13,3,48,9,0,0,2,43,2,36,28,4,2,17,71,3,54,24,6,0,15,29,3,30,18,3,1,16
1422126,2024,2024-03-27,1,"Rajiv Gandhi International Stadium, Uppal, Hyderabad","Rajiv Gandhi International Stadium, Uppal",Hyderabad,Hyderabad,Sunrisers Hyderabad,Sunrisers Hyderabad,Mumbai Indians,Mumbai Indians,277,258,19,3,120,20,184,19,18,19,12,2,4,1,81,1,36,64,10,4,8,121,2,54,76,4,10,7,75,0,30,44,5,4,4
1422126,2024,2024-03-27,2,"Rajiv Gandhi International Stadium, Uppal, Hyderabad","Rajiv Gandhi International Stadium, Uppal",Hyderabad,Hyderabad,Mumbai Indians,Mumbai Indians,Sunrisers Hyderabad,Sunrisers Hyderabad,246,235,11,5,120,20,168,12,20,30,5,1,1,4,76,2,36,58,4,7,12,109,2,54,70,4,9,12,61,1,30,40,4,4,6
1422127,2024,2024-03-28,1,"Sawai Mansingh Stadium, Jaipur",Sawai Mansingh Stadium,Jaipur,Jaipur,Rajasthan Royals,Rajasthan Royals,Delhi Capitals,Delhi Capitals,185,178,7,5,120,20,120,15,10,39,5,0,1,1,31,2,36,16,4,0,20,77,2,54,42,3,5,14,77,1,30,62,8,5,5
1422127,2024,2024-03-28,2,"Sawai Mansingh Stadium, Jaipur",Sawai Mansingh Stadium,Jaipur,Jaipur,Delhi Capitals,Delhi Capitals,Rajasthan Royals,Rajasthan Royals,173,168,5,5,120,20,102,15,7,38,4,0,0,1,59,2,36,50,8,3,16,61,2,54,26,5,1,17,53,1,30,26,2,3,5
1422128,2024,2024-03-29,1,"M Chinnaswamy Stadium, Bengaluru",M Chinnaswamy Stadium,Bengaluru,Bengaluru,Royal Challengers Bengaluru,Royal Challengers Bengaluru,Kolkata Knight Riders,Kolkata Knight Riders,182,178,4,6,120,20,110,11,11,40,3,0,1,0,61,1,36,42,6,3,13,73,2,54,40,4,4,17,48,3,30,28,1,4,10
1422128,2024,2024-03-29,2,"M Chinnaswamy Stadium, Bengaluru",M Chinnaswamy Stadium,Bengaluru,Bengaluru,Kolkata Knight Riders,Kolkata Knight Riders,Royal Challengers Bengaluru,Royal Challengers Bengaluru,186,171,15,3,101,16.83,114,9,13,27,8,0,0,7,85,0,36,58,4,7,10,82,2,54,46,4,5,15,19,1,11,10,1,1,2
1422129,2024,2024-03-30,1,"Bharat Ratna Shri Atal Bihari Vajpayee Ekana Cricket Stadium, Lucknow",Bharat Ratna Shri Atal Bihari Vajpayee Ekana Cricket Stadium,Lucknow,Lucknow,Lucknow Super Giants,Lucknow Super Giants,Punjab Kings,Punjab Kings,199,192,7,8,120,20,120,15,10,34,5,0,1,1,54,2,36,38,5,3,16,92,2,54,54,6,5,9,53,4,30,28,4,2,9
1422129,2024,2024-03-30,2,"Bharat Ratna Shri Atal Bihari Vajpayee Ekana Cricket Stadium, Lucknow",Bharat Ratna Shri Atal Bihari Vajpayee Ekana Cricket Stadium,Lucknow,Lucknow,Punjab Kings,Punjab Kings,Lucknow Super Giants,Lucknow Super Giants,178,174,4,5,120,20,120,15,10,42,2,0,0,2,61,0,36,46,7,3,12,75,2,54,50,5,5,21,42,3,30,24,3,2,9
1422130,2024,2024-03-31,1,"Narendra Modi Stadium, Ahmedabad",Narendra Modi Stadium,Ahmedabad,Ahmedabad,Sunrisers Hyderabad,Sunrisers Hyderabad,Gujarat Titans,Gujarat Titans,162,158,4,8,120,20,84,12,6,40,2,0,0,2,56,1,36,36,6,2,14,66,4,54,32,5,2,19,40,3,30,16,1,2,7
1422130,2024,2024-03-31,2,"Narendra Modi Stadium, Ahmedabad",Narendra Modi Stadium,Ahmedabad,Ahmedabad,Gujarat Titans,Gujarat Titans,Sunrisers Hyderabad,Sunrisers Hyderabad,168,164,4,3,115,19.17,88,13,6,28,4,0,0,0,52,1,36,30,3,3,10,62,1,54,16,4,0,11,54,1,25,42,6,3,7
1422131,2024,2024-03-31,1,"Dr. Y.S. Rajasekhara Reddy ACA-VDCA Cricket Stadium, Visakhapatnam",Dr Y.S. Rajasekhara Reddy ACA-VDCA Cricket Stadium,Visakhapatnam,Visakhapatnam,Delhi Capitals,Delhi Capitals,Chennai Super Kings,Chennai Super Kings,191,180,11,5,120,20,118,16,9,38,5,1,2,1,62,0,36,44,8,2,13,72,4,54,42,3,5,20,57,1,30,32,5,2,5
1422131,2024,2024-03-31,2,"Dr. Y.S. Rajasekhara Reddy ACA-VDCA Cricket Stadium, Visakhapatnam",Dr Y.S. Rajasekhara Reddy ACA-VDCA Cricket Stadium,Visakhapatnam,Visakhapatnam,Chennai Super Kings,Chennai Super Kings,Delhi Capitals,Delhi Capitals,171,158,13,6,120,20,94,13,7,40,8,1,0,4,32,2,36,18,3,1,20,81,3,54,38,5,3,12,58,1,30,38,5,3,8
1422132,2024,2024-04-01,1,"Wankhede Stadium, Mumbai",Wankhede Stadium,Mumbai,Mumbai,Mumbai Indians,Mumbai Indians,Rajasthan Royals,Rajasthan Royals,125,118,7,9,120,20,58,10,3,58,4,0,1,2,46,4,36,32,5,2,21,56,3,54,18,3,1,22,23,2,30,8,2,0,15
1422132,2024,2024-04-01,2,"Wankhede Stadium, Mumbai",Wankhede Stadium,Mumbai,Mumbai,Rajasthan Royals,Rajasthan Royals,Mumbai Indians,Mumbai Indians,127,113,14,4,93,15.5,74,14,3,38,10,0,2,2,46,2,36,28,7,0,21,65,2,54,30,6,1,17,16,0,3,16,1,2,0
1422133,2024,2024-04-02,1,"M Chinnaswamy Stadium, Bengaluru",M Chinnaswamy Stadium,Bengaluru,Bengaluru,Lucknow Super Giants,Lucknow Super Giants,Royal Challengers Bengaluru,Royal Challengers Bengaluru,181,171,10,5,120,20,124,10,14,51,10,0,0,0,54,1,36,40,4,4,16,77,2,54,42,3,5,20,50,2,30,42,3,5,15
1422133,2024,2024-04-02,2,"M Chinnaswamy Stadium, Bengaluru",M Chinnaswamy Stadium,Bengaluru,Bengaluru,Royal Challengers Bengaluru,Royal Challengers Bengaluru,Lucknow Super Giants,Lucknow Super Giants,153,142,11,10,118,19.67,92,11,8,51,8,0,0,3,48,3,36,30,6,1,13,56,3,54,24,3,2,26,49,4,28,38,2,5,12
1422134,2024,2024-04-03,1,"Dr. Y.S. Rajasekhara Reddy ACA-VDCA Cricket Stadium, Visakhapatnam",Dr Y.S. Rajasekhara Reddy ACA-VDCA Cricket Stadium,Visakhapatnam,Visakhapatnam,Kolkata Knight Riders,Kolkata Knight Riders,Delhi Capitals,Delhi Capitals,272,250,22,7,120,20,196,22,18,33,15,1,4,2,88,1,36,72,12,4,13,107,2,54,70,7,7,11,77,4,30,54,3,7,9
1422134,2024,2024-04-03,2,"Dr. Y.S. Rajasekhara Reddy ACA-VDCA Cricket Stadium, Visakhapatnam",Dr Y.S. Rajasekhara Reddy ACA-VDCA Cricket Stadium,Visakhapatnam,Visakhapatnam,Delhi Capitals,Delhi Capitals,Kolkata Knight Riders,Kolkata Knight Riders,166,150,16,10,104,17.33,114,12,11,46,5,0,0,6,51,4,36,36,6,2,19,108,3,54,78,6,9,18,7,3,14,0,0,0,9
1422135,2024,2024-04-04,1,"Narendra Modi Stadium, Ahmedabad",Narendra Modi Stadium,Ahmedabad,Ahmedabad,Gujarat Titans,Gujarat Titans,Punjab Kings,Punjab Kings,199,190,9,4,120,20,114,21,5,29,4,0,0,5,52,1,36,34,7,1,16,82,2,54,46,10,1,12,65,1,30,34,4,3,1
1422135,2024,2024-04-04,2,"Narendra Modi Stadium, Ahmedabad",Narendra Modi Stadium,Ahmedabad,Ahmedabad,Punjab Kings,Punjab Kings,Gujarat Titans,Gujarat Titans,200,187,13,7,119,19.83,120,18,8,32,5,0,0,8,54,2,36,38,8,1,13,84,3,54,42,6,3,15,62,2,29,40,4,4,4
1422136,2024,2024-04-05,1,"Rajiv Gandhi International Stadium, Uppal, Hyderabad","Rajiv Gandhi International Stadium, Uppal",Hyderabad,Hyderabad,Chennai Super Kings,Chennai Super Kings,Sunrisers Hyderabad,Sunrisers Hyderabad,165,163,2,5,120,20,92,14,6,38,1,0,0,1,48,1,36,36,6,2,17,79,3,54,40,4,4,15,38,1,30,16,4,0,6
1422136,2024,2024-04-05,2,"Rajiv Gandhi International Stadium, Uppal, Hyderabad","Rajiv Gandhi International Stadium, Uppal",Hyderabad,Hyderabad,Sunrisers Hyderabad,Sunrisers Hyderabad,Chennai Super Kings,Chennai Super Kings,166,160,6,4,109,18.17,96,12,8,35,1,1,3,1,78,1,36,66,9,5,14,57,2,54,10,1,1,15,31,1,19,20,2,2,6
1422137,2024,2024-04-06,1,"Sawai Mansingh Stadium, Jaipur",Sawai Mansingh Stadium,Jaipur,Jaipur,Royal Challengers Bengaluru,Royal Challengers Bengaluru,Rajasthan Royals,Rajasthan Royals,183,172,11,3,120,20,98,14,7,31,9,0,0,2,53,0,36,30,6,1,12,76,2,54,32,2,4,11,54,1,30,36,6,2,8
1422137,2024,2024-04-06,2,"Sawai Mansingh Stadium, Jaipur",Sawai Mansingh Stadium,Jaipur,Jaipur,Rajasthan Royals,Rajasthan Royals,Royal Challengers Bengaluru,Royal Challengers Bengaluru,189,186,3,4,115,19.17,116,20,6,33,3,0,0,0,54,1,36,42,9,1,16,98,1,54,56,8,4,10,37,2,25,18,3,1,7
1422138,2024,2024-04-07,1,"Wankhede Stadium, Mumbai",Wankhede Stadium,Mumbai,Mumbai,Mumbai Indians,Mumbai Indians,Delhi Capitals,Delhi Capitals,234,220,14,5,120,20,160,19,14,37,13,1,0,0,75,0,36,54,9,3,12,63,4,54,32,5,2,20,96,1,30,74,5,9,5
1422138,2024,2024-04-07,2,"Wankhede Stadium, Mumbai",Wankhede Stadium,Mumbai,Mumbai,Delhi Capitals,Delhi Capitals,Mumbai Indians,Mumbai Indians,205,202,3,8,120,20,138,18,11,37,1,1,0,1,46,1,36,36,6,2,21,98,2,54,60,9,4,8,61,5,30,42,3,5,8
1422139,2024,2024-04-07,1,"Bharat Ratna Shri Atal Bihari Vajpayee Ekana Cricket Stadium, Lucknow",Bharat Ratna Shri Atal Bihari Vajpayee Ekana Cricket Stadium,Lucknow,Lucknow,Lucknow Super Giants,Lucknow Super Giants,Gujarat Titans,Gujarat Titans,163,158,5,5,120,20,80,11,6,37,1,0,0,4,47,2,36,26,5,1,18,67,2,54,24,3,2,11,49,1,30,30,3,3,8
1422139,2024,2024-04-07,2,"Bharat Ratna Shri Atal Bihari Vajpayee Ekana Cricket Stadium, Lucknow",Bharat Ratna Shri Atal Bihari Vajpayee Ekana Cricket Stadium,Lucknow,Lucknow,Gujarat Titans,Gujarat Titans,Lucknow Super Giants,Lucknow Super Giants,130,118,12,10,113,18.83,60,9,4,50,6,3,0,1,54,1,36,24,6,0,13,39,6,54,12,0,2,26,37,3,23,24,3,2,11
1426260,2024,2024-04-08,1,"MA Chidambaram Stadium, Chepauk, Chennai",MA Chidambaram Stadium,Chennai,Chennai,Kolkata Knight Riders,Kolkata Knight Riders,Chennai Super Kings,Chennai Super Kings,137,124,13,9,120,20,68,11,4,55,6,2,1,4,56,1,36,42,6,3,18,43,4,54,10,1,1,24,38,4,30,16,4,0,13
1426260,2024,2024-04-08,2,"MA Chidambaram Stadium, Chepauk, Chennai",MA Chidambaram Stadium,Chennai,Chennai,Chennai Super Kings,Chennai Super Kings,Kolkata Knight Riders,Kolkata Knight Riders,141,136,5,3,106,17.67,80,14,4,39,3,0,0,2,52,1,36,36,9,0,15,63,1,54,22,4,1,16,26,1,16,22,1,3,8
1426261,2024,2024-04-09,1,"Maharaja Yadavindra Singh International Cricket Stadium, Mullanpur",Maharaja Yadavindra Singh International Cricket Stadium,Mohali,Mohali,Sunrisers Hyderabad,Sunrisers Hyderabad,Punjab Kings,Punjab Kings,182,175,7,9,120,20,120,18,8,47,5,0,0,2,40,3,36,30,6,1,23,93,2,54,62,8,5,15,49,4,30,28,4,2,9
1426261,2024,2024-04-09,2,"Maharaja Yadavindra Singh International Cricket Stadium, Mullanpur",Maharaja Yadavindra Singh International Cricket Stadium,Mohali,Mohali,Punjab Kings,Punjab Kings,Sunrisers Hyderabad,Sunrisers Hyderabad,180,173,7,6,120,20,116,17,8,45,6,0,0,1,27,3,36,16,4,0,23,78,2,54,48,6,4,17,75,1,30,52,7,4,5
1426262,2024,2024-04-10,1,"Sawai Mansingh Stadium, Jaipur",Sawai Mansingh Stadium,Jaipur,Jaipur,Rajasthan Royals,Rajasthan Royals,Gujarat Titans,Gujarat Titans,196,189,7,3,120,20,112,16,8,34,7,0,0,0,43,2,36,28,7,0,17,91,0,54,50,5,5,13,62,1,30,34,4,3,4
1426262,2024,2024-04-10,2,"Sawai Mansingh Stadium, Jaipur",Sawai Mansingh Stadium,Jaipur,Jaipur,Gujarat Titans,Gujarat Titans,Rajasthan Royals,Rajasthan Royals,199,188,11,7,120,20,104,20,4,25,7,1,0,3,44,0,36,26,2,3,15,80,4,54,32,8,0,9,75,3,30,46,10,1,1
1426263,2024,2024-04-11,1,"Wankhede Stadium, Mumbai",Wankhede Stadium,Mumbai,Mumbai,Royal Challengers Bengaluru,Royal Challengers Bengaluru,Mumbai Indians,Mumbai Indians,196,186,10,8,120,20,126,15,11,43,8,0,1,1,44,2,36,36,6,2,20,86,2,54,42,3,5,15,66,4,30,48,6,4,8
1426263,2024,2024-04-11,2,"Wankhede Stadium, Mumbai",Wankhede Stadium,Mumbai,Mumbai,Mumbai Indians,Mumbai Indians,Royal Challengers Bengaluru,Royal Challengers Bengaluru,199,196,3,3,93,15.5,162,18,15,29,3,0,0,0,72,0,36,60,6,6,14,116,3,54,92,11,8,15,11,0,3,10,1,1,0
1426264,2024,2024-04-12,1,"Bharat Ratna Shri Atal Bihari Vajpayee Ekana Cricket Stadium, Lucknow",Bharat Ratna Shri Atal Bihari Vajpayee Ekana Cricket Stadium,Lucknow,Lucknow,Lucknow Super Giants,Lucknow Super Giants,Delhi Capitals,Delhi Capitals,167,157,10,7,120,20,80,17,2,37,7,0,0,3,57,2,36,38,8,1,14,57,5,54,16,4,0,16,53,0,30,26,5,1,7
1426264,2024,2024-04-12,2,"Bharat Ratna Shri Atal Bihari Vajpayee Ekana Cricket Stadium, Lucknow",Bharat Ratna Shri Atal Bihari Vajpayee Ekana Cricket Stadium,Lucknow,Lucknow,Delhi Capitals,Delhi Capitals,Lucknow Super Giants,Lucknow Super Giants,170,162,8,4,109,18.17,104,14,8,40,7,0,0,1,62,1,36,44,8,2,15,83,2,54,50,5,5,19,25,1,19,10,1,1,6
1426265,2024,2024-04-13,1,"Maharaja Yadavindra Singh International Cricket Stadium, Mullanpur",Maharaja Yadavindra Singh International Cricket Stadium,Mohali,Mohali,Punjab Kings,Punjab Kings,Rajasthan Royals,Rajasthan Royals,147,139,8,8,120,20,72,9,6,40,5,1,0,2,38,1,36,16,4,0,14,48,4,54,14,2,1,20,61,3,30,42,3,5,6
1426265,2024,2024-04-13,2,"Maharaja Yadavindra Singh International Cricket Stadium, Mullanpur",Maharaja Yadavindra Singh International Cricket Stadium,Mohali,Mohali,Rajasthan Royals,Rajasthan Royals,Punjab Kings,Punjab Kings,152,149,3,7,119,19.83,78,12,5,43,3,0,0,0,43,0,36,24,6,0,17,56,3,54,18,3,1,18,53,4,29,36,3,4,8
1426266,2024,2024-04-14,1,"Eden Gardens, Kolkata",Eden Gardens,Kolkata,Kolkata,Lucknow Super Giants,Lucknow Super Giants,Kolkata Knight Riders,Kolkata Knight Riders,161,153,8,7,120,20,94,13,7,45,6,1,0,1,49,2,36,34,7,1,17,64,3,54,30,3,3,18,48,2,30,30,3,3,10
1426266,2024,2024-04-14,2,"Eden Gardens, Kolkata",Eden Gardens,Kolkata,Kolkata,Kolkata Knight Riders,Kolkata Knight Riders,Lucknow Super Giants,Lucknow Super Giants,162,140,22,2,94,15.67,108,21,4,35,13,3,1,5,58,2,36,40,7,2,18,98,0,54,64,13,2,16,6,0,4,4,1,0,1
1426267,2024,2024-04-14,1,"Wankhede Stadium, Mumbai",Wankhede Stadium,Mumbai,Mumbai,Chennai Super Kings,Chennai Super Kings,Mumbai Indians,Mumbai Indians,206,198,8,4,120,20,142,19,11,39,5,0,0,3,48,1,36,36,6,2,18,101,1,54,72,9,6,15,57,2,30,34,4,3,6
1426267,2024,2024-04-14,2,"Wankhede Stadium, Mumbai",Wankhede Stadium,Mumbai,Mumbai,Mumbai Indians,Mumbai Indians,Chennai Super Kings,Chennai Super Kings,186,179,7,6,120,20,124,19,8,41,5,0,1,1,63,0,36,50,8,3,14,69,3,54,44,8,2,20,54,3,30,30,3,3,7
1426268,2024,2024-04-15,1,"M Chinnaswamy Stadium, Bengaluru",M Chinnaswamy Stadium,Bengaluru,Bengaluru,Sunrisers Hyderabad,Sunrisers Hyderabad,Royal Challengers Bengaluru,Royal Challengers Bengaluru,287,272,15,3,120,20,208,19,22,22,12,1,0,2,76,0,36,56,5,6,9,129,2,54,90,9,9,9,82,1,30,62,5,7,4
1426268,2024,2024-04-15,2,"M Chinnaswamy Stadium, Bengaluru",M Chinnaswamy Stadium,Bengaluru,Bengaluru,Royal Challengers Bengaluru,Royal Challengers Bengaluru,Sunrisers Hyderabad,Sunrisers Hyderabad,262,248,14,7,120,20,192,24,16,29,13,0,1,0,79,0,36,68,11,4,11,108,6,54,74,8,7,13,75,1,30,50,5,5,5
1426269,2024,2024-04-16,1,"Eden Gardens, Kolkata",Eden Gardens,Kolkata,Kolkata,Kolkata Knight Riders,Kolkata Knight Riders,Rajasthan Royals,Rajasthan Royals,223,202,21,6,120,20,150,24,9,39,13,0,4,4,56,1,36,34,7,1,14,105,2,54,68,11,4,16,62,3,30,48,6,4,9
1426269,2024,2024-04-16,2,"Eden Gardens, Kolkata",Eden Gardens,Kolkata,Kolkata,Rajasthan Royals,Rajasthan Royals,Kolkata Knight Riders,Kolkata Knight Riders,224,208,16,8,120,20,152,20,12,39,14,1,0,1,76,2,36,58,10,3,10,69,4,54,34,7,1,20,79,2,30,60,3,8,9
1426270,2024,2024-04-17,1,"Narendra Modi Stadium, Ahmedabad",Narendra Modi Stadium,Ahmedabad,Ahmedabad,Gujarat Titans,Gujarat Titans,Delhi Capitals,Delhi Capitals,89,77,12,10,105,17.5,38,8,1,59,5,2,0,5,30,4,36,16,4,0,23,48,4,54,16,4,0,27,11,2,15,6,0,1,9
1426270,2024,2024-04-17,2,"Narendra Modi Stadium, Ahmedabad",Narendra Modi Stadium,Ahmedabad,Ahmedabad,Delhi Capitals,Delhi Capitals,Gujarat Titans,Gujarat Titans,92,86,6,4,53,8.83,72,9,6,23,2,0,0,4,67,4,36,54,6,5,16,25,0,17,18,3,1,7,0,0,0,0,0,0,0
1426271,2024,2024-04-18,1,"Maharaja Yadavindra Singh International Cricket Stadium, Mullanpur",Maharaja Yadavindra Singh International Cricket Stadium,Mohali,Mohali,Mumbai Indians,Mumbai Indians,Punjab Kings,Punjab Kings,192,181,11,7,120,20,116,14,10,34,5,0,1,5,54,1,36,40,7,2,13,76,1,54,34,4,3,12,62,5,30,42,3,5,9
1426271,2024,2024-04-18,2,"Maharaja Yadavindra Singh International Cricket Stadium, Mullanpur",Maharaja Yadavindra Singh International Cricket Stadium,Mohali,Mohali,Punjab Kings,Punjab Kings,Mumbai Indians,Mumbai Indians,183,162,21,10,115,19.17,112,10,12,44,14,2,0,5,40,4,36,20,5,0,19,101,3,54,68,5,8,14,42,3,25,24,0,4,11
1426272,2024,2024-04-19,1,"Bharat Ratna Shri Atal Bihari Vajpayee Ekana Cricket Stadium, Lucknow",Bharat Ratna Shri Atal Bihari Vajpayee Ekana Cricket Stadium,Lucknow,Lucknow,Chennai Super Kings,Chennai Super Kings,Lucknow Super Giants,Lucknow Super Giants,176,172,4,6,120,20,98,14,7,36,3,0,0,1,51,2,36,30,6,1,12,54,3,54,16,4,0,17,71,1,30,52,4,6,7
1426272,2024,2024-04-19,2,"Bharat Ratna Shri Atal Bihari Vajpayee Ekana Cricket Stadium, Lucknow",Bharat Ratna Shri Atal Bihari Vajpayee Ekana Cricket Stadium,Lucknow,Lucknow,Lucknow Super Giants,Lucknow Super Giants,Chennai Super Kings,Chennai Super Kings,180,167,13,2,114,19,102,18,5,31,9,1,0,3,54,0,36,38,5,3,14,80,1,54,38,8,1,12,46,1,24,26,5,1,5
1426273,2024,2024-04-20,1,"Arun Jaitley Stadium, Delhi",Arun Jaitley Stadium,Delhi,Delhi,Sunrisers Hyderabad,Sunrisers Hyderabad,Delhi Capitals,Delhi Capitals,266,261,5,7,120,20,204,18,22,26,3,0,1,1,125,0,36,118,13,11,5,80,4,54,44,2,6,14,61,3,30,42,3,5,7
1426273,2024,2024-04-20,2,"Arun Jaitley Stadium, Delhi",Arun Jaitley Stadium,Delhi,Delhi,Delhi Capitals,Delhi Capitals,Sunrisers Hyderabad,Sunrisers Hyderabad,199,191,8,10,115,19.17,142,22,9,40,7,0,0,1,88,2,36,76,13,4,13,78,4,54,48,6,4,19,33,4,25,18,3,1,8
1426274,2024,2024-04-21,1,"Eden Gardens, Kolkata",Eden Gardens,Kolkata,Kolkata,Kolkata Knight Riders,Kolkata Knight Riders,Royal Challengers Bengaluru,Royal Challengers Bengaluru,222,202,20,6,120,20,150,27,7,32,7,1,0,7,75,3,36,62,11,3,12,74,2,54,42,9,1,16,73,1,30,46,7,3,4
1426274,2024,2024-04-21,2,"Eden Gardens, Kolkata",Eden Gardens,Kolkata,Kolkata,Royal Challengers Bengaluru,Royal Challengers Bengaluru,Kolkata Knight Riders,Kolkata Knight Riders,221,212,9,10,120,20,166,16,17,44,4,0,1,4,74,2,36,60,6,6,13,100,4,54,70,7,7,18,47,4,30,36,3,4,13
1426275,2024,2024-04-21,1,"Maharaja Yadavindra Singh International Cricket Stadium, Mullanpur",Maharaja Yadavindra Singh International Cricket Stadium,Mohali,Mohali,Punjab Kings,Punjab Kings,Gujarat Titans,Gujarat Titans,142,138,4,10,120,20,78,12,5,51,2,1,0,1,56,1,36,42,6,3,17,41,5,54,14,2,1,26,45,4,30,22,4,1,8
1426275,2024,2024-04-21,2,"Maharaja Yadavindra Singh International Cricket Stadium, Mullanpur",Maharaja Yadavindra Singh International Cricket Stadium,Mohali,Mohali,Gujarat Titans,Gujarat Titans,Punjab Kings,Punjab Kings,146,143,3,7,115,19.17,76,16,2,38,1,0,0,2,44,1,36,24,6,0,12,57,3,54,22,4,1,19,45,3,25,30,6,1,7
1426276,2024,2024-04-22,1,"Sawai Mansingh Stadium, Jaipur",Sawai Mansingh Stadium,Jaipur,Jaipur,Mumbai Indians,Mumbai Indians,Rajasthan Royals,Rajasthan Royals,179,169,10,9,120,20,104,14,8,39,9,0,0,1,45,3,36,26,5,1,15,86,1,54,50,8,3,13,48,5,30,28,1,4,11
1426276,2024,2024-04-22,2,"Sawai Mansingh Stadium, Jaipur",Sawai Mansingh Stadium,Jaipur,Jaipur,Rajasthan Royals,Rajasthan Royals,Mumbai Indians,Mumbai Indians,183,177,6,1,112,18.67,122,17,9,35,4,1,0,1,61,0,36,46,10,1,13,90,1,54,58,4,7,15,32,0,22,18,3,1,7
1426277,2024,2024-04-23,1,"MA Chidambaram Stadium, Chepauk, Chennai",MA Chidambaram Stadium,Chennai,Chennai,Chennai Super Kings,Chennai Super Kings,Lucknow Super Giants,Lucknow Super Giants,210,206,4,4,120,20,136,19,10,32,2,0,0,2,49,2,36,28,7,0,12,86,1,54,44,8,2,10,75,1,30,64,4,8,10
1426277,2024,2024-04-23,2,"MA Chidambaram Stadium, Chepauk, Chennai",MA Chidambaram Stadium,Chennai,Chennai,Lucknow Super Giants,Lucknow Super Giants,Chennai Super Kings,Chennai Super Kings,213,204,9,4,117,19.5,136,19,10,30,3,3,1,2,45,2,36,30,6,1,16,92,1,54,44,5,4,9,76,1,27,62,8,5,5
1426278,2024,2024-04-24,1,"Arun Jaitley Stadium, Delhi",Arun Jaitley Stadium,Delhi,Delhi,Delhi Capitals,Delhi Capitals,Gujarat Titans,Gujarat Titans,224,219,5,4,120,20,168,18,16,38,3,0,0,2,44,3,36,32,5,2,18,83,0,54,54,9,3,16,97,1,30,82,4,11,4
1426278,2024,2024-04-24,2,"Arun Jaitley Stadium, Delhi",Arun Jaitley Stadium,Delhi,Delhi,Gujarat Titans,Gujarat Titans,Delhi Capitals,Delhi Capitals,220,212,8,8,120,20,148,22,10,31,3,1,0,4,67,1,36,52,10,2,11,80,4,54,40,7,2,12,73,3,30,56,5,6,8
1426279,2024,2024-04-25,1,"Rajiv Gandhi International Stadium, Uppal, Hyderabad","Rajiv Gandhi International Stadium, Uppal",Hyderabad,Hyderabad,Royal Challengers Bengaluru,Royal Challengers Bengaluru,Sunrisers Hyderabad,Sunrisers Hyderabad,206,199,7,7,120,20,120,18,8,21,5,0,0,2,61,1,36,40,7,2,9,81,3,54,38,2,5,8,64,3,30,42,9,1,4
1426279,2024,2024-04-25,2,"Rajiv Gandhi International Stadium, Uppal, Hyderabad","Rajiv Gandhi International Stadium, Uppal",Hyderabad,Hyderabad,Sunrisers Hyderabad,Sunrisers Hyderabad,Royal Challengers Bengaluru,Royal Challengers Bengaluru,171,161,10,8,120,20,94,10,9,43,8,1,0,1,62,4,36,40,4,4,13,70,3,54,36,3,4,18,39,1,30,18,3,1,12
1426280,2024,2024-04-26,1,"Eden Gardens, Kolkata",Eden Gardens,Kolkata,Kolkata,Kolkata Knight Riders,Kolkata Knight Riders,Punjab Kings,Punjab Kings,261,248,13,6,120,20,196,22,18,34,10,1,1,1,76,0,36,60,9,4,11,114,2,54,84,9,8,15,71,4,30,52,4,6,8
1426280,2024,2024-04-26,2,"Eden Gardens, Kolkata",Eden Gardens,Kolkata,Kolkata,Punjab Kings,Punjab Kings,Kolkata Knight Riders,Kolkata Knight Riders,262,256,6,2,112,18.67,204,15,24,27,4,0,0,2,93,1,36,78,9,7,8,108,1,54,76,4,10,15,61,0,22,50,2,7,4
1426281,2024,2024-04-27,1,"Arun Jaitley Stadium, Delhi",Arun Jaitley Stadium,Delhi,Delhi,Delhi Capitals,Delhi Capitals,Mumbai Indians,Mumbai Indians,257,249,8,4,120,20,190,22,17,30,6,1,0,1,92,0,36,78,12,5,10,98,3,54,64,4,8,17,67,1,30,48,6,4,3
1426281,2024,2024-04-27,2,"Arun Jaitley Stadium, Delhi",Arun Jaitley Stadium,Delhi,Delhi,Mumbai Indians,Mumbai Indians,Delhi Capitals,Delhi Capitals,247,230,17,9,120,20,170,20,15,26,12,1,2,2,65,3,36,44,8,2,14,108,2,54,74,8,7,7,74,4,30,52,4,6,5
1426282,2024,2024-04-27,1,"Bharat Ratna Shri Atal Bihari Vajpayee Ekana Cricket Stadium, Lucknow",Bharat Ratna Shri Atal Bihari Vajpayee Ekana Cricket Stadium,Lucknow,Lucknow,Lucknow Super Giants,Lucknow Super Giants,Rajasthan Royals,Rajasthan Royals,196,178,18,5,120,20,92,20,2,30,15,1,0,2,46,2,36,32,8,0,17,104,1,54,52,10,2,8,46,2,30,8,2,0,5
1426282,2024,2024-04-27,2,"Bharat Ratna Shri Atal Bihari Vajpayee Ekana Cricket Stadium, Lucknow",Bharat Ratna Shri Atal Bihari Vajpayee Ekana Cricket Stadium,Lucknow,Lucknow,Rajasthan Royals,Rajasthan Royals,Lucknow Super Giants,Lucknow Super Giants,199,195,4,3,114,19,130,19,9,28,2,0,1,1,60,1,36,40,7,2,11,84,2,54,50,8,3,13,55,0,24,40,4,4,4
1426283,2024,2024-04-28,1,"Narendra Modi Stadium, Ahmedabad",Narendra Modi Stadium,Ahmedabad,Ahmedabad,Gujarat Titans,Gujarat Titans,Royal Challengers Bengaluru,Royal Challengers Bengaluru,200,189,11,3,120,20,120,15,10,33,9,1,0,1,42,1,36,20,5,0,14,96,2,54,62,5,7,13,62,0,30,38,5,3,6
1426283,2024,2024-04-28,2,"Narendra Modi Stadium, Ahmedabad",Narendra Modi Stadium,Ahmedabad,Ahmedabad,Royal Challengers Bengaluru,Royal Challengers Bengaluru,Gujarat Titans,Gujarat Titans,206,194,12,1,96,16,144,12,16,23,3,1,4,4,63,1,36,42,3,5,14,114,0,54,74,8,7,9,29,0,6,28,1,4,0
1426284,2024,2024-04-28,1,"MA Chidambaram Stadium, Chepauk, Chennai",MA Chidambaram Stadium,Chennai,Chennai,Chennai Super Kings,Chennai Super Kings,Sunrisers Hyderabad,Sunrisers Hyderabad,212,203,9,3,120,20,128,20,8,24,6,0,1,2,50,1,36,32,8,0,12,98,1,54,56,8,4,7,64,1,30,40,4,4,5
1426284,2024,2024-04-28,2,"MA Chidambaram Stadium, Chepauk, Chennai",MA Chidambaram Stadium,Chennai,Chennai,Sunrisers Hyderabad,Sunrisers Hyderabad,Chennai Super Kings,Chennai Super Kings,134,131,3,10,113,18.83,60,9,4,36,2,1,0,0,53,3,36,32,5,2,10,56,2,54,14,2,1,16,25,5,23,14,2,1,10
1426285,2024,2024-04-29,1,"Eden Gardens, Kolkata",Eden Gardens,Kolkata,Kolkata,Delhi Capitals,Delhi Capitals,Kolkata Knight Riders,Kolkata Knight Riders,153,140,13,9,120,20,94,16,5,54,9,1,0,3,67,3,36,52,7,4,14,45,5,54,20,5,0,27,41,1,30,22,4,1,13
1426285,2024,2024-04-29,2,"Eden Gardens, Kolkata",Eden Gardens,Kolkata,Kolkata,Kolkata Knight Riders,Kolkata Knight Riders,Delhi Capitals,Delhi Capitals,157,153,4,3,99,16.5,106,16,7,36,1,0,0,1,79,0,36,64,10,4,12,62,3,54,30,6,1,21,16,0,9,12,0,2,3
1426286,2024,2024-04-30,1,"Bharat Ratna Shri Atal Bihari Vajpayee Ekana Cricket Stadium, Lucknow",Bharat Ratna Shri Atal Bihari Vajpayee Ekana Cricket Stadium,Lucknow,Lucknow,Mumbai Indians,Mumbai Indians,Lucknow Super Giants,Lucknow Super Giants,144,136,8,7,120,20,72,12,4,51,4,2,0,2,28,4,36,14,2,1,22,68,1,54,36,6,2,22,48,2,30,22,4,1,7
1426286,2024,2024-04-30,2,"Bharat Ratna Shri Atal Bihari Vajpayee Ekana Cricket Stadium, Lucknow",Bharat Ratna Shri Atal Bihari Vajpayee Ekana Cricket Stadium,Lucknow,Lucknow,Lucknow Super Giants,Lucknow Super Giants,Mumbai Indians,Mumbai Indians,145,134,11,6,116,19.33,74,14,3,46,7,0,0,4,52,1,36,36,6,2,17,64,3,54,30,6,1,18,29,2,26,8,2,0,11
1426287,2024,2024-05-01,1,"MA Chidambaram Stadium, Chepauk, Chennai",MA Chidambaram Stadium,Chennai,Chennai,Chennai Super Kings,Chennai Super Kings,Punjab Kings,Punjab Kings,162,144,18,7,120,20,76,13,4,40,12,1,0,5,55,0,36,36,9,0,12,47,3,54,0,0,0,18,60,4,30,40,4,4,10
1426287,2024,2024-05-01,2,"MA Chidambaram Stadium, Chepauk, Chennai",MA Chidambaram Stadium,Chennai,Chennai,Punjab Kings,Punjab Kings,Chennai Super Kings,Chennai Super Kings,163,153,10,3,107,17.83,98,17,5,38,7,2,0,1,52,1,36,38,8,1,15,83,2,54,50,8,3,18,28,0,17,10,1,1,5
1426288,2024,2024-05-02,1,"Rajiv Gandhi International Stadium, Uppal, Hyderabad","Rajiv Gandhi International Stadium, Uppal",Hyderabad,Hyderabad,Sunrisers Hyderabad,Sunrisers Hyderabad,Rajasthan Royals,Rajasthan Royals,201,193,8,3,120,20,142,13,15,46,8,0,0,0,37,2,36,22,4,1,18,94,1,54,68,5,8,21,70,0,30,52,4,6,7
1426288,2024,2024-05-02,2,"Rajiv Gandhi International Stadium, Uppal, Hyderabad","Rajiv Gandhi International Stadium, Uppal",Hyderabad,Hyderabad,Rajasthan Royals,Rajasthan Royals,Sunrisers Hyderabad,Sunrisers Hyderabad,200,187,13,7,120,20,124,19,8,43,11,2,0,0,60,2,36,48,9,2,18,97,1,54,52,7,4,11,43,4,30,24,3,2,14
1426289,2024,2024-05-03,1,"Wankhede Stadium, Mumbai",Wankhede Stadium,Mumbai,Mumbai,Kolkata Knight Riders,Kolkata Knight Riders,Mumbai Indians,Mumbai Indians,169,162,7,10,119,19.83,102,12,9,48,5,1,0,1,57,4,36,46,7,3,18,71,1,54,28,4,2,14,41,5,29,28,1,4,16
1426289,2024,2024-05-03,2,"Wankhede Stadium, Mumbai",Wankhede Stadium,Mumbai,Mumbai,Mumbai Indians,Mumbai Indians,Kolkata Knight Riders,Kolkata Knight Riders,145,135,10,10,113,18.83,80,11,6,48,6,1,0,3,46,3,36,28,4,2,17,73,3,54,40,7,2,21,26,4,23,12,0,2,10
1426290,2024,2024-05-04,1,"M Chinnaswamy Stadium, Bengaluru",M Chinnaswamy Stadium,Bengaluru,Bengaluru,Gujarat Titans,Gujarat Titans,Royal Challengers Bengaluru,Royal Challengers Bengaluru,147,140,7,10,117,19.5,98,17,5,53,4,0,2,1,23,3,36,8,2,0,23,79,2,54,52,7,4,18,45,5,27,38,8,1,12
1426290,2024,2024-05-04,2,"M Chinnaswamy Stadium, Bengaluru",M Chinnaswamy Stadium,Bengaluru,Bengaluru,Royal Challengers Bengaluru,Royal Challengers Bengaluru,Gujarat Titans,Gujarat Titans,152,150,2,6,82,13.67,120,18,8,28,1,0,0,1,92,1,36,82,10,7,10,60,5,46,38,8,1,18,0,0,0,0,0,0,0
1426291,2024,2024-05-05,1,"Himachal Pradesh Cricket Association Stadium, Dharamsala",Himachal Pradesh Cricket Association Stadium,Dharamsala,Dharamsala,Chennai Super Kings,Chennai Super Kings,Punjab Kings,Punjab Kings,167,161,6,9,120,20,90,15,5,37,5,0,0,1,60,1,36,36,6,2,10,57,4,54,24,6,0,18,50,4,30,30,3,3,9
1426291,2024,2024-05-05,2,"Himachal Pradesh Cricket Association Stadium, Dharamsala",Himachal Pradesh Cricket Association Stadium,Dharamsala,Dharamsala,Punjab Kings,Punjab Kings,Chennai Super Kings,Chennai Super Kings,139,130,9,9,120,20,78,12,5,54,4,0,0,5,47,2,36,32,5,2,18,44,6,54,18,3,1,27,48,1,30,28,4,2,9
1426292,2024,2024-05-05,1,"Bharat Ratna Shri Atal Bihari Vajpayee Ekana Cricket Stadium, Lucknow",Bharat Ratna Shri Atal Bihari Vajpayee Ekana Cricket Stadium,Lucknow,Lucknow,Kolkata Knight Riders,Kolkata Knight Riders,Lucknow Super Giants,Lucknow Super Giants,235,222,13,6,120,20,162,21,13,34,13,0,0,0,70,1,36,56,11,2,12,101,2,54,64,4,8,17,64,3,30,42,6,3,5
1426292,2024,2024-05-05,2,"Bharat Ratna Shri Atal Bihari Vajpayee Ekana Cricket Stadium, Lucknow",Bharat Ratna Shri Atal Bihari Vajpayee Ekana Cricket Stadium,Lucknow,Lucknow,Lucknow Super Giants,Lucknow Super Giants,Kolkata Knight Riders,Kolkata Knight Riders,137,130,7,10,97,16.17,82,10,7,36,6,0,0,1,55,1,36,40,7,2,17,75,7,54,36,3,4,14,7,2,7,6,0,1,5
1426293,2024,2024-05-06,1,"Wankhede Stadium, Mumbai",Wankhede Stadium,Mumbai,Mumbai,Sunrisers Hyderabad,Sunrisers Hyderabad,Mumbai Indians,Mumbai Indians,173,159,14,8,120,20,82,13,5,37,9,3,0,2,56,1,36,36,6,2,15,64,4,54,26,5,1,17,53,3,30,20,2,2,5
1426293,2024,2024-05-06,2,"Wankhede Stadium, Mumbai",Wankhede Stadium,Mumbai,Mumbai,Mumbai Indians,Mumbai Indians,Sunrisers Hyderabad,Sunrisers Hyderabad,174,152,22,3,104,17.33,120,21,6,43,8,0,4,10,52,3,36,30,6,1,21,87,0,54,62,11,3,20,35,0,14,28,4,2,2
1426294,2024,2024-05-07,1,"Arun Jaitley Stadium, Delhi",Arun Jaitley Stadium,Delhi,Delhi,Delhi Capitals,Delhi Capitals,Rajasthan Royals,Rajasthan Royals,221,220,1,8,120,20,160,22,12,30,1,0,0,0,78,2,36,68,11,4,12,78,3,54,40,4,4,11,65,3,30,52,7,4,7
1426294,2024,2024-05-07,2,"Arun Jaitley Stadium, Delhi",Arun Jaitley Stadium,Delhi,Delhi,Rajasthan Royals,Rajasthan Royals,Delhi Capitals,Delhi Capitals,201,186,15,8,120,20,142,16,13,47,10,1,0,4,67,2,36,56,8,4,16,92,1,54,62,5,7,19,42,5,30,24,3,2,12
1426295,2024,2024-05-08,1,"Rajiv Gandhi International Stadium, Uppal, Hyderabad","Rajiv Gandhi International Stadium, Uppal",Hyderabad,Hyderabad,Lucknow Super Giants,Lucknow Super Giants,Sunrisers Hyderabad,Sunrisers Hyderabad,165,161,4,4,120,20,88,16,4,36,3,0,0,1,27,2,36,6,0,1,16,75,2,54,42,6,3,17,63,0,30,40,10,0,3
1426295,2024,2024-05-08,2,"Rajiv Gandhi International Stadium, Uppal, Hyderabad","Rajiv Gandhi International Stadium, Uppal",Hyderabad,Hyderabad,Sunrisers Hyderabad,Sunrisers Hyderabad,Lucknow Super Giants,Lucknow Super Giants,167,164,3,0,58,9.67,148,16,14,13,2,0,0,1,107,0,36,100,13,8,10,60,0,22,48,3,6,3,0,0,0,0,0,0,0
1426296,2024,2024-05-09,1,"Himachal Pradesh Cricket Association Stadium, Dharamsala",Himachal Pradesh Cricket Association Stadium,Dharamsala,Dharamsala,Royal Challengers Bengaluru,Royal Challengers Bengaluru,Punjab Kings,Punjab Kings,241,233,8,7,120,20,172,19,16,33,6,1,0,1,56,2,36,44,8,2,17,108,1,54,72,6,8,10,77,4,30,56,5,6,6
1426296,2024,2024-05-09,2,"Himachal Pradesh Cricket Association Stadium, Dharamsala",Himachal Pradesh Cricket Association Stadium,Dharamsala,Dharamsala,Punjab Kings,Punjab Kings,Royal Challengers Bengaluru,Royal Challengers Bengaluru,181,175,6,10,102,17,134,23,7,34,4,0,0,2,75,2,36,64,13,2,12,89,5,54,58,7,5,15,17,3,12,12,3,0,7
1426297,2024,2024-05-10,1,"Narendra Modi Stadium, Ahmedabad",Narendra Modi Stadium,Ahmedabad,Ahmedabad,Gujarat Titans,Gujarat Titans,Chennai Super Kings,Chennai Super Kings,231,225,6,3,120,20,144,15,14,23,5,0,0,1,58,0,36,36,3,4,12,132,0,54,94,10,9,4,41,3,30,14,2,1,7
1426297,2024,2024-05-10,2,"Narendra Modi Stadium, Ahmedabad",Narendra Modi Stadium,Ahmedabad,Ahmedabad,Chennai Super Kings,Chennai Super Kings,Gujarat Titans,Gujarat Titans,196,189,7,8,120,20,136,16,12,41,4,0,0,3,43,3,36,26,5,1,17,100,2,54,72,9,6,14,53,3,30,38,2,5,10
1426298,2024,2024-05-11,1,"Eden Gardens, Kolkata",Eden Gardens,Kolkata,Kolkata,Kolkata Knight Riders,Kolkata Knight Riders,Mumbai Indians,Mumbai Indians,157,151,6,7,96,16,110,14,9,33,3,0,0,3,52,3,36,42,6,3,18,95,3,54,62,8,5,14,10,1,6,6,0,1,1
1426298,2024,2024-05-11,2,"Eden Gardens, Kolkata",Eden Gardens,Kolkata,Kolkata,Mumbai Indians,Mumbai Indians,Kolkata Knight Riders,Kolkata Knight Riders,139,127,12,8,96,16,88,13,6,41,5,0,0,2,62,0,36,42,6,3,17,74,6,54,46,7,3,21,3,2,6,0,0,0,3
1426299,2024,2024-05-12,1,"MA Chidambaram Stadium, Chepauk, Chennai",MA Chidambaram Stadium,Chennai,Chennai,Rajasthan Royals,Rajasthan Royals,Chennai Super Kings,Chennai Super Kings,141,136,5,5,120,20,64,7,6,44,4,0,0,1,42,0,36,26,5,1,17,52,3,54,12,0,2,19,47,2,30,26,2,3,8
1426299,2024,2024-05-12,2,"MA Chidambaram Stadium, Chepauk, Chennai",MA Chidambaram Stadium,Chennai,Chennai,Chennai Super Kings,Chennai Super Kings,Rajasthan Royals,Rajasthan Royals,145,139,6,5,110,18.33,74,11,5,36,5,0,1,0,56,1,36,32,5,2,11,60,3,54,24,3,2,19,29,1,20,18,3,1,6
1426300,2024,2024-05-12,1,"M Chinnaswamy Stadium, Bengaluru",M Chinnaswamy Stadium,Bengaluru,Bengaluru,Royal Challengers Bengaluru,Royal Challengers Bengaluru,Delhi Capitals,Delhi Capitals,187,177,10,9,120,20,106,10,11,36,7,0,1,2,61,2,36,44,5,4,14,77,2,54,36,3,4,14,49,5,30,26,2,3,8
1426300,2024,2024-05-12,2,"M Chinnaswamy Stadium, Bengaluru",M Chinnaswamy Stadium,Bengaluru,Bengaluru,Delhi Capitals,Delhi Capitals,Royal Challengers Bengaluru,Royal Challengers Bengaluru,140,134,6,10,115,19.17,78,12,5,49,5,0,0,1,54,4,36,44,8,2,18,73,3,54,34,4,3,14,13,3,25,0,0,0,17
1426302,2024,2024-05-14,1,"Arun Jaitley Stadium, Delhi",Arun Jaitley Stadium,Delhi,Delhi,Delhi Capitals,Delhi Capitals,Lucknow Super Giants,Lucknow Super Giants,208,200,8,4,120,20,132,18,10,38,8,0,0,0,73,1,36,58,7,5,16,63,2,54,26,5,1,17,72,1,30,48,6,4,5
1426302,2024,2024-05-14,2,"Arun Jaitley Stadium, Delhi",Arun Jaitley Stadium,Delhi,Delhi,Lucknow Super Giants,Lucknow Super Giants,Delhi Capitals,Delhi Capitals,189,183,6,9,120,20,124,16,10,45,5,0,0,1,59,4,36,46,7,3,16,76,3,54,46,7,3,21,54,2,30,32,2,4,8
1426303,2024,2024-05-15,1,"Barsapara Cricket Stadium, Guwahati",Barsapara Cricket Stadium,Guwahati,Guwahati,Rajasthan Royals,Rajasthan Royals,Punjab Kings,Punjab Kings,144,142,2,9,120,20,84,18,2,50,1,0,0,1,38,1,36,30,6,1,22,65,5,54,34,7,1,18,41,3,30,20,5,0,10
1426303,2024,2024-05-15,2,"Barsapara Cricket Stadium, Guwahati",Barsapara Cricket Stadium,Guwahati,Guwahati,Punjab Kings,Punjab Kings,Rajasthan Royals,Rajasthan Royals,145,144,1,5,113,18.83,88,13,6,43,1,0,0,0,39,3,36,28,7,0,20,64,1,54,34,4,3,19,42,1,23,26,2,3,4
1426305,2024,2024-05-17,1,"Wankhede Stadium, Mumbai",Wankhede Stadium,Mumbai,Mumbai,Lucknow Super Giants,Lucknow Super Giants,Mumbai Indians,Mumbai Indians,214,203,11,6,120,20,148,16,14,40,11,0,0,0,49,2,36,32,5,2,16,110,1,54,74,5,9,11,55,3,30,42,6,3,13
1426305,2024,2024-05-17,2,"Wankhede Stadium, Mumbai",Wankhede Stadium,Mumbai,Mumbai,Mumbai Indians,Mumbai Indians,Lucknow Super Giants,Lucknow Super Giants,196,185,11,6,120,20,134,17,11,47,10,1,0,0,53,0,36,38,5,3,17,72,5,54,50,8,3,25,71,1,30,46,4,5,5
1426306,2024,2024-05-18,1,"M Chinnaswamy Stadium, Bengaluru",M Chinnaswamy Stadium,Bengaluru,Bengaluru,Royal Challengers Bengaluru,Royal Challengers Bengaluru,Chennai Super Kings,Chennai Super Kings,218,210,8,5,120,20,152,14,16,37,7,0,0,1,42,0,36,30,3,3,19,96,2,54,60,6,6,12,80,3,30,62,5,7,6
1426306,2024,2024-05-18,2,"M Chinnaswamy Stadium, Bengaluru",M Chinnaswamy Stadium,Bengaluru,Bengaluru,Chennai Super Kings,Chennai Super Kings,Royal Challengers Bengaluru,Royal Challengers Bengaluru,191,176,15,7,120,20,104,14,8,31,8,2,4,1,58,2,36,30,6,1,11,71,4,54,30,3,3,13,62,1,30,44,5,4,7
1426307,2024,2024-05-19,1,"Rajiv Gandhi International Stadium, Uppal, Hyderabad","Rajiv Gandhi International Stadium, Uppal",Hyderabad,Hyderabad,Punjab Kings,Punjab Kings,Sunrisers Hyderabad,Sunrisers Hyderabad,214,204,10,5,120,20,140,17,12,32,4,1,0,5,61,0,36,44,8,2,12,98,2,54,66,6,7,14,55,3,30,30,3,3,6
1426307,2024,2024-05-19,2,"Rajiv Gandhi International Stadium, Uppal, Hyderabad","Rajiv Gandhi International Stadium, Uppal",Hyderabad,Hyderabad,Sunrisers Hyderabad,Sunrisers Hyderabad,Punjab Kings,Punjab Kings,215,198,17,6,115,19.17,140,14,14,32,10,1,0,6,84,2,36,64,7,6,11,98,2,54,58,4,7,12,33,2,25,18,3,1,9
1426309,2024,2024-05-21,1,"Narendra Modi Stadium, Ahmedabad",Narendra Modi Stadium,Ahmedabad,Ahmedabad,Sunrisers Hyderabad,Sunrisers Hyderabad,Kolkata Knight Riders,Kolkata Knight Riders,159,152,7,10,117,19.5,88,13,6,43,5,2,0,0,45,4,36,24,6,0,17,80,4,54,44,5,4,15,34,2,27,20,2,2,11
1426309,2024,2024-05-21,2,"Narendra Modi Stadium, Ahmedabad",Narendra Modi Stadium,Ahmedabad,Ahmedabad,Kolkata Knight Riders,Kolkata Knight Riders,Sunrisers Hyderabad,Sunrisers Hyderabad,164,153,11,2,82,13.67,124,16,10,27,2,0,0,9,63,1,36,44,8,2,17,101,1,46,80,8,8,10,0,0,0,0,0,0,0
1426310,2024,2024-05-22,1,"Narendra Modi Stadium, Ahmedabad",Narendra Modi Stadium,Ahmedabad,Ahmedabad,Royal Challengers Bengaluru,Royal Challengers Bengaluru,Rajasthan Royals,Rajasthan Royals,172,168,4,8,120,20,100,13,8,37,2,0,0,2,50,1,36,32,5,2,13,75,4,54,40,4,4,16,47,3,30,28,4,2,8
1426310,2024,2024-05-22,2,"Narendra Modi Stadium, Ahmedabad",Narendra Modi Stadium,Ahmedabad,Ahmedabad,Rajasthan Royals,Rajasthan Royals,Royal Challengers Bengaluru,Royal Challengers Bengaluru,174,168,6,6,114,19,110,20,5,34,5,0,0,1,47,1,36,36,9,0,16,79,3,54,36,6,2,10,48,2,24,38,5,3,8
1426311,2024,2024-05-24,1,"MA Chidambaram Stadium, Chepauk, Chennai",MA Chidambaram Stadium,Chennai,Chennai,Sunrisers Hyderabad,Sunrisers Hyderabad,Rajasthan Royals,Rajasthan Royals,175,167,8,9,120,20,98,11,9,40,7,0,0,1,68,3,36,50,8,3,9,64,3,54,28,1,4,20,43,3,30,20,2,2,11
1426311,2024,2024-05-24,2,"MA Chidambaram Stadium, Chepauk, Chennai",MA Chidambaram Stadium,Chennai,Chennai,Rajasthan Royals,Rajasthan Royals,Sunrisers Hyderabad,Sunrisers Hyderabad,139,134,5,7,120,20,82,13,5,54,3,1,0,1,51,1,36,36,6,2,16,51,5,54,20,2,2,24,37,1,30,26,5,1,14
1426312,2024,2024-05-26,1,"MA Chidambaram Stadium, Chepauk, Chennai",MA Chidambaram Stadium,Chennai,Chennai,Sunrisers Hyderabad,Sunrisers Hyderabad,Kolkata Knight Riders,Kolkata Knight Riders,113,100,13,10,111,18.5,50,8,3,53,6,0,5,2,40,3,36,22,4,1,19,50,5,54,22,4,1,26,23,2,21,6,0,1,8
1426312,2024,2024-05-26,2,"MA Chidambaram Stadium, Chepauk, Chennai",MA Chidambaram Stadium,Chennai,Chennai,Kolkata Knight Riders,Kolkata Knight Riders,Sunrisers Hyderabad,Sunrisers Hyderabad,114,103,11,2,63,10.5,76,10,6,21,5,0,4,2,72,1,36,56,8,4,14,42,1,27,20,2,2,7,0,0,0,0,0,0,0
1473438,2025,2025-03-22,1,"Eden Gardens, Kolkata",Eden Gardens,Kolkata,Kolkata,Kolkata Knight Riders,Kolkata Knight Riders,Royal Challengers Bengaluru,Royal Challengers Bengaluru,174,168,6,8,120,20,120,18,8,48,4,0,0,2,60,1,36,56,8,4,20,85,4,54,50,8,3,16,29,3,30,14,2,1,12
1473438,2025,2025-03-22,2,"Eden Gardens, Kolkata",Eden Gardens,Kolkata,Kolkata,Royal Challengers Bengaluru,Royal Challengers Bengaluru,Kolkata Knight Riders,Kolkata Knight Riders,177,174,3,3,98,16.33,126,21,7,25,1,0,0,2,80,0,36,64,10,4,10,77,2,54,44,8,2,13,20,1,8,18,3,1,2
1473439,2025,2025-03-23,1,"Rajiv Gandhi International Stadium, Uppal, Hyderabad","Rajiv Gandhi International Stadium, Uppal",Hyderabad,Hyderabad,Sunrisers Hyderabad,Sunrisers Hyderabad,Rajasthan Royals,Rajasthan Royals,286,268,18,6,120,20,208,34,12,24,10,2,0,1,94,1,36,78,15,3,9,114,2,54,74,11,5,9,78,3,30,56,8,4,6
1473439,2025,2025-03-23,2,"Rajiv Gandhi International Stadium, Uppal, Hyderabad","Rajiv Gandhi International Stadium, Uppal",Hyderabad,Hyderabad,Rajasthan Royals,Rajasthan Royals,Sunrisers Hyderabad,Sunrisers Hyderabad,242,229,13,6,120,20,176,17,18,39,7,2,4,0,77,3,36,62,11,3,14,92,2,54,64,4,8,19,73,1,30,50,2,7,6
1473440,2025,2025-03-23,1,"MA Chidambaram Stadium, Chepauk, Chennai",MA Chidambaram Stadium,Chennai,Chennai,Mumbai Indians,Mumbai Indians,Chennai Super Kings,Chennai Super Kings,155,145,10,9,120,20,82,13,5,47,4,1,4,1,52,3,36,42,9,1,18,58,3,54,16,1,2,20,45,3,30,24,3,2,9
1473440,2025,2025-03-23,2,"MA Chidambaram Stadium, Chepauk, Chennai",MA Chidambaram Stadium,Chennai,Chennai,Chennai Super Kings,Chennai Super Kings,Mumbai Indians,Mumbai Indians,158,153,5,6,115,19.17,84,9,8,37,5,0,0,0,62,1,36,44,8,2,12,57,4,54,18,0,3,19,39,1,25,22,1,3,6
1473441,2025,2025-03-24,1,"Dr. Y.S. Rajasekhara Reddy ACA-VDCA Cricket Stadium, Visakhapatnam",Dr Y.S. Rajasekhara Reddy ACA-VDCA Cricket Stadium,Visakhapatnam,Visakhapatnam,Lucknow Super Giants,Lucknow Super Giants,Delhi Capitals,Delhi Capitals,209,202,7,8,120,20,156,15,16,44,4,1,0,2,64,1,36,52,7,4,15,106,3,54,84,6,10,18,39,4,30,20,2,2,11
1473441,2025,2025-03-24,2,"Dr. Y.S. Rajasekhara Reddy ACA-VDCA Cricket Stadium, Visakhapatnam",Dr Y.S. Rajasekhara Reddy ACA-VDCA Cricket Stadium,Visakhapatnam,Visakhapatnam,Delhi Capitals,Delhi Capitals,Lucknow Super Giants,Lucknow Super Giants,211,203,8,9,117,19.5,154,19,13,38,8,0,0,0,58,4,36,40,7,2,15,90,2,54,60,6,6,15,63,3,27,54,6,5,8
1473442,2025,2025-03-25,1,"Narendra Modi Stadium, Ahmedabad",Narendra Modi Stadium,Ahmedabad,Ahmedabad,Punjab Kings,Punjab Kings,Gujarat Titans,Gujarat Titans,243,229,14,5,120,20,184,22,16,40,6,0,0,8,73,1,36,54,9,3,13,83,3,54,62,5,7,24,87,1,30,68,8,6,3
1473442,2025,2025-03-25,2,"Narendra Modi Stadium, Ahmedabad",Narendra Modi Stadium,Ahmedabad,Ahmedabad,Gujarat Titans,Gujarat Titans,Punjab Kings,Punjab Kings,232,220,12,5,120,20,156,15,16,33,8,0,0,4,61,1,36,42,3,5,14,113,1,54,80,8,8,11,58,3,30,34,4,3,8
1473443,2025,2025-03-26,1,"Barsapara Cricket Stadium, Guwahati",Barsapara Cricket Stadium,Guwahati,Guwahati,Rajasthan Royals,Rajasthan Royals,Kolkata Knight Riders,Kolkata Knight Riders,151,147,4,9,120,20,86,11,7,47,4,0,0,0,54,1,36,40,4,4,16,56,5,54,22,4,1,17,41,3,30,24,3,2,14
1473443,2025,2025-03-26,2,"Barsapara Cricket Stadium, Guwahati",Barsapara Cricket Stadium,Guwahati,Guwahati,Kolkata Knight Riders,Kolkata Knight Riders,Rajasthan Royals,Rajasthan Royals,153,142,11,2,105,17.5,86,11,7,31,9,0,0,2,40,0,36,28,4,2,20,78,2,54,38,5,3,8,35,0,15,20,2,2,3
1473444,2025,2025-03-27,1,"Rajiv Gandhi International Stadium, Uppal, Hyderabad","Rajiv Gandhi International Stadium, Uppal",Hyderabad,Hyderabad,Sunrisers Hyderabad,Sunrisers Hyderabad,Lucknow Super Giants,Lucknow Super Giants,190,183,7,9,120,20,112,10,12,39,6,1,0,0,62,2,36,42,6,3,13,81,3,54,40,4,4,16,47,4,30,30,0,5,10
1473444,2025,2025-03-27,2,"Rajiv Gandhi International Stadium, Uppal, Hyderabad","Rajiv Gandhi International Stadium, Uppal",Hyderabad,Hyderabad,Lucknow Super Giants,Lucknow Super Giants,Sunrisers Hyderabad,Sunrisers Hyderabad,193,179,14,5,97,16.17,138,18,11,28,13,0,0,1,77,1,36,60,6,6,13,99,4,54,64,10,4,14,17,0,7,14,2,1,1
1473445,2025,2025-03-28,1,"MA Chidambaram Stadium, Chepauk, Chennai",MA Chidambaram Stadium,Chennai,Chennai,Royal Challengers Bengaluru,Royal Challengers Bengaluru,Chennai Super Kings,Chennai Super Kings,196,185,11,7,120,20,132,15,12,43,8,0,0,3,56,1,36,36,6,2,13,82,2,54,48,6,4,16,58,4,30,48,3,6,14
1473445,2025,2025-03-28,2,"MA Chidambaram Stadium, Chepauk, Chennai",MA Chidambaram Stadium,Chennai,Chennai,Chennai Super Kings,Chennai Super Kings,Royal Challengers Bengaluru,Royal Challengers Bengaluru,146,143,3,8,120,20,84,15,4,48,2,0,1,0,30,3,36,16,4,0,20,68,3,54,30,6,1,14,48,2,30,38,5,3,14
1473446,2025,2025-03-29,1,"Narendra Modi Stadium, Ahmedabad",Narendra Modi Stadium,Ahmedabad,Ahmedabad,Gujarat Titans,Gujarat Titans,Mumbai Indians,Mumbai Indians,196,181,15,8,120,20,106,13,9,35,14,0,1,0,66,0,36,40,7,2,11,74,2,54,30,6,1,13,56,6,30,36,0,6,11
1473446,2025,2025-03-29,2,"Narendra Modi Stadium, Ahmedabad",Narendra Modi Stadium,Ahmedabad,Ahmedabad,Mumbai Indians,Mumbai Indians,Gujarat Titans,Gujarat Titans,160,151,9,6,120,20,90,12,7,45,7,0,0,2,48,2,36,32,5,2,18,70,2,54,30,3,3,16,42,2,30,28,4,2,11
1473447,2025,2025-03-30,1,"Dr. Y.S. Rajasekhara Reddy ACA-VDCA Cricket Stadium, Visakhapatnam",Dr Y.S. Rajasekhara Reddy ACA-VDCA Cricket Stadium,Visakhapatnam,Visakhapatnam,Sunrisers Hyderabad,Sunrisers Hyderabad,Delhi Capitals,Delhi Capitals,163,152,11,10,112,18.67,96,12,8,41,9,2,0,0,58,4,36,34,7,1,14,82,3,54,52,4,6,19,23,3,22,10,1,1,8
1473447,2025,2025-03-30,2,"Dr. Y.S. Rajasekhara Reddy ACA-VDCA Cricket Stadium, Visakhapatnam",Dr Y.S. Rajasekhara Reddy ACA-VDCA Cricket Stadium,Visakhapatnam,Visakhapatnam,Delhi Capitals,Delhi Capitals,Sunrisers Hyderabad,Sunrisers Hyderabad,166,158,8,3,96,16,104,14,8,24,2,0,2,4,52,0,36,30,3,3,15,98,3,54,60,9,4,8,16,0,6,14,2,1,1
1473448,2025,2025-03-30,1,"Barsapara Cricket Stadium, Guwahati",Barsapara Cricket Stadium,Guwahati,Guwahati,Rajasthan Royals,Rajasthan Royals,Chennai Super Kings,Chennai Super Kings,182,172,10,9,120,20,114,15,9,41,8,0,2,0,79,1,36,66,9,5,10,66,4,54,28,4,2,17,37,4,30,20,2,2,14
1473448,2025,2025-03-30,2,"Barsapara Cricket Stadium, Guwahati",Barsapara Cricket Stadium,Guwahati,Guwahati,Chennai Super Kings,Chennai Super Kings,Rajasthan Royals,Rajasthan Royals,176,172,4,6,120,20,104,14,8,40,3,0,0,1,42,1,36,30,6,1,20,80,3,54,42,6,3,14,54,2,30,32,2,4,6
1473449,2025,2025-03-31,1,"Wankhede Stadium, Mumbai",Wankhede Stadium,Mumbai,Mumbai,Kolkata Knight Riders,Kolkata Knight Riders,Mumbai Indians,Mumbai Indians,116,109,7,10,98,16.33,72,9,6,50,4,1,0,2,41,4,36,28,4,2,20,60,5,54,32,5,2,26,15,1,8,12,0,2,4
1473449,2025,2025-03-31,2,"Wankhede Stadium, Mumbai",Wankhede Stadium,Mumbai,Mumbai,Mumbai Indians,Mumbai Indians,Kolkata Knight Riders,Kolkata Knight Riders,121,118,3,2,77,12.83,82,7,9,30,1,2,0,0,55,1,36,36,3,4,17,66,1,41,46,4,5,13,0,0,0,0,0,0,0
1473450,2025,2025-04-01,1,"Bharat Ratna Shri Atal Bihari Vajpayee Ekana Cricket Stadium, Lucknow",Bharat Ratna Shri Atal Bihari Vajpayee Ekana Cricket Stadium,Lucknow,Lucknow,Lucknow Super Giants,Lucknow Super Giants,Punjab Kings,Punjab Kings,171,164,7,7,120,20,108,15,8,44,6,0,0,1,39,3,36,22,4,1,17,78,1,54,56,8,4,21,54,3,30,30,3,3,6
1473450,2025,2025-04-01,2,"Bharat Ratna Shri Atal Bihari Vajpayee Ekana Cricket Stadium, Lucknow",Bharat Ratna Shri Atal Bihari Vajpayee Ekana Cricket Stadium,Lucknow,Lucknow,Punjab Kings,Punjab Kings,Lucknow Super Giants,Lucknow Super Giants,177,172,5,2,98,16.33,130,16,11,30,4,0,0,1,62,1,36,46,7,3,11,93,1,54,62,8,5,15,22,0,8,22,1,3,4
1473451,2025,2025-04-02,1,"M Chinnaswamy Stadium, Bengaluru",M Chinnaswamy Stadium,Bengaluru,Bengaluru,Royal Challengers Bengaluru,Royal Challengers Bengaluru,Gujarat Titans,Gujarat Titans,169,162,7,8,120,20,114,15,9,50,3,0,0,4,38,3,36,22,4,1,17,67,3,54,44,8,2,24,64,2,30,48,3,6,9
1473451,2025,2025-04-02,2,"M Chinnaswamy Stadium, Bengaluru",M Chinnaswamy Stadium,Bengaluru,Bengaluru,Gujarat Titans,Gujarat Titans,Royal Challengers Bengaluru,Royal Challengers Bengaluru,170,166,4,2,107,17.83,122,14,11,36,1,0,0,3,42,1,36,24,3,2,15,92,1,54,70,10,5,17,36,0,17,28,1,4,4
1473452,2025,2025-04-03,1,"Eden Gardens, Kolkata",Eden Gardens,Kolkata,Kolkata,Kolkata Knight Riders,Kolkata Knight Riders,Sunrisers Hyderabad,Sunrisers Hyderabad,200,189,11,6,120,20,134,17,11,38,3,0,0,8,53,2,36,34,1,5,16,69,2,54,38,5,3,19,78,2,30,62,11,3,3
1473452,2025,2025-04-03,2,"Eden Gardens, Kolkata",Eden Gardens,Kolkata,Kolkata,Sunrisers Hyderabad,Sunrisers Hyderabad,Kolkata Knight Riders,Kolkata Knight Riders,120,112,8,10,100,16.67,66,9,5,42,5,0,0,3,33,3,36,18,3,1,21,81,4,54,48,6,4,15,6,3,10,0,0,0,6
1473453,2025,2025-04-04,1,"Bharat Ratna Shri Atal Bihari Vajpayee Ekana Cricket Stadium, Lucknow",Bharat Ratna Shri Atal Bihari Vajpayee Ekana Cricket Stadium,Lucknow,Lucknow,Lucknow Super Giants,Lucknow Super Giants,Mumbai Indians,Mumbai Indians,203,195,8,8,120,20,132,21,8,38,8,0,0,0,69,0,36,52,10,2,12,77,3,54,44,5,4,19,57,5,30,36,6,2,7
1473453,2025,2025-04-04,2,"Bharat Ratna Shri Atal Bihari Vajpayee Ekana Cricket Stadium, Lucknow",Bharat Ratna Shri Atal Bihari Vajpayee Ekana Cricket Stadium,Lucknow,Lucknow,Mumbai Indians,Mumbai Indians,Lucknow Super Giants,Lucknow Super Giants,191,183,8,5,120,20,106,19,5,29,4,0,0,4,64,2,36,40,4,4,9,79,1,54,44,11,0,15,48,2,30,22,4,1,5
1473454,2025,2025-04-05,1,"MA Chidambaram Stadium, Chepauk, Chennai",MA Chidambaram Stadium,Chennai,Chennai,Delhi Capitals,Delhi Capitals,Chennai Super Kings,Chennai Super Kings,183,177,6,6,120,20,102,15,7,29,5,0,0,1,51,1,36,32,5,2,11,87,2,54,48,6,4,11,45,3,30,22,4,1,7
1473454,2025,2025-04-05,2,"MA Chidambaram Stadium, Chepauk, Chennai",MA Chidambaram Stadium,Chennai,Chennai,Chennai Super Kings,Chennai Super Kings,Delhi Capitals,Delhi Capitals,158,140,18,5,120,20,54,9,3,31,10,2,0,6,46,3,36,16,4,0,12,60,2,54,18,3,1,15,52,0,30,20,2,2,4
1473455,2025,2025-04-05,1,"Maharaja Yadavindra Singh International Cricket Stadium, Mullanpur",Maharaja Yadavindra Singh International Cricket Stadium,Mohali,Mohali,Rajasthan Royals,Rajasthan Royals,Punjab Kings,Punjab Kings,205,193,12,4,120,20,128,17,10,34,10,0,0,2,53,0,36,34,4,3,15,89,3,54,48,9,2,11,63,1,30,46,4,5,8
1473455,2025,2025-04-05,2,"Maharaja Yadavindra Singh International Cricket Stadium, Mullanpur",Maharaja Yadavindra Singh International Cricket Stadium,Mohali,Mohali,Punjab Kings,Punjab Kings,Rajasthan Royals,Rajasthan Royals,155,140,15,9,120,20,72,12,4,41,9,0,5,1,43,3,36,16,4,0,13,88,2,54,52,7,4,15,24,4,30,4,1,0,13
1473457,2025,2025-04-06,1,"Rajiv Gandhi International Stadium, Uppal, Hyderabad","Rajiv Gandhi International Stadium, Uppal",Hyderabad,Hyderabad,Sunrisers Hyderabad,Sunrisers Hyderabad,Gujarat Titans,Gujarat Titans,152,148,4,8,120,20,88,19,2,45,2,0,0,2,45,2,36,32,8,0,18,60,2,54,26,5,1,18,47,4,30,30,6,1,9
1473457,2025,2025-04-06,2,"Rajiv Gandhi International Stadium, Uppal, Hyderabad","Rajiv Gandhi International Stadium, Uppal",Hyderabad,Hyderabad,Gujarat Titans,Gujarat Titans,Sunrisers Hyderabad,Sunrisers Hyderabad,153,150,3,3,100,16.67,98,20,3,28,3,0,0,0,48,2,36,32,5,2,14,82,1,54,48,12,0,13,23,0,10,18,3,1,1
1473458,2025,2025-04-07,1,"Wankhede Stadium, Mumbai",Wankhede Stadium,Mumbai,Mumbai,Royal Challengers Bengaluru,Royal Challengers Bengaluru,Mumbai Indians,Mumbai Indians,221,213,8,5,120,20,150,18,13,31,7,0,0,1,73,1,36,56,8,4,10,78,3,54,42,6,3,15,70,1,30,52,4,6,6
1473458,2025,2025-04-07,2,"Wankhede Stadium, Mumbai",Wankhede Stadium,Mumbai,Mumbai,Mumbai Indians,Mumbai Indians,Royal Challengers Bengaluru,Royal Challengers Bengaluru,209,202,7,9,120,20,156,21,12,47,6,0,0,1,54,2,36,44,8,2,18,103,2,54,76,10,6,17,52,5,30,36,3,4,12
1473456,2025,2025-04-08,1,"Eden Gardens, Kolkata",Eden Gardens,Kolkata,Kolkata,Lucknow Super Giants,Lucknow Super Giants,Kolkata Knight Riders,Kolkata Knight Riders,238,225,13,3,120,20,162,18,15,32,8,0,2,3,59,0,36,36,3,4,11,111,1,54,72,9,6,13,68,2,30,54,6,5,8
1473456,2025,2025-04-08,2,"Eden Gardens, Kolkata",Eden Gardens,Kolkata,Kolkata,Kolkata Knight Riders,Kolkata Knight Riders,Lucknow Super Giants,Lucknow Super Giants,234,212,22,7,120,20,168,27,10,42,20,0,1,1,90,1,36,72,9,6,13,83,4,54,42,9,1,17,61,2,30,54,9,3,12
1473459,2025,2025-04-08,1,"Maharaja Yadavindra Singh International Cricket Stadium, Mullanpur",Maharaja Yadavindra Singh International Cricket Stadium,Mohali,Mohali,Punjab Kings,Punjab Kings,Chennai Super Kings,Chennai Super Kings,219,212,7,6,120,20,140,11,16,34,2,2,0,3,75,3,36,56,5,6,13,89,3,54,58,4,7,18,55,0,30,26,2,3,3
1473459,2025,2025-04-08,2,"Maharaja Yadavindra Singh International Cricket Stadium, Mullanpur",Maharaja Yadavindra Singh International Cricket Stadium,Mohali,Mohali,Chennai Super Kings,Chennai Super Kings,Punjab Kings,Punjab Kings,201,186,15,5,120,20,112,16,8,29,9,1,0,5,59,0,36,40,10,0,12,86,2,54,44,5,4,13,56,3,30,28,1,4,4
1473460,2025,2025-04-09,1,"Narendra Modi Stadium, Ahmedabad",Narendra Modi Stadium,Ahmedabad,Ahmedabad,Gujarat Titans,Gujarat Titans,Rajasthan Royals,Rajasthan Royals,217,199,18,6,120,20,134,20,9,35,17,0,1,0,56,1,36,32,5,2,13,89,1,54,52,10,2,13,72,4,30,50,5,5,9
1473460,2025,2025-04-09,2,"Narendra Modi Stadium, Ahmedabad",Narendra Modi Stadium,Ahmedabad,Ahmedabad,Rajasthan Royals,Rajasthan Royals,Gujarat Titans,Gujarat Titans,159,150,9,10,116,19.33,92,11,8,45,9,0,0,0,57,2,36,44,5,4,19,82,4,54,44,5,4,14,20,4,26,4,1,0,12
1473461,2025,2025-04-10,1,"M Chinnaswamy Stadium, Bengaluru",M Chinnaswamy Stadium,Bengaluru,Bengaluru,Royal Challengers Bengaluru,Royal Challengers Bengaluru,Delhi Capitals,Delhi Capitals,163,148,15,7,120,20,96,9,10,53,9,1,0,5,64,2,36,44,5,4,18,53,4,54,20,2,2,21,46,1,30,32,2,4,14
1473461,2025,2025-04-10,2,"M Chinnaswamy Stadium, Bengaluru",M Chinnaswamy Stadium,Bengaluru,Bengaluru,Delhi Capitals,Delhi Capitals,Royal Challengers Bengaluru,Royal Challengers Bengaluru,169,162,7,4,107,17.83,102,15,7,32,7,0,0,0,39,3,36,20,5,0,17,82,1,54,48,6,4,14,48,0,17,34,4,3,1
1473462,2025,2025-04-11,1,"MA Chidambaram Stadium, Chepauk, Chennai",MA Chidambaram Stadium,Chennai,Chennai,Chennai Super Kings,Chennai Super Kings,Kolkata Knight Riders,Kolkata Knight Riders,103,98,5,9,120,20,38,8,1,60,4,0,0,1,31,2,36,16,4,0,20,43,5,54,10,1,1,24,29,2,30,12,3,0,16
1473462,2025,2025-04-11,2,"MA Chidambaram Stadium, Chepauk, Chennai",MA Chidambaram Stadium,Chennai,Chennai,Kolkata Knight Riders,Kolkata Knight Riders,Chennai Super Kings,Chennai Super Kings,107,102,5,2,61,10.17,76,4,10,25,2,2,0,1,71,1,36,54,3,7,14,36,1,25,22,1,3,11,0,0,0,0,0,0,0
1473463,2025,2025-04-12,1,"Bharat Ratna Shri Atal Bihari Vajpayee Ekana Cricket Stadium, Lucknow",Bharat Ratna Shri Atal Bihari Vajpayee Ekana Cricket Stadium,Lucknow,Lucknow,Gujarat Titans,Gujarat Titans,Lucknow Super Giants,Lucknow Super Giants,180,171,9,6,120,20,90,18,3,30,9,0,0,0,54,0,36,30,6,1,9,81,3,54,38,8,1,14,45,3,30,22,4,1,7
1473463,2025,2025-04-12,2,"Bharat Ratna Shri Atal Bihari Vajpayee Ekana Cricket Stadium, Lucknow",Bharat Ratna Shri Atal Bihari Vajpayee Ekana Cricket Stadium,Lucknow,Lucknow,Lucknow Super Giants,Lucknow Super Giants,Gujarat Titans,Gujarat Titans,186,177,9,4,117,19.5,118,16,9,39,8,0,1,0,61,0,36,42,9,1,14,93,2,54,62,5,7,17,32,2,27,14,2,1,8
1473464,2025,2025-04-12,1,"Rajiv Gandhi International Stadium, Uppal, Hyderabad","Rajiv Gandhi International Stadium, Uppal",Hyderabad,Hyderabad,Punjab Kings,Punjab Kings,Sunrisers Hyderabad,Sunrisers Hyderabad,245,231,14,6,120,20,168,18,16,27,12,0,0,2,89,1,36,72,9,6,9,88,3,54,46,4,5,13,68,2,30,50,5,5,5
1473464,2025,2025-04-12,2,"Rajiv Gandhi International Stadium, Uppal, Hyderabad","Rajiv Gandhi International Stadium, Uppal",Hyderabad,Hyderabad,Sunrisers Hyderabad,Sunrisers Hyderabad,Punjab Kings,Punjab Kings,247,237,10,2,111,18.5,188,26,14,27,8,1,0,1,83,0,36,66,12,3,12,122,1,54,90,9,9,10,42,1,21,32,5,2,5
1473465,2025,2025-04-13,1,"Sawai Mansingh Stadium, Jaipur",Sawai Mansingh Stadium,Jaipur,Jaipur,Rajasthan Royals,Rajasthan Royals,Royal Challengers Bengaluru,Royal Challengers Bengaluru,173,168,5,4,120,20,102,18,5,33,2,0,0,3,45,0,36,30,6,1,16,69,2,54,34,7,1,13,59,2,30,38,5,3,4
1473465,2025,2025-04-13,2,"Sawai Mansingh Stadium, Jaipur",Sawai Mansingh Stadium,Jaipur,Jaipur,Royal Challengers Bengaluru,Royal Challengers Bengaluru,Rajasthan Royals,Rajasthan Royals,175,167,8,1,105,17.5,110,14,9,31,7,1,0,0,65,0,36,48,6,4,11,81,1,54,44,5,4,16,29,0,15,18,3,1,4
1473466,2025,2025-04-13,1,"Arun Jaitley Stadium, Delhi",Arun Jaitley Stadium,Delhi,Delhi,Mumbai Indians,Mumbai Indians,Delhi Capitals,Delhi Capitals,205,199,6,5,120,20,148,22,10,41,5,0,0,1,59,1,36,46,7,3,15,87,3,54,62,8,5,20,59,1,30,40,7,2,6
1473466,2025,2025-04-13,2,"Arun Jaitley Stadium, Delhi",Arun Jaitley Stadium,Delhi,Delhi,Delhi Capitals,Delhi Capitals,Mumbai Indians,Mumbai Indians,193,180,13,10,114,19,126,21,7,33,9,0,0,4,72,1,36,52,10,2,11,86,4,54,56,8,4,16,35,5,24,18,3,1,6
1473467,2025,2025-04-14,1,"Bharat Ratna Shri Atal Bihari Vajpayee Ekana Cricket Stadium, Lucknow",Bharat Ratna Shri Atal Bihari Vajpayee Ekana Cricket Stadium,Lucknow,Lucknow,Lucknow Super Giants,Lucknow Super Giants,Chennai Super Kings,Chennai Super Kings,166,155,11,7,120,20,104,11,10,52,8,1,1,1,42,2,36,32,5,2,20,67,2,54,38,5,3,21,57,3,30,34,1,5,11
1473467,2025,2025-04-14,2,"Bharat Ratna Shri Atal Bihari Vajpayee Ekana Cricket Stadium, Lucknow",Bharat Ratna Shri Atal Bihari Vajpayee Ekana Cricket Stadium,Lucknow,Lucknow,Chennai Super Kings,Chennai Super Kings,Lucknow Super Giants,Lucknow Super Giants,168,158,10,5,117,19.5,98,20,3,39,8,1,0,1,59,1,36,44,11,0,13,52,4,54,14,2,1,19,57,0,27,40,7,2,7
1473468,2025,2025-04-15,1,"Maharaja Yadavindra Singh International Cricket Stadium, Mullanpur",Maharaja Yadavindra Singh International Cricket Stadium,Mohali,Mohali,Punjab Kings,Punjab Kings,Kolkata Knight Riders,Kolkata Knight Riders,111,106,5,10,93,15.5,70,10,5,44,3,0,2,0,54,4,36,44,5,4,19,55,4,54,26,5,1,24,2,2,3,0,0,0,1
1473468,2025,2025-04-15,2,"Maharaja Yadavindra Singh International Cricket Stadium, Mullanpur",Maharaja Yadavindra Singh International Cricket Stadium,Mohali,Mohali,Kolkata Knight Riders,Kolkata Knight Riders,Punjab Kings,Punjab Kings,95,90,5,10,91,15.17,56,8,4,50,1,0,0,4,55,2,36,40,7,2,16,40,7,54,16,1,2,33,0,1,1,0,0,0,1
1473469,2025,2025-04-16,1,"Arun Jaitley Stadium, Delhi",Arun Jaitley Stadium,Delhi,Delhi,Delhi Capitals,Delhi Capitals,Rajasthan Royals,Rajasthan Royals,188,179,9,5,120,20,110,17,7,33,7,1,0,1,46,2,36,34,7,1,16,65,2,54,26,2,3,14,77,1,30,50,8,3,3
1473469,2025,2025-04-16,2,"Arun Jaitley Stadium, Delhi",Arun Jaitley Stadium,Delhi,Delhi,Rajasthan Royals,Rajasthan Royals,Delhi Capitals,Delhi Capitals,188,182,6,5,120,20,118,13,11,36,3,1,1,1,63,1,36,46,4,5,15,69,2,54,42,6,3,18,56,2,30,30,3,3,3
1473469,2025,2025-04-16,3,"Arun Jaitley Stadium, Delhi",Arun Jaitley Stadium,Delhi,Delhi,Rajasthan Royals,Rajasthan Royals,Delhi Capitals,Delhi Capitals,11,10,1,2,5,0.83,8,2,0,2,0,1,0,0,11,2,5,8,2,0,2,0,0,0,0,0,0,0,0,0,0,0,0,0,0
1473469,2025,2025-04-16,4,"Arun Jaitley Stadium, Delhi",Arun Jaitley Stadium,Delhi,Delhi,Delhi Capitals,Delhi Capitals,Rajasthan Royals,Rajasthan Royals,13,13,0,0,4,0.67,10,1,1,0,0,0,0,0,13,0,4,10,1,1,0,0,0,0,0,0,0,0,0,0,0,0,0,0,0
1473470,2025,2025-04-17,1,"Wankhede Stadium, Mumbai",Wankhede Stadium,Mumbai,Mumbai,Sunrisers Hyderabad,Sunrisers Hyderabad,Mumbai Indians,Mumbai Indians,162,152,10,5,120,20,86,14,5,38,8,1,1,0,46,0,36,28,7,0,16,59,3,54,20,5,0,15,57,2,30,38,2,5,7
1473470,2025,2025-04-17,2,"Wankhede Stadium, Mumbai",Wankhede Stadium,Mumbai,Mumbai,Mumbai Indians,Mumbai Indians,Sunrisers Hyderabad,Sunrisers Hyderabad,166,161,5,6,109,18.17,108,15,8,38,3,1,0,1,55,1,36,34,4,3,12,82,3,54,56,8,4,21,29,2,19,18,3,1,5
1473471,2025,2025-04-18,1,"M Chinnaswamy Stadium, Bengaluru",M Chinnaswamy Stadium,Bengaluru,Bengaluru,Royal Challengers Bengaluru,Royal Challengers Bengaluru,Punjab Kings,Punjab Kings,95,94,1,9,84,14,60,9,4,43,0,1,0,0,33,4,36,18,3,1,19,62,5,48,42,6,3,24,0,0,0,0,0,0,0
1473471,2025,2025-04-18,2,"M Chinnaswamy Stadium, Bengaluru",M Chinnaswamy Stadium,Bengaluru,Bengaluru,Punjab Kings,Punjab Kings,Royal Challengers Bengaluru,Royal Challengers Bengaluru,98,91,7,5,73,12.17,62,8,5,31,2,0,4,1,46,2,36,26,5,1,14,52,3,37,36,3,4,17,0,0,0,0,0,0,0
1473472,2025,2025-04-19,1,"Narendra Modi Stadium, Ahmedabad",Narendra Modi Stadium,Ahmedabad,Ahmedabad,Delhi Capitals,Delhi Capitals,Gujarat Titans,Gujarat Titans,203,191,12,8,120,20,120,15,10,28,9,0,0,3,73,2,36,56,8,4,13,77,2,54,34,4,3,9,53,4,30,30,3,3,6
1473472,2025,2025-04-19,2,"Narendra Modi Stadium, Ahmedabad",Narendra Modi Stadium,Ahmedabad,Ahmedabad,Gujarat Titans,Gujarat Titans,Delhi Capitals,Delhi Capitals,204,194,10,3,116,19.33,130,19,9,29,4,1,0,5,67,1,36,50,8,3,10,91,1,54,56,8,4,15,46,1,26,24,3,2,4
1473473,2025,2025-04-19,1,"Sawai Mansingh Stadium, Jaipur",Sawai Mansingh Stadium,Jaipur,Jaipur,Lucknow Super Giants,Lucknow Super Giants,Rajasthan Royals,Rajasthan Royals,180,171,9,5,120,20,96,12,8,34,5,0,0,4,46,2,36,28,7,0,16,75,1,54,30,3,3,14,59,2,30,38,2,5,4
1473473,2025,2025-04-19,2,"Sawai Mansingh Stadium, Jaipur",Sawai Mansingh Stadium,Jaipur,Jaipur,Rajasthan Royals,Rajasthan Royals,Lucknow Super Giants,Lucknow Super Giants,178,176,2,5,120,20,108,12,10,38,1,0,0,1,61,0,36,48,3,6,14,74,2,54,38,5,3,16,43,3,30,22,4,1,8
1473474,2025,2025-04-20,1,"Maharaja Yadavindra Singh International Cricket Stadium, Mullanpur",Maharaja Yadavindra Singh International Cricket Stadium,Mohali,Mohali,Punjab Kings,Punjab Kings,Royal Challengers Bengaluru,Royal Challengers Bengaluru,157,152,5,6,120,20,78,12,5,37,4,0,0,1,62,1,36,48,9,2,15,57,5,54,18,3,1,17,38,0,30,12,0,2,5
1473474,2025,2025-04-20,2,"Maharaja Yadavindra Singh International Cricket Stadium, Mullanpur",Maharaja Yadavindra Singh International Cricket Stadium,Mohali,Mohali,Royal Challengers Bengaluru,Royal Challengers Bengaluru,Punjab Kings,Punjab Kings,159,158,1,3,113,18.83,92,14,6,35,1,0,0,0,54,1,36,38,8,1,15,68,1,54,34,4,3,16,37,1,23,20,2,2,4
1473475,2025,2025-04-20,1,"Wankhede Stadium, Mumbai",Wankhede Stadium,Mumbai,Mumbai,Chennai Super Kings,Chennai Super Kings,Mumbai Indians,Mumbai Indians,176,167,9,5,120,20,96,12,8,39,6,0,0,3,48,1,36,24,3,2,15,70,2,54,32,5,2,16,58,2,30,40,4,4,8
1473475,2025,2025-04-20,2,"Wankhede Stadium, Mumbai",Wankhede Stadium,Mumbai,Mumbai,Mumbai Indians,Mumbai Indians,Chennai Super Kings,Chennai Super Kings,177,168,9,1,94,15.67,124,13,12,27,8,0,0,1,62,0,36,44,5,4,16,95,1,54,62,8,5,11,20,0,4,18,0,3,0
1473476,2025,2025-04-21,1,"Eden Gardens, Kolkata",Eden Gardens,Kolkata,Kolkata,Gujarat Titans,Gujarat Titans,Kolkata Knight Riders,Kolkata Knight Riders,198,194,4,3,120,20,126,24,5,31,3,1,0,0,45,0,36,24,6,0,11,94,1,54,60,12,2,13,59,2,30,42,6,3,7
1473476,2025,2025-04-21,2,"Eden Gardens, Kolkata",Eden Gardens,Kolkata,Kolkata,Kolkata Knight Riders,Kolkata Knight Riders,Gujarat Titans,Gujarat Titans,159,149,10,8,120,20,86,14,5,43,6,0,0,4,45,2,36,30,6,1,17,69,2,54,24,3,2,14,45,4,30,32,5,2,12
1473477,2025,2025-04-22,1,"Bharat Ratna Shri Atal Bihari Vajpayee Ekana Cricket Stadium, Lucknow",Bharat Ratna Shri Atal Bihari Vajpayee Ekana Cricket Stadium,Lucknow,Lucknow,Lucknow Super Giants,Lucknow Super Giants,Delhi Capitals,Delhi Capitals,159,158,1,6,120,20,80,14,4,34,1,0,0,0,51,0,36,30,3,3,12,67,4,54,26,5,1,12,41,2,30,24,6,0,10
1473477,2025,2025-04-22,2,"Bharat Ratna Shri Atal Bihari Vajpayee Ekana Cricket Stadium, Lucknow",Bharat Ratna Shri Atal Bihari Vajpayee Ekana Cricket Stadium,Lucknow,Lucknow,Delhi Capitals,Delhi Capitals,Lucknow Super Giants,Lucknow Super Giants,161,157,4,2,107,17.83,98,11,9,33,3,0,0,1,54,1,36,38,8,1,14,73,1,54,38,2,5,17,34,0,17,22,1,3,2
1473478,2025,2025-04-23,1,"Rajiv Gandhi International Stadium, Uppal, Hyderabad","Rajiv Gandhi International Stadium, Uppal",Hyderabad,Hyderabad,Sunrisers Hyderabad,Sunrisers Hyderabad,Mumbai Indians,Mumbai Indians,143,139,4,8,120,20,84,12,6,53,3,0,0,1,24,4,36,10,1,1,24,66,1,54,40,7,2,23,53,3,30,34,4,3,6
1473478,2025,2025-04-23,2,"Rajiv Gandhi International Stadium, Uppal, Hyderabad","Rajiv Gandhi International Stadium, Uppal",Hyderabad,Hyderabad,Mumbai Indians,Mumbai Indians,Sunrisers Hyderabad,Sunrisers Hyderabad,146,145,1,3,94,15.67,104,17,6,32,1,0,0,0,56,1,36,42,6,3,14,81,2,54,54,9,3,17,9,0,4,8,2,0,1
1473479,2025,2025-04-24,1,"M Chinnaswamy Stadium, Bengaluru",M Chinnaswamy Stadium,Bengaluru,Bengaluru,Royal Challengers Bengaluru,Royal Challengers Bengaluru,Rajasthan Royals,Rajasthan Royals,205,190,15,5,120,20,124,22,6,31,14,0,0,1,59,0,36,36,9,0,11,97,1,54,58,7,5,10,49,4,30,30,6,1,10
1473479,2025,2025-04-24,2,"M Chinnaswamy Stadium, Bengaluru",M Chinnaswamy Stadium,Bengaluru,Bengaluru,Rajasthan Royals,Rajasthan Royals,Royal Challengers Bengaluru,Royal Challengers Bengaluru,194,189,5,9,120,20,140,17,12,48,4,0,1,0,72,2,36,64,7,6,18,76,2,54,46,7,3,19,46,5,30,30,3,3,11
1473480,2025,2025-04-25,1,"MA Chidambaram Stadium, Chepauk, Chennai",MA Chidambaram Stadium,Chennai,Chennai,Chennai Super Kings,Chennai Super Kings,Sunrisers Hyderabad,Sunrisers Hyderabad,154,147,7,10,119,19.83,88,13,6,46,2,2,0,3,50,3,36,32,8,0,12,77,3,54,46,4,5,18,27,4,29,10,1,1,16
1473480,2025,2025-04-25,2,"MA Chidambaram Stadium, Chepauk, Chennai",MA Chidambaram Stadium,Chennai,Chennai,Sunrisers Hyderabad,Sunrisers Hyderabad,Chennai Super Kings,Chennai Super Kings,155,140,15,5,112,18.67,78,15,3,46,11,2,0,2,37,2,36,28,7,0,22,77,3,54,38,5,3,20,41,0,22,12,3,0,4
1473481,2025,2025-04-26,1,"Eden Gardens, Kolkata",Eden Gardens,Kolkata,Kolkata,Punjab Kings,Punjab Kings,Kolkata Knight Riders,Kolkata Knight Riders,201,198,3,4,120,20,138,18,11,34,2,1,0,0,56,0,36,40,7,2,13,105,2,54,76,7,8,13,40,2,30,22,4,1,8
1473481,2025,2025-04-26,2,"Eden Gardens, Kolkata",Eden Gardens,Kolkata,Kolkata,Kolkata Knight Riders,Kolkata Knight Riders,Punjab Kings,Punjab Kings,7,5,2,0,6,1,4,1,0,3,1,0,0,1,7,0,6,4,1,0,3,0,0,0,0,0,0,0,0,0,0,0,0,0,0
1473482,2025,2025-04-27,1,"Wankhede Stadium, Mumbai",Wankhede Stadium,Mumbai,Mumbai,Mumbai Indians,Mumbai Indians,Lucknow Super Giants,Lucknow Super Giants,215,210,5,7,120,20,156,18,14,38,5,0,0,0,66,1,36,56,5,6,17,91,3,54,60,9,4,13,58,3,30,40,4,4,8
1473482,2025,2025-04-27,2,"Wankhede Stadium, Mumbai",Wankhede Stadium,Mumbai,Mumbai,Lucknow Super Giants,Lucknow Super Giants,Mumbai Indians,Mumbai Indians,161,153,8,10,120,20,102,12,9,53,5,1,0,2,60,1,36,46,4,5,17,80,4,54,44,8,2,15,21,5,30,12,0,2,21
1473483,2025,2025-04-27,1,"Arun Jaitley Stadium, Delhi",Arun Jaitley Stadium,Delhi,Delhi,Delhi Capitals,Delhi Capitals,Royal Challengers Bengaluru,Royal Challengers Bengaluru,162,158,4,8,120,20,90,15,5,42,2,1,0,1,52,2,36,32,5,2,16,56,2,54,22,4,1,17,54,4,30,36,6,2,9
1473483,2025,2025-04-27,2,"Arun Jaitley Stadium, Delhi",Arun Jaitley Stadium,Delhi,Delhi,Royal Challengers Bengaluru,Royal Challengers Bengaluru,Delhi Capitals,Delhi Capitals,165,161,4,4,111,18.5,92,14,6,34,2,2,0,0,35,3,36,22,4,1,18,79,0,54,36,3,4,14,51,1,21,34,7,1,2
1473484,2025,2025-04-28,1,"Sawai Mansingh Stadium, Jaipur",Sawai Mansingh Stadium,Jaipur,Jaipur,Gujarat Titans,Gujarat Titans,Rajasthan Royals,Rajasthan Royals,209,200,9,4,120,20,118,13,11,27,8,0,0,1,53,0,36,28,7,0,9,96,1,54,56,2,8,11,60,3,30,34,4,3,7
1473484,2025,2025-04-28,2,"Sawai Mansingh Stadium, Jaipur",Sawai Mansingh Stadium,Jaipur,Jaipur,Rajasthan Royals,Rajasthan Royals,Gujarat Titans,Gujarat Titans,212,207,5,2,95,15.83,166,19,15,27,4,0,0,1,87,0,36,74,8,7,12,112,2,54,82,10,7,15,13,0,5,10,1,1,0
1473485,2025,2025-04-29,1,"Arun Jaitley Stadium, Delhi",Arun Jaitley Stadium,Delhi,Delhi,Kolkata Knight Riders,Kolkata Knight Riders,Delhi Capitals,Delhi Capitals,204,189,15,9,120,20,132,21,8,39,11,1,0,3,79,1,36,64,10,4,12,80,3,54,46,7,3,17,45,5,30,22,4,1,10
1473485,2025,2025-04-29,2,"Arun Jaitley Stadium, Delhi",Arun Jaitley Stadium,Delhi,Delhi,Delhi Capitals,Delhi Capitals,Kolkata Knight Riders,Kolkata Knight Riders,190,180,10,9,120,20,128,20,8,42,4,1,5,0,58,2,36,38,8,1,13,88,3,54,56,8,4,15,44,4,30,34,4,3,14
1473486,2025,2025-04-30,1,"MA Chidambaram Stadium, Chepauk, Chennai",MA Chidambaram Stadium,Chennai,Chennai,Chennai Super Kings,Chennai Super Kings,Punjab Kings,Punjab Kings,190,174,16,10,116,19.33,118,19,7,39,12,1,0,3,48,3,36,34,7,1,19,86,1,54,44,8,2,9,56,6,26,40,4,4,11
1473486,2025,2025-04-30,2,"MA Chidambaram Stadium, Chepauk, Chennai",MA Chidambaram Stadium,Chennai,Chennai,Punjab Kings,Punjab Kings,Chennai Super Kings,Chennai Super Kings,194,188,6,6,118,19.67,130,19,9,33,3,0,0,3,51,1,36,38,8,1,14,88,2,54,52,7,4,11,55,3,28,40,4,4,8
1473487,2025,2025-05-01,1,"Sawai Mansingh Stadium, Jaipur",Sawai Mansingh Stadium,Jaipur,Jaipur,Mumbai Indians,Mumbai Indians,Rajasthan Royals,Rajasthan Royals,217,210,7,2,120,20,146,26,7,33,6,0,0,1,58,0,36,44,8,2,15,88,2,54,54,12,1,14,71,0,30,48,6,4,4
1473487,2025,2025-05-01,2,"Sawai Mansingh Stadium, Jaipur",Sawai Mansingh Stadium,Jaipur,Jaipur,Rajasthan Royals,Rajasthan Royals,Mumbai Indians,Mumbai Indians,117,102,15,10,97,16.17,72,9,6,50,8,0,0,7,62,5,36,46,7,3,18,51,4,54,26,2,3,29,4,1,7,0,0,0,3
1473488,2025,2025-05-02,1,"Narendra Modi Stadium, Ahmedabad",Narendra Modi Stadium,Ahmedabad,Ahmedabad,Gujarat Titans,Gujarat Titans,Sunrisers Hyderabad,Sunrisers Hyderabad,224,221,3,6,120,20,142,22,9,22,3,0,0,0,82,0,36,64,13,2,6,80,2,54,36,6,2,8,62,4,30,42,3,5,8
1473488,2025,2025-05-02,2,"Narendra Modi Stadium, Ahmedabad",Narendra Modi Stadium,Ahmedabad,Ahmedabad,Sunrisers Hyderabad,Sunrisers Hyderabad,Gujarat Titans,Gujarat Titans,186,173,13,6,120,20,104,11,10,31,7,0,0,6,57,1,36,38,5,3,12,82,2,54,40,4,4,11,47,3,30,26,2,3,8
1473489,2025,2025-05-03,1,"M Chinnaswamy Stadium, Bengaluru",M Chinnaswamy Stadium,Bengaluru,Bengaluru,Royal Challengers Bengaluru,Royal Challengers Bengaluru,Chennai Super Kings,Chennai Super Kings,213,207,6,5,120,20,164,20,14,44,4,1,0,1,71,0,36,62,8,5,14,73,2,54,46,7,3,18,69,3,30,56,5,6,12
1473489,2025,2025-05-03,2,"M Chinnaswamy Stadium, Bengaluru",M Chinnaswamy Stadium,Bengaluru,Bengaluru,Chennai Super Kings,Chennai Super Kings,Royal Challengers Bengaluru,Royal Challengers Bengaluru,211,210,1,5,120,20,136,19,10,26,0,1,0,0,58,2,36,48,9,2,15,102,0,54,62,8,5,6,51,3,30,26,2,3,5
1473490,2025,2025-05-04,1,"Eden Gardens, Kolkata",Eden Gardens,Kolkata,Kolkata,Kolkata Knight Riders,Kolkata Knight Riders,Rajasthan Royals,Rajasthan Royals,206,196,10,4,120,20,136,16,12,36,7,0,1,2,56,1,36,40,4,4,15,65,2,54,24,6,0,14,85,1,30,72,6,8,7
1473490,2025,2025-05-04,2,"Eden Gardens, Kolkata",Eden Gardens,Kolkata,Kolkata,Rajasthan Royals,Rajasthan Royals,Kolkata Knight Riders,Kolkata Knight Riders,205,199,6,8,120,20,132,15,12,37,4,1,0,1,59,2,36,50,8,3,18,96,3,54,58,4,7,14,50,3,30,24,3,2,5
1473491,2025,2025-05-04,1,"Himachal Pradesh Cricket Association Stadium, Dharamsala",Himachal Pradesh Cricket Association Stadium,Dharamsala,Dharamsala,Punjab Kings,Punjab Kings,Lucknow Super Giants,Lucknow Super Giants,236,231,5,5,120,20,168,18,16,31,5,0,0,0,66,2,36,52,4,6,14,95,1,54,62,8,5,13,75,2,30,54,6,5,4
1473491,2025,2025-05-04,2,"Himachal Pradesh Cricket Association Stadium, Dharamsala",Himachal Pradesh Cricket Association Stadium,Dharamsala,Dharamsala,Lucknow Super Giants,Lucknow Super Giants,Punjab Kings,Punjab Kings,199,187,12,7,120,20,134,14,13,48,9,0,0,3,38,3,36,26,2,3,24,105,2,54,68,8,6,14,56,2,30,40,4,4,10
1473492,2025,2025-05-05,1,"Rajiv Gandhi International Stadium, Uppal, Hyderabad","Rajiv Gandhi International Stadium, Uppal",Hyderabad,Hyderabad,Delhi Capitals,Delhi Capitals,Sunrisers Hyderabad,Sunrisers Hyderabad,133,128,5,7,120,20,64,10,4,47,3,0,0,2,26,4,36,12,3,0,21,60,2,54,26,2,3,18,47,1,30,26,5,1,8
1473493,2025,2025-05-06,1,"Wankhede Stadium, Mumbai",Wankhede Stadium,Mumbai,Mumbai,Mumbai Indians,Mumbai Indians,Gujarat Titans,Gujarat Titans,155,148,7,8,120,20,86,14,5,44,1,0,0,6,56,2,36,42,9,1,15,60,4,54,20,2,2,17,39,2,30,24,3,2,12
1473493,2025,2025-05-06,2,"Wankhede Stadium, Mumbai",Wankhede Stadium,Mumbai,Mumbai,Gujarat Titans,Gujarat Titans,Mumbai Indians,Mumbai Indians,147,138,9,7,114,19,78,12,5,45,6,3,0,0,29,1,36,14,2,1,23,84,2,54,46,7,3,15,34,4,24,18,3,1,7
1473494,2025,2025-05-07,1,"Eden Gardens, Kolkata",Eden Gardens,Kolkata,Kolkata,Kolkata Knight Riders,Kolkata Knight Riders,Chennai Super Kings,Chennai Super Kings,179,173,6,6,120,20,112,16,8,39,2,0,0,4,67,1,36,54,9,3,14,57,3,54,20,2,2,17,55,2,30,38,5,3,8
1473494,2025,2025-05-07,2,"Eden Gardens, Kolkata",Eden Gardens,Kolkata,Kolkata,Chennai Super Kings,Chennai Super Kings,Kolkata Knight Riders,Kolkata Knight Riders,183,178,5,8,118,19.67,122,11,13,44,4,0,0,1,62,5,36,46,4,5,14,78,1,54,50,5,5,21,43,2,28,26,2,3,9
1473495,2025,2025-05-08,1,"Himachal Pradesh Cricket Association Stadium, Dharamsala",Himachal Pradesh Cricket Association Stadium,Dharamsala,Dharamsala,Punjab Kings,Punjab Kings,Delhi Capitals,Delhi Capitals,122,120,2,1,61,10.17,84,12,6,15,1,1,0,0,69,0,36,50,8,3,12,53,1,25,34,4,3,3,0,0,0,0,0,0,0
1473497,2025,2025-05-18,1,"Sawai Mansingh Stadium, Jaipur",Sawai Mansingh Stadium,Jaipur,Jaipur,Punjab Kings,Punjab Kings,Rajasthan Royals,Rajasthan Royals,219,210,9,5,120,20,148,22,10,34,5,0,0,4,58,3,36,40,7,2,14,89,1,54,56,8,4,14,72,1,30,52,7,4,6
1473497,2025,2025-05-18,2,"Sawai Mansingh Stadium, Jaipur",Sawai Mansingh Stadium,Jaipur,Jaipur,Rajasthan Royals,Rajasthan Royals,Punjab Kings,Punjab Kings,209,202,7,7,120,20,146,20,11,42,7,0,0,0,89,1,36,86,14,5,15,65,3,54,28,1,4,17,55,3,30,32,5,2,10
1473498,2025,2025-05-18,1,"Arun Jaitley Stadium, Delhi",Arun Jaitley Stadium,Delhi,Delhi,Delhi Capitals,Delhi Capitals,Gujarat Titans,Gujarat Titans,199,193,6,3,120,20,128,17,10,35,4,0,0,2,45,1,36,32,5,2,20,91,1,54,52,7,4,10,63,1,30,44,5,4,5
1473498,2025,2025-05-18,2,"Arun Jaitley Stadium, Delhi",Arun Jaitley Stadium,Delhi,Delhi,Gujarat Titans,Gujarat Titans,Delhi Capitals,Delhi Capitals,205,201,4,0,114,19,126,15,11,21,3,0,0,1,59,0,36,40,7,2,11,95,0,54,52,4,6,7,51,0,24,34,4,3,3
1473499,2025,2025-05-19,1,"Bharat Ratna Shri Atal Bihari Vajpayee Ekana Cricket Stadium, Lucknow",Bharat Ratna Shri Atal Bihari Vajpayee Ekana Cricket Stadium,Lucknow,Lucknow,Lucknow Super Giants,Lucknow Super Giants,Sunrisers Hyderabad,Sunrisers Hyderabad,205,194,11,7,120,20,132,18,10,36,9,2,0,0,69,0,36,54,6,5,14,77,2,54,40,7,2,12,59,5,30,38,5,3,10
1473499,2025,2025-05-19,2,"Bharat Ratna Shri Atal Bihari Vajpayee Ekana Cricket Stadium, Lucknow",Bharat Ratna Shri Atal Bihari Vajpayee Ekana Cricket Stadium,Lucknow,Lucknow,Sunrisers Hyderabad,Sunrisers Hyderabad,Lucknow Super Giants,Lucknow Super Giants,206,196,10,5,110,18.33,130,19,9,26,9,0,0,1,72,1,36,54,9,3,13,99,2,54,60,6,6,12,35,2,20,16,4,0,1
1473500,2025,2025-05-20,1,"Arun Jaitley Stadium, Delhi",Arun Jaitley Stadium,Delhi,Delhi,Chennai Super Kings,Chennai Super Kings,Rajasthan Royals,Rajasthan Royals,187,171,16,8,120,20,112,16,8,42,12,0,0,2,68,3,36,56,11,2,15,78,3,54,40,4,4,19,41,2,30,16,1,2,8
1473500,2025,2025-05-20,2,"Arun Jaitley Stadium, Delhi",Arun Jaitley Stadium,Delhi,Delhi,Rajasthan Royals,Rajasthan Royals,Chennai Super Kings,Chennai Super Kings,188,180,8,4,103,17.17,132,15,12,30,7,1,0,0,56,1,36,44,8,2,14,94,2,54,62,5,7,13,38,1,13,26,2,3,3
1473501,2025,2025-05-21,1,"Wankhede Stadium, Mumbai",Wankhede Stadium,Mumbai,Mumbai,Mumbai Indians,Mumbai Indians,Delhi Capitals,Delhi Capitals,180,178,2,5,120,20,116,14,10,39,1,0,0,1,54,2,36,38,5,3,14,60,2,54,24,3,2,17,66,1,30,54,6,5,8
1473501,2025,2025-05-21,2,"Wankhede Stadium, Mumbai",Wankhede Stadium,Mumbai,Mumbai,Delhi Capitals,Delhi Capitals,Mumbai Indians,Mumbai Indians,121,120,1,10,110,18.33,70,13,3,50,0,1,0,0,49,3,36,34,7,1,16,56,4,54,36,6,2,27,16,3,20,0,0,0,7
1473502,2025,2025-05-22,1,"Narendra Modi Stadium, Ahmedabad",Narendra Modi Stadium,Ahmedabad,Ahmedabad,Lucknow Super Giants,Lucknow Super Giants,Gujarat Titans,Gujarat Titans,235,225,10,2,120,20,170,17,17,35,6,1,1,2,53,0,36,34,4,3,14,107,1,54,80,8,8,15,75,1,30,56,5,6,6
1473502,2025,2025-05-22,2,"Narendra Modi Stadium, Ahmedabad",Narendra Modi Stadium,Ahmedabad,Ahmedabad,Gujarat Titans,Gujarat Titans,Lucknow Super Giants,Lucknow Super Giants,202,194,8,9,120,20,128,20,8,32,7,0,0,1,67,1,36,56,11,2,14,98,2,54,58,7,5,10,37,6,30,14,2,1,8
1473503,2025,2025-05-23,1,"Bharat Ratna Shri Atal Bihari Vajpayee Ekana Cricket Stadium, Lucknow",Bharat Ratna Shri Atal Bihari Vajpayee Ekana Cricket Stadium,Lucknow,Lucknow,Sunrisers Hyderabad,Sunrisers Hyderabad,Royal Challengers Bengaluru,Royal Challengers Bengaluru,231,224,7,6,120,20,154,16,15,27,2,1,0,4,71,2,36,52,7,4,11,97,3,54,64,7,6,10,63,1,30,38,2,5,6
1473503,2025,2025-05-23,2,"Bharat Ratna Shri Atal Bihari Vajpayee Ekana Cricket Stadium, Lucknow",Bharat Ratna Shri Atal Bihari Vajpayee Ekana Cricket Stadium,Lucknow,Lucknow,Royal Challengers Bengaluru,Royal Challengers Bengaluru,Sunrisers Hyderabad,Sunrisers Hyderabad,189,173,16,10,119,19.83,112,16,8,41,4,1,0,11,72,0,36,48,9,2,10,95,3,54,56,5,6,12,22,7,29,8,2,0,19
1485779,2025,2025-05-24,1,"Sawai Mansingh Stadium, Jaipur",Sawai Mansingh Stadium,Jaipur,Jaipur,Punjab Kings,Punjab Kings,Delhi Capitals,Delhi Capitals,206,198,8,8,120,20,128,17,10,34,6,2,0,0,60,2,36,44,8,2,16,82,2,54,38,5,3,10,64,4,30,46,4,5,8
1485779,2025,2025-05-24,2,"Sawai Mansingh Stadium, Jaipur",Sawai Mansingh Stadium,Jaipur,Jaipur,Delhi Capitals,Delhi Capitals,Punjab Kings,Punjab Kings,208,200,8,4,117,19.5,138,18,11,28,3,0,0,3,61,1,36,50,8,3,14,94,3,54,54,6,5,11,53,0,27,34,4,3,3
1473504,2025,2025-05-25,1,"Narendra Modi Stadium, Ahmedabad",Narendra Modi Stadium,Ahmedabad,Ahmedabad,Chennai Super Kings,Chennai Super Kings,Gujarat Titans,Gujarat Titans,230,218,12,5,120,20,162,18,15,35,5,0,0,7,68,1,36,48,6,4,16,95,3,54,66,9,5,15,67,1,30,48,3,6,4
1473504,2025,2025-05-25,2,"Narendra Modi Stadium, Ahmedabad",Narendra Modi Stadium,Ahmedabad,Ahmedabad,Gujarat Titans,Gujarat Titans,Chennai Super Kings,Chennai Super Kings,147,135,12,10,111,18.5,82,10,7,47,10,0,0,2,35,3,36,18,3,1,19,90,4,54,52,7,4,16,22,3,21,12,0,2,12
1473505,2025,2025-05-25,1,"Arun Jaitley Stadium, Delhi",Arun Jaitley Stadium,Delhi,Delhi,Sunrisers Hyderabad,Sunrisers Hyderabad,Kolkata Knight Riders,Kolkata Knight Riders,278,254,24,3,120,20,202,22,19,29,14,1,2,7,79,0,36,56,8,4,11,125,2,54,92,8,10,12,74,1,30,54,6,5,6
1473505,2025,2025-05-25,2,"Arun Jaitley Stadium, Delhi",Arun Jaitley Stadium,Delhi,Delhi,Kolkata Knight Riders,Kolkata Knight Riders,Sunrisers Hyderabad,Sunrisers Hyderabad,168,162,6,10,112,18.67,116,11,12,46,4,0,1,1,59,2,36,46,7,3,15,71,5,54,42,3,5,21,38,3,22,28,1,4,10
1473506,2025,2025-05-26,1,"Sawai Mansingh Stadium, Jaipur",Sawai Mansingh Stadium,Jaipur,Jaipur,Mumbai Indians,Mumbai Indians,Punjab Kings,Punjab Kings,184,173,11,7,120,20,116,17,8,46,11,0,0,0,52,1,36,38,8,1,18,79,3,54,42,6,3,18,53,3,30,36,3,4,10
1473506,2025,2025-05-26,2,"Sawai Mansingh Stadium, Jaipur",Sawai Mansingh Stadium,Jaipur,Jaipur,Punjab Kings,Punjab Kings,Mumbai Indians,Mumbai Indians,187,176,11,3,111,18.5,128,20,8,39,8,0,1,2,47,1,36,36,6,2,19,99,1,54,68,11,4,15,41,1,21,24,3,2,5
1473507,2025,2025-05-27,1,"Bharat Ratna Shri Atal Bihari Vajpayee Ekana Cricket Stadium, Lucknow",Bharat Ratna Shri Atal Bihari Vajpayee Ekana Cricket Stadium,Lucknow,Lucknow,Lucknow Super Giants,Lucknow Super Giants,Royal Challengers Bengaluru,Royal Challengers Bengaluru,227,213,14,3,120,20,152,17,14,32,6,1,0,7,55,1,36,32,5,2,14,109,0,54,76,7,8,12,63,2,30,44,5,4,6
1473507,2025,2025-05-27,2,"Bharat Ratna Shri Atal Bihari Vajpayee Ekana Cricket Stadium, Lucknow",Bharat Ratna Shri Atal Bihari Vajpayee Ekana Cricket Stadium,Lucknow,Lucknow,Royal Challengers Bengaluru,Royal Challengers Bengaluru,Lucknow Super Giants,Lucknow Super Giants,230,224,6,4,112,18.67,162,30,7,23,5,1,0,0,66,1,36,52,13,0,12,111,3,54,70,13,3,7,53,0,22,40,4,4,4
1473508,2025,2025-05-29,1,"Maharaja Yadavindra Singh International Cricket Stadium, Mullanpur",Maharaja Yadavindra Singh International Cricket Stadium,New Chandigarh,New Chandigarh,Punjab Kings,Punjab Kings,Royal Challengers Bengaluru,Royal Challengers Bengaluru,101,90,11,10,85,14.17,52,7,4,41,5,1,0,5,48,4,36,32,5,2,17,53,6,49,20,2,2,24,0,0,0,0,0,0,0
1473508,2025,2025-05-29,2,"Maharaja Yadavindra Singh International Cricket Stadium, Mullanpur",Maharaja Yadavindra Singh International Cricket Stadium,New Chandigarh,New Chandigarh,Royal Challengers Bengaluru,Royal Challengers Bengaluru,Punjab Kings,Punjab Kings,106,102,4,2,60,10,74,11,5,17,0,0,0,4,61,1,36,44,8,2,14,45,1,24,30,3,3,3,0,0,0,0,0,0,0
1473509,2025,2025-05-30,1,"Maharaja Yadavindra Singh International Cricket Stadium, New Chandigarh",Maharaja Yadavindra Singh International Cricket Stadium,New Chandigarh,New Chandigarh,Mumbai Indians,Mumbai Indians,Gujarat Titans,Gujarat Titans,228,217,11,5,120,20,158,14,17,33,4,0,0,7,79,0,36,60,9,4,9,81,2,54,50,5,5,15,68,3,30,48,0,8,9
1473509,2025,2025-05-30,2,"Maharaja Yadavindra Singh International Cricket Stadium, New Chandigarh",Maharaja Yadavindra Singh International Cricket Stadium,New Chandigarh,New Chandigarh,Gujarat Titans,Gujarat Titans,Mumbai Indians,Mumbai Indians,208,202,6,6,120,20,132,21,8,32,4,0,0,2,66,1,36,46,7,3,12,95,2,54,58,10,3,10,47,3,30,28,4,2,10
1473510,2025,2025-06-01,1,"Narendra Modi Stadium, Ahmedabad",Narendra Modi Stadium,Ahmedabad,Ahmedabad,Mumbai Indians,Mumbai Indians,Punjab Kings,Punjab Kings,203,194,9,6,120,20,120,18,8,32,4,2,0,3,65,1,36,34,4,3,7,81,3,54,48,6,4,18,57,2,30,38,8,1,7
1473510,2025,2025-06-01,2,"Narendra Modi Stadium, Ahmedabad",Narendra Modi Stadium,Ahmedabad,Ahmedabad,Punjab Kings,Punjab Kings,Mumbai Indians,Mumbai Indians,207,203,4,5,114,19,146,17,13,35,3,1,0,0,64,2,36,54,9,3,16,83,1,54,44,5,4,13,60,2,24,48,3,6,6
1473511,2025,2025-06-03,1,"Narendra Modi Stadium, Ahmedabad",Narendra Modi Stadium,Ahmedabad,Ahmedabad,Royal Challengers Bengaluru,Royal Challengers Bengaluru,Punjab Kings,Punjab Kings,190,181,9,9,120,20,98,11,9,28,9,0,0,0,55,1,36,32,5,2,13,77,3,54,30,3,3,9,58,5,30,36,3,4,6
1473511,2025,2025-06-03,2,"Narendra Modi Stadium, Ahmedabad",Narendra Modi Stadium,Ahmedabad,Ahmedabad,Punjab Kings,Punjab Kings,Royal Challengers Bengaluru,Royal Challengers Bengaluru,184,173,11,7,120,20,116,8,14,42,3,0,0,8,52,1,36,28,4,2,13,67,3,54,38,2,5,20,65,3,30,50,2,7,9
