match_id,season,match_date,match_type,event_name,stage,venue_raw,venue,city_raw,city,team1_raw,team1,team2_raw,team2,toss_winner_raw,toss_winner,toss_decision,winner_raw,winner,result_margin,result_type,method,player_of_match,superover_winner_raw,superover_winner
335982,2008,2008-04-18,T20,Indian Premier League,Unknown,M Chinnaswamy Stadium,M Chinnaswamy Stadium,Bangalore,Bengaluru,Kolkata Knight Riders,Kolkata Knight Riders,Royal Challengers Bangalore,Royal Challengers Bengaluru,Royal Challengers Bangalore,Royal Challengers Bengaluru,field,Kolkata Knight Riders,Kolkata Knight Riders,140 runs,NA,NA,BB McCullum,NA,NA
335983,2008,2008-04-19,T20,Indian Premier League,Unknown,"Punjab Cricket Association Stadium, Mohali","Punjab Cricket Association IS Bindra Stadium, Mohali",Chandigarh,Chandigarh,Chennai Super Kings,Chennai Super Kings,Kings XI Punjab,Punjab Kings,Chennai Super Kings,Chennai Super Kings,bat,Chennai Super Kings,Chennai Super Kings,33 runs,NA,NA,MEK Hussey,NA,NA
335984,2008,2008-04-19,T20,Indian Premier League,Unknown,Feroz Shah Kotla,Feroz Shah Kotla,Delhi,Delhi,Rajasthan Royals,Rajasthan Royals,Delhi Daredevils,Delhi Capitals,Rajasthan Royals,Rajasthan Royals,bat,Delhi Daredevils,Delhi Capitals,9 wickets,NA,NA,MF Maharoof,NA,NA
335985,2008,2008-04-20,T20,Indian Premier League,Unknown,Wankhede Stadium,Wankhede Stadium,Mumbai,Mumbai,Mumbai Indians,Mumbai Indians,Royal Challengers Bangalore,Royal Challengers Bengaluru,Mumbai Indians,Mumbai Indians,bat,Royal Challengers Bangalore,Royal Challengers Bengaluru,5 wickets,NA,NA,MV Boucher,NA,NA
335986,2008,2008-04-20,T20,Indian Premier League,Unknown,Eden Gardens,Eden Gardens,Kolkata,Kolkata,Deccan Chargers,Deccan Chargers,Kolkata Knight Riders,Kolkata Knight Riders,Deccan Chargers,Deccan Chargers,bat,Kolkata Knight Riders,Kolkata Knight Riders,5 wickets,NA,NA,DJ Hussey,NA,NA
335987,2008,2008-04-21,T20,Indian Premier League,Unknown,Sawai Mansingh Stadium,Sawai Mansingh Stadium,Jaipur,Jaipur,Kings XI Punjab,Punjab Kings,Rajasthan Royals,Rajasthan Royals,Kings XI Punjab,Punjab Kings,bat,Rajasthan Royals,Rajasthan Royals,6 wickets,NA,NA,SR Watson,NA,NA
335988,2008,2008-04-22,T20,Indian Premier League,Unknown,"Rajiv Gandhi International Stadium, Uppal","Rajiv Gandhi International Stadium, Uppal",Hyderabad,Hyderabad,Deccan Chargers,Deccan Chargers,Delhi Daredevils,Delhi Capitals,Deccan Chargers,Deccan Chargers,bat,Delhi Daredevils,Delhi Capitals,9 wickets,NA,NA,V Sehwag,NA,NA
335989,2008,2008-04-23,T20,Indian Premier League,Unknown,"MA Chidambaram Stadium, Chepauk",MA Chidambaram Stadium,Chennai,Chennai,Chennai Super Kings,Chennai Super Kings,Mumbai Indians,Mumbai Indians,Mumbai Indians,Mumbai Indians,field,Chennai Super Kings,Chennai Super Kings,6 runs,NA,NA,ML Hayden,NA,NA
335990,2008,2008-04-24,T20,Indian Premier League,Unknown,"Rajiv Gandhi International Stadium, Uppal","Rajiv Gandhi International Stadium, Uppal",Hyderabad,Hyderabad,Deccan Chargers,Deccan Chargers,Rajasthan Royals,Rajasthan Royals,Rajasthan Royals,Rajasthan Royals,field,Rajasthan Royals,Rajasthan Royals,3 wickets,NA,NA,YK Pathan,NA,NA
335991,2008,2008-04-25,T20,Indian Premier League,Unknown,"Punjab Cricket Association Stadium, Mohali","Punjab Cricket Association IS Bindra Stadium, Mohali",Chandigarh,Chandigarh,Kings XI Punjab,Punjab Kings,Mumbai Indians,Mumbai Indians,Mumbai Indians,Mumbai Indians,field,Kings XI Punjab,Punjab Kings,66 runs,NA,NA,KC Sangakkara,NA,NA
335992,2008,2008-04-26,T20,Indian Premier League,Unknown,M Chinnaswamy Stadium,M Chinnaswamy Stadium,Bangalore,Bengaluru,Royal Challengers Bangalore,Royal Challengers Bengaluru,Rajasthan Royals,Rajasthan Royals,Rajasthan Royals,Rajasthan Royals,field,Rajasthan Royals,Rajasthan Royals,7 wickets,NA,NA,SR Watson,NA,NA
335993,2008,2008-04-26,T20,Indian Premier League,Unknown,"MA Chidambaram Stadium, Chepauk",MA Chidambaram Stadium,Chennai,Chennai,Kolkata Knight Riders,Kolkata Knight Riders,Chennai Super Kings,Chennai Super Kings,Kolkata Knight Riders,Kolkata Knight Riders,bat,Chennai Super Kings,Chennai Super Kings,9 wickets,NA,NA,JDP Oram,NA,NA
335994,2008,2008-04-27,T20,Indian Premier League,Unknown,Dr DY Patil Sports Academy,Dr DY Patil Sports Academy,Mumbai,Mumbai,Mumbai Indians,Mumbai Indians,Deccan Chargers,Deccan Chargers,Deccan Chargers,Deccan Chargers,field,Deccan Chargers,Deccan Chargers,10 wickets,NA,NA,AC Gilchrist,NA,NA
335995,2008,2008-04-27,T20,Indian Premier League,Unknown,"Punjab Cricket Association Stadium, Mohali","Punjab Cricket Association IS Bindra Stadium, Mohali",Chandigarh,Chandigarh,Delhi Daredevils,Delhi Capitals,Kings XI Punjab,Punjab Kings,Delhi Daredevils,Delhi Capitals,bat,Kings XI Punjab,Punjab Kings,4 wickets,NA,NA,SM Katich,NA,NA
335996,2008,2008-04-28,T20,Indian Premier League,Unknown,M Chinnaswamy Stadium,M Chinnaswamy Stadium,Bangalore,Bengaluru,Chennai Super Kings,Chennai Super Kings,Royal Challengers Bangalore,Royal Challengers Bengaluru,Chennai Super Kings,Chennai Super Kings,bat,Chennai Super Kings,Chennai Super Kings,13 runs,NA,NA,MS Dhoni,NA,NA
335997,2008,2008-04-29,T20,Indian Premier League,Unknown,Eden Gardens,Eden Gardens,Kolkata,Kolkata,Kolkata Knight Riders,Kolkata Knight Riders,Mumbai Indians,Mumbai Indians,Kolkata Knight Riders,Kolkata Knight Riders,bat,Mumbai Indians,Mumbai Indians,7 wickets,NA,NA,ST Jayasuriya,NA,NA
335998,2008,2008-04-30,T20,Indian Premier League,Unknown,Feroz Shah Kotla,Feroz Shah Kotla,Delhi,Delhi,Delhi Daredevils,Delhi Capitals,Royal Challengers Bangalore,Royal Challengers Bengaluru,Royal Challengers Bangalore,Royal Challengers Bengaluru,field,Delhi Daredevils,Delhi Capitals,10 runs,NA,NA,GD McGrath,NA,NA
335999,2008,2008-05-01,T20,Indian Premier League,Unknown,"Rajiv Gandhi International Stadium, Uppal","Rajiv Gandhi International Stadium, Uppal",Hyderabad,Hyderabad,Deccan Chargers,Deccan Chargers,Kings XI Punjab,Punjab Kings,Kings XI Punjab,Punjab Kings,field,Kings XI Punjab,Punjab Kings,7 wickets,NA,NA,SE Marsh,NA,NA
336000,2008,2008-05-01,T20,Indian Premier League,Unknown,Sawai Mansingh Stadium,Sawai Mansingh Stadium,Jaipur,Jaipur,Rajasthan Royals,Rajasthan Royals,Kolkata Knight Riders,Kolkata Knight Riders,Rajasthan Royals,Rajasthan Royals,bat,Rajasthan Royals,Rajasthan Royals,45 runs,NA,NA,SA Asnodkar,NA,NA
336001,2008,2008-05-02,T20,Indian Premier League,Unknown,"MA Chidambaram Stadium, Chepauk",MA Chidambaram Stadium,Chennai,Chennai,Chennai Super Kings,Chennai Super Kings,Delhi Daredevils,Delhi Capitals,Chennai Super Kings,Chennai Super Kings,bat,Delhi Daredevils,Delhi Capitals,8 wickets,NA,NA,V Sehwag,NA,NA
336003,2008,2008-05-03,T20,Indian Premier League,Unknown,"Punjab Cricket Association Stadium, Mohali","Punjab Cricket Association IS Bindra Stadium, Mohali",Chandigarh,Chandigarh,Kings XI Punjab,Punjab Kings,Kolkata Knight Riders,Kolkata Knight Riders,Kings XI Punjab,Punjab Kings,bat,Kings XI Punjab,Punjab Kings,9 runs,NA,NA,IK Pathan,NA,NA
336034,2008,2008-05-03,T20,Indian Premier League,Unknown,M Chinnaswamy Stadium,M Chinnaswamy Stadium,Bangalore,Bengaluru,Royal Challengers Bangalore,Royal Challengers Bengaluru,Deccan Chargers,Deccan Chargers,Deccan Chargers,Deccan Chargers,field,Royal Challengers Bangalore,Royal Challengers Bengaluru,3 runs,NA,NA,P Kumar,NA,NA
336004,2008,2008-05-04,T20,Indian Premier League,Unknown,Dr DY Patil Sports Academy,Dr DY Patil Sports Academy,Mumbai,Mumbai,Mumbai Indians,Mumbai Indians,Delhi Daredevils,Delhi Capitals,Delhi Daredevils,Delhi Capitals,field,Mumbai Indians,Mumbai Indians,29 runs,NA,NA,SM Pollock,NA,NA
336005,2008,2008-05-04,T20,Indian Premier League,Unknown,Sawai Mansingh Stadium,Sawai Mansingh Stadium,Jaipur,Jaipur,Chennai Super Kings,Chennai Super Kings,Rajasthan Royals,Rajasthan Royals,Chennai Super Kings,Chennai Super Kings,bat,Rajasthan Royals,Rajasthan Royals,8 wickets,NA,NA,Sohail Tanvir,NA,NA
336006,2008,2008-05-05,T20,Indian Premier League,Unknown,M Chinnaswamy Stadium,M Chinnaswamy Stadium,Bangalore,Bengaluru,Royal Challengers Bangalore,Royal Challengers Bengaluru,Kings XI Punjab,Punjab Kings,Kings XI Punjab,Punjab Kings,field,Kings XI Punjab,Punjab Kings,6 wickets,NA,NA,S Sreesanth,NA,NA
336007,2008,2008-05-06,T20,Indian Premier League,Unknown,"MA Chidambaram Stadium, Chepauk",MA Chidambaram Stadium,Chennai,Chennai,Chennai Super Kings,Chennai Super Kings,Deccan Chargers,Deccan Chargers,Deccan Chargers,Deccan Chargers,field,Deccan Chargers,Deccan Chargers,7 wickets,NA,NA,AC Gilchrist,NA,NA
336008,2008,2008-05-07,T20,Indian Premier League,Unknown,Dr DY Patil Sports Academy,Dr DY Patil Sports Academy,Mumbai,Mumbai,Rajasthan Royals,Rajasthan Royals,Mumbai Indians,Mumbai Indians,Mumbai Indians,Mumbai Indians,field,Mumbai Indians,Mumbai Indians,7 wickets,NA,NA,A Nehra,NA,NA
336009,2008,2008-05-08,T20,Indian Premier League,Unknown,Feroz Shah Kotla,Feroz Shah Kotla,Delhi,Delhi,Delhi Daredevils,Delhi Capitals,Chennai Super Kings,Chennai Super Kings,Chennai Super Kings,Chennai Super Kings,field,Chennai Super Kings,Chennai Super Kings,4 wickets,NA,NA,MS Dhoni,NA,NA
336010,2008,2008-05-08,T20,Indian Premier League,Unknown,Eden Gardens,Eden Gardens,Kolkata,Kolkata,Kolkata Knight Riders,Kolkata Knight Riders,Royal Challengers Bangalore,Royal Challengers Bengaluru,Kolkata Knight Riders,Kolkata Knight Riders,bat,Kolkata Knight Riders,Kolkata Knight Riders,5 runs,NA,NA,SC Ganguly,NA,NA
336011,2008,2008-05-09,T20,Indian Premier League,Unknown,Sawai Mansingh Stadium,Sawai Mansingh Stadium,Jaipur,Jaipur,Deccan Chargers,Deccan Chargers,Rajasthan Royals,Rajasthan Royals,Rajasthan Royals,Rajasthan Royals,field,Rajasthan Royals,Rajasthan Royals,8 wickets,NA,NA,YK Pathan,NA,NA
336013,2008,2008-05-10,T20,Indian Premier League,Unknown,"MA Chidambaram Stadium, Chepauk",MA Chidambaram Stadium,Chennai,Chennai,Chennai Super Kings,Chennai Super Kings,Kings XI Punjab,Punjab Kings,Kings XI Punjab,Punjab Kings,field,Chennai Super Kings,Chennai Super Kings,18 runs,NA,NA,L Balaji,NA,NA
336014,2008,2008-05-11,T20,Indian Premier League,Unknown,"Rajiv Gandhi International Stadium, Uppal","Rajiv Gandhi International Stadium, Uppal",Hyderabad,Hyderabad,Kolkata Knight Riders,Kolkata Knight Riders,Deccan Chargers,Deccan Chargers,Kolkata Knight Riders,Kolkata Knight Riders,bat,Kolkata Knight Riders,Kolkata Knight Riders,23 runs,NA,NA,SC Ganguly,NA,NA
336015,2008,2008-05-11,T20,Indian Premier League,Unknown,Sawai Mansingh Stadium,Sawai Mansingh Stadium,Jaipur,Jaipur,Delhi Daredevils,Delhi Capitals,Rajasthan Royals,Rajasthan Royals,Rajasthan Royals,Rajasthan Royals,field,Rajasthan Royals,Rajasthan Royals,3 wickets,NA,NA,SR Watson,NA,NA
336016,2008,2008-05-12,T20,Indian Premier League,Unknown,"Punjab Cricket Association Stadium, Mohali","Punjab Cricket Association IS Bindra Stadium, Mohali",Chandigarh,Chandigarh,Royal Challengers Bangalore,Royal Challengers Bengaluru,Kings XI Punjab,Punjab Kings,Royal Challengers Bangalore,Royal Challengers Bengaluru,bat,Kings XI Punjab,Punjab Kings,9 wickets,NA,NA,SE Marsh,NA,NA
336017,2008,2008-05-13,T20,Indian Premier League,Unknown,Eden Gardens,Eden Gardens,Kolkata,Kolkata,Kolkata Knight Riders,Kolkata Knight Riders,Delhi Daredevils,Delhi Capitals,Kolkata Knight Riders,Kolkata Knight Riders,bat,Kolkata Knight Riders,Kolkata Knight Riders,23 runs,NA,NA,Shoaib Akhtar,NA,NA
336018,2008,2008-05-14,T20,Indian Premier League,Unknown,Wankhede Stadium,Wankhede Stadium,Mumbai,Mumbai,Chennai Super Kings,Chennai Super Kings,Mumbai Indians,Mumbai Indians,Mumbai Indians,Mumbai Indians,field,Mumbai Indians,Mumbai Indians,9 wickets,NA,NA,ST Jayasuriya,NA,NA
336020,2008,2008-05-15,T20,Indian Premier League,Unknown,Feroz Shah Kotla,Feroz Shah Kotla,Delhi,Delhi,Delhi Daredevils,Delhi Capitals,Deccan Chargers,Deccan Chargers,Deccan Chargers,Deccan Chargers,field,Delhi Daredevils,Delhi Capitals,12 runs,NA,NA,A Mishra,NA,NA
336021,2008,2008-05-16,T20,Indian Premier League,Unknown,Wankhede Stadium,Wankhede Stadium,Mumbai,Mumbai,Kolkata Knight Riders,Kolkata Knight Riders,Mumbai Indians,Mumbai Indians,Mumbai Indians,Mumbai Indians,field,Mumbai Indians,Mumbai Indians,8 wickets,NA,NA,SM Pollock,NA,NA
336022,2008,2008-05-17,T20,Indian Premier League,Unknown,Feroz Shah Kotla,Feroz Shah Kotla,Delhi,Delhi,Delhi Daredevils,Delhi Capitals,Kings XI Punjab,Punjab Kings,Delhi Daredevils,Delhi Capitals,bat,Kings XI Punjab,Punjab Kings,6 runs,NA,D/L,DPMD Jayawardene,NA,NA
336023,2008,2008-05-17,T20,Indian Premier League,Unknown,Sawai Mansingh Stadium,Sawai Mansingh Stadium,Jaipur,Jaipur,Rajasthan Royals,Rajasthan Royals,Royal Challengers Bangalore,Royal Challengers Bengaluru,Royal Challengers Bangalore,Royal Challengers Bengaluru,field,Rajasthan Royals,Rajasthan Royals,65 runs,NA,NA,GC Smith,NA,NA
336024,2008,2008-05-18,T20,Indian Premier League,Unknown,"Rajiv Gandhi International Stadium, Uppal","Rajiv Gandhi International Stadium, Uppal",Hyderabad,Hyderabad,Mumbai Indians,Mumbai Indians,Deccan Chargers,Deccan Chargers,Deccan Chargers,Deccan Chargers,field,Mumbai Indians,Mumbai Indians,25 runs,NA,NA,DJ Bravo,NA,NA
336025,2008,2008-05-18,T20,Indian Premier League,Unknown,Eden Gardens,Eden Gardens,Kolkata,Kolkata,Kolkata Knight Riders,Kolkata Knight Riders,Chennai Super Kings,Chennai Super Kings,Kolkata Knight Riders,Kolkata Knight Riders,bat,Chennai Super Kings,Chennai Super Kings,3 runs,NA,D/L,M Ntini,NA,NA
336026,2008,2008-05-19,T20,Indian Premier League,Unknown,M Chinnaswamy Stadium,M Chinnaswamy Stadium,Bangalore,Bengaluru,Royal Challengers Bangalore,Royal Challengers Bengaluru,Delhi Daredevils,Delhi Capitals,Delhi Daredevils,Delhi Capitals,field,Delhi Daredevils,Delhi Capitals,5 wickets,NA,NA,SP Goswami,NA,NA
336027,2008,2008-05-20,T20,Indian Premier League,Unknown,Eden Gardens,Eden Gardens,Kolkata,Kolkata,Kolkata Knight Riders,Kolkata Knight Riders,Rajasthan Royals,Rajasthan Royals,Rajasthan Royals,Rajasthan Royals,field,Rajasthan Royals,Rajasthan Royals,6 wickets,NA,NA,YK Pathan,NA,NA
336028,2008,2008-05-21,T20,Indian Premier League,Unknown,Wankhede Stadium,Wankhede Stadium,Mumbai,Mumbai,Kings XI Punjab,Punjab Kings,Mumbai Indians,Mumbai Indians,Mumbai Indians,Mumbai Indians,field,Kings XI Punjab,Punjab Kings,1 runs,NA,NA,SE Marsh,NA,NA
336029,2008,2008-05-21,T20,Indian Premier League,Unknown,"MA Chidambaram Stadium, Chepauk",MA Chidambaram Stadium,Chennai,Chennai,Royal Challengers Bangalore,Royal Challengers Bengaluru,Chennai Super Kings,Chennai Super Kings,Royal Challengers Bangalore,Royal Challengers Bengaluru,bat,Royal Challengers Bangalore,Royal Challengers Bengaluru,14 runs,NA,NA,A Kumble,NA,NA
336031,2008,2008-05-23,T20,Indian Premier League,Unknown,"Punjab Cricket Association Stadium, Mohali","Punjab Cricket Association IS Bindra Stadium, Mohali",Chandigarh,Chandigarh,Deccan Chargers,Deccan Chargers,Kings XI Punjab,Punjab Kings,Kings XI Punjab,Punjab Kings,field,Kings XI Punjab,Punjab Kings,6 wickets,NA,NA,SE Marsh,NA,NA
336032,2008,2008-05-24,T20,Indian Premier League,Unknown,Feroz Shah Kotla,Feroz Shah Kotla,Delhi,Delhi,Mumbai Indians,Mumbai Indians,Delhi Daredevils,Delhi Capitals,Delhi Daredevils,Delhi Capitals,field,Delhi Daredevils,Delhi Capitals,5 wickets,NA,NA,KD Karthik,NA,NA
336033,2008,2008-05-24,T20,Indian Premier League,Unknown,"MA Chidambaram Stadium, Chepauk",MA Chidambaram Stadium,Chennai,Chennai,Rajasthan Royals,Rajasthan Royals,Chennai Super Kings,Chennai Super Kings,Rajasthan Royals,Rajasthan Royals,bat,Rajasthan Royals,Rajasthan Royals,10 runs,NA,NA,JA Morkel,NA,NA
336002,2008,2008-05-25,T20,Indian Premier League,Unknown,"Rajiv Gandhi International Stadium, Uppal","Rajiv Gandhi International Stadium, Uppal",Hyderabad,Hyderabad,Deccan Chargers,Deccan Chargers,Royal Challengers Bangalore,Royal Challengers Bengaluru,Deccan Chargers,Deccan Chargers,bat,Royal Challengers Bangalore,Royal Challengers Bengaluru,5 wickets,NA,NA,R Vinay Kumar,NA,NA
336035,2008,2008-05-25,T20,Indian Premier League,Unknown,Eden Gardens,Eden Gardens,Kolkata,Kolkata,Kings XI Punjab,Punjab Kings,Kolkata Knight Riders,Kolkata Knight Riders,Kings XI Punjab,Punjab Kings,bat,Kolkata Knight Riders,Kolkata Knight Riders,3 wickets,NA,NA,Umar Gul,NA,NA
336036,2008,2008-05-26,T20,Indian Premier League,Unknown,Sawai Mansingh Stadium,Sawai Mansingh Stadium,Jaipur,Jaipur,Mumbai Indians,Mumbai Indians,Rajasthan Royals,Rajasthan Royals,Rajasthan Royals,Rajasthan Royals,field,Rajasthan Royals,Rajasthan Royals,5 wickets,NA,NA,Sohail Tanvir,NA,NA
336037,2008,2008-05-27,T20,Indian Premier League,Unknown,"Rajiv Gandhi International Stadium, Uppal","Rajiv Gandhi International Stadium, Uppal",Hyderabad,Hyderabad,Deccan Chargers,Deccan Chargers,Chennai Super Kings,Chennai Super Kings,Deccan Chargers,Deccan Chargers,bat,Chennai Super Kings,Chennai Super Kings,7 wickets,NA,NA,SK Raina,NA,NA
336012,2008,2008-05-28,T20,Indian Premier League,Unknown,M Chinnaswamy Stadium,M Chinnaswamy Stadium,Bangalore,Bengaluru,Royal Challengers Bangalore,Royal Challengers Bengaluru,Mumbai Indians,Mumbai Indians,Mumbai Indians,Mumbai Indians,field,Mumbai Indians,Mumbai Indians,9 wickets,NA,NA,CRD Fernando,NA,NA
336019,2008,2008-05-28,T20,Indian Premier League,Unknown,"Punjab Cricket Association Stadium, Mohali","Punjab Cricket Association IS Bindra Stadium, Mohali",Chandigarh,Chandigarh,Kings XI Punjab,Punjab Kings,Rajasthan Royals,Rajasthan Royals,Rajasthan Royals,Rajasthan Royals,field,Kings XI Punjab,Punjab Kings,41 runs,NA,NA,SE Marsh,NA,NA
336038,2008,2008-05-30,T20,Indian Premier League,Semi Final,Wankhede Stadium,Wankhede Stadium,Mumbai,Mumbai,Rajasthan Royals,Rajasthan Royals,Delhi Daredevils,Delhi Capitals,Delhi Daredevils,Delhi Capitals,field,Rajasthan Royals,Rajasthan Royals,105 runs,NA,NA,SR Watson,NA,NA
336039,2008,2008-05-31,T20,Indian Premier League,Semi Final,Wankhede Stadium,Wankhede Stadium,Mumbai,Mumbai,Kings XI Punjab,Punjab Kings,Chennai Super Kings,Chennai Super Kings,Kings XI Punjab,Punjab Kings,bat,Chennai Super Kings,Chennai Super Kings,9 wickets,NA,NA,M Ntini,NA,NA
336040,2008,2008-06-01,T20,Indian Premier League,Final,Dr DY Patil Sports Academy,Dr DY Patil Sports Academy,Mumbai,Mumbai,Chennai Super Kings,Chennai Super Kings,Rajasthan Royals,Rajasthan Royals,Rajasthan Royals,Rajasthan Royals,field,Rajasthan Royals,Rajasthan Royals,3 wickets,NA,NA,YK Pathan,NA,NA
392181,2009,2009-04-18,T20,Indian Premier League,Unknown,Newlands,Newlands,Cape Town,Cape Town,Mumbai Indians,Mumbai Indians,Chennai Super Kings,Chennai Super Kings,Chennai Super Kings,Chennai Super Kings,field,Mumbai Indians,Mumbai Indians,19 runs,NA,NA,SR Tendulkar,NA,NA
392182,2009,2009-04-18,T20,Indian Premier League,Unknown,Newlands,Newlands,Cape Town,Cape Town,Royal Challengers Bangalore,Royal Challengers Bengaluru,Rajasthan Royals,Rajasthan Royals,Royal Challengers Bangalore,Royal Challengers Bengaluru,bat,Royal Challengers Bangalore,Royal Challengers Bengaluru,75 runs,NA,NA,R Dravid,NA,NA
392183,2009,2009-04-19,T20,Indian Premier League,Unknown,Newlands,Newlands,Cape Town,Cape Town,Kings XI Punjab,Punjab Kings,Delhi Daredevils,Delhi Capitals,Delhi Daredevils,Delhi Capitals,field,Delhi Daredevils,Delhi Capitals,10 wickets,NA,D/L,DL Vettori,NA,NA
392184,2009,2009-04-19,T20,Indian Premier League,Unknown,Newlands,Newlands,Cape Town,Cape Town,Kolkata Knight Riders,Kolkata Knight Riders,Deccan Chargers,Deccan Chargers,Kolkata Knight Riders,Kolkata Knight Riders,bat,Deccan Chargers,Deccan Chargers,8 wickets,NA,NA,RP Singh,NA,NA
392185,2009,2009-04-20,T20,Indian Premier League,Unknown,St George's Park,St George's Park,Port Elizabeth,Port Elizabeth,Chennai Super Kings,Chennai Super Kings,Royal Challengers Bangalore,Royal Challengers Bengaluru,Chennai Super Kings,Chennai Super Kings,bat,Chennai Super Kings,Chennai Super Kings,92 runs,NA,NA,M Muralitharan,NA,NA
392186,2009,2009-04-21,T20,Indian Premier League,Unknown,Kingsmead,Kingsmead,Durban,Durban,Kings XI Punjab,Punjab Kings,Kolkata Knight Riders,Kolkata Knight Riders,Kolkata Knight Riders,Kolkata Knight Riders,field,Kolkata Knight Riders,Kolkata Knight Riders,11 runs,NA,D/L,CH Gayle,NA,NA
392188,2009,2009-04-22,T20,Indian Premier League,Unknown,Newlands,Newlands,Cape Town,Cape Town,Deccan Chargers,Deccan Chargers,Royal Challengers Bangalore,Royal Challengers Bengaluru,Deccan Chargers,Deccan Chargers,bat,Deccan Chargers,Deccan Chargers,24 runs,NA,NA,AC Gilchrist,NA,NA
392189,2009,2009-04-23,T20,Indian Premier League,Unknown,Kingsmead,Kingsmead,Durban,Durban,Delhi Daredevils,Delhi Capitals,Chennai Super Kings,Chennai Super Kings,Delhi Daredevils,Delhi Capitals,bat,Delhi Daredevils,Delhi Capitals,9 runs,NA,NA,AB de Villiers,NA,NA
392190,2009,2009-04-23,T20,Indian Premier League,Unknown,Newlands,Newlands,Cape Town,Cape Town,Rajasthan Royals,Rajasthan Royals,Kolkata Knight Riders,Kolkata Knight Riders,Kolkata Knight Riders,Kolkata Knight Riders,field,Unknown,Unknown,,tie,NA,YK Pathan,Rajasthan Royals,Rajasthan Royals
392191,2009,2009-04-24,T20,Indian Premier League,Unknown,Kingsmead,Kingsmead,Durban,Durban,Royal Challengers Bangalore,Royal Challengers Bengaluru,Kings XI Punjab,Punjab Kings,Royal Challengers Bangalore,Royal Challengers Bengaluru,bat,Kings XI Punjab,Punjab Kings,7 wickets,NA,NA,RS Bopara,NA,NA
392192,2009,2009-04-25,T20,Indian Premier League,Unknown,Kingsmead,Kingsmead,Durban,Durban,Deccan Chargers,Deccan Chargers,Mumbai Indians,Mumbai Indians,Deccan Chargers,Deccan Chargers,bat,Deccan Chargers,Deccan Chargers,12 runs,NA,NA,PP Ojha,NA,NA
392194,2009,2009-04-26,T20,Indian Premier League,Unknown,St George's Park,St George's Park,Port Elizabeth,Port Elizabeth,Royal Challengers Bangalore,Royal Challengers Bengaluru,Delhi Daredevils,Delhi Capitals,Royal Challengers Bangalore,Royal Challengers Bengaluru,bat,Delhi Daredevils,Delhi Capitals,6 wickets,NA,NA,TM Dilshan,NA,NA
392195,2009,2009-04-26,T20,Indian Premier League,Unknown,Newlands,Newlands,Cape Town,Cape Town,Kings XI Punjab,Punjab Kings,Rajasthan Royals,Rajasthan Royals,Kings XI Punjab,Punjab Kings,bat,Kings XI Punjab,Punjab Kings,27 runs,NA,NA,KC Sangakkara,NA,NA
392196,2009,2009-04-27,T20,Indian Premier League,Unknown,Kingsmead,Kingsmead,Durban,Durban,Chennai Super Kings,Chennai Super Kings,Deccan Chargers,Deccan Chargers,Deccan Chargers,Deccan Chargers,field,Deccan Chargers,Deccan Chargers,6 wickets,NA,NA,HH Gibbs,NA,NA
392197,2009,2009-04-27,T20,Indian Premier League,Unknown,St George's Park,St George's Park,Port Elizabeth,Port Elizabeth,Mumbai Indians,Mumbai Indians,Kolkata Knight Riders,Kolkata Knight Riders,Mumbai Indians,Mumbai Indians,bat,Mumbai Indians,Mumbai Indians,92 runs,NA,NA,SR Tendulkar,NA,NA
392198,2009,2009-04-28,T20,Indian Premier League,Unknown,SuperSport Park,SuperSport Park,Centurion,Centurion,Delhi Daredevils,Delhi Capitals,Rajasthan Royals,Rajasthan Royals,Delhi Daredevils,Delhi Capitals,bat,Rajasthan Royals,Rajasthan Royals,5 wickets,NA,NA,YK Pathan,NA,NA
392199,2009,2009-04-29,T20,Indian Premier League,Unknown,Kingsmead,Kingsmead,Durban,Durban,Kolkata Knight Riders,Kolkata Knight Riders,Royal Challengers Bangalore,Royal Challengers Bengaluru,Kolkata Knight Riders,Kolkata Knight Riders,bat,Royal Challengers Bangalore,Royal Challengers Bengaluru,5 wickets,NA,NA,MV Boucher,NA,NA
392200,2009,2009-04-29,T20,Indian Premier League,Unknown,Kingsmead,Kingsmead,Durban,Durban,Kings XI Punjab,Punjab Kings,Mumbai Indians,Mumbai Indians,Kings XI Punjab,Punjab Kings,bat,Kings XI Punjab,Punjab Kings,3 runs,NA,NA,KC Sangakkara,NA,NA
392201,2009,2009-04-30,T20,Indian Premier League,Unknown,SuperSport Park,SuperSport Park,Centurion,Centurion,Deccan Chargers,Deccan Chargers,Delhi Daredevils,Delhi Capitals,Delhi Daredevils,Delhi Capitals,field,Delhi Daredevils,Delhi Capitals,6 wickets,NA,NA,DP Nannes,NA,NA
392202,2009,2009-04-30,T20,Indian Premier League,Unknown,SuperSport Park,SuperSport Park,Centurion,Centurion,Chennai Super Kings,Chennai Super Kings,Rajasthan Royals,Rajasthan Royals,Rajasthan Royals,Rajasthan Royals,field,Chennai Super Kings,Chennai Super Kings,38 runs,NA,NA,SK Raina,NA,NA
392203,2009,2009-05-01,T20,Indian Premier League,Unknown,Buffalo Park,Buffalo Park,East London,East London,Mumbai Indians,Mumbai Indians,Kolkata Knight Riders,Kolkata Knight Riders,Mumbai Indians,Mumbai Indians,bat,Mumbai Indians,Mumbai Indians,9 runs,NA,NA,JP Duminy,NA,NA
392204,2009,2009-05-01,T20,Indian Premier League,Unknown,Kingsmead,Kingsmead,Durban,Durban,Royal Challengers Bangalore,Royal Challengers Bengaluru,Kings XI Punjab,Punjab Kings,Royal Challengers Bangalore,Royal Challengers Bengaluru,bat,Royal Challengers Bangalore,Royal Challengers Bengaluru,8 runs,NA,NA,Yuvraj Singh,NA,NA
392205,2009,2009-05-02,T20,Indian Premier League,Unknown,St George's Park,St George's Park,Port Elizabeth,Port Elizabeth,Deccan Chargers,Deccan Chargers,Rajasthan Royals,Rajasthan Royals,Deccan Chargers,Deccan Chargers,bat,Rajasthan Royals,Rajasthan Royals,3 wickets,NA,NA,YK Pathan,NA,NA
392206,2009,2009-05-02,T20,Indian Premier League,Unknown,New Wanderers Stadium,New Wanderers Stadium,Johannesburg,Johannesburg,Chennai Super Kings,Chennai Super Kings,Delhi Daredevils,Delhi Capitals,Delhi Daredevils,Delhi Capitals,field,Chennai Super Kings,Chennai Super Kings,18 runs,NA,NA,SB Jakati,NA,NA
392207,2009,2009-05-03,T20,Indian Premier League,Unknown,St George's Park,St George's Park,Port Elizabeth,Port Elizabeth,Kolkata Knight Riders,Kolkata Knight Riders,Kings XI Punjab,Punjab Kings,Kolkata Knight Riders,Kolkata Knight Riders,bat,Kings XI Punjab,Punjab Kings,6 wickets,NA,NA,DPMD Jayawardene,NA,NA
392208,2009,2009-05-03,T20,Indian Premier League,Unknown,New Wanderers Stadium,New Wanderers Stadium,Johannesburg,Johannesburg,Mumbai Indians,Mumbai Indians,Royal Challengers Bangalore,Royal Challengers Bengaluru,Mumbai Indians,Mumbai Indians,bat,Royal Challengers Bangalore,Royal Challengers Bengaluru,9 wickets,NA,NA,JH Kallis,NA,NA
392209,2009,2009-05-04,T20,Indian Premier League,Unknown,Buffalo Park,Buffalo Park,East London,East London,Chennai Super Kings,Chennai Super Kings,Deccan Chargers,Deccan Chargers,Chennai Super Kings,Chennai Super Kings,bat,Chennai Super Kings,Chennai Super Kings,78 runs,NA,NA,MS Dhoni,NA,NA
392210,2009,2009-05-05,T20,Indian Premier League,Unknown,Kingsmead,Kingsmead,Durban,Durban,Rajasthan Royals,Rajasthan Royals,Kings XI Punjab,Punjab Kings,Kings XI Punjab,Punjab Kings,field,Rajasthan Royals,Rajasthan Royals,78 runs,NA,NA,GC Smith,NA,NA
392211,2009,2009-05-05,T20,Indian Premier League,Unknown,Kingsmead,Kingsmead,Durban,Durban,Kolkata Knight Riders,Kolkata Knight Riders,Delhi Daredevils,Delhi Capitals,Kolkata Knight Riders,Kolkata Knight Riders,bat,Delhi Daredevils,Delhi Capitals,9 wickets,NA,NA,G Gambhir,NA,NA
392212,2009,2009-05-06,T20,Indian Premier League,Unknown,SuperSport Park,SuperSport Park,Centurion,Centurion,Deccan Chargers,Deccan Chargers,Mumbai Indians,Mumbai Indians,Deccan Chargers,Deccan Chargers,bat,Deccan Chargers,Deccan Chargers,19 runs,NA,NA,RG Sharma,NA,NA
392213,2009,2009-05-07,T20,Indian Premier League,Unknown,SuperSport Park,SuperSport Park,Centurion,Centurion,Royal Challengers Bangalore,Royal Challengers Bengaluru,Rajasthan Royals,Rajasthan Royals,Rajasthan Royals,Rajasthan Royals,field,Rajasthan Royals,Rajasthan Royals,7 wickets,NA,NA,A Singh,NA,NA
392214,2009,2009-05-07,T20,Indian Premier League,Unknown,SuperSport Park,SuperSport Park,Centurion,Centurion,Chennai Super Kings,Chennai Super Kings,Kings XI Punjab,Punjab Kings,Chennai Super Kings,Chennai Super Kings,bat,Chennai Super Kings,Chennai Super Kings,12 runs,NA,D/L,ML Hayden,NA,NA
392215,2009,2009-05-08,T20,Indian Premier League,Unknown,Buffalo Park,Buffalo Park,East London,East London,Mumbai Indians,Mumbai Indians,Delhi Daredevils,Delhi Capitals,Mumbai Indians,Mumbai Indians,bat,Delhi Daredevils,Delhi Capitals,7 wickets,NA,NA,A Nehra,NA,NA
392216,2009,2009-05-09,T20,Indian Premier League,Unknown,De Beers Diamond Oval,De Beers Diamond Oval,Kimberley,Kimberley,Deccan Chargers,Deccan Chargers,Kings XI Punjab,Punjab Kings,Kings XI Punjab,Punjab Kings,field,Kings XI Punjab,Punjab Kings,3 wickets,NA,NA,DPMD Jayawardene,NA,NA
392217,2009,2009-05-09,T20,Indian Premier League,Unknown,De Beers Diamond Oval,De Beers Diamond Oval,Kimberley,Kimberley,Rajasthan Royals,Rajasthan Royals,Chennai Super Kings,Chennai Super Kings,Rajasthan Royals,Rajasthan Royals,bat,Chennai Super Kings,Chennai Super Kings,7 wickets,NA,NA,S Badrinath,NA,NA
392218,2009,2009-05-10,T20,Indian Premier League,Unknown,St George's Park,St George's Park,Port Elizabeth,Port Elizabeth,Mumbai Indians,Mumbai Indians,Royal Challengers Bangalore,Royal Challengers Bengaluru,Mumbai Indians,Mumbai Indians,bat,Mumbai Indians,Mumbai Indians,16 runs,NA,NA,JP Duminy,NA,NA
392219,2009,2009-05-10,T20,Indian Premier League,Unknown,New Wanderers Stadium,New Wanderers Stadium,Johannesburg,Johannesburg,Kolkata Knight Riders,Kolkata Knight Riders,Delhi Daredevils,Delhi Capitals,Delhi Daredevils,Delhi Capitals,field,Delhi Daredevils,Delhi Capitals,7 wickets,NA,NA,A Mishra,NA,NA
392220,2009,2009-05-11,T20,Indian Premier League,Unknown,De Beers Diamond Oval,De Beers Diamond Oval,Kimberley,Kimberley,Deccan Chargers,Deccan Chargers,Rajasthan Royals,Rajasthan Royals,Deccan Chargers,Deccan Chargers,bat,Deccan Chargers,Deccan Chargers,53 runs,NA,NA,DR Smith,NA,NA
392221,2009,2009-05-12,T20,Indian Premier League,Unknown,SuperSport Park,SuperSport Park,Centurion,Centurion,Kolkata Knight Riders,Kolkata Knight Riders,Royal Challengers Bangalore,Royal Challengers Bengaluru,Royal Challengers Bangalore,Royal Challengers Bengaluru,field,Royal Challengers Bangalore,Royal Challengers Bengaluru,6 wickets,NA,NA,LRPL Taylor,NA,NA
392222,2009,2009-05-12,T20,Indian Premier League,Unknown,SuperSport Park,SuperSport Park,Centurion,Centurion,Kings XI Punjab,Punjab Kings,Mumbai Indians,Mumbai Indians,Kings XI Punjab,Punjab Kings,bat,Mumbai Indians,Mumbai Indians,8 wickets,NA,NA,Harbhajan Singh,NA,NA
392223,2009,2009-05-13,T20,Indian Premier League,Unknown,Kingsmead,Kingsmead,Durban,Durban,Delhi Daredevils,Delhi Capitals,Deccan Chargers,Deccan Chargers,Deccan Chargers,Deccan Chargers,field,Delhi Daredevils,Delhi Capitals,12 runs,NA,NA,R Bhatia,NA,NA
392224,2009,2009-05-14,T20,Indian Premier League,Unknown,Kingsmead,Kingsmead,Durban,Durban,Chennai Super Kings,Chennai Super Kings,Royal Challengers Bangalore,Royal Challengers Bengaluru,Chennai Super Kings,Chennai Super Kings,bat,Royal Challengers Bangalore,Royal Challengers Bengaluru,2 wickets,NA,NA,LRPL Taylor,NA,NA
392225,2009,2009-05-14,T20,Indian Premier League,Unknown,Kingsmead,Kingsmead,Durban,Durban,Rajasthan Royals,Rajasthan Royals,Mumbai Indians,Mumbai Indians,Rajasthan Royals,Rajasthan Royals,bat,Rajasthan Royals,Rajasthan Royals,2 runs,NA,NA,SK Warne,NA,NA
392226,2009,2009-05-15,T20,Indian Premier League,Unknown,OUTsurance Oval,OUTsurance Oval,Bloemfontein,Bloemfontein,Delhi Daredevils,Delhi Capitals,Kings XI Punjab,Punjab Kings,Kings XI Punjab,Punjab Kings,field,Kings XI Punjab,Punjab Kings,6 wickets,NA,NA,B Lee,NA,NA
392227,2009,2009-05-16,T20,Indian Premier League,Unknown,St George's Park,St George's Park,Port Elizabeth,Port Elizabeth,Mumbai Indians,Mumbai Indians,Chennai Super Kings,Chennai Super Kings,Mumbai Indians,Mumbai Indians,bat,Chennai Super Kings,Chennai Super Kings,7 wickets,NA,NA,ML Hayden,NA,NA
392228,2009,2009-05-16,T20,Indian Premier League,Unknown,New Wanderers Stadium,New Wanderers Stadium,Johannesburg,Johannesburg,Kolkata Knight Riders,Kolkata Knight Riders,Deccan Chargers,Deccan Chargers,Deccan Chargers,Deccan Chargers,field,Deccan Chargers,Deccan Chargers,6 wickets,NA,NA,RG Sharma,NA,NA
392229,2009,2009-05-17,T20,Indian Premier League,Unknown,New Wanderers Stadium,New Wanderers Stadium,Johannesburg,Johannesburg,Kings XI Punjab,Punjab Kings,Deccan Chargers,Deccan Chargers,Deccan Chargers,Deccan Chargers,field,Kings XI Punjab,Punjab Kings,1 runs,NA,NA,Yuvraj Singh,NA,NA
392230,2009,2009-05-17,T20,Indian Premier League,Unknown,OUTsurance Oval,OUTsurance Oval,Bloemfontein,Bloemfontein,Delhi Daredevils,Delhi Capitals,Rajasthan Royals,Rajasthan Royals,Delhi Daredevils,Delhi Capitals,bat,Delhi Daredevils,Delhi Capitals,14 runs,NA,NA,AB de Villiers,NA,NA
392231,2009,2009-05-18,T20,Indian Premier League,Unknown,SuperSport Park,SuperSport Park,Centurion,Centurion,Chennai Super Kings,Chennai Super Kings,Kolkata Knight Riders,Kolkata Knight Riders,Chennai Super Kings,Chennai Super Kings,bat,Kolkata Knight Riders,Kolkata Knight Riders,7 wickets,NA,NA,BJ Hodge,NA,NA
392232,2009,2009-05-19,T20,Indian Premier League,Unknown,New Wanderers Stadium,New Wanderers Stadium,Johannesburg,Johannesburg,Delhi Daredevils,Delhi Capitals,Royal Challengers Bangalore,Royal Challengers Bengaluru,Delhi Daredevils,Delhi Capitals,bat,Royal Challengers Bangalore,Royal Challengers Bengaluru,7 wickets,NA,NA,JH Kallis,NA,NA
392233,2009,2009-05-20,T20,Indian Premier League,Unknown,Kingsmead,Kingsmead,Durban,Durban,Rajasthan Royals,Rajasthan Royals,Kolkata Knight Riders,Kolkata Knight Riders,Kolkata Knight Riders,Kolkata Knight Riders,field,Kolkata Knight Riders,Kolkata Knight Riders,4 wickets,NA,NA,LR Shukla,NA,NA
392234,2009,2009-05-20,T20,Indian Premier League,Unknown,Kingsmead,Kingsmead,Durban,Durban,Chennai Super Kings,Chennai Super Kings,Kings XI Punjab,Punjab Kings,Chennai Super Kings,Chennai Super Kings,bat,Chennai Super Kings,Chennai Super Kings,24 runs,NA,NA,M Muralitharan,NA,NA
392235,2009,2009-05-21,T20,Indian Premier League,Unknown,SuperSport Park,SuperSport Park,Centurion,Centurion,Mumbai Indians,Mumbai Indians,Delhi Daredevils,Delhi Capitals,Delhi Daredevils,Delhi Capitals,field,Delhi Daredevils,Delhi Capitals,4 wickets,NA,NA,V Sehwag,NA,NA
392236,2009,2009-05-21,T20,Indian Premier League,Unknown,SuperSport Park,SuperSport Park,Centurion,Centurion,Royal Challengers Bangalore,Royal Challengers Bengaluru,Deccan Chargers,Deccan Chargers,Royal Challengers Bangalore,Royal Challengers Bengaluru,bat,Royal Challengers Bangalore,Royal Challengers Bengaluru,12 runs,NA,NA,MK Pandey,NA,NA
392237,2009,2009-05-22,T20,Indian Premier League,Semi Final,SuperSport Park,SuperSport Park,Centurion,Centurion,Delhi Daredevils,Delhi Capitals,Deccan Chargers,Deccan Chargers,Deccan Chargers,Deccan Chargers,field,Deccan Chargers,Deccan Chargers,6 wickets,NA,NA,AC Gilchrist,NA,NA
392238,2009,2009-05-23,T20,Indian Premier League,Semi Final,New Wanderers Stadium,New Wanderers Stadium,Johannesburg,Johannesburg,Chennai Super Kings,Chennai Super Kings,Royal Challengers Bangalore,Royal Challengers Bengaluru,Royal Challengers Bangalore,Royal Challengers Bengaluru,field,Royal Challengers Bangalore,Royal Challengers Bengaluru,6 wickets,NA,NA,MK Pandey,NA,NA
392239,2009,2009-05-24,T20,Indian Premier League,Final,New Wanderers Stadium,New Wanderers Stadium,Johannesburg,Johannesburg,Deccan Chargers,Deccan Chargers,Royal Challengers Bangalore,Royal Challengers Bengaluru,Royal Challengers Bangalore,Royal Challengers Bengaluru,field,Deccan Chargers,Deccan Chargers,6 runs,NA,NA,A Kumble,NA,NA
419106,2010,2010-03-12,T20,Indian Premier League,Unknown,Dr DY Patil Sports Academy,Dr DY Patil Sports Academy,Mumbai,Mumbai,Kolkata Knight Riders,Kolkata Knight Riders,Deccan Chargers,Deccan Chargers,Deccan Chargers,Deccan Chargers,field,Kolkata Knight Riders,Kolkata Knight Riders,11 runs,NA,NA,AD Mathews,NA,NA
419107,2010,2010-03-13,T20,Indian Premier League,Unknown,Brabourne Stadium,Brabourne Stadium,Mumbai,Mumbai,Mumbai Indians,Mumbai Indians,Rajasthan Royals,Rajasthan Royals,Mumbai Indians,Mumbai Indians,bat,Mumbai Indians,Mumbai Indians,4 runs,NA,NA,YK Pathan,NA,NA
419108,2010,2010-03-13,T20,Indian Premier League,Unknown,"Punjab Cricket Association Stadium, Mohali","Punjab Cricket Association IS Bindra Stadium, Mohali",Chandigarh,Chandigarh,Kings XI Punjab,Punjab Kings,Delhi Daredevils,Delhi Capitals,Delhi Daredevils,Delhi Capitals,field,Delhi Daredevils,Delhi Capitals,5 wickets,NA,NA,G Gambhir,NA,NA
419109,2010,2010-03-14,T20,Indian Premier League,Unknown,Eden Gardens,Eden Gardens,Kolkata,Kolkata,Royal Challengers Bangalore,Royal Challengers Bengaluru,Kolkata Knight Riders,Kolkata Knight Riders,Kolkata Knight Riders,Kolkata Knight Riders,field,Kolkata Knight Riders,Kolkata Knight Riders,7 wickets,NA,NA,MK Tiwary,NA,NA
419110,2010,2010-03-14,T20,Indian Premier League,Unknown,"MA Chidambaram Stadium, Chepauk",MA Chidambaram Stadium,Chennai,Chennai,Deccan Chargers,Deccan Chargers,Chennai Super Kings,Chennai Super Kings,Deccan Chargers,Deccan Chargers,bat,Deccan Chargers,Deccan Chargers,31 runs,NA,NA,WPUJC Vaas,NA,NA
419111,2010,2010-03-15,T20,Indian Premier League,Unknown,"Sardar Patel Stadium, Motera",Narendra Modi Stadium,Ahmedabad,Ahmedabad,Rajasthan Royals,Rajasthan Royals,Delhi Daredevils,Delhi Capitals,Delhi Daredevils,Delhi Capitals,field,Delhi Daredevils,Delhi Capitals,6 wickets,NA,NA,V Sehwag,NA,NA
419112,2010,2010-03-16,T20,Indian Premier League,Unknown,M Chinnaswamy Stadium,M Chinnaswamy Stadium,Bangalore,Bengaluru,Kings XI Punjab,Punjab Kings,Royal Challengers Bangalore,Royal Challengers Bengaluru,Kings XI Punjab,Punjab Kings,bat,Royal Challengers Bangalore,Royal Challengers Bengaluru,8 wickets,NA,NA,JH Kallis,NA,NA
419113,2010,2010-03-16,T20,Indian Premier League,Unknown,Eden Gardens,Eden Gardens,Kolkata,Kolkata,Chennai Super Kings,Chennai Super Kings,Kolkata Knight Riders,Kolkata Knight Riders,Chennai Super Kings,Chennai Super Kings,bat,Chennai Super Kings,Chennai Super Kings,55 runs,NA,NA,MS Dhoni,NA,NA
419114,2010,2010-03-17,T20,Indian Premier League,Unknown,Feroz Shah Kotla,Feroz Shah Kotla,Delhi,Delhi,Mumbai Indians,Mumbai Indians,Delhi Daredevils,Delhi Capitals,Delhi Daredevils,Delhi Capitals,field,Mumbai Indians,Mumbai Indians,98 runs,NA,NA,SR Tendulkar,NA,NA
419115,2010,2010-03-18,T20,Indian Premier League,Unknown,M Chinnaswamy Stadium,M Chinnaswamy Stadium,Bangalore,Bengaluru,Rajasthan Royals,Rajasthan Royals,Royal Challengers Bangalore,Royal Challengers Bengaluru,Royal Challengers Bangalore,Royal Challengers Bengaluru,field,Royal Challengers Bangalore,Royal Challengers Bengaluru,10 wickets,NA,NA,JH Kallis,NA,NA
419116,2010,2010-03-19,T20,Indian Premier League,Unknown,Feroz Shah Kotla,Feroz Shah Kotla,Delhi,Delhi,Delhi Daredevils,Delhi Capitals,Chennai Super Kings,Chennai Super Kings,Delhi Daredevils,Delhi Capitals,bat,Chennai Super Kings,Chennai Super Kings,5 wickets,NA,NA,ML Hayden,NA,NA
419117,2010,2010-03-19,T20,Indian Premier League,Unknown,Barabati Stadium,Barabati Stadium,Cuttack,Cuttack,Deccan Chargers,Deccan Chargers,Kings XI Punjab,Punjab Kings,Kings XI Punjab,Punjab Kings,field,Deccan Chargers,Deccan Chargers,6 runs,NA,NA,A Symonds,NA,NA
419118,2010,2010-03-20,T20,Indian Premier League,Unknown,"Sardar Patel Stadium, Motera",Narendra Modi Stadium,Ahmedabad,Ahmedabad,Rajasthan Royals,Rajasthan Royals,Kolkata Knight Riders,Kolkata Knight Riders,Rajasthan Royals,Rajasthan Royals,bat,Rajasthan Royals,Rajasthan Royals,34 runs,NA,NA,AA Jhunjhunwala,NA,NA
419119,2010,2010-03-20,T20,Indian Premier League,Unknown,Brabourne Stadium,Brabourne Stadium,Mumbai,Mumbai,Mumbai Indians,Mumbai Indians,Royal Challengers Bangalore,Royal Challengers Bengaluru,Mumbai Indians,Mumbai Indians,bat,Royal Challengers Bangalore,Royal Challengers Bengaluru,7 wickets,NA,NA,JH Kallis,NA,NA
419120,2010,2010-03-21,T20,Indian Premier League,Unknown,Barabati Stadium,Barabati Stadium,Cuttack,Cuttack,Deccan Chargers,Deccan Chargers,Delhi Daredevils,Delhi Capitals,Deccan Chargers,Deccan Chargers,bat,Deccan Chargers,Deccan Chargers,10 runs,NA,NA,A Symonds,NA,NA
419121,2010,2010-03-21,T20,Indian Premier League,Unknown,"MA Chidambaram Stadium, Chepauk",MA Chidambaram Stadium,Chennai,Chennai,Kings XI Punjab,Punjab Kings,Chennai Super Kings,Chennai Super Kings,Chennai Super Kings,Chennai Super Kings,field,Unknown,Unknown,,tie,NA,J Theron,Kings XI Punjab,Punjab Kings
419122,2010,2010-03-22,T20,Indian Premier League,Unknown,Brabourne Stadium,Brabourne Stadium,Mumbai,Mumbai,Kolkata Knight Riders,Kolkata Knight Riders,Mumbai Indians,Mumbai Indians,Kolkata Knight Riders,Kolkata Knight Riders,bat,Mumbai Indians,Mumbai Indians,7 wickets,NA,NA,SR Tendulkar,NA,NA
419123,2010,2010-03-23,T20,Indian Premier League,Unknown,M Chinnaswamy Stadium,M Chinnaswamy Stadium,Bangalore,Bengaluru,Royal Challengers Bangalore,Royal Challengers Bengaluru,Chennai Super Kings,Chennai Super Kings,Chennai Super Kings,Chennai Super Kings,field,Royal Challengers Bangalore,Royal Challengers Bengaluru,36 runs,NA,NA,RV Uthappa,NA,NA
419124,2010,2010-03-24,T20,Indian Premier League,Unknown,"Punjab Cricket Association Stadium, Mohali","Punjab Cricket Association IS Bindra Stadium, Mohali",Chandigarh,Chandigarh,Rajasthan Royals,Rajasthan Royals,Kings XI Punjab,Punjab Kings,Kings XI Punjab,Punjab Kings,field,Rajasthan Royals,Rajasthan Royals,31 runs,NA,NA,AC Voges,NA,NA
419125,2010,2010-03-25,T20,Indian Premier League,Unknown,"Brabourne Stadium, Mumbai",Brabourne Stadium,Mumbai,Mumbai,Chennai Super Kings,Chennai Super Kings,Mumbai Indians,Mumbai Indians,Mumbai Indians,Mumbai Indians,field,Mumbai Indians,Mumbai Indians,5 wickets,NA,NA,SR Tendulkar,NA,NA
419128,2010,2010-03-25,T20,Indian Premier League,Unknown,M Chinnaswamy Stadium,M Chinnaswamy Stadium,Bangalore,Bengaluru,Delhi Daredevils,Delhi Capitals,Royal Challengers Bangalore,Royal Challengers Bengaluru,Royal Challengers Bangalore,Royal Challengers Bengaluru,field,Delhi Daredevils,Delhi Capitals,17 runs,NA,NA,KM Jadhav,NA,NA
419126,2010,2010-03-26,T20,Indian Premier League,Unknown,"Sardar Patel Stadium, Motera",Narendra Modi Stadium,Ahmedabad,Ahmedabad,Deccan Chargers,Deccan Chargers,Rajasthan Royals,Rajasthan Royals,Deccan Chargers,Deccan Chargers,bat,Rajasthan Royals,Rajasthan Royals,8 wickets,NA,NA,YK Pathan,NA,NA
419127,2010,2010-03-27,T20,Indian Premier League,Unknown,"Punjab Cricket Association Stadium, Mohali","Punjab Cricket Association IS Bindra Stadium, Mohali",Chandigarh,Chandigarh,Kolkata Knight Riders,Kolkata Knight Riders,Kings XI Punjab,Punjab Kings,Kolkata Knight Riders,Kolkata Knight Riders,bat,Kolkata Knight Riders,Kolkata Knight Riders,39 runs,NA,NA,MK Tiwary,NA,NA
419129,2010,2010-03-28,T20,Indian Premier League,Unknown,"Sardar Patel Stadium, Motera",Narendra Modi Stadium,Ahmedabad,Ahmedabad,Rajasthan Royals,Rajasthan Royals,Chennai Super Kings,Chennai Super Kings,Rajasthan Royals,Rajasthan Royals,bat,Rajasthan Royals,Rajasthan Royals,17 runs,NA,NA,NV Ojha,NA,NA
419130,2010,2010-03-28,T20,Indian Premier League,Unknown,Dr DY Patil Sports Academy,Dr DY Patil Sports Academy,Mumbai,Mumbai,Mumbai Indians,Mumbai Indians,Deccan Chargers,Deccan Chargers,Deccan Chargers,Deccan Chargers,field,Mumbai Indians,Mumbai Indians,41 runs,NA,NA,Harbhajan Singh,NA,NA
419131,2010,2010-03-29,T20,Indian Premier League,Unknown,Feroz Shah Kotla,Feroz Shah Kotla,Delhi,Delhi,Delhi Daredevils,Delhi Capitals,Kolkata Knight Riders,Kolkata Knight Riders,Delhi Daredevils,Delhi Capitals,bat,Delhi Daredevils,Delhi Capitals,40 runs,NA,NA,DA Warner,NA,NA
419132,2010,2010-03-30,T20,Indian Premier League,Unknown,Brabourne Stadium,Brabourne Stadium,Mumbai,Mumbai,Kings XI Punjab,Punjab Kings,Mumbai Indians,Mumbai Indians,Mumbai Indians,Mumbai Indians,field,Mumbai Indians,Mumbai Indians,4 wickets,NA,NA,SL Malinga,NA,NA
419133,2010,2010-03-31,T20,Indian Premier League,Unknown,"MA Chidambaram Stadium, Chepauk",MA Chidambaram Stadium,Chennai,Chennai,Royal Challengers Bangalore,Royal Challengers Bengaluru,Chennai Super Kings,Chennai Super Kings,Royal Challengers Bangalore,Royal Challengers Bengaluru,bat,Chennai Super Kings,Chennai Super Kings,5 wickets,NA,NA,M Vijay,NA,NA
419134,2010,2010-03-31,T20,Indian Premier League,Unknown,Feroz Shah Kotla,Feroz Shah Kotla,Delhi,Delhi,Delhi Daredevils,Delhi Capitals,Rajasthan Royals,Rajasthan Royals,Delhi Daredevils,Delhi Capitals,bat,Delhi Daredevils,Delhi Capitals,67 runs,NA,NA,KD Karthik,NA,NA
419135,2010,2010-04-01,T20,Indian Premier League,Unknown,Eden Gardens,Eden Gardens,Kolkata,Kolkata,Kolkata Knight Riders,Kolkata Knight Riders,Deccan Chargers,Deccan Chargers,Kolkata Knight Riders,Kolkata Knight Riders,bat,Kolkata Knight Riders,Kolkata Knight Riders,24 runs,NA,NA,SC Ganguly,NA,NA
419136,2010,2010-04-02,T20,Indian Premier League,Unknown,"Punjab Cricket Association Stadium, Mohali","Punjab Cricket Association IS Bindra Stadium, Mohali",Chandigarh,Chandigarh,Kings XI Punjab,Punjab Kings,Royal Challengers Bangalore,Royal Challengers Bengaluru,Kings XI Punjab,Punjab Kings,bat,Royal Challengers Bangalore,Royal Challengers Bengaluru,6 wickets,NA,NA,KP Pietersen,NA,NA
419137,2010,2010-04-03,T20,Indian Premier League,Unknown,"MA Chidambaram Stadium, Chepauk",MA Chidambaram Stadium,Chennai,Chennai,Chennai Super Kings,Chennai Super Kings,Rajasthan Royals,Rajasthan Royals,Chennai Super Kings,Chennai Super Kings,bat,Chennai Super Kings,Chennai Super Kings,23 runs,NA,NA,M Vijay,NA,NA
419138,2010,2010-04-03,T20,Indian Premier League,Unknown,Brabourne Stadium,Brabourne Stadium,Mumbai,Mumbai,Mumbai Indians,Mumbai Indians,Deccan Chargers,Deccan Chargers,Mumbai Indians,Mumbai Indians,bat,Mumbai Indians,Mumbai Indians,63 runs,NA,NA,AT Rayudu,NA,NA
419139,2010,2010-04-04,T20,Indian Premier League,Unknown,Eden Gardens,Eden Gardens,Kolkata,Kolkata,Kolkata Knight Riders,Kolkata Knight Riders,Kings XI Punjab,Punjab Kings,Kolkata Knight Riders,Kolkata Knight Riders,bat,Kings XI Punjab,Punjab Kings,8 wickets,NA,NA,DPMD Jayawardene,NA,NA
419140,2010,2010-04-04,T20,Indian Premier League,Unknown,Feroz Shah Kotla,Feroz Shah Kotla,Delhi,Delhi,Delhi Daredevils,Delhi Capitals,Royal Challengers Bangalore,Royal Challengers Bengaluru,Delhi Daredevils,Delhi Capitals,bat,Delhi Daredevils,Delhi Capitals,37 runs,NA,NA,PD Collingwood,NA,NA
419141,2010,2010-04-05,T20,Indian Premier League,Unknown,"Vidarbha Cricket Association Stadium, Jamtha","Vidarbha Cricket Association Stadium, Jamtha",Nagpur,Nagpur,Rajasthan Royals,Rajasthan Royals,Deccan Chargers,Deccan Chargers,Rajasthan Royals,Rajasthan Royals,bat,Rajasthan Royals,Rajasthan Royals,2 runs,NA,NA,SK Warne,NA,NA
419142,2010,2010-04-06,T20,Indian Premier League,Unknown,"MA Chidambaram Stadium, Chepauk",MA Chidambaram Stadium,Chennai,Chennai,Chennai Super Kings,Chennai Super Kings,Mumbai Indians,Mumbai Indians,Chennai Super Kings,Chennai Super Kings,bat,Chennai Super Kings,Chennai Super Kings,24 runs,NA,NA,SK Raina,NA,NA
419143,2010,2010-04-07,T20,Indian Premier League,Unknown,Sawai Mansingh Stadium,Sawai Mansingh Stadium,Jaipur,Jaipur,Kings XI Punjab,Punjab Kings,Rajasthan Royals,Rajasthan Royals,Kings XI Punjab,Punjab Kings,bat,Rajasthan Royals,Rajasthan Royals,9 wickets,NA,NA,MJ Lumb,NA,NA
419144,2010,2010-04-07,T20,Indian Premier League,Unknown,Eden Gardens,Eden Gardens,Kolkata,Kolkata,Kolkata Knight Riders,Kolkata Knight Riders,Delhi Daredevils,Delhi Capitals,Kolkata Knight Riders,Kolkata Knight Riders,bat,Kolkata Knight Riders,Kolkata Knight Riders,14 runs,NA,NA,SC Ganguly,NA,NA
419145,2010,2010-04-08,T20,Indian Premier League,Unknown,M Chinnaswamy Stadium,M Chinnaswamy Stadium,Bangalore,Bengaluru,Royal Challengers Bangalore,Royal Challengers Bengaluru,Deccan Chargers,Deccan Chargers,Deccan Chargers,Deccan Chargers,field,Deccan Chargers,Deccan Chargers,7 wickets,NA,NA,TL Suman,NA,NA
419146,2010,2010-04-09,T20,Indian Premier League,Unknown,"Punjab Cricket Association Stadium, Mohali","Punjab Cricket Association IS Bindra Stadium, Mohali",Chandigarh,Chandigarh,Mumbai Indians,Mumbai Indians,Kings XI Punjab,Punjab Kings,Mumbai Indians,Mumbai Indians,bat,Kings XI Punjab,Punjab Kings,6 wickets,NA,NA,KC Sangakkara,NA,NA
419147,2010,2010-04-10,T20,Indian Premier League,Unknown,"Vidarbha Cricket Association Stadium, Jamtha","Vidarbha Cricket Association Stadium, Jamtha",Nagpur,Nagpur,Chennai Super Kings,Chennai Super Kings,Deccan Chargers,Deccan Chargers,Chennai Super Kings,Chennai Super Kings,bat,Deccan Chargers,Deccan Chargers,6 wickets,NA,NA,RJ Harris,NA,NA
419148,2010,2010-04-10,T20,Indian Premier League,Unknown,M Chinnaswamy Stadium,M Chinnaswamy Stadium,Bangalore,Bengaluru,Kolkata Knight Riders,Kolkata Knight Riders,Royal Challengers Bangalore,Royal Challengers Bengaluru,Royal Challengers Bangalore,Royal Challengers Bengaluru,field,Royal Challengers Bangalore,Royal Challengers Bengaluru,7 wickets,NA,NA,R Vinay Kumar,NA,NA
419149,2010,2010-04-11,T20,Indian Premier League,Unknown,Feroz Shah Kotla,Feroz Shah Kotla,Delhi,Delhi,Delhi Daredevils,Delhi Capitals,Kings XI Punjab,Punjab Kings,Delhi Daredevils,Delhi Capitals,bat,Kings XI Punjab,Punjab Kings,7 wickets,NA,NA,PP Chawla,NA,NA
419150,2010,2010-04-11,T20,Indian Premier League,Unknown,Sawai Mansingh Stadium,Sawai Mansingh Stadium,Jaipur,Jaipur,Mumbai Indians,Mumbai Indians,Rajasthan Royals,Rajasthan Royals,Rajasthan Royals,Rajasthan Royals,field,Mumbai Indians,Mumbai Indians,37 runs,NA,NA,SR Tendulkar,NA,NA
419151,2010,2010-04-12,T20,Indian Premier League,Unknown,"Vidarbha Cricket Association Stadium, Jamtha","Vidarbha Cricket Association Stadium, Jamtha",Nagpur,Nagpur,Deccan Chargers,Deccan Chargers,Royal Challengers Bangalore,Royal Challengers Bengaluru,Royal Challengers Bangalore,Royal Challengers Bengaluru,field,Deccan Chargers,Deccan Chargers,13 runs,NA,NA,Harmeet Singh,NA,NA
419152,2010,2010-04-13,T20,Indian Premier League,Unknown,Brabourne Stadium,Brabourne Stadium,Mumbai,Mumbai,Mumbai Indians,Mumbai Indians,Delhi Daredevils,Delhi Capitals,Mumbai Indians,Mumbai Indians,bat,Mumbai Indians,Mumbai Indians,39 runs,NA,NA,KA Pollard,NA,NA
419153,2010,2010-04-13,T20,Indian Premier League,Unknown,"MA Chidambaram Stadium, Chepauk",MA Chidambaram Stadium,Chennai,Chennai,Kolkata Knight Riders,Kolkata Knight Riders,Chennai Super Kings,Chennai Super Kings,Kolkata Knight Riders,Kolkata Knight Riders,bat,Chennai Super Kings,Chennai Super Kings,9 wickets,NA,NA,R Ashwin,NA,NA
419154,2010,2010-04-14,T20,Indian Premier League,Unknown,Sawai Mansingh Stadium,Sawai Mansingh Stadium,Jaipur,Jaipur,Rajasthan Royals,Rajasthan Royals,Royal Challengers Bangalore,Royal Challengers Bengaluru,Rajasthan Royals,Rajasthan Royals,bat,Royal Challengers Bangalore,Royal Challengers Bengaluru,5 wickets,NA,NA,KP Pietersen,NA,NA
419155,2010,2010-04-15,T20,Indian Premier League,Unknown,"MA Chidambaram Stadium, Chepauk",MA Chidambaram Stadium,Chennai,Chennai,Chennai Super Kings,Chennai Super Kings,Delhi Daredevils,Delhi Capitals,Chennai Super Kings,Chennai Super Kings,bat,Delhi Daredevils,Delhi Capitals,6 wickets,NA,NA,G Gambhir,NA,NA
419156,2010,2010-04-16,T20,Indian Premier League,Unknown,Himachal Pradesh Cricket Association Stadium,Himachal Pradesh Cricket Association Stadium,Dharamsala,Dharamsala,Kings XI Punjab,Punjab Kings,Deccan Chargers,Deccan Chargers,Deccan Chargers,Deccan Chargers,field,Deccan Chargers,Deccan Chargers,5 wickets,NA,NA,RG Sharma,NA,NA
419157,2010,2010-04-17,T20,Indian Premier League,Unknown,M Chinnaswamy Stadium,M Chinnaswamy Stadium,Bangalore,Bengaluru,Mumbai Indians,Mumbai Indians,Royal Challengers Bangalore,Royal Challengers Bengaluru,Royal Challengers Bangalore,Royal Challengers Bengaluru,field,Mumbai Indians,Mumbai Indians,57 runs,NA,NA,R McLaren,NA,NA
419158,2010,2010-04-17,T20,Indian Premier League,Unknown,Eden Gardens,Eden Gardens,Kolkata,Kolkata,Rajasthan Royals,Rajasthan Royals,Kolkata Knight Riders,Kolkata Knight Riders,Rajasthan Royals,Rajasthan Royals,bat,Kolkata Knight Riders,Kolkata Knight Riders,8 wickets,NA,NA,JD Unadkat,NA,NA
419159,2010,2010-04-18,T20,Indian Premier League,Unknown,Himachal Pradesh Cricket Association Stadium,Himachal Pradesh Cricket Association Stadium,Dharamsala,Dharamsala,Kings XI Punjab,Punjab Kings,Chennai Super Kings,Chennai Super Kings,Chennai Super Kings,Chennai Super Kings,field,Chennai Super Kings,Chennai Super Kings,6 wickets,NA,NA,MS Dhoni,NA,NA
419160,2010,2010-04-18,T20,Indian Premier League,Unknown,Feroz Shah Kotla,Feroz Shah Kotla,Delhi,Delhi,Deccan Chargers,Deccan Chargers,Delhi Daredevils,Delhi Capitals,Deccan Chargers,Deccan Chargers,bat,Deccan Chargers,Deccan Chargers,11 runs,NA,NA,A Symonds,NA,NA
419161,2010,2010-04-19,T20,Indian Premier League,Unknown,Eden Gardens,Eden Gardens,Kolkata,Kolkata,Mumbai Indians,Mumbai Indians,Kolkata Knight Riders,Kolkata Knight Riders,Mumbai Indians,Mumbai Indians,bat,Kolkata Knight Riders,Kolkata Knight Riders,9 wickets,NA,NA,M Kartik,NA,NA
419162,2010,2010-04-21,T20,Indian Premier League,Semi Final,Dr DY Patil Sports Academy,Dr DY Patil Sports Academy,Mumbai,Mumbai,Mumbai Indians,Mumbai Indians,Royal Challengers Bangalore,Royal Challengers Bengaluru,Mumbai Indians,Mumbai Indians,bat,Mumbai Indians,Mumbai Indians,35 runs,NA,NA,KA Pollard,NA,NA
419163,2010,2010-04-22,T20,Indian Premier League,Semi Final,Dr DY Patil Sports Academy,Dr DY Patil Sports Academy,Mumbai,Mumbai,Chennai Super Kings,Chennai Super Kings,Deccan Chargers,Deccan Chargers,Chennai Super Kings,Chennai Super Kings,bat,Chennai Super Kings,Chennai Super Kings,38 runs,NA,NA,DE Bollinger,NA,NA
419164,2010,2010-04-24,T20,Indian Premier League,3rd Place Play-Off,Dr DY Patil Sports Academy,Dr DY Patil Sports Academy,Mumbai,Mumbai,Deccan Chargers,Deccan Chargers,Royal Challengers Bangalore,Royal Challengers Bengaluru,Deccan Chargers,Deccan Chargers,bat,Royal Challengers Bangalore,Royal Challengers Bengaluru,9 wickets,NA,NA,A Kumble,NA,NA
419165,2010,2010-04-25,T20,Indian Premier League,Final,Dr DY Patil Sports Academy,Dr DY Patil Sports Academy,Mumbai,Mumbai,Chennai Super Kings,Chennai Super Kings,Mumbai Indians,Mumbai Indians,Chennai Super Kings,Chennai Super Kings,bat,Chennai Super Kings,Chennai Super Kings,22 runs,NA,NA,SK Raina,NA,NA
501198,2011,2011-04-08,T20,Indian Premier League,Unknown,"MA Chidambaram Stadium, Chepauk",MA Chidambaram Stadium,Chennai,Chennai,Chennai Super Kings,Chennai Super Kings,Kolkata Knight Riders,Kolkata Knight Riders,Chennai Super Kings,Chennai Super Kings,bat,Chennai Super Kings,Chennai Super Kings,2 runs,NA,NA,S Anirudha,NA,NA
501199,2011,2011-04-09,T20,Indian Premier League,Unknown,"Rajiv Gandhi International Stadium, Uppal","Rajiv Gandhi International Stadium, Uppal",Hyderabad,Hyderabad,Deccan Chargers,Deccan Chargers,Rajasthan Royals,Rajasthan Royals,Rajasthan Royals,Rajasthan Royals,field,Rajasthan Royals,Rajasthan Royals,8 wickets,NA,NA,SK Trivedi,NA,NA
501200,2011,2011-04-09,T20,Indian Premier League,Unknown,Nehru Stadium,Nehru Stadium,Kochi,Kochi,Kochi Tuskers Kerala,Kochi Tuskers Kerala,Royal Challengers Bangalore,Royal Challengers Bengaluru,Kochi Tuskers Kerala,Kochi Tuskers Kerala,bat,Royal Challengers Bangalore,Royal Challengers Bengaluru,6 wickets,NA,NA,AB de Villiers,NA,NA
501201,2011,2011-04-10,T20,Indian Premier League,Unknown,Feroz Shah Kotla,Feroz Shah Kotla,Delhi,Delhi,Delhi Daredevils,Delhi Capitals,Mumbai Indians,Mumbai Indians,Delhi Daredevils,Delhi Capitals,bat,Mumbai Indians,Mumbai Indians,8 wickets,NA,NA,SL Malinga,NA,NA
501202,2011,2011-04-10,T20,Indian Premier League,Unknown,Dr DY Patil Sports Academy,Dr DY Patil Sports Academy,Mumbai,Mumbai,Kings XI Punjab,Punjab Kings,Pune Warriors,Pune Warriors,Kings XI Punjab,Punjab Kings,bat,Pune Warriors,Pune Warriors,7 wickets,NA,NA,SB Wagh,NA,NA
501203,2011,2011-04-11,T20,Indian Premier League,Unknown,Eden Gardens,Eden Gardens,Kolkata,Kolkata,Kolkata Knight Riders,Kolkata Knight Riders,Deccan Chargers,Deccan Chargers,Kolkata Knight Riders,Kolkata Knight Riders,bat,Kolkata Knight Riders,Kolkata Knight Riders,9 runs,NA,NA,JH Kallis,NA,NA
501204,2011,2011-04-12,T20,Indian Premier League,Unknown,Sawai Mansingh Stadium,Sawai Mansingh Stadium,Jaipur,Jaipur,Delhi Daredevils,Delhi Capitals,Rajasthan Royals,Rajasthan Royals,Delhi Daredevils,Delhi Capitals,bat,Rajasthan Royals,Rajasthan Royals,6 wickets,NA,NA,SK Warne,NA,NA
501205,2011,2011-04-12,T20,Indian Premier League,Unknown,M Chinnaswamy Stadium,M Chinnaswamy Stadium,Bangalore,Bengaluru,Royal Challengers Bangalore,Royal Challengers Bengaluru,Mumbai Indians,Mumbai Indians,Mumbai Indians,Mumbai Indians,field,Mumbai Indians,Mumbai Indians,9 wickets,NA,NA,SR Tendulkar,NA,NA
501206,2011,2011-04-13,T20,Indian Premier League,Unknown,"Punjab Cricket Association Stadium, Mohali","Punjab Cricket Association IS Bindra Stadium, Mohali",Chandigarh,Chandigarh,Chennai Super Kings,Chennai Super Kings,Kings XI Punjab,Punjab Kings,Kings XI Punjab,Punjab Kings,field,Kings XI Punjab,Punjab Kings,6 wickets,NA,NA,PC Valthaty,NA,NA
501207,2011,2011-04-13,T20,Indian Premier League,Unknown,Dr DY Patil Sports Academy,Dr DY Patil Sports Academy,Mumbai,Mumbai,Kochi Tuskers Kerala,Kochi Tuskers Kerala,Pune Warriors,Pune Warriors,Kochi Tuskers Kerala,Kochi Tuskers Kerala,bat,Pune Warriors,Pune Warriors,4 wickets,NA,NA,MD Mishra,NA,NA
501208,2011,2011-04-14,T20,Indian Premier League,Unknown,"Rajiv Gandhi International Stadium, Uppal","Rajiv Gandhi International Stadium, Uppal",Hyderabad,Hyderabad,Deccan Chargers,Deccan Chargers,Royal Challengers Bangalore,Royal Challengers Bengaluru,Royal Challengers Bangalore,Royal Challengers Bengaluru,field,Deccan Chargers,Deccan Chargers,33 runs,NA,NA,DW Steyn,NA,NA
501209,2011,2011-04-15,T20,Indian Premier League,Unknown,Sawai Mansingh Stadium,Sawai Mansingh Stadium,Jaipur,Jaipur,Rajasthan Royals,Rajasthan Royals,Kolkata Knight Riders,Kolkata Knight Riders,Kolkata Knight Riders,Kolkata Knight Riders,field,Kolkata Knight Riders,Kolkata Knight Riders,9 wickets,NA,NA,G Gambhir,NA,NA
501210,2011,2011-04-15,T20,Indian Premier League,Unknown,Wankhede Stadium,Wankhede Stadium,Mumbai,Mumbai,Mumbai Indians,Mumbai Indians,Kochi Tuskers Kerala,Kochi Tuskers Kerala,Kochi Tuskers Kerala,Kochi Tuskers Kerala,field,Kochi Tuskers Kerala,Kochi Tuskers Kerala,8 wickets,NA,NA,BB McCullum,NA,NA
501211,2011,2011-04-16,T20,Indian Premier League,Unknown,"MA Chidambaram Stadium, Chepauk",MA Chidambaram Stadium,Chennai,Chennai,Chennai Super Kings,Chennai Super Kings,Royal Challengers Bangalore,Royal Challengers Bengaluru,Chennai Super Kings,Chennai Super Kings,bat,Chennai Super Kings,Chennai Super Kings,21 runs,NA,NA,MEK Hussey,NA,NA
501212,2011,2011-04-16,T20,Indian Premier League,Unknown,"Rajiv Gandhi International Stadium, Uppal","Rajiv Gandhi International Stadium, Uppal",Hyderabad,Hyderabad,Deccan Chargers,Deccan Chargers,Kings XI Punjab,Punjab Kings,Kings XI Punjab,Punjab Kings,field,Kings XI Punjab,Punjab Kings,8 wickets,NA,NA,PC Valthaty,NA,NA
501213,2011,2011-04-17,T20,Indian Premier League,Unknown,Dr DY Patil Sports Academy,Dr DY Patil Sports Academy,Mumbai,Mumbai,Pune Warriors,Pune Warriors,Delhi Daredevils,Delhi Capitals,Delhi Daredevils,Delhi Capitals,field,Delhi Daredevils,Delhi Capitals,3 wickets,NA,NA,Yuvraj Singh,NA,NA
501214,2011,2011-04-17,T20,Indian Premier League,Unknown,Eden Gardens,Eden Gardens,Kolkata,Kolkata,Rajasthan Royals,Rajasthan Royals,Kolkata Knight Riders,Kolkata Knight Riders,Kolkata Knight Riders,Kolkata Knight Riders,field,Kolkata Knight Riders,Kolkata Knight Riders,8 wickets,NA,NA,L Balaji,NA,NA
501215,2011,2011-04-18,T20,Indian Premier League,Unknown,Nehru Stadium,Nehru Stadium,Kochi,Kochi,Chennai Super Kings,Chennai Super Kings,Kochi Tuskers Kerala,Kochi Tuskers Kerala,Kochi Tuskers Kerala,Kochi Tuskers Kerala,field,Kochi Tuskers Kerala,Kochi Tuskers Kerala,7 wickets,NA,D/L,BB McCullum,NA,NA
501216,2011,2011-04-19,T20,Indian Premier League,Unknown,Feroz Shah Kotla,Feroz Shah Kotla,Delhi,Delhi,Deccan Chargers,Deccan Chargers,Delhi Daredevils,Delhi Capitals,Deccan Chargers,Deccan Chargers,bat,Deccan Chargers,Deccan Chargers,16 runs,NA,NA,S Sohal,NA,NA
501218,2011,2011-04-20,T20,Indian Premier League,Unknown,Wankhede Stadium,Wankhede Stadium,Mumbai,Mumbai,Pune Warriors,Pune Warriors,Mumbai Indians,Mumbai Indians,Pune Warriors,Pune Warriors,bat,Mumbai Indians,Mumbai Indians,7 wickets,NA,NA,MM Patel,NA,NA
501219,2011,2011-04-20,T20,Indian Premier League,Unknown,Eden Gardens,Eden Gardens,Kolkata,Kolkata,Kochi Tuskers Kerala,Kochi Tuskers Kerala,Kolkata Knight Riders,Kolkata Knight Riders,Kolkata Knight Riders,Kolkata Knight Riders,field,Kochi Tuskers Kerala,Kochi Tuskers Kerala,6 runs,NA,NA,DPMD Jayawardene,NA,NA
501220,2011,2011-04-21,T20,Indian Premier League,Unknown,"Punjab Cricket Association Stadium, Mohali","Punjab Cricket Association IS Bindra Stadium, Mohali",Chandigarh,Chandigarh,Kings XI Punjab,Punjab Kings,Rajasthan Royals,Rajasthan Royals,Rajasthan Royals,Rajasthan Royals,field,Kings XI Punjab,Punjab Kings,48 runs,NA,NA,SE Marsh,NA,NA
501221,2011,2011-04-22,T20,Indian Premier League,Unknown,Wankhede Stadium,Wankhede Stadium,Mumbai,Mumbai,Mumbai Indians,Mumbai Indians,Chennai Super Kings,Chennai Super Kings,Chennai Super Kings,Chennai Super Kings,field,Mumbai Indians,Mumbai Indians,8 runs,NA,NA,Harbhajan Singh,NA,NA
501222,2011,2011-04-22,T20,Indian Premier League,Unknown,Eden Gardens,Eden Gardens,Kolkata,Kolkata,Kolkata Knight Riders,Kolkata Knight Riders,Royal Challengers Bangalore,Royal Challengers Bengaluru,Royal Challengers Bangalore,Royal Challengers Bengaluru,field,Royal Challengers Bangalore,Royal Challengers Bengaluru,9 wickets,NA,NA,CH Gayle,NA,NA
501223,2011,2011-04-23,T20,Indian Premier League,Unknown,Feroz Shah Kotla,Feroz Shah Kotla,Delhi,Delhi,Delhi Daredevils,Delhi Capitals,Kings XI Punjab,Punjab Kings,Kings XI Punjab,Punjab Kings,field,Delhi Daredevils,Delhi Capitals,29 runs,NA,NA,DA Warner,NA,NA
501224,2011,2011-04-24,T20,Indian Premier League,Unknown,"Rajiv Gandhi International Stadium, Uppal","Rajiv Gandhi International Stadium, Uppal",Hyderabad,Hyderabad,Mumbai Indians,Mumbai Indians,Deccan Chargers,Deccan Chargers,Deccan Chargers,Deccan Chargers,field,Mumbai Indians,Mumbai Indians,37 runs,NA,NA,SL Malinga,NA,NA
501225,2011,2011-04-24,T20,Indian Premier League,Unknown,Sawai Mansingh Stadium,Sawai Mansingh Stadium,Jaipur,Jaipur,Kochi Tuskers Kerala,Kochi Tuskers Kerala,Rajasthan Royals,Rajasthan Royals,Rajasthan Royals,Rajasthan Royals,field,Rajasthan Royals,Rajasthan Royals,8 wickets,NA,NA,SK Warne,NA,NA
501226,2011,2011-04-25,T20,Indian Premier League,Unknown,"MA Chidambaram Stadium, Chepauk",MA Chidambaram Stadium,Chennai,Chennai,Chennai Super Kings,Chennai Super Kings,Pune Warriors,Pune Warriors,Pune Warriors,Pune Warriors,field,Chennai Super Kings,Chennai Super Kings,25 runs,NA,NA,MEK Hussey,NA,NA
501227,2011,2011-04-26,T20,Indian Premier League,Unknown,Feroz Shah Kotla,Feroz Shah Kotla,Delhi,Delhi,Delhi Daredevils,Delhi Capitals,Royal Challengers Bangalore,Royal Challengers Bengaluru,Royal Challengers Bangalore,Royal Challengers Bengaluru,field,Royal Challengers Bangalore,Royal Challengers Bengaluru,3 wickets,NA,NA,V Kohli,NA,NA
501228,2011,2011-04-27,T20,Indian Premier League,Unknown,Dr DY Patil Sports Academy,Dr DY Patil Sports Academy,Mumbai,Mumbai,Pune Warriors,Pune Warriors,Chennai Super Kings,Chennai Super Kings,Pune Warriors,Pune Warriors,bat,Chennai Super Kings,Chennai Super Kings,8 wickets,NA,NA,DE Bollinger,NA,NA
501229,2011,2011-04-27,T20,Indian Premier League,Unknown,Nehru Stadium,Nehru Stadium,Kochi,Kochi,Deccan Chargers,Deccan Chargers,Kochi Tuskers Kerala,Kochi Tuskers Kerala,Kochi Tuskers Kerala,Kochi Tuskers Kerala,field,Deccan Chargers,Deccan Chargers,55 runs,NA,NA,I Sharma,NA,NA
501230,2011,2011-04-28,T20,Indian Premier League,Unknown,Feroz Shah Kotla,Feroz Shah Kotla,Delhi,Delhi,Kolkata Knight Riders,Kolkata Knight Riders,Delhi Daredevils,Delhi Capitals,Delhi Daredevils,Delhi Capitals,field,Kolkata Knight Riders,Kolkata Knight Riders,17 runs,NA,NA,MK Tiwary,NA,NA
501231,2011,2011-04-29,T20,Indian Premier League,Unknown,Sawai Mansingh Stadium,Sawai Mansingh Stadium,Jaipur,Jaipur,Mumbai Indians,Mumbai Indians,Rajasthan Royals,Rajasthan Royals,Rajasthan Royals,Rajasthan Royals,field,Rajasthan Royals,Rajasthan Royals,7 wickets,NA,NA,J Botha,NA,NA
501232,2011,2011-04-29,T20,Indian Premier League,Unknown,M Chinnaswamy Stadium,M Chinnaswamy Stadium,Bangalore,Bengaluru,Royal Challengers Bangalore,Royal Challengers Bengaluru,Pune Warriors,Pune Warriors,Pune Warriors,Pune Warriors,field,Royal Challengers Bangalore,Royal Challengers Bengaluru,26 runs,NA,NA,V Kohli,NA,NA
501233,2011,2011-04-30,T20,Indian Premier League,Unknown,Nehru Stadium,Nehru Stadium,Kochi,Kochi,Delhi Daredevils,Delhi Capitals,Kochi Tuskers Kerala,Kochi Tuskers Kerala,Delhi Daredevils,Delhi Capitals,bat,Delhi Daredevils,Delhi Capitals,38 runs,NA,NA,V Sehwag,NA,NA
501234,2011,2011-04-30,T20,Indian Premier League,Unknown,Eden Gardens,Eden Gardens,Kolkata,Kolkata,Kings XI Punjab,Punjab Kings,Kolkata Knight Riders,Kolkata Knight Riders,Kolkata Knight Riders,Kolkata Knight Riders,field,Kolkata Knight Riders,Kolkata Knight Riders,8 wickets,NA,NA,Iqbal Abdulla,NA,NA
501235,2011,2011-05-01,T20,Indian Premier League,Unknown,Sawai Mansingh Stadium,Sawai Mansingh Stadium,Jaipur,Jaipur,Pune Warriors,Pune Warriors,Rajasthan Royals,Rajasthan Royals,Rajasthan Royals,Rajasthan Royals,field,Rajasthan Royals,Rajasthan Royals,6 wickets,NA,NA,LRPL Taylor,NA,NA
501236,2011,2011-05-01,T20,Indian Premier League,Unknown,"MA Chidambaram Stadium, Chepauk",MA Chidambaram Stadium,Chennai,Chennai,Chennai Super Kings,Chennai Super Kings,Deccan Chargers,Deccan Chargers,Chennai Super Kings,Chennai Super Kings,bat,Chennai Super Kings,Chennai Super Kings,19 runs,NA,NA,JA Morkel,NA,NA
501237,2011,2011-05-02,T20,Indian Premier League,Unknown,Wankhede Stadium,Wankhede Stadium,Mumbai,Mumbai,Mumbai Indians,Mumbai Indians,Kings XI Punjab,Punjab Kings,Kings XI Punjab,Punjab Kings,field,Mumbai Indians,Mumbai Indians,23 runs,NA,NA,KA Pollard,NA,NA
501238,2011,2011-05-02,T20,Indian Premier League,Unknown,Feroz Shah Kotla,Feroz Shah Kotla,Delhi,Delhi,Delhi Daredevils,Delhi Capitals,Kochi Tuskers Kerala,Kochi Tuskers Kerala,Kochi Tuskers Kerala,Kochi Tuskers Kerala,field,Kochi Tuskers Kerala,Kochi Tuskers Kerala,7 wickets,NA,NA,P Parameswaran,NA,NA
501239,2011,2011-05-03,T20,Indian Premier League,Unknown,"Rajiv Gandhi International Stadium, Uppal","Rajiv Gandhi International Stadium, Uppal",Hyderabad,Hyderabad,Kolkata Knight Riders,Kolkata Knight Riders,Deccan Chargers,Deccan Chargers,Deccan Chargers,Deccan Chargers,field,Kolkata Knight Riders,Kolkata Knight Riders,20 runs,NA,NA,YK Pathan,NA,NA
501240,2011,2011-05-04,T20,Indian Premier League,Unknown,"MA Chidambaram Stadium, Chepauk",MA Chidambaram Stadium,Chennai,Chennai,Rajasthan Royals,Rajasthan Royals,Chennai Super Kings,Chennai Super Kings,Rajasthan Royals,Rajasthan Royals,bat,Chennai Super Kings,Chennai Super Kings,8 wickets,NA,NA,MEK Hussey,NA,NA
501241,2011,2011-05-04,T20,Indian Premier League,Unknown,Dr DY Patil Sports Academy,Dr DY Patil Sports Academy,Mumbai,Mumbai,Mumbai Indians,Mumbai Indians,Pune Warriors,Pune Warriors,Pune Warriors,Pune Warriors,field,Mumbai Indians,Mumbai Indians,21 runs,NA,NA,R Sharma,NA,NA
501242,2011,2011-05-05,T20,Indian Premier League,Unknown,Nehru Stadium,Nehru Stadium,Kochi,Kochi,Kochi Tuskers Kerala,Kochi Tuskers Kerala,Kolkata Knight Riders,Kolkata Knight Riders,Kolkata Knight Riders,Kolkata Knight Riders,field,Kochi Tuskers Kerala,Kochi Tuskers Kerala,17 runs,NA,NA,BJ Hodge,NA,NA
501243,2011,2011-05-05,T20,Indian Premier League,Unknown,"Rajiv Gandhi International Stadium, Uppal","Rajiv Gandhi International Stadium, Uppal",Hyderabad,Hyderabad,Deccan Chargers,Deccan Chargers,Delhi Daredevils,Delhi Capitals,Delhi Daredevils,Delhi Capitals,field,Delhi Daredevils,Delhi Capitals,4 wickets,NA,NA,V Sehwag,NA,NA
501244,2011,2011-05-06,T20,Indian Premier League,Unknown,M Chinnaswamy Stadium,M Chinnaswamy Stadium,Bangalore,Bengaluru,Royal Challengers Bangalore,Royal Challengers Bengaluru,Kings XI Punjab,Punjab Kings,Kings XI Punjab,Punjab Kings,field,Royal Challengers Bangalore,Royal Challengers Bengaluru,85 runs,NA,NA,CH Gayle,NA,NA
501245,2011,2011-05-07,T20,Indian Premier League,Unknown,Eden Gardens,Eden Gardens,Kolkata,Kolkata,Chennai Super Kings,Chennai Super Kings,Kolkata Knight Riders,Kolkata Knight Riders,Chennai Super Kings,Chennai Super Kings,bat,Kolkata Knight Riders,Kolkata Knight Riders,10 runs,NA,D/L,Iqbal Abdulla,NA,NA
501246,2011,2011-05-07,T20,Indian Premier League,Unknown,Wankhede Stadium,Wankhede Stadium,Mumbai,Mumbai,Mumbai Indians,Mumbai Indians,Delhi Daredevils,Delhi Capitals,Delhi Daredevils,Delhi Capitals,field,Mumbai Indians,Mumbai Indians,32 runs,NA,NA,AT Rayudu,NA,NA
501247,2011,2011-05-08,T20,Indian Premier League,Unknown,M Chinnaswamy Stadium,M Chinnaswamy Stadium,Bangalore,Bengaluru,Kochi Tuskers Kerala,Kochi Tuskers Kerala,Royal Challengers Bangalore,Royal Challengers Bengaluru,Kochi Tuskers Kerala,Kochi Tuskers Kerala,bat,Royal Challengers Bangalore,Royal Challengers Bengaluru,9 wickets,NA,NA,CH Gayle,NA,NA
501248,2011,2011-05-08,T20,Indian Premier League,Unknown,"Punjab Cricket Association Stadium, Mohali","Punjab Cricket Association IS Bindra Stadium, Mohali",Chandigarh,Chandigarh,Kings XI Punjab,Punjab Kings,Pune Warriors,Pune Warriors,Kings XI Punjab,Punjab Kings,bat,Pune Warriors,Pune Warriors,5 wickets,NA,NA,R Sharma,NA,NA
501249,2011,2011-05-09,T20,Indian Premier League,Unknown,Sawai Mansingh Stadium,Sawai Mansingh Stadium,Jaipur,Jaipur,Chennai Super Kings,Chennai Super Kings,Rajasthan Royals,Rajasthan Royals,Rajasthan Royals,Rajasthan Royals,field,Chennai Super Kings,Chennai Super Kings,63 runs,NA,NA,M Vijay,NA,NA
501250,2011,2011-05-10,T20,Indian Premier League,Unknown,"Rajiv Gandhi International Stadium, Uppal","Rajiv Gandhi International Stadium, Uppal",Hyderabad,Hyderabad,Deccan Chargers,Deccan Chargers,Pune Warriors,Pune Warriors,Deccan Chargers,Deccan Chargers,bat,Pune Warriors,Pune Warriors,6 wickets,NA,NA,MR Marsh,NA,NA
501251,2011,2011-05-10,T20,Indian Premier League,Unknown,"Punjab Cricket Association Stadium, Mohali","Punjab Cricket Association IS Bindra Stadium, Mohali",Chandigarh,Chandigarh,Kings XI Punjab,Punjab Kings,Mumbai Indians,Mumbai Indians,Mumbai Indians,Mumbai Indians,field,Kings XI Punjab,Punjab Kings,76 runs,NA,NA,BA Bhatt,NA,NA
501252,2011,2011-05-11,T20,Indian Premier League,Unknown,Sawai Mansingh Stadium,Sawai Mansingh Stadium,Jaipur,Jaipur,Rajasthan Royals,Rajasthan Royals,Royal Challengers Bangalore,Royal Challengers Bengaluru,Royal Challengers Bangalore,Royal Challengers Bengaluru,field,Royal Challengers Bangalore,Royal Challengers Bengaluru,9 wickets,NA,NA,S Aravind,NA,NA
501253,2011,2011-05-12,T20,Indian Premier League,Unknown,"MA Chidambaram Stadium, Chepauk",MA Chidambaram Stadium,Chennai,Chennai,Chennai Super Kings,Chennai Super Kings,Delhi Daredevils,Delhi Capitals,Chennai Super Kings,Chennai Super Kings,bat,Chennai Super Kings,Chennai Super Kings,18 runs,NA,NA,MS Dhoni,NA,NA
501254,2011,2011-05-13,T20,Indian Premier League,Unknown,Holkar Cricket Stadium,Holkar Cricket Stadium,Indore,Indore,Kochi Tuskers Kerala,Kochi Tuskers Kerala,Kings XI Punjab,Punjab Kings,Kings XI Punjab,Punjab Kings,field,Kings XI Punjab,Punjab Kings,6 wickets,NA,NA,KD Karthik,NA,NA
501255,2011,2011-05-14,T20,Indian Premier League,Unknown,M Chinnaswamy Stadium,M Chinnaswamy Stadium,Bangalore,Bengaluru,Kolkata Knight Riders,Kolkata Knight Riders,Royal Challengers Bangalore,Royal Challengers Bengaluru,Royal Challengers Bangalore,Royal Challengers Bengaluru,field,Royal Challengers Bangalore,Royal Challengers Bengaluru,4 wickets,NA,D/L,CH Gayle,NA,NA
501256,2011,2011-05-14,T20,Indian Premier League,Unknown,Wankhede Stadium,Wankhede Stadium,Mumbai,Mumbai,Deccan Chargers,Deccan Chargers,Mumbai Indians,Mumbai Indians,Deccan Chargers,Deccan Chargers,bat,Deccan Chargers,Deccan Chargers,10 runs,NA,NA,A Mishra,NA,NA
501257,2011,2011-05-15,T20,Indian Premier League,Unknown,Himachal Pradesh Cricket Association Stadium,Himachal Pradesh Cricket Association Stadium,Dharamsala,Dharamsala,Kings XI Punjab,Punjab Kings,Delhi Daredevils,Delhi Capitals,Delhi Daredevils,Delhi Capitals,field,Kings XI Punjab,Punjab Kings,29 runs,NA,NA,PP Chawla,NA,NA
501258,2011,2011-05-15,T20,Indian Premier League,Unknown,Holkar Cricket Stadium,Holkar Cricket Stadium,Indore,Indore,Rajasthan Royals,Rajasthan Royals,Kochi Tuskers Kerala,Kochi Tuskers Kerala,Kochi Tuskers Kerala,Kochi Tuskers Kerala,field,Kochi Tuskers Kerala,Kochi Tuskers Kerala,8 wickets,NA,NA,BJ Hodge,NA,NA
501259,2011,2011-05-16,T20,Indian Premier League,Unknown,Dr DY Patil Sports Academy,Dr DY Patil Sports Academy,Mumbai,Mumbai,Pune Warriors,Pune Warriors,Deccan Chargers,Deccan Chargers,Deccan Chargers,Deccan Chargers,field,Deccan Chargers,Deccan Chargers,6 wickets,NA,NA,A Mishra,NA,NA
501260,2011,2011-05-17,T20,Indian Premier League,Unknown,Himachal Pradesh Cricket Association Stadium,Himachal Pradesh Cricket Association Stadium,Dharamsala,Dharamsala,Kings XI Punjab,Punjab Kings,Royal Challengers Bangalore,Royal Challengers Bengaluru,Kings XI Punjab,Punjab Kings,bat,Kings XI Punjab,Punjab Kings,111 runs,NA,NA,AC Gilchrist,NA,NA
501261,2011,2011-05-18,T20,Indian Premier League,Unknown,"MA Chidambaram Stadium, Chepauk",MA Chidambaram Stadium,Chennai,Chennai,Chennai Super Kings,Chennai Super Kings,Kochi Tuskers Kerala,Kochi Tuskers Kerala,Chennai Super Kings,Chennai Super Kings,bat,Chennai Super Kings,Chennai Super Kings,11 runs,NA,NA,WP Saha,NA,NA
501262,2011,2011-05-19,T20,Indian Premier League,Unknown,Dr DY Patil Sports Academy,Dr DY Patil Sports Academy,Mumbai,Mumbai,Pune Warriors,Pune Warriors,Kolkata Knight Riders,Kolkata Knight Riders,Kolkata Knight Riders,Kolkata Knight Riders,field,Kolkata Knight Riders,Kolkata Knight Riders,7 wickets,NA,NA,YK Pathan,NA,NA
501263,2011,2011-05-20,T20,Indian Premier League,Unknown,Wankhede Stadium,Wankhede Stadium,Mumbai,Mumbai,Mumbai Indians,Mumbai Indians,Rajasthan Royals,Rajasthan Royals,Mumbai Indians,Mumbai Indians,bat,Rajasthan Royals,Rajasthan Royals,10 wickets,NA,NA,SR Watson,NA,NA
501264,2011,2011-05-21,T20,Indian Premier League,Unknown,Himachal Pradesh Cricket Association Stadium,Himachal Pradesh Cricket Association Stadium,Dharamsala,Dharamsala,Deccan Chargers,Deccan Chargers,Kings XI Punjab,Punjab Kings,Kings XI Punjab,Punjab Kings,field,Deccan Chargers,Deccan Chargers,82 runs,NA,NA,S Dhawan,NA,NA
501265,2011,2011-05-21,T20,Indian Premier League,Unknown,Feroz Shah Kotla,Feroz Shah Kotla,Delhi,Delhi,Delhi Daredevils,Delhi Capitals,Pune Warriors,Pune Warriors,Delhi Daredevils,Delhi Capitals,bat,Unknown,Unknown,,no result,NA,Unknown,NA,NA
501266,2011,2011-05-22,T20,Indian Premier League,Unknown,M Chinnaswamy Stadium,M Chinnaswamy Stadium,Bangalore,Bengaluru,Chennai Super Kings,Chennai Super Kings,Royal Challengers Bangalore,Royal Challengers Bengaluru,Royal Challengers Bangalore,Royal Challengers Bengaluru,field,Royal Challengers Bangalore,Royal Challengers Bengaluru,8 wickets,NA,NA,CH Gayle,NA,NA
501267,2011,2011-05-22,T20,Indian Premier League,Unknown,Eden Gardens,Eden Gardens,Kolkata,Kolkata,Kolkata Knight Riders,Kolkata Knight Riders,Mumbai Indians,Mumbai Indians,Mumbai Indians,Mumbai Indians,field,Mumbai Indians,Mumbai Indians,5 wickets,NA,NA,JEC Franklin,NA,NA
501268,2011,2011-05-24,T20,Indian Premier League,Qualifier 1,Wankhede Stadium,Wankhede Stadium,Mumbai,Mumbai,Royal Challengers Bangalore,Royal Challengers Bengaluru,Chennai Super Kings,Chennai Super Kings,Chennai Super Kings,Chennai Super Kings,field,Chennai Super Kings,Chennai Super Kings,6 wickets,NA,NA,SK Raina,NA,NA
501269,2011,2011-05-25,T20,Indian Premier League,Elimination Final,Wankhede Stadium,Wankhede Stadium,Mumbai,Mumbai,Kolkata Knight Riders,Kolkata Knight Riders,Mumbai Indians,Mumbai Indians,Mumbai Indians,Mumbai Indians,field,Mumbai Indians,Mumbai Indians,4 wickets,NA,NA,MM Patel,NA,NA
501270,2011,2011-05-27,T20,Indian Premier League,Qualifier 2,"MA Chidambaram Stadium, Chepauk",MA Chidambaram Stadium,Chennai,Chennai,Royal Challengers Bangalore,Royal Challengers Bengaluru,Mumbai Indians,Mumbai Indians,Mumbai Indians,Mumbai Indians,field,Royal Challengers Bangalore,Royal Challengers Bengaluru,43 runs,NA,NA,CH Gayle,NA,NA
501271,2011,2011-05-28,T20,Indian Premier League,Final,"MA Chidambaram Stadium, Chepauk",MA Chidambaram Stadium,Chennai,Chennai,Chennai Super Kings,Chennai Super Kings,Royal Challengers Bangalore,Royal Challengers Bengaluru,Chennai Super Kings,Chennai Super Kings,bat,Chennai Super Kings,Chennai Super Kings,58 runs,NA,NA,M Vijay,NA,NA
548306,2012,2012-04-04,T20,Indian Premier League,Unknown,"MA Chidambaram Stadium, Chepauk",MA Chidambaram Stadium,Chennai,Chennai,Chennai Super Kings,Chennai Super Kings,Mumbai Indians,Mumbai Indians,Mumbai Indians,Mumbai Indians,field,Mumbai Indians,Mumbai Indians,8 wickets,NA,NA,RE Levi,NA,NA
548307,2012,2012-04-05,T20,Indian Premier League,Unknown,Eden Gardens,Eden Gardens,Kolkata,Kolkata,Kolkata Knight Riders,Kolkata Knight Riders,Delhi Daredevils,Delhi Capitals,Delhi Daredevils,Delhi Capitals,field,Delhi Daredevils,Delhi Capitals,8 wickets,NA,NA,IK Pathan,NA,NA
548308,2012,2012-04-06,T20,Indian Premier League,Unknown,Wankhede Stadium,Wankhede Stadium,Mumbai,Mumbai,Pune Warriors,Pune Warriors,Mumbai Indians,Mumbai Indians,Mumbai Indians,Mumbai Indians,field,Pune Warriors,Pune Warriors,28 runs,NA,NA,SPD Smith,NA,NA
548309,2012,2012-04-06,T20,Indian Premier League,Unknown,Sawai Mansingh Stadium,Sawai Mansingh Stadium,Jaipur,Jaipur,Rajasthan Royals,Rajasthan Royals,Kings XI Punjab,Punjab Kings,Kings XI Punjab,Punjab Kings,field,Rajasthan Royals,Rajasthan Royals,31 runs,NA,NA,AM Rahane,NA,NA
548310,2012,2012-04-07,T20,Indian Premier League,Unknown,M Chinnaswamy Stadium,M Chinnaswamy Stadium,Bangalore,Bengaluru,Royal Challengers Bangalore,Royal Challengers Bengaluru,Delhi Daredevils,Delhi Capitals,Delhi Daredevils,Delhi Capitals,field,Royal Challengers Bangalore,Royal Challengers Bengaluru,20 runs,NA,NA,AB de Villiers,NA,NA
548311,2012,2012-04-07,T20,Indian Premier League,Unknown,Dr. Y.S. Rajasekhara Reddy ACA-VDCA Cricket Stadium,Dr Y.S. Rajasekhara Reddy ACA-VDCA Cricket Stadium,Visakhapatnam,Visakhapatnam,Chennai Super Kings,Chennai Super Kings,Deccan Chargers,Deccan Chargers,Deccan Chargers,Deccan Chargers,field,Chennai Super Kings,Chennai Super Kings,74 runs,NA,NA,RA Jadeja,NA,NA
548312,2012,2012-04-08,T20,Indian Premier League,Unknown,Sawai Mansingh Stadium,Sawai Mansingh Stadium,Jaipur,Jaipur,Rajasthan Royals,Rajasthan Royals,Kolkata Knight Riders,Kolkata Knight Riders,Kolkata Knight Riders,Kolkata Knight Riders,field,Rajasthan Royals,Rajasthan Royals,22 runs,NA,NA,BJ Hodge,NA,NA
548313,2012,2012-04-08,T20,Indian Premier League,Unknown,Subrata Roy Sahara Stadium,Subrata Roy Sahara Stadium,Pune,Pune,Pune Warriors,Pune Warriors,Kings XI Punjab,Punjab Kings,Pune Warriors,Pune Warriors,bat,Pune Warriors,Pune Warriors,22 runs,NA,NA,MN Samuels,NA,NA
548314,2012,2012-04-09,T20,Indian Premier League,Unknown,Dr. Y.S. Rajasekhara Reddy ACA-VDCA Cricket Stadium,Dr Y.S. Rajasekhara Reddy ACA-VDCA Cricket Stadium,Visakhapatnam,Visakhapatnam,Deccan Chargers,Deccan Chargers,Mumbai Indians,Mumbai Indians,Deccan Chargers,Deccan Chargers,bat,Mumbai Indians,Mumbai Indians,5 wickets,NA,NA,RG Sharma,NA,NA
548315,2012,2012-04-10,T20,Indian Premier League,Unknown,M Chinnaswamy Stadium,M Chinnaswamy Stadium,Bangalore,Bengaluru,Kolkata Knight Riders,Kolkata Knight Riders,Royal Challengers Bangalore,Royal Challengers Bengaluru,Royal Challengers Bangalore,Royal Challengers Bengaluru,field,Kolkata Knight Riders,Kolkata Knight Riders,42 runs,NA,NA,L Balaji,NA,NA
548316,2012,2012-04-10,T20,Indian Premier League,Unknown,Feroz Shah Kotla,Feroz Shah Kotla,Delhi,Delhi,Chennai Super Kings,Chennai Super Kings,Delhi Daredevils,Delhi Capitals,Delhi Daredevils,Delhi Capitals,field,Delhi Daredevils,Delhi Capitals,8 wickets,NA,NA,M Morkel,NA,NA
548317,2012,2012-04-11,T20,Indian Premier League,Unknown,Wankhede Stadium,Wankhede Stadium,Mumbai,Mumbai,Mumbai Indians,Mumbai Indians,Rajasthan Royals,Rajasthan Royals,Rajasthan Royals,Rajasthan Royals,field,Mumbai Indians,Mumbai Indians,27 runs,NA,NA,KA Pollard,NA,NA
548318,2012,2012-04-12,T20,Indian Premier League,Unknown,"MA Chidambaram Stadium, Chepauk",MA Chidambaram Stadium,Chennai,Chennai,Royal Challengers Bangalore,Royal Challengers Bengaluru,Chennai Super Kings,Chennai Super Kings,Royal Challengers Bangalore,Royal Challengers Bengaluru,bat,Chennai Super Kings,Chennai Super Kings,5 wickets,NA,NA,F du Plessis,NA,NA
548319,2012,2012-04-12,T20,Indian Premier League,Unknown,"Punjab Cricket Association Stadium, Mohali","Punjab Cricket Association IS Bindra Stadium, Mohali",Chandigarh,Chandigarh,Pune Warriors,Pune Warriors,Kings XI Punjab,Punjab Kings,Kings XI Punjab,Punjab Kings,field,Kings XI Punjab,Punjab Kings,7 wickets,NA,NA,AD Mascarenhas,NA,NA
548320,2012,2012-04-13,T20,Indian Premier League,Unknown,Eden Gardens,Eden Gardens,Kolkata,Kolkata,Rajasthan Royals,Rajasthan Royals,Kolkata Knight Riders,Kolkata Knight Riders,Rajasthan Royals,Rajasthan Royals,bat,Kolkata Knight Riders,Kolkata Knight Riders,5 wickets,NA,NA,Shakib Al Hasan,NA,NA
548322,2012,2012-04-14,T20,Indian Premier League,Unknown,Subrata Roy Sahara Stadium,Subrata Roy Sahara Stadium,Pune,Pune,Chennai Super Kings,Chennai Super Kings,Pune Warriors,Pune Warriors,Chennai Super Kings,Chennai Super Kings,bat,Pune Warriors,Pune Warriors,7 wickets,NA,NA,JD Ryder,NA,NA
548323,2012,2012-04-15,T20,Indian Premier League,Unknown,Eden Gardens,Eden Gardens,Kolkata,Kolkata,Kings XI Punjab,Punjab Kings,Kolkata Knight Riders,Kolkata Knight Riders,Kolkata Knight Riders,Kolkata Knight Riders,field,Kings XI Punjab,Punjab Kings,2 runs,NA,NA,SP Narine,NA,NA
548324,2012,2012-04-15,T20,Indian Premier League,Unknown,M Chinnaswamy Stadium,M Chinnaswamy Stadium,Bangalore,Bengaluru,Rajasthan Royals,Rajasthan Royals,Royal Challengers Bangalore,Royal Challengers Bengaluru,Rajasthan Royals,Rajasthan Royals,bat,Rajasthan Royals,Rajasthan Royals,59 runs,NA,NA,AM Rahane,NA,NA
548325,2012,2012-04-16,T20,Indian Premier League,Unknown,Wankhede Stadium,Wankhede Stadium,Mumbai,Mumbai,Mumbai Indians,Mumbai Indians,Delhi Daredevils,Delhi Capitals,Delhi Daredevils,Delhi Capitals,field,Delhi Daredevils,Delhi Capitals,7 wickets,NA,NA,S Nadeem,NA,NA
548326,2012,2012-04-17,T20,Indian Premier League,Unknown,Sawai Mansingh Stadium,Sawai Mansingh Stadium,Jaipur,Jaipur,Deccan Chargers,Deccan Chargers,Rajasthan Royals,Rajasthan Royals,Deccan Chargers,Deccan Chargers,bat,Rajasthan Royals,Rajasthan Royals,5 wickets,NA,NA,BJ Hodge,NA,NA
548327,2012,2012-04-17,T20,Indian Premier League,Unknown,M Chinnaswamy Stadium,M Chinnaswamy Stadium,Bangalore,Bengaluru,Pune Warriors,Pune Warriors,Royal Challengers Bangalore,Royal Challengers Bengaluru,Pune Warriors,Pune Warriors,bat,Royal Challengers Bangalore,Royal Challengers Bengaluru,6 wickets,NA,NA,CH Gayle,NA,NA
548328,2012,2012-04-18,T20,Indian Premier League,Unknown,"Punjab Cricket Association Stadium, Mohali","Punjab Cricket Association IS Bindra Stadium, Mohali",Chandigarh,Chandigarh,Kings XI Punjab,Punjab Kings,Kolkata Knight Riders,Kolkata Knight Riders,Kings XI Punjab,Punjab Kings,bat,Kolkata Knight Riders,Kolkata Knight Riders,8 wickets,NA,NA,G Gambhir,NA,NA
548321,2012,2012-04-19,T20,Indian Premier League,Unknown,Feroz Shah Kotla,Feroz Shah Kotla,Delhi,Delhi,Deccan Chargers,Deccan Chargers,Delhi Daredevils,Delhi Capitals,Deccan Chargers,Deccan Chargers,bat,Delhi Daredevils,Delhi Capitals,5 wickets,NA,NA,KP Pietersen,NA,NA
548330,2012,2012-04-19,T20,Indian Premier League,Unknown,"MA Chidambaram Stadium, Chepauk",MA Chidambaram Stadium,Chennai,Chennai,Chennai Super Kings,Chennai Super Kings,Pune Warriors,Pune Warriors,Pune Warriors,Pune Warriors,field,Chennai Super Kings,Chennai Super Kings,13 runs,NA,NA,KMDN Kulasekara,NA,NA
548331,2012,2012-04-20,T20,Indian Premier League,Unknown,"Punjab Cricket Association Stadium, Mohali","Punjab Cricket Association IS Bindra Stadium, Mohali",Chandigarh,Chandigarh,Kings XI Punjab,Punjab Kings,Royal Challengers Bangalore,Royal Challengers Bengaluru,Royal Challengers Bangalore,Royal Challengers Bengaluru,field,Royal Challengers Bangalore,Royal Challengers Bengaluru,5 wickets,NA,NA,CH Gayle,NA,NA
548332,2012,2012-04-21,T20,Indian Premier League,Unknown,"MA Chidambaram Stadium, Chepauk",MA Chidambaram Stadium,Chennai,Chennai,Rajasthan Royals,Rajasthan Royals,Chennai Super Kings,Chennai Super Kings,Rajasthan Royals,Rajasthan Royals,bat,Chennai Super Kings,Chennai Super Kings,7 wickets,NA,NA,F du Plessis,NA,NA
548333,2012,2012-04-21,T20,Indian Premier League,Unknown,Feroz Shah Kotla,Feroz Shah Kotla,Delhi,Delhi,Pune Warriors,Pune Warriors,Delhi Daredevils,Delhi Capitals,Delhi Daredevils,Delhi Capitals,field,Pune Warriors,Pune Warriors,20 runs,NA,NA,SC Ganguly,NA,NA
548334,2012,2012-04-22,T20,Indian Premier League,Unknown,Wankhede Stadium,Wankhede Stadium,Mumbai,Mumbai,Mumbai Indians,Mumbai Indians,Kings XI Punjab,Punjab Kings,Mumbai Indians,Mumbai Indians,bat,Kings XI Punjab,Punjab Kings,6 wickets,NA,NA,SE Marsh,NA,NA
548335,2012,2012-04-22,T20,Indian Premier League,Unknown,Barabati Stadium,Barabati Stadium,Cuttack,Cuttack,Deccan Chargers,Deccan Chargers,Kolkata Knight Riders,Kolkata Knight Riders,Kolkata Knight Riders,Kolkata Knight Riders,field,Kolkata Knight Riders,Kolkata Knight Riders,5 wickets,NA,NA,B Lee,NA,NA
548336,2012,2012-04-23,T20,Indian Premier League,Unknown,Sawai Mansingh Stadium,Sawai Mansingh Stadium,Jaipur,Jaipur,Royal Challengers Bangalore,Royal Challengers Bengaluru,Rajasthan Royals,Rajasthan Royals,Rajasthan Royals,Rajasthan Royals,field,Royal Challengers Bangalore,Royal Challengers Bengaluru,46 runs,NA,NA,AB de Villiers,NA,NA
548337,2012,2012-04-24,T20,Indian Premier League,Unknown,Subrata Roy Sahara Stadium,Subrata Roy Sahara Stadium,Pune,Pune,Pune Warriors,Pune Warriors,Delhi Daredevils,Delhi Capitals,Pune Warriors,Pune Warriors,bat,Delhi Daredevils,Delhi Capitals,8 wickets,NA,NA,V Sehwag,NA,NA
548339,2012,2012-04-25,T20,Indian Premier League,Unknown,"Punjab Cricket Association Stadium, Mohali","Punjab Cricket Association IS Bindra Stadium, Mohali",Chandigarh,Chandigarh,Kings XI Punjab,Punjab Kings,Mumbai Indians,Mumbai Indians,Kings XI Punjab,Punjab Kings,bat,Mumbai Indians,Mumbai Indians,4 wickets,NA,NA,AT Rayudu,NA,NA
548341,2012,2012-04-26,T20,Indian Premier League,Unknown,Subrata Roy Sahara Stadium,Subrata Roy Sahara Stadium,Pune,Pune,Deccan Chargers,Deccan Chargers,Pune Warriors,Pune Warriors,Deccan Chargers,Deccan Chargers,bat,Deccan Chargers,Deccan Chargers,18 runs,NA,NA,CL White,NA,NA
548342,2012,2012-04-27,T20,Indian Premier League,Unknown,Feroz Shah Kotla,Feroz Shah Kotla,Delhi,Delhi,Delhi Daredevils,Delhi Capitals,Mumbai Indians,Mumbai Indians,Mumbai Indians,Mumbai Indians,field,Delhi Daredevils,Delhi Capitals,37 runs,NA,NA,V Sehwag,NA,NA
548343,2012,2012-04-28,T20,Indian Premier League,Unknown,"MA Chidambaram Stadium, Chepauk",MA Chidambaram Stadium,Chennai,Chennai,Kings XI Punjab,Punjab Kings,Chennai Super Kings,Chennai Super Kings,Kings XI Punjab,Punjab Kings,bat,Kings XI Punjab,Punjab Kings,7 runs,NA,NA,Mandeep Singh,NA,NA
548344,2012,2012-04-28,T20,Indian Premier League,Unknown,Eden Gardens,Eden Gardens,Kolkata,Kolkata,Kolkata Knight Riders,Kolkata Knight Riders,Royal Challengers Bangalore,Royal Challengers Bengaluru,Kolkata Knight Riders,Kolkata Knight Riders,bat,Kolkata Knight Riders,Kolkata Knight Riders,47 runs,NA,NA,G Gambhir,NA,NA
548345,2012,2012-04-29,T20,Indian Premier League,Unknown,Feroz Shah Kotla,Feroz Shah Kotla,Delhi,Delhi,Delhi Daredevils,Delhi Capitals,Rajasthan Royals,Rajasthan Royals,Delhi Daredevils,Delhi Capitals,bat,Delhi Daredevils,Delhi Capitals,1 runs,NA,NA,V Sehwag,NA,NA
548346,2012,2012-04-29,T20,Indian Premier League,Unknown,Wankhede Stadium,Wankhede Stadium,Mumbai,Mumbai,Deccan Chargers,Deccan Chargers,Mumbai Indians,Mumbai Indians,Mumbai Indians,Mumbai Indians,field,Mumbai Indians,Mumbai Indians,5 wickets,NA,NA,DW Steyn,NA,NA
548347,2012,2012-04-30,T20,Indian Premier League,Unknown,"MA Chidambaram Stadium, Chepauk",MA Chidambaram Stadium,Chennai,Chennai,Chennai Super Kings,Chennai Super Kings,Kolkata Knight Riders,Kolkata Knight Riders,Chennai Super Kings,Chennai Super Kings,bat,Kolkata Knight Riders,Kolkata Knight Riders,5 wickets,NA,NA,G Gambhir,NA,NA
548348,2012,2012-05-01,T20,Indian Premier League,Unknown,Barabati Stadium,Barabati Stadium,Cuttack,Cuttack,Deccan Chargers,Deccan Chargers,Pune Warriors,Pune Warriors,Deccan Chargers,Deccan Chargers,bat,Deccan Chargers,Deccan Chargers,13 runs,NA,NA,KC Sangakkara,NA,NA
548349,2012,2012-05-01,T20,Indian Premier League,Unknown,Sawai Mansingh Stadium,Sawai Mansingh Stadium,Jaipur,Jaipur,Rajasthan Royals,Rajasthan Royals,Delhi Daredevils,Delhi Capitals,Rajasthan Royals,Rajasthan Royals,bat,Delhi Daredevils,Delhi Capitals,6 wickets,NA,NA,P Negi,NA,NA
548350,2012,2012-05-02,T20,Indian Premier League,Unknown,M Chinnaswamy Stadium,M Chinnaswamy Stadium,Bangalore,Bengaluru,Royal Challengers Bangalore,Royal Challengers Bengaluru,Kings XI Punjab,Punjab Kings,Kings XI Punjab,Punjab Kings,field,Kings XI Punjab,Punjab Kings,4 wickets,NA,NA,Azhar Mahmood,NA,NA
548351,2012,2012-05-03,T20,Indian Premier League,Unknown,Subrata Roy Sahara Stadium,Subrata Roy Sahara Stadium,Pune,Pune,Mumbai Indians,Mumbai Indians,Pune Warriors,Pune Warriors,Mumbai Indians,Mumbai Indians,bat,Mumbai Indians,Mumbai Indians,1 runs,NA,NA,SL Malinga,NA,NA
548352,2012,2012-05-04,T20,Indian Premier League,Unknown,"MA Chidambaram Stadium, Chepauk",MA Chidambaram Stadium,Chennai,Chennai,Chennai Super Kings,Chennai Super Kings,Deccan Chargers,Deccan Chargers,Chennai Super Kings,Chennai Super Kings,bat,Chennai Super Kings,Chennai Super Kings,10 runs,NA,NA,SK Raina,NA,NA
548353,2012,2012-05-05,T20,Indian Premier League,Unknown,Eden Gardens,Eden Gardens,Kolkata,Kolkata,Kolkata Knight Riders,Kolkata Knight Riders,Pune Warriors,Pune Warriors,Kolkata Knight Riders,Kolkata Knight Riders,bat,Kolkata Knight Riders,Kolkata Knight Riders,7 runs,NA,NA,SP Narine,NA,NA
548354,2012,2012-05-05,T20,Indian Premier League,Unknown,"Punjab Cricket Association Stadium, Mohali","Punjab Cricket Association IS Bindra Stadium, Mohali",Chandigarh,Chandigarh,Rajasthan Royals,Rajasthan Royals,Kings XI Punjab,Punjab Kings,Rajasthan Royals,Rajasthan Royals,bat,Rajasthan Royals,Rajasthan Royals,43 runs,NA,NA,SR Watson,NA,NA
548355,2012,2012-05-06,T20,Indian Premier League,Unknown,Wankhede Stadium,Wankhede Stadium,Mumbai,Mumbai,Chennai Super Kings,Chennai Super Kings,Mumbai Indians,Mumbai Indians,Mumbai Indians,Mumbai Indians,field,Mumbai Indians,Mumbai Indians,2 wickets,NA,NA,DR Smith,NA,NA
548356,2012,2012-05-06,T20,Indian Premier League,Unknown,M Chinnaswamy Stadium,M Chinnaswamy Stadium,Bangalore,Bengaluru,Deccan Chargers,Deccan Chargers,Royal Challengers Bangalore,Royal Challengers Bengaluru,Royal Challengers Bangalore,Royal Challengers Bengaluru,field,Royal Challengers Bangalore,Royal Challengers Bengaluru,5 wickets,NA,NA,AB de Villiers,NA,NA
548357,2012,2012-05-07,T20,Indian Premier League,Unknown,Feroz Shah Kotla,Feroz Shah Kotla,Delhi,Delhi,Delhi Daredevils,Delhi Capitals,Kolkata Knight Riders,Kolkata Knight Riders,Delhi Daredevils,Delhi Capitals,bat,Kolkata Knight Riders,Kolkata Knight Riders,6 wickets,NA,NA,JH Kallis,NA,NA
548358,2012,2012-05-08,T20,Indian Premier League,Unknown,Subrata Roy Sahara Stadium,Subrata Roy Sahara Stadium,Pune,Pune,Pune Warriors,Pune Warriors,Rajasthan Royals,Rajasthan Royals,Pune Warriors,Pune Warriors,bat,Rajasthan Royals,Rajasthan Royals,7 wickets,NA,NA,SR Watson,NA,NA
548359,2012,2012-05-08,T20,Indian Premier League,Unknown,"Rajiv Gandhi International Stadium, Uppal","Rajiv Gandhi International Stadium, Uppal",Hyderabad,Hyderabad,Kings XI Punjab,Punjab Kings,Deccan Chargers,Deccan Chargers,Deccan Chargers,Deccan Chargers,field,Kings XI Punjab,Punjab Kings,25 runs,NA,NA,Mandeep Singh,NA,NA
548360,2012,2012-05-09,T20,Indian Premier League,Unknown,Wankhede Stadium,Wankhede Stadium,Mumbai,Mumbai,Mumbai Indians,Mumbai Indians,Royal Challengers Bangalore,Royal Challengers Bengaluru,Royal Challengers Bangalore,Royal Challengers Bengaluru,field,Royal Challengers Bangalore,Royal Challengers Bengaluru,9 wickets,NA,NA,CH Gayle,NA,NA
548329,2012,2012-05-10,T20,Indian Premier League,Unknown,"Rajiv Gandhi International Stadium, Uppal","Rajiv Gandhi International Stadium, Uppal",Hyderabad,Hyderabad,Deccan Chargers,Deccan Chargers,Delhi Daredevils,Delhi Capitals,Deccan Chargers,Deccan Chargers,bat,Delhi Daredevils,Delhi Capitals,9 wickets,NA,NA,DA Warner,NA,NA
548361,2012,2012-05-10,T20,Indian Premier League,Unknown,Sawai Mansingh Stadium,Sawai Mansingh Stadium,Jaipur,Jaipur,Rajasthan Royals,Rajasthan Royals,Chennai Super Kings,Chennai Super Kings,Chennai Super Kings,Chennai Super Kings,field,Chennai Super Kings,Chennai Super Kings,4 wickets,NA,NA,BW Hilfenhaus,NA,NA
548362,2012,2012-05-11,T20,Indian Premier League,Unknown,Subrata Roy Sahara Stadium,Subrata Roy Sahara Stadium,Pune,Pune,Royal Challengers Bangalore,Royal Challengers Bengaluru,Pune Warriors,Pune Warriors,Pune Warriors,Pune Warriors,field,Royal Challengers Bangalore,Royal Challengers Bengaluru,35 runs,NA,NA,CH Gayle,NA,NA
548363,2012,2012-05-12,T20,Indian Premier League,Unknown,Eden Gardens,Eden Gardens,Kolkata,Kolkata,Mumbai Indians,Mumbai Indians,Kolkata Knight Riders,Kolkata Knight Riders,Mumbai Indians,Mumbai Indians,bat,Mumbai Indians,Mumbai Indians,27 runs,NA,NA,RG Sharma,NA,NA
548364,2012,2012-05-12,T20,Indian Premier League,Unknown,"MA Chidambaram Stadium, Chepauk",MA Chidambaram Stadium,Chennai,Chennai,Delhi Daredevils,Delhi Capitals,Chennai Super Kings,Chennai Super Kings,Chennai Super Kings,Chennai Super Kings,field,Chennai Super Kings,Chennai Super Kings,9 wickets,NA,NA,BW Hilfenhaus,NA,NA
548365,2012,2012-05-13,T20,Indian Premier League,Unknown,Sawai Mansingh Stadium,Sawai Mansingh Stadium,Jaipur,Jaipur,Rajasthan Royals,Rajasthan Royals,Pune Warriors,Pune Warriors,Rajasthan Royals,Rajasthan Royals,bat,Rajasthan Royals,Rajasthan Royals,45 runs,NA,NA,A Chandila,NA,NA
548366,2012,2012-05-13,T20,Indian Premier League,Unknown,"Punjab Cricket Association Stadium, Mohali","Punjab Cricket Association IS Bindra Stadium, Mohali",Chandigarh,Chandigarh,Deccan Chargers,Deccan Chargers,Kings XI Punjab,Punjab Kings,Deccan Chargers,Deccan Chargers,bat,Kings XI Punjab,Punjab Kings,4 wickets,NA,NA,DJ Hussey,NA,NA
548367,2012,2012-05-14,T20,Indian Premier League,Unknown,M Chinnaswamy Stadium,M Chinnaswamy Stadium,Bangalore,Bengaluru,Royal Challengers Bangalore,Royal Challengers Bengaluru,Mumbai Indians,Mumbai Indians,Mumbai Indians,Mumbai Indians,field,Mumbai Indians,Mumbai Indians,5 wickets,NA,NA,AT Rayudu,NA,NA
548368,2012,2012-05-14,T20,Indian Premier League,Unknown,Eden Gardens,Eden Gardens,Kolkata,Kolkata,Kolkata Knight Riders,Kolkata Knight Riders,Chennai Super Kings,Chennai Super Kings,Chennai Super Kings,Chennai Super Kings,field,Chennai Super Kings,Chennai Super Kings,5 wickets,NA,NA,MEK Hussey,NA,NA
548369,2012,2012-05-15,T20,Indian Premier League,Unknown,Feroz Shah Kotla,Feroz Shah Kotla,Delhi,Delhi,Kings XI Punjab,Punjab Kings,Delhi Daredevils,Delhi Capitals,Kings XI Punjab,Punjab Kings,bat,Delhi Daredevils,Delhi Capitals,5 wickets,NA,NA,UT Yadav,NA,NA
548370,2012,2012-05-16,T20,Indian Premier League,Unknown,Wankhede Stadium,Wankhede Stadium,Mumbai,Mumbai,Kolkata Knight Riders,Kolkata Knight Riders,Mumbai Indians,Mumbai Indians,Mumbai Indians,Mumbai Indians,field,Kolkata Knight Riders,Kolkata Knight Riders,32 runs,NA,NA,SP Narine,NA,NA
548371,2012,2012-05-17,T20,Indian Premier League,Unknown,Himachal Pradesh Cricket Association Stadium,Himachal Pradesh Cricket Association Stadium,Dharamsala,Dharamsala,Chennai Super Kings,Chennai Super Kings,Kings XI Punjab,Punjab Kings,Kings XI Punjab,Punjab Kings,field,Kings XI Punjab,Punjab Kings,6 wickets,NA,NA,AC Gilchrist,NA,NA
548372,2012,2012-05-17,T20,Indian Premier League,Unknown,Feroz Shah Kotla,Feroz Shah Kotla,Delhi,Delhi,Royal Challengers Bangalore,Royal Challengers Bengaluru,Delhi Daredevils,Delhi Capitals,Delhi Daredevils,Delhi Capitals,field,Royal Challengers Bangalore,Royal Challengers Bengaluru,21 runs,NA,NA,CH Gayle,NA,NA
548373,2012,2012-05-18,T20,Indian Premier League,Unknown,"Rajiv Gandhi International Stadium, Uppal","Rajiv Gandhi International Stadium, Uppal",Hyderabad,Hyderabad,Rajasthan Royals,Rajasthan Royals,Deccan Chargers,Deccan Chargers,Rajasthan Royals,Rajasthan Royals,bat,Deccan Chargers,Deccan Chargers,5 wickets,NA,NA,DW Steyn,NA,NA
548374,2012,2012-05-19,T20,Indian Premier League,Unknown,Himachal Pradesh Cricket Association Stadium,Himachal Pradesh Cricket Association Stadium,Dharamsala,Dharamsala,Kings XI Punjab,Punjab Kings,Delhi Daredevils,Delhi Capitals,Delhi Daredevils,Delhi Capitals,field,Delhi Daredevils,Delhi Capitals,6 wickets,NA,NA,UT Yadav,NA,NA
548375,2012,2012-05-19,T20,Indian Premier League,Unknown,Subrata Roy Sahara Stadium,Subrata Roy Sahara Stadium,Pune,Pune,Kolkata Knight Riders,Kolkata Knight Riders,Pune Warriors,Pune Warriors,Kolkata Knight Riders,Kolkata Knight Riders,bat,Kolkata Knight Riders,Kolkata Knight Riders,34 runs,NA,NA,Shakib Al Hasan,NA,NA
548376,2012,2012-05-20,T20,Indian Premier League,Unknown,"Rajiv Gandhi International Stadium, Uppal","Rajiv Gandhi International Stadium, Uppal",Hyderabad,Hyderabad,Deccan Chargers,Deccan Chargers,Royal Challengers Bangalore,Royal Challengers Bengaluru,Royal Challengers Bangalore,Royal Challengers Bengaluru,field,Deccan Chargers,Deccan Chargers,9 runs,NA,NA,DW Steyn,NA,NA
548377,2012,2012-05-20,T20,Indian Premier League,Unknown,Sawai Mansingh Stadium,Sawai Mansingh Stadium,Jaipur,Jaipur,Rajasthan Royals,Rajasthan Royals,Mumbai Indians,Mumbai Indians,Rajasthan Royals,Rajasthan Royals,bat,Mumbai Indians,Mumbai Indians,10 wickets,NA,NA,DR Smith,NA,NA
548378,2012,2012-05-22,T20,Indian Premier League,Qualifier 1,Subrata Roy Sahara Stadium,Subrata Roy Sahara Stadium,Pune,Pune,Kolkata Knight Riders,Kolkata Knight Riders,Delhi Daredevils,Delhi Capitals,Kolkata Knight Riders,Kolkata Knight Riders,bat,Kolkata Knight Riders,Kolkata Knight Riders,18 runs,NA,NA,YK Pathan,NA,NA
548379,2012,2012-05-23,T20,Indian Premier League,Elimination Final,M Chinnaswamy Stadium,M Chinnaswamy Stadium,Bangalore,Bengaluru,Chennai Super Kings,Chennai Super Kings,Mumbai Indians,Mumbai Indians,Mumbai Indians,Mumbai Indians,field,Chennai Super Kings,Chennai Super Kings,38 runs,NA,NA,MS Dhoni,NA,NA
548380,2012,2012-05-25,T20,Indian Premier League,Qualifier 2,"MA Chidambaram Stadium, Chepauk",MA Chidambaram Stadium,Chennai,Chennai,Chennai Super Kings,Chennai Super Kings,Delhi Daredevils,Delhi Capitals,Delhi Daredevils,Delhi Capitals,field,Chennai Super Kings,Chennai Super Kings,86 runs,NA,NA,M Vijay,NA,NA
548381,2012,2012-05-27,T20,Indian Premier League,Final,"MA Chidambaram Stadium, Chepauk",MA Chidambaram Stadium,Chennai,Chennai,Chennai Super Kings,Chennai Super Kings,Kolkata Knight Riders,Kolkata Knight Riders,Chennai Super Kings,Chennai Super Kings,bat,Kolkata Knight Riders,Kolkata Knight Riders,5 wickets,NA,NA,MS Bisla,NA,NA
597998,2013,2013-04-03,T20,Indian Premier League,Unknown,Eden Gardens,Eden Gardens,Kolkata,Kolkata,Delhi Daredevils,Delhi Capitals,Kolkata Knight Riders,Kolkata Knight Riders,Kolkata Knight Riders,Kolkata Knight Riders,field,Kolkata Knight Riders,Kolkata Knight Riders,6 wickets,NA,NA,SP Narine,NA,NA
597999,2013,2013-04-04,T20,Indian Premier League,Unknown,M Chinnaswamy Stadium,M Chinnaswamy Stadium,Bangalore,Bengaluru,Royal Challengers Bangalore,Royal Challengers Bengaluru,Mumbai Indians,Mumbai Indians,Mumbai Indians,Mumbai Indians,field,Royal Challengers Bangalore,Royal Challengers Bengaluru,2 runs,NA,NA,CH Gayle,NA,NA
598000,2013,2013-04-05,T20,Indian Premier League,Unknown,"Rajiv Gandhi International Stadium, Uppal","Rajiv Gandhi International Stadium, Uppal",Hyderabad,Hyderabad,Sunrisers Hyderabad,Sunrisers Hyderabad,Pune Warriors,Pune Warriors,Pune Warriors,Pune Warriors,field,Sunrisers Hyderabad,Sunrisers Hyderabad,22 runs,NA,NA,A Mishra,NA,NA
598001,2013,2013-04-06,T20,Indian Premier League,Unknown,Feroz Shah Kotla,Feroz Shah Kotla,Delhi,Delhi,Rajasthan Royals,Rajasthan Royals,Delhi Daredevils,Delhi Capitals,Rajasthan Royals,Rajasthan Royals,bat,Rajasthan Royals,Rajasthan Royals,5 runs,NA,NA,R Dravid,NA,NA
598002,2013,2013-04-06,T20,Indian Premier League,Unknown,"MA Chidambaram Stadium, Chepauk",MA Chidambaram Stadium,Chennai,Chennai,Mumbai Indians,Mumbai Indians,Chennai Super Kings,Chennai Super Kings,Mumbai Indians,Mumbai Indians,bat,Mumbai Indians,Mumbai Indians,9 runs,NA,NA,KA Pollard,NA,NA
598003,2013,2013-04-07,T20,Indian Premier League,Unknown,Subrata Roy Sahara Stadium,Subrata Roy Sahara Stadium,Pune,Pune,Pune Warriors,Pune Warriors,Kings XI Punjab,Punjab Kings,Pune Warriors,Pune Warriors,bat,Kings XI Punjab,Punjab Kings,8 wickets,NA,NA,M Vohra,NA,NA
598004,2013,2013-04-07,T20,Indian Premier League,Unknown,"Rajiv Gandhi International Stadium, Uppal","Rajiv Gandhi International Stadium, Uppal",Hyderabad,Hyderabad,Royal Challengers Bangalore,Royal Challengers Bengaluru,Sunrisers Hyderabad,Sunrisers Hyderabad,Royal Challengers Bangalore,Royal Challengers Bengaluru,bat,Unknown,Unknown,,tie,NA,GH Vihari,Sunrisers Hyderabad,Sunrisers Hyderabad
598005,2013,2013-04-08,T20,Indian Premier League,Unknown,Sawai Mansingh Stadium,Sawai Mansingh Stadium,Jaipur,Jaipur,Rajasthan Royals,Rajasthan Royals,Kolkata Knight Riders,Kolkata Knight Riders,Kolkata Knight Riders,Kolkata Knight Riders,field,Rajasthan Royals,Rajasthan Royals,19 runs,NA,NA,SK Trivedi,NA,NA
598006,2013,2013-04-09,T20,Indian Premier League,Unknown,Wankhede Stadium,Wankhede Stadium,Mumbai,Mumbai,Mumbai Indians,Mumbai Indians,Delhi Daredevils,Delhi Capitals,Mumbai Indians,Mumbai Indians,bat,Mumbai Indians,Mumbai Indians,44 runs,NA,NA,KD Karthik,NA,NA
598048,2013,2013-04-09,T20,Indian Premier League,Unknown,M Chinnaswamy Stadium,M Chinnaswamy Stadium,Bangalore,Bengaluru,Sunrisers Hyderabad,Sunrisers Hyderabad,Royal Challengers Bangalore,Royal Challengers Bengaluru,Sunrisers Hyderabad,Sunrisers Hyderabad,bat,Royal Challengers Bangalore,Royal Challengers Bengaluru,7 wickets,NA,NA,V Kohli,NA,NA
598007,2013,2013-04-10,T20,Indian Premier League,Unknown,"Punjab Cricket Association Stadium, Mohali","Punjab Cricket Association IS Bindra Stadium, Mohali",Chandigarh,Chandigarh,Kings XI Punjab,Punjab Kings,Chennai Super Kings,Chennai Super Kings,Chennai Super Kings,Chennai Super Kings,field,Chennai Super Kings,Chennai Super Kings,10 wickets,NA,NA,MEK Hussey,NA,NA
598008,2013,2013-04-11,T20,Indian Premier League,Unknown,M Chinnaswamy Stadium,M Chinnaswamy Stadium,Bangalore,Bengaluru,Kolkata Knight Riders,Kolkata Knight Riders,Royal Challengers Bangalore,Royal Challengers Bengaluru,Royal Challengers Bangalore,Royal Challengers Bengaluru,field,Royal Challengers Bangalore,Royal Challengers Bengaluru,8 wickets,NA,NA,CH Gayle,NA,NA
598009,2013,2013-04-11,T20,Indian Premier League,Unknown,Subrata Roy Sahara Stadium,Subrata Roy Sahara Stadium,Pune,Pune,Rajasthan Royals,Rajasthan Royals,Pune Warriors,Pune Warriors,Rajasthan Royals,Rajasthan Royals,bat,Pune Warriors,Pune Warriors,7 wickets,NA,NA,AJ Finch,NA,NA
598010,2013,2013-04-12,T20,Indian Premier League,Unknown,Feroz Shah Kotla,Feroz Shah Kotla,Delhi,Delhi,Delhi Daredevils,Delhi Capitals,Sunrisers Hyderabad,Sunrisers Hyderabad,Delhi Daredevils,Delhi Capitals,bat,Sunrisers Hyderabad,Sunrisers Hyderabad,3 wickets,NA,NA,A Mishra,NA,NA
598011,2013,2013-04-13,T20,Indian Premier League,Unknown,Wankhede Stadium,Wankhede Stadium,Mumbai,Mumbai,Mumbai Indians,Mumbai Indians,Pune Warriors,Pune Warriors,Mumbai Indians,Mumbai Indians,bat,Mumbai Indians,Mumbai Indians,41 runs,NA,NA,RG Sharma,NA,NA
598012,2013,2013-04-13,T20,Indian Premier League,Unknown,"MA Chidambaram Stadium, Chepauk",MA Chidambaram Stadium,Chennai,Chennai,Royal Challengers Bangalore,Royal Challengers Bengaluru,Chennai Super Kings,Chennai Super Kings,Chennai Super Kings,Chennai Super Kings,field,Chennai Super Kings,Chennai Super Kings,4 wickets,NA,NA,RA Jadeja,NA,NA
598013,2013,2013-04-14,T20,Indian Premier League,Unknown,Eden Gardens,Eden Gardens,Kolkata,Kolkata,Kolkata Knight Riders,Kolkata Knight Riders,Sunrisers Hyderabad,Sunrisers Hyderabad,Kolkata Knight Riders,Kolkata Knight Riders,bat,Kolkata Knight Riders,Kolkata Knight Riders,48 runs,NA,NA,G Gambhir,NA,NA
598014,2013,2013-04-14,T20,Indian Premier League,Unknown,Sawai Mansingh Stadium,Sawai Mansingh Stadium,Jaipur,Jaipur,Kings XI Punjab,Punjab Kings,Rajasthan Royals,Rajasthan Royals,Rajasthan Royals,Rajasthan Royals,field,Rajasthan Royals,Rajasthan Royals,6 wickets,NA,NA,JP Faulkner,NA,NA
598015,2013,2013-04-15,T20,Indian Premier League,Unknown,"MA Chidambaram Stadium, Chepauk",MA Chidambaram Stadium,Chennai,Chennai,Pune Warriors,Pune Warriors,Chennai Super Kings,Chennai Super Kings,Pune Warriors,Pune Warriors,bat,Pune Warriors,Pune Warriors,24 runs,NA,NA,SPD Smith,NA,NA
598016,2013,2013-04-16,T20,Indian Premier League,Unknown,"Punjab Cricket Association Stadium, Mohali","Punjab Cricket Association IS Bindra Stadium, Mohali",Chandigarh,Chandigarh,Kings XI Punjab,Punjab Kings,Kolkata Knight Riders,Kolkata Knight Riders,Kolkata Knight Riders,Kolkata Knight Riders,field,Kings XI Punjab,Punjab Kings,4 runs,NA,NA,MS Gony,NA,NA
598017,2013,2013-04-16,T20,Indian Premier League,Unknown,M Chinnaswamy Stadium,M Chinnaswamy Stadium,Bangalore,Bengaluru,Delhi Daredevils,Delhi Capitals,Royal Challengers Bangalore,Royal Challengers Bengaluru,Royal Challengers Bangalore,Royal Challengers Bengaluru,field,Unknown,Unknown,,tie,NA,V Kohli,Royal Challengers Bangalore,Royal Challengers Bengaluru
598018,2013,2013-04-17,T20,Indian Premier League,Unknown,Maharashtra Cricket Association Stadium,Maharashtra Cricket Association Stadium,Pune,Pune,Sunrisers Hyderabad,Sunrisers Hyderabad,Pune Warriors,Pune Warriors,Pune Warriors,Pune Warriors,field,Sunrisers Hyderabad,Sunrisers Hyderabad,11 runs,NA,NA,A Mishra,NA,NA
598019,2013,2013-04-17,T20,Indian Premier League,Unknown,Sawai Mansingh Stadium,Sawai Mansingh Stadium,Jaipur,Jaipur,Rajasthan Royals,Rajasthan Royals,Mumbai Indians,Mumbai Indians,Rajasthan Royals,Rajasthan Royals,bat,Rajasthan Royals,Rajasthan Royals,87 runs,NA,NA,AM Rahane,NA,NA
598020,2013,2013-04-18,T20,Indian Premier League,Unknown,Feroz Shah Kotla,Feroz Shah Kotla,Delhi,Delhi,Chennai Super Kings,Chennai Super Kings,Delhi Daredevils,Delhi Capitals,Chennai Super Kings,Chennai Super Kings,bat,Chennai Super Kings,Chennai Super Kings,86 runs,NA,NA,MEK Hussey,NA,NA
598021,2013,2013-04-19,T20,Indian Premier League,Unknown,"Rajiv Gandhi International Stadium, Uppal","Rajiv Gandhi International Stadium, Uppal",Hyderabad,Hyderabad,Kings XI Punjab,Punjab Kings,Sunrisers Hyderabad,Sunrisers Hyderabad,Kings XI Punjab,Punjab Kings,bat,Sunrisers Hyderabad,Sunrisers Hyderabad,5 wickets,NA,NA,GH Vihari,NA,NA
598022,2013,2013-04-20,T20,Indian Premier League,Unknown,Eden Gardens,Eden Gardens,Kolkata,Kolkata,Kolkata Knight Riders,Kolkata Knight Riders,Chennai Super Kings,Chennai Super Kings,Kolkata Knight Riders,Kolkata Knight Riders,bat,Chennai Super Kings,Chennai Super Kings,4 wickets,NA,NA,RA Jadeja,NA,NA
598023,2013,2013-04-20,T20,Indian Premier League,Unknown,M Chinnaswamy Stadium,M Chinnaswamy Stadium,Bangalore,Bengaluru,Rajasthan Royals,Rajasthan Royals,Royal Challengers Bangalore,Royal Challengers Bengaluru,Royal Challengers Bangalore,Royal Challengers Bengaluru,field,Royal Challengers Bangalore,Royal Challengers Bengaluru,7 wickets,NA,NA,R Vinay Kumar,NA,NA
598024,2013,2013-04-21,T20,Indian Premier League,Unknown,Feroz Shah Kotla,Feroz Shah Kotla,Delhi,Delhi,Mumbai Indians,Mumbai Indians,Delhi Daredevils,Delhi Capitals,Mumbai Indians,Mumbai Indians,bat,Delhi Daredevils,Delhi Capitals,9 wickets,NA,NA,V Sehwag,NA,NA
598025,2013,2013-04-21,T20,Indian Premier League,Unknown,"Punjab Cricket Association Stadium, Mohali","Punjab Cricket Association IS Bindra Stadium, Mohali",Chandigarh,Chandigarh,Pune Warriors,Pune Warriors,Kings XI Punjab,Punjab Kings,Kings XI Punjab,Punjab Kings,field,Kings XI Punjab,Punjab Kings,7 wickets,NA,NA,DA Miller,NA,NA
598026,2013,2013-04-22,T20,Indian Premier League,Unknown,"MA Chidambaram Stadium, Chepauk",MA Chidambaram Stadium,Chennai,Chennai,Rajasthan Royals,Rajasthan Royals,Chennai Super Kings,Chennai Super Kings,Rajasthan Royals,Rajasthan Royals,bat,Chennai Super Kings,Chennai Super Kings,5 wickets,NA,NA,MEK Hussey,NA,NA
598027,2013,2013-04-23,T20,Indian Premier League,Unknown,M Chinnaswamy Stadium,M Chinnaswamy Stadium,Bangalore,Bengaluru,Royal Challengers Bangalore,Royal Challengers Bengaluru,Pune Warriors,Pune Warriors,Pune Warriors,Pune Warriors,field,Royal Challengers Bangalore,Royal Challengers Bengaluru,130 runs,NA,NA,CH Gayle,NA,NA
598059,2013,2013-04-23,T20,Indian Premier League,Unknown,Feroz Shah Kotla,Feroz Shah Kotla,Delhi,Delhi,Delhi Daredevils,Delhi Capitals,Kings XI Punjab,Punjab Kings,Kings XI Punjab,Punjab Kings,field,Kings XI Punjab,Punjab Kings,5 wickets,NA,NA,Harmeet Singh,NA,NA
598029,2013,2013-04-24,T20,Indian Premier League,Unknown,Eden Gardens,Eden Gardens,Kolkata,Kolkata,Kolkata Knight Riders,Kolkata Knight Riders,Mumbai Indians,Mumbai Indians,Kolkata Knight Riders,Kolkata Knight Riders,bat,Mumbai Indians,Mumbai Indians,5 wickets,NA,NA,DR Smith,NA,NA
598030,2013,2013-04-25,T20,Indian Premier League,Unknown,"MA Chidambaram Stadium, Chepauk",MA Chidambaram Stadium,Chennai,Chennai,Sunrisers Hyderabad,Sunrisers Hyderabad,Chennai Super Kings,Chennai Super Kings,Sunrisers Hyderabad,Sunrisers Hyderabad,bat,Chennai Super Kings,Chennai Super Kings,5 wickets,NA,NA,MS Dhoni,NA,NA
598031,2013,2013-04-26,T20,Indian Premier League,Unknown,Eden Gardens,Eden Gardens,Kolkata,Kolkata,Kings XI Punjab,Punjab Kings,Kolkata Knight Riders,Kolkata Knight Riders,Kings XI Punjab,Punjab Kings,bat,Kolkata Knight Riders,Kolkata Knight Riders,6 wickets,NA,NA,JH Kallis,NA,NA
598032,2013,2013-04-27,T20,Indian Premier League,Unknown,Sawai Mansingh Stadium,Sawai Mansingh Stadium,Jaipur,Jaipur,Sunrisers Hyderabad,Sunrisers Hyderabad,Rajasthan Royals,Rajasthan Royals,Sunrisers Hyderabad,Sunrisers Hyderabad,bat,Rajasthan Royals,Rajasthan Royals,8 wickets,NA,NA,JP Faulkner,NA,NA
598033,2013,2013-04-27,T20,Indian Premier League,Unknown,Wankhede Stadium,Wankhede Stadium,Mumbai,Mumbai,Mumbai Indians,Mumbai Indians,Royal Challengers Bangalore,Royal Challengers Bengaluru,Mumbai Indians,Mumbai Indians,bat,Mumbai Indians,Mumbai Indians,58 runs,NA,NA,DR Smith,NA,NA
598034,2013,2013-04-28,T20,Indian Premier League,Unknown,"MA Chidambaram Stadium, Chepauk",MA Chidambaram Stadium,Chennai,Chennai,Chennai Super Kings,Chennai Super Kings,Kolkata Knight Riders,Kolkata Knight Riders,Kolkata Knight Riders,Kolkata Knight Riders,field,Chennai Super Kings,Chennai Super Kings,14 runs,NA,NA,MEK Hussey,NA,NA
598035,2013,2013-04-28,T20,Indian Premier League,Unknown,Shaheed Veer Narayan Singh International Stadium,Shaheed Veer Narayan Singh International Stadium,Raipur,Raipur,Delhi Daredevils,Delhi Capitals,Pune Warriors,Pune Warriors,Pune Warriors,Pune Warriors,field,Delhi Daredevils,Delhi Capitals,15 runs,NA,NA,DA Warner,NA,NA
598036,2013,2013-04-29,T20,Indian Premier League,Unknown,Sawai Mansingh Stadium,Sawai Mansingh Stadium,Jaipur,Jaipur,Royal Challengers Bangalore,Royal Challengers Bengaluru,Rajasthan Royals,Rajasthan Royals,Rajasthan Royals,Rajasthan Royals,field,Rajasthan Royals,Rajasthan Royals,4 wickets,NA,NA,SV Samson,NA,NA
598037,2013,2013-04-29,T20,Indian Premier League,Unknown,Wankhede Stadium,Wankhede Stadium,Mumbai,Mumbai,Mumbai Indians,Mumbai Indians,Kings XI Punjab,Punjab Kings,Mumbai Indians,Mumbai Indians,bat,Mumbai Indians,Mumbai Indians,4 runs,NA,NA,RG Sharma,NA,NA
598038,2013,2013-04-30,T20,Indian Premier League,Unknown,Subrata Roy Sahara Stadium,Subrata Roy Sahara Stadium,Pune,Pune,Chennai Super Kings,Chennai Super Kings,Pune Warriors,Pune Warriors,Chennai Super Kings,Chennai Super Kings,bat,Chennai Super Kings,Chennai Super Kings,37 runs,NA,NA,MS Dhoni,NA,NA
598039,2013,2013-05-01,T20,Indian Premier League,Unknown,"Rajiv Gandhi International Stadium, Uppal","Rajiv Gandhi International Stadium, Uppal",Hyderabad,Hyderabad,Mumbai Indians,Mumbai Indians,Sunrisers Hyderabad,Sunrisers Hyderabad,Mumbai Indians,Mumbai Indians,bat,Sunrisers Hyderabad,Sunrisers Hyderabad,7 wickets,NA,NA,I Sharma,NA,NA
598040,2013,2013-05-01,T20,Indian Premier League,Unknown,Shaheed Veer Narayan Singh International Stadium,Shaheed Veer Narayan Singh International Stadium,Raipur,Raipur,Kolkata Knight Riders,Kolkata Knight Riders,Delhi Daredevils,Delhi Capitals,Kolkata Knight Riders,Kolkata Knight Riders,bat,Delhi Daredevils,Delhi Capitals,7 wickets,NA,NA,DA Warner,NA,NA
598041,2013,2013-05-02,T20,Indian Premier League,Unknown,"MA Chidambaram Stadium, Chepauk",MA Chidambaram Stadium,Chennai,Chennai,Chennai Super Kings,Chennai Super Kings,Kings XI Punjab,Punjab Kings,Chennai Super Kings,Chennai Super Kings,bat,Chennai Super Kings,Chennai Super Kings,15 runs,NA,NA,SK Raina,NA,NA
598042,2013,2013-05-02,T20,Indian Premier League,Unknown,Subrata Roy Sahara Stadium,Subrata Roy Sahara Stadium,Pune,Pune,Royal Challengers Bangalore,Royal Challengers Bengaluru,Pune Warriors,Pune Warriors,Royal Challengers Bangalore,Royal Challengers Bengaluru,bat,Royal Challengers Bangalore,Royal Challengers Bengaluru,17 runs,NA,NA,AB de Villiers,NA,NA
598043,2013,2013-05-03,T20,Indian Premier League,Unknown,Eden Gardens,Eden Gardens,Kolkata,Kolkata,Rajasthan Royals,Rajasthan Royals,Kolkata Knight Riders,Kolkata Knight Riders,Rajasthan Royals,Rajasthan Royals,bat,Kolkata Knight Riders,Kolkata Knight Riders,8 wickets,NA,NA,YK Pathan,NA,NA
598044,2013,2013-05-04,T20,Indian Premier League,Unknown,"Rajiv Gandhi International Stadium, Uppal","Rajiv Gandhi International Stadium, Uppal",Hyderabad,Hyderabad,Delhi Daredevils,Delhi Capitals,Sunrisers Hyderabad,Sunrisers Hyderabad,Delhi Daredevils,Delhi Capitals,bat,Sunrisers Hyderabad,Sunrisers Hyderabad,6 wickets,NA,NA,DJG Sammy,NA,NA
598046,2013,2013-05-05,T20,Indian Premier League,Unknown,Wankhede Stadium,Wankhede Stadium,Mumbai,Mumbai,Mumbai Indians,Mumbai Indians,Chennai Super Kings,Chennai Super Kings,Mumbai Indians,Mumbai Indians,bat,Mumbai Indians,Mumbai Indians,60 runs,NA,NA,MG Johnson,NA,NA
598047,2013,2013-05-05,T20,Indian Premier League,Unknown,Sawai Mansingh Stadium,Sawai Mansingh Stadium,Jaipur,Jaipur,Pune Warriors,Pune Warriors,Rajasthan Royals,Rajasthan Royals,Pune Warriors,Pune Warriors,bat,Rajasthan Royals,Rajasthan Royals,5 wickets,NA,NA,AM Rahane,NA,NA
598064,2013,2013-05-06,T20,Indian Premier League,Unknown,"Punjab Cricket Association Stadium, Mohali","Punjab Cricket Association IS Bindra Stadium, Mohali",Chandigarh,Chandigarh,Royal Challengers Bangalore,Royal Challengers Bengaluru,Kings XI Punjab,Punjab Kings,Kings XI Punjab,Punjab Kings,field,Kings XI Punjab,Punjab Kings,6 wickets,NA,NA,DA Miller,NA,NA
598049,2013,2013-05-07,T20,Indian Premier League,Unknown,Sawai Mansingh Stadium,Sawai Mansingh Stadium,Jaipur,Jaipur,Delhi Daredevils,Delhi Capitals,Rajasthan Royals,Rajasthan Royals,Delhi Daredevils,Delhi Capitals,bat,Rajasthan Royals,Rajasthan Royals,9 wickets,NA,NA,AM Rahane,NA,NA
598050,2013,2013-05-07,T20,Indian Premier League,Unknown,Wankhede Stadium,Wankhede Stadium,Mumbai,Mumbai,Mumbai Indians,Mumbai Indians,Kolkata Knight Riders,Kolkata Knight Riders,Mumbai Indians,Mumbai Indians,bat,Mumbai Indians,Mumbai Indians,65 runs,NA,NA,SR Tendulkar,NA,NA
598051,2013,2013-05-08,T20,Indian Premier League,Unknown,"Rajiv Gandhi International Stadium, Uppal","Rajiv Gandhi International Stadium, Uppal",Hyderabad,Hyderabad,Chennai Super Kings,Chennai Super Kings,Sunrisers Hyderabad,Sunrisers Hyderabad,Sunrisers Hyderabad,Sunrisers Hyderabad,field,Chennai Super Kings,Chennai Super Kings,77 runs,NA,NA,SK Raina,NA,NA
598052,2013,2013-05-09,T20,Indian Premier League,Unknown,"Punjab Cricket Association Stadium, Mohali","Punjab Cricket Association IS Bindra Stadium, Mohali",Chandigarh,Chandigarh,Kings XI Punjab,Punjab Kings,Rajasthan Royals,Rajasthan Royals,Rajasthan Royals,Rajasthan Royals,field,Rajasthan Royals,Rajasthan Royals,8 wickets,NA,NA,KK Cooper,NA,NA
598053,2013,2013-05-09,T20,Indian Premier League,Unknown,Subrata Roy Sahara Stadium,Subrata Roy Sahara Stadium,Pune,Pune,Kolkata Knight Riders,Kolkata Knight Riders,Pune Warriors,Pune Warriors,Kolkata Knight Riders,Kolkata Knight Riders,bat,Kolkata Knight Riders,Kolkata Knight Riders,46 runs,NA,NA,G Gambhir,NA,NA
598054,2013,2013-05-10,T20,Indian Premier League,Unknown,Feroz Shah Kotla,Feroz Shah Kotla,Delhi,Delhi,Royal Challengers Bangalore,Royal Challengers Bengaluru,Delhi Daredevils,Delhi Capitals,Delhi Daredevils,Delhi Capitals,field,Royal Challengers Bangalore,Royal Challengers Bengaluru,4 runs,NA,NA,JD Unadkat,NA,NA
598055,2013,2013-05-11,T20,Indian Premier League,Unknown,Subrata Roy Sahara Stadium,Subrata Roy Sahara Stadium,Pune,Pune,Pune Warriors,Pune Warriors,Mumbai Indians,Mumbai Indians,Pune Warriors,Pune Warriors,bat,Mumbai Indians,Mumbai Indians,5 wickets,NA,NA,MG Johnson,NA,NA
598056,2013,2013-05-11,T20,Indian Premier League,Unknown,"Punjab Cricket Association Stadium, Mohali","Punjab Cricket Association IS Bindra Stadium, Mohali",Chandigarh,Chandigarh,Sunrisers Hyderabad,Sunrisers Hyderabad,Kings XI Punjab,Punjab Kings,Kings XI Punjab,Punjab Kings,field,Sunrisers Hyderabad,Sunrisers Hyderabad,30 runs,NA,NA,PA Patel,NA,NA
598057,2013,2013-05-12,T20,Indian Premier League,Unknown,JSCA International Stadium Complex,JSCA International Stadium Complex,Ranchi,Ranchi,Royal Challengers Bangalore,Royal Challengers Bengaluru,Kolkata Knight Riders,Kolkata Knight Riders,Kolkata Knight Riders,Kolkata Knight Riders,field,Kolkata Knight Riders,Kolkata Knight Riders,5 wickets,NA,NA,JH Kallis,NA,NA
598058,2013,2013-05-12,T20,Indian Premier League,Unknown,Sawai Mansingh Stadium,Sawai Mansingh Stadium,Jaipur,Jaipur,Chennai Super Kings,Chennai Super Kings,Rajasthan Royals,Rajasthan Royals,Rajasthan Royals,Rajasthan Royals,field,Rajasthan Royals,Rajasthan Royals,5 wickets,NA,NA,SR Watson,NA,NA
598060,2013,2013-05-13,T20,Indian Premier League,Unknown,Wankhede Stadium,Wankhede Stadium,Mumbai,Mumbai,Sunrisers Hyderabad,Sunrisers Hyderabad,Mumbai Indians,Mumbai Indians,Sunrisers Hyderabad,Sunrisers Hyderabad,bat,Mumbai Indians,Mumbai Indians,7 wickets,NA,NA,KA Pollard,NA,NA
598045,2013,2013-05-14,T20,Indian Premier League,Unknown,M Chinnaswamy Stadium,M Chinnaswamy Stadium,Bangalore,Bengaluru,Royal Challengers Bangalore,Royal Challengers Bengaluru,Kings XI Punjab,Punjab Kings,Kings XI Punjab,Punjab Kings,field,Kings XI Punjab,Punjab Kings,7 wickets,NA,NA,AC Gilchrist,NA,NA
598062,2013,2013-05-14,T20,Indian Premier League,Unknown,"MA Chidambaram Stadium, Chepauk",MA Chidambaram Stadium,Chennai,Chennai,Chennai Super Kings,Chennai Super Kings,Delhi Daredevils,Delhi Capitals,Chennai Super Kings,Chennai Super Kings,bat,Chennai Super Kings,Chennai Super Kings,33 runs,NA,NA,MS Dhoni,NA,NA
598061,2013,2013-05-15,T20,Indian Premier League,Unknown,JSCA International Stadium Complex,JSCA International Stadium Complex,Ranchi,Ranchi,Pune Warriors,Pune Warriors,Kolkata Knight Riders,Kolkata Knight Riders,Kolkata Knight Riders,Kolkata Knight Riders,field,Pune Warriors,Pune Warriors,7 runs,NA,NA,MK Pandey,NA,NA
598063,2013,2013-05-15,T20,Indian Premier League,Unknown,Wankhede Stadium,Wankhede Stadium,Mumbai,Mumbai,Mumbai Indians,Mumbai Indians,Rajasthan Royals,Rajasthan Royals,Rajasthan Royals,Rajasthan Royals,field,Mumbai Indians,Mumbai Indians,14 runs,NA,NA,AP Tare,NA,NA
598028,2013,2013-05-16,T20,Indian Premier League,Unknown,Himachal Pradesh Cricket Association Stadium,Himachal Pradesh Cricket Association Stadium,Dharamsala,Dharamsala,Kings XI Punjab,Punjab Kings,Delhi Daredevils,Delhi Capitals,Delhi Daredevils,Delhi Capitals,field,Kings XI Punjab,Punjab Kings,7 runs,NA,NA,DA Miller,NA,NA
598065,2013,2013-05-17,T20,Indian Premier League,Unknown,"Rajiv Gandhi International Stadium, Uppal","Rajiv Gandhi International Stadium, Uppal",Hyderabad,Hyderabad,Sunrisers Hyderabad,Sunrisers Hyderabad,Rajasthan Royals,Rajasthan Royals,Sunrisers Hyderabad,Sunrisers Hyderabad,bat,Sunrisers Hyderabad,Sunrisers Hyderabad,23 runs,NA,NA,A Mishra,NA,NA
598066,2013,2013-05-18,T20,Indian Premier League,Unknown,Himachal Pradesh Cricket Association Stadium,Himachal Pradesh Cricket Association Stadium,Dharamsala,Dharamsala,Kings XI Punjab,Punjab Kings,Mumbai Indians,Mumbai Indians,Mumbai Indians,Mumbai Indians,field,Kings XI Punjab,Punjab Kings,50 runs,NA,NA,Azhar Mahmood,NA,NA
598068,2013,2013-05-18,T20,Indian Premier League,Unknown,M Chinnaswamy Stadium,M Chinnaswamy Stadium,Bangalore,Bengaluru,Royal Challengers Bangalore,Royal Challengers Bengaluru,Chennai Super Kings,Chennai Super Kings,Chennai Super Kings,Chennai Super Kings,field,Royal Challengers Bangalore,Royal Challengers Bengaluru,24 runs,NA,NA,V Kohli,NA,NA
598067,2013,2013-05-19,T20,Indian Premier League,Unknown,Subrata Roy Sahara Stadium,Subrata Roy Sahara Stadium,Pune,Pune,Pune Warriors,Pune Warriors,Delhi Daredevils,Delhi Capitals,Pune Warriors,Pune Warriors,bat,Pune Warriors,Pune Warriors,38 runs,NA,NA,LJ Wright,NA,NA
598069,2013,2013-05-19,T20,Indian Premier League,Unknown,"Rajiv Gandhi International Stadium, Uppal","Rajiv Gandhi International Stadium, Uppal",Hyderabad,Hyderabad,Kolkata Knight Riders,Kolkata Knight Riders,Sunrisers Hyderabad,Sunrisers Hyderabad,Kolkata Knight Riders,Kolkata Knight Riders,bat,Sunrisers Hyderabad,Sunrisers Hyderabad,5 wickets,NA,NA,PA Patel,NA,NA
598070,2013,2013-05-21,T20,Indian Premier League,Qualifier 1,Feroz Shah Kotla,Feroz Shah Kotla,Delhi,Delhi,Chennai Super Kings,Chennai Super Kings,Mumbai Indians,Mumbai Indians,Chennai Super Kings,Chennai Super Kings,bat,Chennai Super Kings,Chennai Super Kings,48 runs,NA,NA,MEK Hussey,NA,NA
598071,2013,2013-05-22,T20,Indian Premier League,Eliminator,Feroz Shah Kotla,Feroz Shah Kotla,Delhi,Delhi,Sunrisers Hyderabad,Sunrisers Hyderabad,Rajasthan Royals,Rajasthan Royals,Sunrisers Hyderabad,Sunrisers Hyderabad,bat,Rajasthan Royals,Rajasthan Royals,4 wickets,NA,NA,BJ Hodge,NA,NA
598072,2013,2013-05-24,T20,Indian Premier League,Qualifier 2,Eden Gardens,Eden Gardens,Kolkata,Kolkata,Rajasthan Royals,Rajasthan Royals,Mumbai Indians,Mumbai Indians,Rajasthan Royals,Rajasthan Royals,bat,Mumbai Indians,Mumbai Indians,4 wickets,NA,NA,Harbhajan Singh,NA,NA
598073,2013,2013-05-26,T20,Indian Premier League,Final,Eden Gardens,Eden Gardens,Kolkata,Kolkata,Mumbai Indians,Mumbai Indians,Chennai Super Kings,Chennai Super Kings,Mumbai Indians,Mumbai Indians,bat,Mumbai Indians,Mumbai Indians,23 runs,NA,NA,KA Pollard,NA,NA
729279,2014,2014-04-16,T20,Indian Premier League,Unknown,Sheikh Zayed Stadium,Sheikh Zayed Stadium,Abu Dhabi,Abu Dhabi,Kolkata Knight Riders,Kolkata Knight Riders,Mumbai Indians,Mumbai Indians,Kolkata Knight Riders,Kolkata Knight Riders,bat,Kolkata Knight Riders,Kolkata Knight Riders,41 runs,NA,NA,JH Kallis,NA,NA
729281,2014,2014-04-17,T20,Indian Premier League,Unknown,Sharjah Cricket Stadium,Sharjah Cricket Stadium,Unknown,Unknown,Delhi Daredevils,Delhi Capitals,Royal Challengers Bangalore,Royal Challengers Bengaluru,Royal Challengers Bangalore,Royal Challengers Bengaluru,field,Royal Challengers Bangalore,Royal Challengers Bengaluru,8 wickets,NA,NA,YS Chahal,NA,NA
729283,2014,2014-04-18,T20,Indian Premier League,Unknown,Sheikh Zayed Stadium,Sheikh Zayed Stadium,Abu Dhabi,Abu Dhabi,Chennai Super Kings,Chennai Super Kings,Kings XI Punjab,Punjab Kings,Chennai Super Kings,Chennai Super Kings,bat,Kings XI Punjab,Punjab Kings,6 wickets,NA,NA,GJ Maxwell,NA,NA
729285,2014,2014-04-18,T20,Indian Premier League,Unknown,Sheikh Zayed Stadium,Sheikh Zayed Stadium,Abu Dhabi,Abu Dhabi,Sunrisers Hyderabad,Sunrisers Hyderabad,Rajasthan Royals,Rajasthan Royals,Rajasthan Royals,Rajasthan Royals,field,Rajasthan Royals,Rajasthan Royals,4 wickets,NA,NA,AM Rahane,NA,NA
729287,2014,2014-04-19,T20,Indian Premier League,Unknown,Dubai International Cricket Stadium,Dubai International Cricket Stadium,Unknown,Unknown,Mumbai Indians,Mumbai Indians,Royal Challengers Bangalore,Royal Challengers Bengaluru,Royal Challengers Bangalore,Royal Challengers Bengaluru,field,Royal Challengers Bangalore,Royal Challengers Bengaluru,7 wickets,NA,NA,PA Patel,NA,NA
729289,2014,2014-04-19,T20,Indian Premier League,Unknown,Dubai International Cricket Stadium,Dubai International Cricket Stadium,Unknown,Unknown,Kolkata Knight Riders,Kolkata Knight Riders,Delhi Daredevils,Delhi Capitals,Kolkata Knight Riders,Kolkata Knight Riders,bat,Delhi Daredevils,Delhi Capitals,4 wickets,NA,NA,JP Duminy,NA,NA
729291,2014,2014-04-20,T20,Indian Premier League,Unknown,Sharjah Cricket Stadium,Sharjah Cricket Stadium,Unknown,Unknown,Rajasthan Royals,Rajasthan Royals,Kings XI Punjab,Punjab Kings,Kings XI Punjab,Punjab Kings,field,Kings XI Punjab,Punjab Kings,7 wickets,NA,NA,GJ Maxwell,NA,NA
729293,2014,2014-04-21,T20,Indian Premier League,Unknown,Sheikh Zayed Stadium,Sheikh Zayed Stadium,Abu Dhabi,Abu Dhabi,Chennai Super Kings,Chennai Super Kings,Delhi Daredevils,Delhi Capitals,Chennai Super Kings,Chennai Super Kings,bat,Chennai Super Kings,Chennai Super Kings,93 runs,NA,NA,SK Raina,NA,NA
729295,2014,2014-04-22,T20,Indian Premier League,Unknown,Sharjah Cricket Stadium,Sharjah Cricket Stadium,Unknown,Unknown,Kings XI Punjab,Punjab Kings,Sunrisers Hyderabad,Sunrisers Hyderabad,Sunrisers Hyderabad,Sunrisers Hyderabad,field,Kings XI Punjab,Punjab Kings,72 runs,NA,NA,GJ Maxwell,NA,NA
729297,2014,2014-04-23,T20,Indian Premier League,Unknown,Dubai International Cricket Stadium,Dubai International Cricket Stadium,Unknown,Unknown,Chennai Super Kings,Chennai Super Kings,Rajasthan Royals,Rajasthan Royals,Rajasthan Royals,Rajasthan Royals,field,Chennai Super Kings,Chennai Super Kings,7 runs,NA,NA,RA Jadeja,NA,NA
729299,2014,2014-04-24,T20,Indian Premier League,Unknown,Sharjah Cricket Stadium,Sharjah Cricket Stadium,Unknown,Unknown,Kolkata Knight Riders,Kolkata Knight Riders,Royal Challengers Bangalore,Royal Challengers Bengaluru,Royal Challengers Bangalore,Royal Challengers Bengaluru,field,Kolkata Knight Riders,Kolkata Knight Riders,2 runs,NA,NA,CA Lynn,NA,NA
729301,2014,2014-04-25,T20,Indian Premier League,Unknown,Dubai International Cricket Stadium,Dubai International Cricket Stadium,Unknown,Unknown,Sunrisers Hyderabad,Sunrisers Hyderabad,Delhi Daredevils,Delhi Capitals,Sunrisers Hyderabad,Sunrisers Hyderabad,bat,Sunrisers Hyderabad,Sunrisers Hyderabad,4 runs,NA,NA,AJ Finch,NA,NA
729303,2014,2014-04-25,T20,Indian Premier League,Unknown,Dubai International Cricket Stadium,Dubai International Cricket Stadium,Unknown,Unknown,Mumbai Indians,Mumbai Indians,Chennai Super Kings,Chennai Super Kings,Mumbai Indians,Mumbai Indians,bat,Chennai Super Kings,Chennai Super Kings,7 wickets,NA,NA,MM Sharma,NA,NA
729305,2014,2014-04-26,T20,Indian Premier League,Unknown,Sheikh Zayed Stadium,Sheikh Zayed Stadium,Abu Dhabi,Abu Dhabi,Royal Challengers Bangalore,Royal Challengers Bengaluru,Rajasthan Royals,Rajasthan Royals,Rajasthan Royals,Rajasthan Royals,field,Rajasthan Royals,Rajasthan Royals,6 wickets,NA,NA,PV Tambe,NA,NA
729307,2014,2014-04-26,T20,Indian Premier League,Unknown,Sheikh Zayed Stadium,Sheikh Zayed Stadium,Abu Dhabi,Abu Dhabi,Kings XI Punjab,Punjab Kings,Kolkata Knight Riders,Kolkata Knight Riders,Kolkata Knight Riders,Kolkata Knight Riders,field,Kings XI Punjab,Punjab Kings,23 runs,NA,NA,Sandeep Sharma,NA,NA
729309,2014,2014-04-27,T20,Indian Premier League,Unknown,Sharjah Cricket Stadium,Sharjah Cricket Stadium,Unknown,Unknown,Mumbai Indians,Mumbai Indians,Delhi Daredevils,Delhi Capitals,Mumbai Indians,Mumbai Indians,bat,Delhi Daredevils,Delhi Capitals,6 wickets,NA,NA,M Vijay,NA,NA
729311,2014,2014-04-27,T20,Indian Premier League,Unknown,Sharjah Cricket Stadium,Sharjah Cricket Stadium,Unknown,Unknown,Sunrisers Hyderabad,Sunrisers Hyderabad,Chennai Super Kings,Chennai Super Kings,Sunrisers Hyderabad,Sunrisers Hyderabad,bat,Chennai Super Kings,Chennai Super Kings,5 wickets,NA,NA,DR Smith,NA,NA
729313,2014,2014-04-28,T20,Indian Premier League,Unknown,Dubai International Cricket Stadium,Dubai International Cricket Stadium,Unknown,Unknown,Royal Challengers Bangalore,Royal Challengers Bengaluru,Kings XI Punjab,Punjab Kings,Kings XI Punjab,Punjab Kings,field,Kings XI Punjab,Punjab Kings,5 wickets,NA,NA,Sandeep Sharma,NA,NA
729315,2014,2014-04-29,T20,Indian Premier League,Unknown,Sheikh Zayed Stadium,Sheikh Zayed Stadium,Abu Dhabi,Abu Dhabi,Rajasthan Royals,Rajasthan Royals,Kolkata Knight Riders,Kolkata Knight Riders,Rajasthan Royals,Rajasthan Royals,bat,Unknown,Unknown,,tie,NA,JP Faulkner,Rajasthan Royals,Rajasthan Royals
729317,2014,2014-04-30,T20,Indian Premier League,Unknown,Dubai International Cricket Stadium,Dubai International Cricket Stadium,Unknown,Unknown,Sunrisers Hyderabad,Sunrisers Hyderabad,Mumbai Indians,Mumbai Indians,Mumbai Indians,Mumbai Indians,field,Sunrisers Hyderabad,Sunrisers Hyderabad,15 runs,NA,NA,B Kumar,NA,NA
733971,2014,2014-05-02,T20,Indian Premier League,Unknown,JSCA International Stadium Complex,JSCA International Stadium Complex,Ranchi,Ranchi,Chennai Super Kings,Chennai Super Kings,Kolkata Knight Riders,Kolkata Knight Riders,Chennai Super Kings,Chennai Super Kings,bat,Chennai Super Kings,Chennai Super Kings,34 runs,NA,NA,RA Jadeja,NA,NA
733973,2014,2014-05-03,T20,Indian Premier League,Unknown,Wankhede Stadium,Wankhede Stadium,Mumbai,Mumbai,Kings XI Punjab,Punjab Kings,Mumbai Indians,Mumbai Indians,Kings XI Punjab,Punjab Kings,bat,Mumbai Indians,Mumbai Indians,5 wickets,NA,NA,CJ Anderson,NA,NA
733975,2014,2014-05-03,T20,Indian Premier League,Unknown,Feroz Shah Kotla,Feroz Shah Kotla,Delhi,Delhi,Delhi Daredevils,Delhi Capitals,Rajasthan Royals,Rajasthan Royals,Rajasthan Royals,Rajasthan Royals,field,Rajasthan Royals,Rajasthan Royals,7 wickets,NA,NA,KK Nair,NA,NA
733977,2014,2014-05-04,T20,Indian Premier League,Unknown,M Chinnaswamy Stadium,M Chinnaswamy Stadium,Bangalore,Bengaluru,Sunrisers Hyderabad,Sunrisers Hyderabad,Royal Challengers Bangalore,Royal Challengers Bengaluru,Royal Challengers Bangalore,Royal Challengers Bengaluru,field,Royal Challengers Bangalore,Royal Challengers Bengaluru,4 wickets,NA,NA,AB de Villiers,NA,NA
733979,2014,2014-05-05,T20,Indian Premier League,Unknown,"Sardar Patel Stadium, Motera",Narendra Modi Stadium,Ahmedabad,Ahmedabad,Rajasthan Royals,Rajasthan Royals,Kolkata Knight Riders,Kolkata Knight Riders,Kolkata Knight Riders,Kolkata Knight Riders,field,Rajasthan Royals,Rajasthan Royals,10 runs,NA,NA,PV Tambe,NA,NA
733981,2014,2014-05-05,T20,Indian Premier League,Unknown,Feroz Shah Kotla,Feroz Shah Kotla,Delhi,Delhi,Delhi Daredevils,Delhi Capitals,Chennai Super Kings,Chennai Super Kings,Chennai Super Kings,Chennai Super Kings,field,Chennai Super Kings,Chennai Super Kings,8 wickets,NA,NA,DR Smith,NA,NA
733983,2014,2014-05-06,T20,Indian Premier League,Unknown,Wankhede Stadium,Wankhede Stadium,Mumbai,Mumbai,Mumbai Indians,Mumbai Indians,Royal Challengers Bangalore,Royal Challengers Bengaluru,Royal Challengers Bangalore,Royal Challengers Bengaluru,field,Mumbai Indians,Mumbai Indians,19 runs,NA,NA,RG Sharma,NA,NA
733985,2014,2014-05-07,T20,Indian Premier League,Unknown,Feroz Shah Kotla,Feroz Shah Kotla,Delhi,Delhi,Delhi Daredevils,Delhi Capitals,Kolkata Knight Riders,Kolkata Knight Riders,Delhi Daredevils,Delhi Capitals,bat,Kolkata Knight Riders,Kolkata Knight Riders,8 wickets,NA,NA,G Gambhir,NA,NA
733987,2014,2014-05-07,T20,Indian Premier League,Unknown,Barabati Stadium,Barabati Stadium,Cuttack,Cuttack,Kings XI Punjab,Punjab Kings,Chennai Super Kings,Chennai Super Kings,Chennai Super Kings,Chennai Super Kings,field,Kings XI Punjab,Punjab Kings,44 runs,NA,NA,GJ Maxwell,NA,NA
733989,2014,2014-05-08,T20,Indian Premier League,Unknown,"Sardar Patel Stadium, Motera",Narendra Modi Stadium,Ahmedabad,Ahmedabad,Sunrisers Hyderabad,Sunrisers Hyderabad,Rajasthan Royals,Rajasthan Royals,Rajasthan Royals,Rajasthan Royals,field,Sunrisers Hyderabad,Sunrisers Hyderabad,32 runs,NA,NA,B Kumar,NA,NA
733991,2014,2014-05-09,T20,Indian Premier League,Unknown,M Chinnaswamy Stadium,M Chinnaswamy Stadium,Bangalore,Bengaluru,Kings XI Punjab,Punjab Kings,Royal Challengers Bangalore,Royal Challengers Bengaluru,Royal Challengers Bangalore,Royal Challengers Bengaluru,field,Kings XI Punjab,Punjab Kings,32 runs,NA,NA,Sandeep Sharma,NA,NA
733993,2014,2014-05-10,T20,Indian Premier League,Unknown,Feroz Shah Kotla,Feroz Shah Kotla,Delhi,Delhi,Delhi Daredevils,Delhi Capitals,Sunrisers Hyderabad,Sunrisers Hyderabad,Sunrisers Hyderabad,Sunrisers Hyderabad,field,Sunrisers Hyderabad,Sunrisers Hyderabad,8 wickets,NA,D/L,DW Steyn,NA,NA
733995,2014,2014-05-10,T20,Indian Premier League,Unknown,Wankhede Stadium,Wankhede Stadium,Mumbai,Mumbai,Mumbai Indians,Mumbai Indians,Chennai Super Kings,Chennai Super Kings,Chennai Super Kings,Chennai Super Kings,field,Chennai Super Kings,Chennai Super Kings,4 wickets,NA,NA,DR Smith,NA,NA
733997,2014,2014-05-11,T20,Indian Premier League,Unknown,Barabati Stadium,Barabati Stadium,Cuttack,Cuttack,Kings XI Punjab,Punjab Kings,Kolkata Knight Riders,Kolkata Knight Riders,Kolkata Knight Riders,Kolkata Knight Riders,field,Kolkata Knight Riders,Kolkata Knight Riders,9 wickets,NA,NA,G Gambhir,NA,NA
733999,2014,2014-05-11,T20,Indian Premier League,Unknown,M Chinnaswamy Stadium,M Chinnaswamy Stadium,Bangalore,Bengaluru,Royal Challengers Bangalore,Royal Challengers Bengaluru,Rajasthan Royals,Rajasthan Royals,Royal Challengers Bangalore,Royal Challengers Bengaluru,bat,Rajasthan Royals,Rajasthan Royals,5 wickets,NA,NA,JP Faulkner,NA,NA
734001,2014,2014-05-12,T20,Indian Premier League,Unknown,"Rajiv Gandhi International Stadium, Uppal","Rajiv Gandhi International Stadium, Uppal",Hyderabad,Hyderabad,Sunrisers Hyderabad,Sunrisers Hyderabad,Mumbai Indians,Mumbai Indians,Sunrisers Hyderabad,Sunrisers Hyderabad,bat,Mumbai Indians,Mumbai Indians,7 wickets,NA,NA,AT Rayudu,NA,NA
734003,2014,2014-05-13,T20,Indian Premier League,Unknown,JSCA International Stadium Complex,JSCA International Stadium Complex,Ranchi,Ranchi,Rajasthan Royals,Rajasthan Royals,Chennai Super Kings,Chennai Super Kings,Rajasthan Royals,Rajasthan Royals,bat,Chennai Super Kings,Chennai Super Kings,5 wickets,NA,NA,RA Jadeja,NA,NA
734005,2014,2014-05-13,T20,Indian Premier League,Unknown,M Chinnaswamy Stadium,M Chinnaswamy Stadium,Bangalore,Bengaluru,Royal Challengers Bangalore,Royal Challengers Bengaluru,Delhi Daredevils,Delhi Capitals,Delhi Daredevils,Delhi Capitals,field,Royal Challengers Bangalore,Royal Challengers Bengaluru,16 runs,NA,NA,Yuvraj Singh,NA,NA
734007,2014,2014-05-14,T20,Indian Premier League,Unknown,"Rajiv Gandhi International Stadium, Uppal","Rajiv Gandhi International Stadium, Uppal",Hyderabad,Hyderabad,Sunrisers Hyderabad,Sunrisers Hyderabad,Kings XI Punjab,Punjab Kings,Kings XI Punjab,Punjab Kings,field,Kings XI Punjab,Punjab Kings,6 wickets,NA,NA,WP Saha,NA,NA
734009,2014,2014-05-14,T20,Indian Premier League,Unknown,Barabati Stadium,Barabati Stadium,Cuttack,Cuttack,Mumbai Indians,Mumbai Indians,Kolkata Knight Riders,Kolkata Knight Riders,Kolkata Knight Riders,Kolkata Knight Riders,field,Kolkata Knight Riders,Kolkata Knight Riders,6 wickets,NA,NA,RV Uthappa,NA,NA
734011,2014,2014-05-15,T20,Indian Premier League,Unknown,"Sardar Patel Stadium, Motera",Narendra Modi Stadium,Ahmedabad,Ahmedabad,Rajasthan Royals,Rajasthan Royals,Delhi Daredevils,Delhi Capitals,Delhi Daredevils,Delhi Capitals,field,Rajasthan Royals,Rajasthan Royals,62 runs,NA,NA,AM Rahane,NA,NA
734013,2014,2014-05-18,T20,Indian Premier League,Unknown,JSCA International Stadium Complex,JSCA International Stadium Complex,Ranchi,Ranchi,Chennai Super Kings,Chennai Super Kings,Royal Challengers Bangalore,Royal Challengers Bengaluru,Chennai Super Kings,Chennai Super Kings,bat,Royal Challengers Bangalore,Royal Challengers Bengaluru,5 wickets,NA,NA,AB de Villiers,NA,NA
734015,2014,2014-05-18,T20,Indian Premier League,Unknown,"Rajiv Gandhi International Stadium, Uppal","Rajiv Gandhi International Stadium, Uppal",Hyderabad,Hyderabad,Sunrisers Hyderabad,Sunrisers Hyderabad,Kolkata Knight Riders,Kolkata Knight Riders,Sunrisers Hyderabad,Sunrisers Hyderabad,bat,Kolkata Knight Riders,Kolkata Knight Riders,7 wickets,NA,NA,UT Yadav,NA,NA
734017,2014,2014-05-19,T20,Indian Premier League,Unknown,"Sardar Patel Stadium, Motera",Narendra Modi Stadium,Ahmedabad,Ahmedabad,Mumbai Indians,Mumbai Indians,Rajasthan Royals,Rajasthan Royals,Mumbai Indians,Mumbai Indians,bat,Mumbai Indians,Mumbai Indians,25 runs,NA,NA,MEK Hussey,NA,NA
734019,2014,2014-05-19,T20,Indian Premier League,Unknown,Feroz Shah Kotla,Feroz Shah Kotla,Delhi,Delhi,Delhi Daredevils,Delhi Capitals,Kings XI Punjab,Punjab Kings,Kings XI Punjab,Punjab Kings,field,Kings XI Punjab,Punjab Kings,4 wickets,NA,NA,AR Patel,NA,NA
734021,2014,2014-05-20,T20,Indian Premier League,Unknown,"Rajiv Gandhi International Stadium, Uppal","Rajiv Gandhi International Stadium, Uppal",Hyderabad,Hyderabad,Royal Challengers Bangalore,Royal Challengers Bengaluru,Sunrisers Hyderabad,Sunrisers Hyderabad,Royal Challengers Bangalore,Royal Challengers Bengaluru,bat,Sunrisers Hyderabad,Sunrisers Hyderabad,7 wickets,NA,NA,DA Warner,NA,NA
734023,2014,2014-05-20,T20,Indian Premier League,Unknown,Eden Gardens,Eden Gardens,Kolkata,Kolkata,Chennai Super Kings,Chennai Super Kings,Kolkata Knight Riders,Kolkata Knight Riders,Kolkata Knight Riders,Kolkata Knight Riders,field,Kolkata Knight Riders,Kolkata Knight Riders,8 wickets,NA,NA,RV Uthappa,NA,NA
734025,2014,2014-05-21,T20,Indian Premier League,Unknown,"Punjab Cricket Association Stadium, Mohali","Punjab Cricket Association IS Bindra Stadium, Mohali",Chandigarh,Chandigarh,Kings XI Punjab,Punjab Kings,Mumbai Indians,Mumbai Indians,Mumbai Indians,Mumbai Indians,field,Mumbai Indians,Mumbai Indians,7 wickets,NA,NA,LMP Simmons,NA,NA
734027,2014,2014-05-22,T20,Indian Premier League,Unknown,Eden Gardens,Eden Gardens,Kolkata,Kolkata,Kolkata Knight Riders,Kolkata Knight Riders,Royal Challengers Bangalore,Royal Challengers Bengaluru,Royal Challengers Bangalore,Royal Challengers Bengaluru,field,Kolkata Knight Riders,Kolkata Knight Riders,30 runs,NA,NA,RV Uthappa,NA,NA
734029,2014,2014-05-22,T20,Indian Premier League,Unknown,JSCA International Stadium Complex,JSCA International Stadium Complex,Ranchi,Ranchi,Chennai Super Kings,Chennai Super Kings,Sunrisers Hyderabad,Sunrisers Hyderabad,Sunrisers Hyderabad,Sunrisers Hyderabad,field,Sunrisers Hyderabad,Sunrisers Hyderabad,6 wickets,NA,NA,DA Warner,NA,NA
734031,2014,2014-05-23,T20,Indian Premier League,Unknown,Wankhede Stadium,Wankhede Stadium,Mumbai,Mumbai,Mumbai Indians,Mumbai Indians,Delhi Daredevils,Delhi Capitals,Delhi Daredevils,Delhi Capitals,field,Mumbai Indians,Mumbai Indians,15 runs,NA,NA,MEK Hussey,NA,NA
734033,2014,2014-05-23,T20,Indian Premier League,Unknown,"Punjab Cricket Association Stadium, Mohali","Punjab Cricket Association IS Bindra Stadium, Mohali",Chandigarh,Chandigarh,Kings XI Punjab,Punjab Kings,Rajasthan Royals,Rajasthan Royals,Rajasthan Royals,Rajasthan Royals,field,Kings XI Punjab,Punjab Kings,16 runs,NA,NA,SE Marsh,NA,NA
734035,2014,2014-05-24,T20,Indian Premier League,Unknown,M Chinnaswamy Stadium,M Chinnaswamy Stadium,Bangalore,Bengaluru,Royal Challengers Bangalore,Royal Challengers Bengaluru,Chennai Super Kings,Chennai Super Kings,Chennai Super Kings,Chennai Super Kings,field,Chennai Super Kings,Chennai Super Kings,8 wickets,NA,NA,MS Dhoni,NA,NA
734037,2014,2014-05-24,T20,Indian Premier League,Unknown,Eden Gardens,Eden Gardens,Kolkata,Kolkata,Sunrisers Hyderabad,Sunrisers Hyderabad,Kolkata Knight Riders,Kolkata Knight Riders,Kolkata Knight Riders,Kolkata Knight Riders,field,Kolkata Knight Riders,Kolkata Knight Riders,4 wickets,NA,NA,YK Pathan,NA,NA
734039,2014,2014-05-25,T20,Indian Premier League,Unknown,"Punjab Cricket Association Stadium, Mohali","Punjab Cricket Association IS Bindra Stadium, Mohali",Chandigarh,Chandigarh,Delhi Daredevils,Delhi Capitals,Kings XI Punjab,Punjab Kings,Kings XI Punjab,Punjab Kings,field,Kings XI Punjab,Punjab Kings,7 wickets,NA,NA,M Vohra,NA,NA
734041,2014,2014-05-25,T20,Indian Premier League,Unknown,Wankhede Stadium,Wankhede Stadium,Mumbai,Mumbai,Rajasthan Royals,Rajasthan Royals,Mumbai Indians,Mumbai Indians,Mumbai Indians,Mumbai Indians,field,Mumbai Indians,Mumbai Indians,5 wickets,NA,NA,CJ Anderson,NA,NA
734043,2014,2014-05-27,T20,Indian Premier League,Qualifier 1,Eden Gardens,Eden Gardens,Kolkata,Kolkata,Kolkata Knight Riders,Kolkata Knight Riders,Kings XI Punjab,Punjab Kings,Kings XI Punjab,Punjab Kings,field,Kolkata Knight Riders,Kolkata Knight Riders,28 runs,NA,NA,UT Yadav,NA,NA
734045,2014,2014-05-28,T20,Indian Premier League,Eliminator,Brabourne Stadium,Brabourne Stadium,Mumbai,Mumbai,Mumbai Indians,Mumbai Indians,Chennai Super Kings,Chennai Super Kings,Chennai Super Kings,Chennai Super Kings,field,Chennai Super Kings,Chennai Super Kings,7 wickets,NA,NA,SK Raina,NA,NA
734047,2014,2014-05-30,T20,Indian Premier League,Qualifier 2,Wankhede Stadium,Wankhede Stadium,Mumbai,Mumbai,Kings XI Punjab,Punjab Kings,Chennai Super Kings,Chennai Super Kings,Chennai Super Kings,Chennai Super Kings,field,Kings XI Punjab,Punjab Kings,24 runs,NA,NA,V Sehwag,NA,NA
734049,2014,2014-06-01,T20,Indian Premier League,Final,M Chinnaswamy Stadium,M Chinnaswamy Stadium,Bangalore,Bengaluru,Kings XI Punjab,Punjab Kings,Kolkata Knight Riders,Kolkata Knight Riders,Kolkata Knight Riders,Kolkata Knight Riders,field,Kolkata Knight Riders,Kolkata Knight Riders,3 wickets,NA,NA,MK Pandey,NA,NA
829705,2015,2015-04-08,T20,Indian Premier League,Unknown,Eden Gardens,Eden Gardens,Kolkata,Kolkata,Mumbai Indians,Mumbai Indians,Kolkata Knight Riders,Kolkata Knight Riders,Kolkata Knight Riders,Kolkata Knight Riders,field,Kolkata Knight Riders,Kolkata Knight Riders,7 wickets,NA,NA,M Morkel,NA,NA
829707,2015,2015-04-09,T20,Indian Premier League,Unknown,"MA Chidambaram Stadium, Chepauk",MA Chidambaram Stadium,Chennai,Chennai,Chennai Super Kings,Chennai Super Kings,Delhi Daredevils,Delhi Capitals,Delhi Daredevils,Delhi Capitals,field,Chennai Super Kings,Chennai Super Kings,1 runs,NA,NA,A Nehra,NA,NA
829709,2015,2015-04-10,T20,Indian Premier League,Unknown,Maharashtra Cricket Association Stadium,Maharashtra Cricket Association Stadium,Pune,Pune,Rajasthan Royals,Rajasthan Royals,Kings XI Punjab,Punjab Kings,Kings XI Punjab,Punjab Kings,field,Rajasthan Royals,Rajasthan Royals,26 runs,NA,NA,JP Faulkner,NA,NA
829711,2015,2015-04-11,T20,Indian Premier League,Unknown,"MA Chidambaram Stadium, Chepauk",MA Chidambaram Stadium,Chennai,Chennai,Chennai Super Kings,Chennai Super Kings,Sunrisers Hyderabad,Sunrisers Hyderabad,Chennai Super Kings,Chennai Super Kings,bat,Chennai Super Kings,Chennai Super Kings,45 runs,NA,NA,BB McCullum,NA,NA
829713,2015,2015-04-11,T20,Indian Premier League,Unknown,Eden Gardens,Eden Gardens,Kolkata,Kolkata,Kolkata Knight Riders,Kolkata Knight Riders,Royal Challengers Bangalore,Royal Challengers Bengaluru,Royal Challengers Bangalore,Royal Challengers Bengaluru,field,Royal Challengers Bangalore,Royal Challengers Bengaluru,3 wickets,NA,NA,CH Gayle,NA,NA
829715,2015,2015-04-12,T20,Indian Premier League,Unknown,Feroz Shah Kotla,Feroz Shah Kotla,Delhi,Delhi,Delhi Daredevils,Delhi Capitals,Rajasthan Royals,Rajasthan Royals,Rajasthan Royals,Rajasthan Royals,field,Rajasthan Royals,Rajasthan Royals,3 wickets,NA,NA,DJ Hooda,NA,NA
829717,2015,2015-04-12,T20,Indian Premier League,Unknown,Wankhede Stadium,Wankhede Stadium,Mumbai,Mumbai,Kings XI Punjab,Punjab Kings,Mumbai Indians,Mumbai Indians,Mumbai Indians,Mumbai Indians,field,Kings XI Punjab,Punjab Kings,18 runs,NA,NA,GJ Bailey,NA,NA
829719,2015,2015-04-13,T20,Indian Premier League,Unknown,M Chinnaswamy Stadium,M Chinnaswamy Stadium,Bangalore,Bengaluru,Royal Challengers Bangalore,Royal Challengers Bengaluru,Sunrisers Hyderabad,Sunrisers Hyderabad,Sunrisers Hyderabad,Sunrisers Hyderabad,field,Sunrisers Hyderabad,Sunrisers Hyderabad,8 wickets,NA,NA,DA Warner,NA,NA
829721,2015,2015-04-14,T20,Indian Premier League,Unknown,"Sardar Patel Stadium, Motera",Narendra Modi Stadium,Ahmedabad,Ahmedabad,Mumbai Indians,Mumbai Indians,Rajasthan Royals,Rajasthan Royals,Mumbai Indians,Mumbai Indians,bat,Rajasthan Royals,Rajasthan Royals,7 wickets,NA,NA,SPD Smith,NA,NA
829725,2015,2015-04-15,T20,Indian Premier League,Unknown,Maharashtra Cricket Association Stadium,Maharashtra Cricket Association Stadium,Pune,Pune,Kings XI Punjab,Punjab Kings,Delhi Daredevils,Delhi Capitals,Kings XI Punjab,Punjab Kings,bat,Delhi Daredevils,Delhi Capitals,5 wickets,NA,NA,MA Agarwal,NA,NA
829727,2015,2015-04-16,T20,Indian Premier League,Unknown,Dr. Y.S. Rajasekhara Reddy ACA-VDCA Cricket Stadium,Dr Y.S. Rajasekhara Reddy ACA-VDCA Cricket Stadium,Visakhapatnam,Visakhapatnam,Sunrisers Hyderabad,Sunrisers Hyderabad,Rajasthan Royals,Rajasthan Royals,Rajasthan Royals,Rajasthan Royals,field,Rajasthan Royals,Rajasthan Royals,6 wickets,NA,NA,AM Rahane,NA,NA
829729,2015,2015-04-17,T20,Indian Premier League,Unknown,Wankhede Stadium,Wankhede Stadium,Mumbai,Mumbai,Mumbai Indians,Mumbai Indians,Chennai Super Kings,Chennai Super Kings,Mumbai Indians,Mumbai Indians,bat,Chennai Super Kings,Chennai Super Kings,6 wickets,NA,NA,A Nehra,NA,NA
829731,2015,2015-04-18,T20,Indian Premier League,Unknown,Dr. Y.S. Rajasekhara Reddy ACA-VDCA Cricket Stadium,Dr Y.S. Rajasekhara Reddy ACA-VDCA Cricket Stadium,Visakhapatnam,Visakhapatnam,Delhi Daredevils,Delhi Capitals,Sunrisers Hyderabad,Sunrisers Hyderabad,Delhi Daredevils,Delhi Capitals,bat,Delhi Daredevils,Delhi Capitals,4 runs,NA,NA,JP Duminy,NA,NA
829733,2015,2015-04-18,T20,Indian Premier League,Unknown,Maharashtra Cricket Association Stadium,Maharashtra Cricket Association Stadium,Pune,Pune,Kings XI Punjab,Punjab Kings,Kolkata Knight Riders,Kolkata Knight Riders,Kolkata Knight Riders,Kolkata Knight Riders,field,Kolkata Knight Riders,Kolkata Knight Riders,4 wickets,NA,NA,AD Russell,NA,NA
829735,2015,2015-04-19,T20,Indian Premier League,Unknown,"Sardar Patel Stadium, Motera",Narendra Modi Stadium,Ahmedabad,Ahmedabad,Chennai Super Kings,Chennai Super Kings,Rajasthan Royals,Rajasthan Royals,Chennai Super Kings,Chennai Super Kings,bat,Rajasthan Royals,Rajasthan Royals,8 wickets,NA,NA,AM Rahane,NA,NA
829737,2015,2015-04-19,T20,Indian Premier League,Unknown,M Chinnaswamy Stadium,M Chinnaswamy Stadium,Bangalore,Bengaluru,Mumbai Indians,Mumbai Indians,Royal Challengers Bangalore,Royal Challengers Bengaluru,Royal Challengers Bangalore,Royal Challengers Bengaluru,field,Mumbai Indians,Mumbai Indians,18 runs,NA,NA,Harbhajan Singh,NA,NA
829739,2015,2015-04-20,T20,Indian Premier League,Unknown,Feroz Shah Kotla,Feroz Shah Kotla,Delhi,Delhi,Delhi Daredevils,Delhi Capitals,Kolkata Knight Riders,Kolkata Knight Riders,Kolkata Knight Riders,Kolkata Knight Riders,field,Kolkata Knight Riders,Kolkata Knight Riders,6 wickets,NA,NA,UT Yadav,NA,NA
829741,2015,2015-04-21,T20,Indian Premier League,Unknown,"Sardar Patel Stadium, Motera",Narendra Modi Stadium,Ahmedabad,Ahmedabad,Rajasthan Royals,Rajasthan Royals,Kings XI Punjab,Punjab Kings,Kings XI Punjab,Punjab Kings,field,Unknown,Unknown,,tie,NA,SE Marsh,Kings XI Punjab,Punjab Kings
829743,2015,2015-04-22,T20,Indian Premier League,Unknown,Dr. Y.S. Rajasekhara Reddy ACA-VDCA Cricket Stadium,Dr Y.S. Rajasekhara Reddy ACA-VDCA Cricket Stadium,Visakhapatnam,Visakhapatnam,Sunrisers Hyderabad,Sunrisers Hyderabad,Kolkata Knight Riders,Kolkata Knight Riders,Kolkata Knight Riders,Kolkata Knight Riders,field,Sunrisers Hyderabad,Sunrisers Hyderabad,16 runs,NA,D/L,DA Warner,NA,NA
829745,2015,2015-04-22,T20,Indian Premier League,Unknown,M Chinnaswamy Stadium,M Chinnaswamy Stadium,Bangalore,Bengaluru,Chennai Super Kings,Chennai Super Kings,Royal Challengers Bangalore,Royal Challengers Bengaluru,Royal Challengers Bangalore,Royal Challengers Bengaluru,field,Chennai Super Kings,Chennai Super Kings,27 runs,NA,NA,SK Raina,NA,NA
829747,2015,2015-04-23,T20,Indian Premier League,Unknown,Feroz Shah Kotla,Feroz Shah Kotla,Delhi,Delhi,Delhi Daredevils,Delhi Capitals,Mumbai Indians,Mumbai Indians,Mumbai Indians,Mumbai Indians,field,Delhi Daredevils,Delhi Capitals,37 runs,NA,NA,SS Iyer,NA,NA
829749,2015,2015-04-24,T20,Indian Premier League,Unknown,"Sardar Patel Stadium, Motera",Narendra Modi Stadium,Ahmedabad,Ahmedabad,Rajasthan Royals,Rajasthan Royals,Royal Challengers Bangalore,Royal Challengers Bengaluru,Royal Challengers Bangalore,Royal Challengers Bengaluru,field,Royal Challengers Bangalore,Royal Challengers Bengaluru,9 wickets,NA,NA,MA Starc,NA,NA
829751,2015,2015-04-25,T20,Indian Premier League,Unknown,Wankhede Stadium,Wankhede Stadium,Mumbai,Mumbai,Mumbai Indians,Mumbai Indians,Sunrisers Hyderabad,Sunrisers Hyderabad,Mumbai Indians,Mumbai Indians,bat,Mumbai Indians,Mumbai Indians,20 runs,NA,NA,SL Malinga,NA,NA
829753,2015,2015-04-25,T20,Indian Premier League,Unknown,"MA Chidambaram Stadium, Chepauk",MA Chidambaram Stadium,Chennai,Chennai,Chennai Super Kings,Chennai Super Kings,Kings XI Punjab,Punjab Kings,Chennai Super Kings,Chennai Super Kings,bat,Chennai Super Kings,Chennai Super Kings,97 runs,NA,NA,BB McCullum,NA,NA
829757,2015,2015-04-26,T20,Indian Premier League,Unknown,Feroz Shah Kotla,Feroz Shah Kotla,Delhi,Delhi,Delhi Daredevils,Delhi Capitals,Royal Challengers Bangalore,Royal Challengers Bengaluru,Royal Challengers Bangalore,Royal Challengers Bengaluru,field,Royal Challengers Bangalore,Royal Challengers Bengaluru,10 wickets,NA,NA,VR Aaron,NA,NA
829759,2015,2015-04-27,T20,Indian Premier League,Unknown,"Punjab Cricket Association Stadium, Mohali","Punjab Cricket Association IS Bindra Stadium, Mohali",Chandigarh,Chandigarh,Sunrisers Hyderabad,Sunrisers Hyderabad,Kings XI Punjab,Punjab Kings,Kings XI Punjab,Punjab Kings,field,Sunrisers Hyderabad,Sunrisers Hyderabad,20 runs,NA,NA,TA Boult,NA,NA
829765,2015,2015-04-28,T20,Indian Premier League,Unknown,"MA Chidambaram Stadium, Chepauk",MA Chidambaram Stadium,Chennai,Chennai,Chennai Super Kings,Chennai Super Kings,Kolkata Knight Riders,Kolkata Knight Riders,Kolkata Knight Riders,Kolkata Knight Riders,field,Chennai Super Kings,Chennai Super Kings,2 runs,NA,NA,DJ Bravo,NA,NA
829763,2015,2015-04-29,T20,Indian Premier League,Unknown,M Chinnaswamy Stadium,M Chinnaswamy Stadium,Bangalore,Bengaluru,Royal Challengers Bangalore,Royal Challengers Bengaluru,Rajasthan Royals,Rajasthan Royals,Rajasthan Royals,Rajasthan Royals,field,Unknown,Unknown,,no result,NA,Unknown,NA,NA
829723,2015,2015-04-30,T20,Indian Premier League,Unknown,Eden Gardens,Eden Gardens,Kolkata,Kolkata,Chennai Super Kings,Chennai Super Kings,Kolkata Knight Riders,Kolkata Knight Riders,Kolkata Knight Riders,Kolkata Knight Riders,field,Kolkata Knight Riders,Kolkata Knight Riders,7 wickets,NA,NA,AD Russell,NA,NA
829767,2015,2015-05-01,T20,Indian Premier League,Unknown,Feroz Shah Kotla,Feroz Shah Kotla,Delhi,Delhi,Kings XI Punjab,Punjab Kings,Delhi Daredevils,Delhi Capitals,Delhi Daredevils,Delhi Capitals,field,Delhi Daredevils,Delhi Capitals,9 wickets,NA,NA,NM Coulter-Nile,NA,NA
829769,2015,2015-05-01,T20,Indian Premier League,Unknown,Wankhede Stadium,Wankhede Stadium,Mumbai,Mumbai,Mumbai Indians,Mumbai Indians,Rajasthan Royals,Rajasthan Royals,Rajasthan Royals,Rajasthan Royals,field,Mumbai Indians,Mumbai Indians,8 runs,NA,NA,AT Rayudu,NA,NA
829771,2015,2015-05-02,T20,Indian Premier League,Unknown,M Chinnaswamy Stadium,M Chinnaswamy Stadium,Bangalore,Bengaluru,Kolkata Knight Riders,Kolkata Knight Riders,Royal Challengers Bangalore,Royal Challengers Bengaluru,Royal Challengers Bangalore,Royal Challengers Bengaluru,field,Royal Challengers Bangalore,Royal Challengers Bengaluru,7 wickets,NA,NA,Mandeep Singh,NA,NA
829773,2015,2015-05-02,T20,Indian Premier League,Unknown,"Rajiv Gandhi International Stadium, Uppal","Rajiv Gandhi International Stadium, Uppal",Hyderabad,Hyderabad,Sunrisers Hyderabad,Sunrisers Hyderabad,Chennai Super Kings,Chennai Super Kings,Chennai Super Kings,Chennai Super Kings,field,Sunrisers Hyderabad,Sunrisers Hyderabad,22 runs,NA,NA,DA Warner,NA,NA
829775,2015,2015-05-03,T20,Indian Premier League,Unknown,"Punjab Cricket Association Stadium, Mohali","Punjab Cricket Association IS Bindra Stadium, Mohali",Chandigarh,Chandigarh,Mumbai Indians,Mumbai Indians,Kings XI Punjab,Punjab Kings,Mumbai Indians,Mumbai Indians,bat,Mumbai Indians,Mumbai Indians,23 runs,NA,NA,LMP Simmons,NA,NA
829777,2015,2015-05-03,T20,Indian Premier League,Unknown,Brabourne Stadium,Brabourne Stadium,Mumbai,Mumbai,Rajasthan Royals,Rajasthan Royals,Delhi Daredevils,Delhi Capitals,Delhi Daredevils,Delhi Capitals,field,Rajasthan Royals,Rajasthan Royals,14 runs,NA,NA,AM Rahane,NA,NA
829779,2015,2015-05-04,T20,Indian Premier League,Unknown,"MA Chidambaram Stadium, Chepauk",MA Chidambaram Stadium,Chennai,Chennai,Chennai Super Kings,Chennai Super Kings,Royal Challengers Bangalore,Royal Challengers Bengaluru,Chennai Super Kings,Chennai Super Kings,bat,Chennai Super Kings,Chennai Super Kings,24 runs,NA,NA,SK Raina,NA,NA
829781,2015,2015-05-04,T20,Indian Premier League,Unknown,Eden Gardens,Eden Gardens,Kolkata,Kolkata,Kolkata Knight Riders,Kolkata Knight Riders,Sunrisers Hyderabad,Sunrisers Hyderabad,Sunrisers Hyderabad,Sunrisers Hyderabad,field,Kolkata Knight Riders,Kolkata Knight Riders,35 runs,NA,NA,UT Yadav,NA,NA
829783,2015,2015-05-05,T20,Indian Premier League,Unknown,Wankhede Stadium,Wankhede Stadium,Mumbai,Mumbai,Delhi Daredevils,Delhi Capitals,Mumbai Indians,Mumbai Indians,Delhi Daredevils,Delhi Capitals,bat,Mumbai Indians,Mumbai Indians,5 wickets,NA,NA,Harbhajan Singh,NA,NA
829785,2015,2015-05-06,T20,Indian Premier League,Unknown,M Chinnaswamy Stadium,M Chinnaswamy Stadium,Bangalore,Bengaluru,Royal Challengers Bangalore,Royal Challengers Bengaluru,Kings XI Punjab,Punjab Kings,Kings XI Punjab,Punjab Kings,field,Royal Challengers Bangalore,Royal Challengers Bengaluru,138 runs,NA,NA,CH Gayle,NA,NA
829761,2015,2015-05-07,T20,Indian Premier League,Unknown,Eden Gardens,Eden Gardens,Kolkata,Kolkata,Kolkata Knight Riders,Kolkata Knight Riders,Delhi Daredevils,Delhi Capitals,Kolkata Knight Riders,Kolkata Knight Riders,bat,Kolkata Knight Riders,Kolkata Knight Riders,13 runs,NA,NA,PP Chawla,NA,NA
829787,2015,2015-05-07,T20,Indian Premier League,Unknown,Brabourne Stadium,Brabourne Stadium,Mumbai,Mumbai,Sunrisers Hyderabad,Sunrisers Hyderabad,Rajasthan Royals,Rajasthan Royals,Rajasthan Royals,Rajasthan Royals,field,Sunrisers Hyderabad,Sunrisers Hyderabad,7 runs,NA,NA,EJG Morgan,NA,NA
829789,2015,2015-05-08,T20,Indian Premier League,Unknown,"MA Chidambaram Stadium, Chepauk",MA Chidambaram Stadium,Chennai,Chennai,Chennai Super Kings,Chennai Super Kings,Mumbai Indians,Mumbai Indians,Chennai Super Kings,Chennai Super Kings,bat,Mumbai Indians,Mumbai Indians,6 wickets,NA,NA,HH Pandya,NA,NA
829791,2015,2015-05-09,T20,Indian Premier League,Unknown,Eden Gardens,Eden Gardens,Kolkata,Kolkata,Kings XI Punjab,Punjab Kings,Kolkata Knight Riders,Kolkata Knight Riders,Kings XI Punjab,Punjab Kings,bat,Kolkata Knight Riders,Kolkata Knight Riders,1 wickets,NA,NA,AD Russell,NA,NA
829793,2015,2015-05-09,T20,Indian Premier League,Unknown,Shaheed Veer Narayan Singh International Stadium,Shaheed Veer Narayan Singh International Stadium,Raipur,Raipur,Sunrisers Hyderabad,Sunrisers Hyderabad,Delhi Daredevils,Delhi Capitals,Sunrisers Hyderabad,Sunrisers Hyderabad,bat,Sunrisers Hyderabad,Sunrisers Hyderabad,6 runs,NA,NA,MC Henriques,NA,NA
829795,2015,2015-05-10,T20,Indian Premier League,Unknown,Wankhede Stadium,Wankhede Stadium,Mumbai,Mumbai,Royal Challengers Bangalore,Royal Challengers Bengaluru,Mumbai Indians,Mumbai Indians,Royal Challengers Bangalore,Royal Challengers Bengaluru,bat,Royal Challengers Bangalore,Royal Challengers Bengaluru,39 runs,NA,NA,AB de Villiers,NA,NA
829797,2015,2015-05-10,T20,Indian Premier League,Unknown,"MA Chidambaram Stadium, Chepauk",MA Chidambaram Stadium,Chennai,Chennai,Chennai Super Kings,Chennai Super Kings,Rajasthan Royals,Rajasthan Royals,Chennai Super Kings,Chennai Super Kings,bat,Chennai Super Kings,Chennai Super Kings,12 runs,NA,NA,RA Jadeja,NA,NA
829799,2015,2015-05-11,T20,Indian Premier League,Unknown,"Rajiv Gandhi International Stadium, Uppal","Rajiv Gandhi International Stadium, Uppal",Hyderabad,Hyderabad,Sunrisers Hyderabad,Sunrisers Hyderabad,Kings XI Punjab,Punjab Kings,Sunrisers Hyderabad,Sunrisers Hyderabad,bat,Sunrisers Hyderabad,Sunrisers Hyderabad,5 runs,NA,NA,DA Warner,NA,NA
829801,2015,2015-05-12,T20,Indian Premier League,Unknown,Shaheed Veer Narayan Singh International Stadium,Shaheed Veer Narayan Singh International Stadium,Raipur,Raipur,Chennai Super Kings,Chennai Super Kings,Delhi Daredevils,Delhi Capitals,Chennai Super Kings,Chennai Super Kings,bat,Delhi Daredevils,Delhi Capitals,6 wickets,NA,NA,Z Khan,NA,NA
829803,2015,2015-05-13,T20,Indian Premier League,Unknown,"Punjab Cricket Association Stadium, Mohali","Punjab Cricket Association IS Bindra Stadium, Mohali",Chandigarh,Chandigarh,Kings XI Punjab,Punjab Kings,Royal Challengers Bangalore,Royal Challengers Bengaluru,Royal Challengers Bangalore,Royal Challengers Bengaluru,field,Kings XI Punjab,Punjab Kings,22 runs,NA,NA,AR Patel,NA,NA
829805,2015,2015-05-14,T20,Indian Premier League,Unknown,Wankhede Stadium,Wankhede Stadium,Mumbai,Mumbai,Mumbai Indians,Mumbai Indians,Kolkata Knight Riders,Kolkata Knight Riders,Kolkata Knight Riders,Kolkata Knight Riders,field,Mumbai Indians,Mumbai Indians,5 runs,NA,NA,HH Pandya,NA,NA
829807,2015,2015-05-15,T20,Indian Premier League,Unknown,"Rajiv Gandhi International Stadium, Uppal","Rajiv Gandhi International Stadium, Uppal",Hyderabad,Hyderabad,Sunrisers Hyderabad,Sunrisers Hyderabad,Royal Challengers Bangalore,Royal Challengers Bengaluru,Sunrisers Hyderabad,Sunrisers Hyderabad,bat,Royal Challengers Bangalore,Royal Challengers Bengaluru,6 wickets,NA,D/L,V Kohli,NA,NA
829809,2015,2015-05-16,T20,Indian Premier League,Unknown,"Punjab Cricket Association Stadium, Mohali","Punjab Cricket Association IS Bindra Stadium, Mohali",Chandigarh,Chandigarh,Kings XI Punjab,Punjab Kings,Chennai Super Kings,Chennai Super Kings,Kings XI Punjab,Punjab Kings,bat,Chennai Super Kings,Chennai Super Kings,7 wickets,NA,NA,P Negi,NA,NA
829811,2015,2015-05-16,T20,Indian Premier League,Unknown,Brabourne Stadium,Brabourne Stadium,Mumbai,Mumbai,Rajasthan Royals,Rajasthan Royals,Kolkata Knight Riders,Kolkata Knight Riders,Rajasthan Royals,Rajasthan Royals,bat,Rajasthan Royals,Rajasthan Royals,9 runs,NA,NA,SR Watson,NA,NA
829813,2015,2015-05-17,T20,Indian Premier League,Unknown,M Chinnaswamy Stadium,M Chinnaswamy Stadium,Bangalore,Bengaluru,Delhi Daredevils,Delhi Capitals,Royal Challengers Bangalore,Royal Challengers Bengaluru,Royal Challengers Bangalore,Royal Challengers Bengaluru,field,Unknown,Unknown,,no result,NA,Unknown,NA,NA
829815,2015,2015-05-17,T20,Indian Premier League,Unknown,"Rajiv Gandhi International Stadium, Uppal","Rajiv Gandhi International Stadium, Uppal",Hyderabad,Hyderabad,Sunrisers Hyderabad,Sunrisers Hyderabad,Mumbai Indians,Mumbai Indians,Sunrisers Hyderabad,Sunrisers Hyderabad,bat,Mumbai Indians,Mumbai Indians,9 wickets,NA,NA,MJ McClenaghan,NA,NA
829817,2015,2015-05-19,T20,Indian Premier League,Qualifier 1,Wankhede Stadium,Wankhede Stadium,Mumbai,Mumbai,Mumbai Indians,Mumbai Indians,Chennai Super Kings,Chennai Super Kings,Mumbai Indians,Mumbai Indians,bat,Mumbai Indians,Mumbai Indians,25 runs,NA,NA,KA Pollard,NA,NA
829819,2015,2015-05-20,T20,Indian Premier League,Eliminator,Maharashtra Cricket Association Stadium,Maharashtra Cricket Association Stadium,Pune,Pune,Royal Challengers Bangalore,Royal Challengers Bengaluru,Rajasthan Royals,Rajasthan Royals,Royal Challengers Bangalore,Royal Challengers Bengaluru,bat,Royal Challengers Bangalore,Royal Challengers Bengaluru,71 runs,NA,NA,AB de Villiers,NA,NA
829821,2015,2015-05-22,T20,Indian Premier League,Qualifier 2,JSCA International Stadium Complex,JSCA International Stadium Complex,Ranchi,Ranchi,Royal Challengers Bangalore,Royal Challengers Bengaluru,Chennai Super Kings,Chennai Super Kings,Chennai Super Kings,Chennai Super Kings,field,Chennai Super Kings,Chennai Super Kings,3 wickets,NA,NA,A Nehra,NA,NA
829823,2015,2015-05-24,T20,Indian Premier League,Final,Eden Gardens,Eden Gardens,Kolkata,Kolkata,Mumbai Indians,Mumbai Indians,Chennai Super Kings,Chennai Super Kings,Chennai Super Kings,Chennai Super Kings,field,Mumbai Indians,Mumbai Indians,41 runs,NA,NA,RG Sharma,NA,NA
980901,2016,2016-04-09,T20,Indian Premier League,Unknown,Wankhede Stadium,Wankhede Stadium,Mumbai,Mumbai,Mumbai Indians,Mumbai Indians,Rising Pune Supergiants,Rising Pune Supergiants,Mumbai Indians,Mumbai Indians,bat,Rising Pune Supergiants,Rising Pune Supergiants,9 wickets,NA,NA,AM Rahane,NA,NA
980903,2016,2016-04-10,T20,Indian Premier League,Unknown,Eden Gardens,Eden Gardens,Kolkata,Kolkata,Delhi Daredevils,Delhi Capitals,Kolkata Knight Riders,Kolkata Knight Riders,Kolkata Knight Riders,Kolkata Knight Riders,field,Kolkata Knight Riders,Kolkata Knight Riders,9 wickets,NA,NA,AD Russell,NA,NA
980905,2016,2016-04-11,T20,Indian Premier League,Unknown,"Punjab Cricket Association IS Bindra Stadium, Mohali","Punjab Cricket Association IS Bindra Stadium, Mohali",Chandigarh,Chandigarh,Kings XI Punjab,Punjab Kings,Gujarat Lions,Gujarat Lions,Gujarat Lions,Gujarat Lions,field,Gujarat Lions,Gujarat Lions,5 wickets,NA,NA,AJ Finch,NA,NA
980907,2016,2016-04-12,T20,Indian Premier League,Unknown,M Chinnaswamy Stadium,M Chinnaswamy Stadium,Bangalore,Bengaluru,Royal Challengers Bangalore,Royal Challengers Bengaluru,Sunrisers Hyderabad,Sunrisers Hyderabad,Sunrisers Hyderabad,Sunrisers Hyderabad,field,Royal Challengers Bangalore,Royal Challengers Bengaluru,45 runs,NA,NA,AB de Villiers,NA,NA
980909,2016,2016-04-13,T20,Indian Premier League,Unknown,Eden Gardens,Eden Gardens,Kolkata,Kolkata,Kolkata Knight Riders,Kolkata Knight Riders,Mumbai Indians,Mumbai Indians,Mumbai Indians,Mumbai Indians,field,Mumbai Indians,Mumbai Indians,6 wickets,NA,NA,RG Sharma,NA,NA
980911,2016,2016-04-14,T20,Indian Premier League,Unknown,Saurashtra Cricket Association Stadium,Saurashtra Cricket Association Stadium,Rajkot,Rajkot,Rising Pune Supergiants,Rising Pune Supergiants,Gujarat Lions,Gujarat Lions,Rising Pune Supergiants,Rising Pune Supergiants,bat,Gujarat Lions,Gujarat Lions,7 wickets,NA,NA,AJ Finch,NA,NA
980913,2016,2016-04-15,T20,Indian Premier League,Unknown,Feroz Shah Kotla,Feroz Shah Kotla,Delhi,Delhi,Kings XI Punjab,Punjab Kings,Delhi Daredevils,Delhi Capitals,Delhi Daredevils,Delhi Capitals,field,Delhi Daredevils,Delhi Capitals,8 wickets,NA,NA,A Mishra,NA,NA
980915,2016,2016-04-16,T20,Indian Premier League,Unknown,"Rajiv Gandhi International Stadium, Uppal","Rajiv Gandhi International Stadium, Uppal",Hyderabad,Hyderabad,Sunrisers Hyderabad,Sunrisers Hyderabad,Kolkata Knight Riders,Kolkata Knight Riders,Sunrisers Hyderabad,Sunrisers Hyderabad,bat,Kolkata Knight Riders,Kolkata Knight Riders,8 wickets,NA,NA,G Gambhir,NA,NA
980917,2016,2016-04-16,T20,Indian Premier League,Unknown,Wankhede Stadium,Wankhede Stadium,Mumbai,Mumbai,Mumbai Indians,Mumbai Indians,Gujarat Lions,Gujarat Lions,Gujarat Lions,Gujarat Lions,field,Gujarat Lions,Gujarat Lions,3 wickets,NA,NA,AJ Finch,NA,NA
980919,2016,2016-04-17,T20,Indian Premier League,Unknown,"Punjab Cricket Association IS Bindra Stadium, Mohali","Punjab Cricket Association IS Bindra Stadium, Mohali",Chandigarh,Chandigarh,Rising Pune Supergiants,Rising Pune Supergiants,Kings XI Punjab,Punjab Kings,Rising Pune Supergiants,Rising Pune Supergiants,bat,Kings XI Punjab,Punjab Kings,6 wickets,NA,NA,M Vohra,NA,NA
980921,2016,2016-04-17,T20,Indian Premier League,Unknown,M Chinnaswamy Stadium,M Chinnaswamy Stadium,Bangalore,Bengaluru,Royal Challengers Bangalore,Royal Challengers Bengaluru,Delhi Daredevils,Delhi Capitals,Delhi Daredevils,Delhi Capitals,field,Delhi Daredevils,Delhi Capitals,7 wickets,NA,NA,Q de Kock,NA,NA
980923,2016,2016-04-18,T20,Indian Premier League,Unknown,"Rajiv Gandhi International Stadium, Uppal","Rajiv Gandhi International Stadium, Uppal",Hyderabad,Hyderabad,Mumbai Indians,Mumbai Indians,Sunrisers Hyderabad,Sunrisers Hyderabad,Sunrisers Hyderabad,Sunrisers Hyderabad,field,Sunrisers Hyderabad,Sunrisers Hyderabad,7 wickets,NA,NA,DA Warner,NA,NA
980925,2016,2016-04-19,T20,Indian Premier League,Unknown,"Punjab Cricket Association IS Bindra Stadium, Mohali","Punjab Cricket Association IS Bindra Stadium, Mohali",Chandigarh,Chandigarh,Kings XI Punjab,Punjab Kings,Kolkata Knight Riders,Kolkata Knight Riders,Kolkata Knight Riders,Kolkata Knight Riders,field,Kolkata Knight Riders,Kolkata Knight Riders,6 wickets,NA,NA,RV Uthappa,NA,NA
980927,2016,2016-04-20,T20,Indian Premier League,Unknown,Wankhede Stadium,Wankhede Stadium,Mumbai,Mumbai,Royal Challengers Bangalore,Royal Challengers Bengaluru,Mumbai Indians,Mumbai Indians,Mumbai Indians,Mumbai Indians,field,Mumbai Indians,Mumbai Indians,6 wickets,NA,NA,RG Sharma,NA,NA
980929,2016,2016-04-21,T20,Indian Premier League,Unknown,Saurashtra Cricket Association Stadium,Saurashtra Cricket Association Stadium,Rajkot,Rajkot,Gujarat Lions,Gujarat Lions,Sunrisers Hyderabad,Sunrisers Hyderabad,Sunrisers Hyderabad,Sunrisers Hyderabad,field,Sunrisers Hyderabad,Sunrisers Hyderabad,10 wickets,NA,NA,B Kumar,NA,NA
980931,2016,2016-04-22,T20,Indian Premier League,Unknown,Maharashtra Cricket Association Stadium,Maharashtra Cricket Association Stadium,Pune,Pune,Royal Challengers Bangalore,Royal Challengers Bengaluru,Rising Pune Supergiants,Rising Pune Supergiants,Rising Pune Supergiants,Rising Pune Supergiants,field,Royal Challengers Bangalore,Royal Challengers Bengaluru,13 runs,NA,NA,AB de Villiers,NA,NA
980933,2016,2016-04-23,T20,Indian Premier League,Unknown,Feroz Shah Kotla,Feroz Shah Kotla,Delhi,Delhi,Delhi Daredevils,Delhi Capitals,Mumbai Indians,Mumbai Indians,Mumbai Indians,Mumbai Indians,field,Delhi Daredevils,Delhi Capitals,10 runs,NA,NA,SV Samson,NA,NA
980935,2016,2016-04-23,T20,Indian Premier League,Unknown,"Rajiv Gandhi International Stadium, Uppal","Rajiv Gandhi International Stadium, Uppal",Hyderabad,Hyderabad,Kings XI Punjab,Punjab Kings,Sunrisers Hyderabad,Sunrisers Hyderabad,Sunrisers Hyderabad,Sunrisers Hyderabad,field,Sunrisers Hyderabad,Sunrisers Hyderabad,5 wickets,NA,NA,Mustafizur Rahman,NA,NA
980937,2016,2016-04-24,T20,Indian Premier League,Unknown,Saurashtra Cricket Association Stadium,Saurashtra Cricket Association Stadium,Rajkot,Rajkot,Royal Challengers Bangalore,Royal Challengers Bengaluru,Gujarat Lions,Gujarat Lions,Royal Challengers Bangalore,Royal Challengers Bengaluru,bat,Gujarat Lions,Gujarat Lions,6 wickets,NA,NA,V Kohli,NA,NA
980939,2016,2016-04-24,T20,Indian Premier League,Unknown,Maharashtra Cricket Association Stadium,Maharashtra Cricket Association Stadium,Pune,Pune,Rising Pune Supergiants,Rising Pune Supergiants,Kolkata Knight Riders,Kolkata Knight Riders,Kolkata Knight Riders,Kolkata Knight Riders,field,Kolkata Knight Riders,Kolkata Knight Riders,2 wickets,NA,NA,SA Yadav,NA,NA
980941,2016,2016-04-25,T20,Indian Premier League,Unknown,"Punjab Cricket Association IS Bindra Stadium, Mohali","Punjab Cricket Association IS Bindra Stadium, Mohali",Chandigarh,Chandigarh,Mumbai Indians,Mumbai Indians,Kings XI Punjab,Punjab Kings,Kings XI Punjab,Punjab Kings,field,Mumbai Indians,Mumbai Indians,25 runs,NA,NA,PA Patel,NA,NA
980943,2016,2016-04-26,T20,Indian Premier League,Unknown,"Rajiv Gandhi International Stadium, Uppal","Rajiv Gandhi International Stadium, Uppal",Hyderabad,Hyderabad,Sunrisers Hyderabad,Sunrisers Hyderabad,Rising Pune Supergiants,Rising Pune Supergiants,Rising Pune Supergiants,Rising Pune Supergiants,field,Rising Pune Supergiants,Rising Pune Supergiants,34 runs,NA,D/L,AB Dinda,NA,NA
980945,2016,2016-04-27,T20,Indian Premier League,Unknown,Feroz Shah Kotla,Feroz Shah Kotla,Delhi,Delhi,Gujarat Lions,Gujarat Lions,Delhi Daredevils,Delhi Capitals,Delhi Daredevils,Delhi Capitals,field,Gujarat Lions,Gujarat Lions,1 runs,NA,NA,CH Morris,NA,NA
980947,2016,2016-04-28,T20,Indian Premier League,Unknown,Wankhede Stadium,Wankhede Stadium,Mumbai,Mumbai,Kolkata Knight Riders,Kolkata Knight Riders,Mumbai Indians,Mumbai Indians,Mumbai Indians,Mumbai Indians,field,Mumbai Indians,Mumbai Indians,6 wickets,NA,NA,RG Sharma,NA,NA
980949,2016,2016-04-29,T20,Indian Premier League,Unknown,Maharashtra Cricket Association Stadium,Maharashtra Cricket Association Stadium,Pune,Pune,Rising Pune Supergiants,Rising Pune Supergiants,Gujarat Lions,Gujarat Lions,Gujarat Lions,Gujarat Lions,field,Gujarat Lions,Gujarat Lions,3 wickets,NA,NA,DR Smith,NA,NA
980951,2016,2016-04-30,T20,Indian Premier League,Unknown,Feroz Shah Kotla,Feroz Shah Kotla,Delhi,Delhi,Delhi Daredevils,Delhi Capitals,Kolkata Knight Riders,Kolkata Knight Riders,Kolkata Knight Riders,Kolkata Knight Riders,field,Delhi Daredevils,Delhi Capitals,27 runs,NA,NA,CR Brathwaite,NA,NA
980953,2016,2016-04-30,T20,Indian Premier League,Unknown,"Rajiv Gandhi International Stadium, Uppal","Rajiv Gandhi International Stadium, Uppal",Hyderabad,Hyderabad,Sunrisers Hyderabad,Sunrisers Hyderabad,Royal Challengers Bangalore,Royal Challengers Bengaluru,Royal Challengers Bangalore,Royal Challengers Bengaluru,field,Sunrisers Hyderabad,Sunrisers Hyderabad,15 runs,NA,NA,DA Warner,NA,NA
980955,2016,2016-05-01,T20,Indian Premier League,Unknown,Saurashtra Cricket Association Stadium,Saurashtra Cricket Association Stadium,Rajkot,Rajkot,Kings XI Punjab,Punjab Kings,Gujarat Lions,Gujarat Lions,Gujarat Lions,Gujarat Lions,field,Kings XI Punjab,Punjab Kings,23 runs,NA,NA,AR Patel,NA,NA
980957,2016,2016-05-01,T20,Indian Premier League,Unknown,Maharashtra Cricket Association Stadium,Maharashtra Cricket Association Stadium,Pune,Pune,Rising Pune Supergiants,Rising Pune Supergiants,Mumbai Indians,Mumbai Indians,Mumbai Indians,Mumbai Indians,field,Mumbai Indians,Mumbai Indians,8 wickets,NA,NA,RG Sharma,NA,NA
980959,2016,2016-05-02,T20,Indian Premier League,Unknown,M Chinnaswamy Stadium,M Chinnaswamy Stadium,Bangalore,Bengaluru,Royal Challengers Bangalore,Royal Challengers Bengaluru,Kolkata Knight Riders,Kolkata Knight Riders,Kolkata Knight Riders,Kolkata Knight Riders,field,Kolkata Knight Riders,Kolkata Knight Riders,5 wickets,NA,NA,AD Russell,NA,NA
980961,2016,2016-05-03,T20,Indian Premier League,Unknown,Saurashtra Cricket Association Stadium,Saurashtra Cricket Association Stadium,Rajkot,Rajkot,Gujarat Lions,Gujarat Lions,Delhi Daredevils,Delhi Capitals,Delhi Daredevils,Delhi Capitals,field,Delhi Daredevils,Delhi Capitals,8 wickets,NA,NA,RR Pant,NA,NA
980963,2016,2016-05-04,T20,Indian Premier League,Unknown,Eden Gardens,Eden Gardens,Kolkata,Kolkata,Kolkata Knight Riders,Kolkata Knight Riders,Kings XI Punjab,Punjab Kings,Kings XI Punjab,Punjab Kings,field,Kolkata Knight Riders,Kolkata Knight Riders,7 runs,NA,NA,AD Russell,NA,NA
980965,2016,2016-05-05,T20,Indian Premier League,Unknown,Feroz Shah Kotla,Feroz Shah Kotla,Delhi,Delhi,Delhi Daredevils,Delhi Capitals,Rising Pune Supergiants,Rising Pune Supergiants,Rising Pune Supergiants,Rising Pune Supergiants,field,Rising Pune Supergiants,Rising Pune Supergiants,7 wickets,NA,NA,AM Rahane,NA,NA
980967,2016,2016-05-06,T20,Indian Premier League,Unknown,"Rajiv Gandhi International Stadium, Uppal","Rajiv Gandhi International Stadium, Uppal",Hyderabad,Hyderabad,Gujarat Lions,Gujarat Lions,Sunrisers Hyderabad,Sunrisers Hyderabad,Sunrisers Hyderabad,Sunrisers Hyderabad,field,Sunrisers Hyderabad,Sunrisers Hyderabad,5 wickets,NA,NA,B Kumar,NA,NA
980969,2016,2016-05-07,T20,Indian Premier League,Unknown,M Chinnaswamy Stadium,M Chinnaswamy Stadium,Bangalore,Bengaluru,Rising Pune Supergiants,Rising Pune Supergiants,Royal Challengers Bangalore,Royal Challengers Bengaluru,Royal Challengers Bangalore,Royal Challengers Bengaluru,field,Royal Challengers Bangalore,Royal Challengers Bengaluru,7 wickets,NA,NA,V Kohli,NA,NA
980971,2016,2016-05-07,T20,Indian Premier League,Unknown,"Punjab Cricket Association IS Bindra Stadium, Mohali","Punjab Cricket Association IS Bindra Stadium, Mohali",Chandigarh,Chandigarh,Kings XI Punjab,Punjab Kings,Delhi Daredevils,Delhi Capitals,Delhi Daredevils,Delhi Capitals,field,Kings XI Punjab,Punjab Kings,9 runs,NA,NA,MP Stoinis,NA,NA
980973,2016,2016-05-08,T20,Indian Premier League,Unknown,Dr. Y.S. Rajasekhara Reddy ACA-VDCA Cricket Stadium,Dr Y.S. Rajasekhara Reddy ACA-VDCA Cricket Stadium,Visakhapatnam,Visakhapatnam,Sunrisers Hyderabad,Sunrisers Hyderabad,Mumbai Indians,Mumbai Indians,Mumbai Indians,Mumbai Indians,field,Sunrisers Hyderabad,Sunrisers Hyderabad,85 runs,NA,NA,A Nehra,NA,NA
980975,2016,2016-05-08,T20,Indian Premier League,Unknown,Eden Gardens,Eden Gardens,Kolkata,Kolkata,Kolkata Knight Riders,Kolkata Knight Riders,Gujarat Lions,Gujarat Lions,Gujarat Lions,Gujarat Lions,field,Gujarat Lions,Gujarat Lions,5 wickets,NA,NA,P Kumar,NA,NA
980977,2016,2016-05-09,T20,Indian Premier League,Unknown,"Punjab Cricket Association IS Bindra Stadium, Mohali","Punjab Cricket Association IS Bindra Stadium, Mohali",Chandigarh,Chandigarh,Royal Challengers Bangalore,Royal Challengers Bengaluru,Kings XI Punjab,Punjab Kings,Kings XI Punjab,Punjab Kings,field,Royal Challengers Bangalore,Royal Challengers Bengaluru,1 runs,NA,NA,SR Watson,NA,NA
980979,2016,2016-05-10,T20,Indian Premier League,Unknown,Dr. Y.S. Rajasekhara Reddy ACA-VDCA Cricket Stadium,Dr Y.S. Rajasekhara Reddy ACA-VDCA Cricket Stadium,Visakhapatnam,Visakhapatnam,Sunrisers Hyderabad,Sunrisers Hyderabad,Rising Pune Supergiants,Rising Pune Supergiants,Sunrisers Hyderabad,Sunrisers Hyderabad,bat,Sunrisers Hyderabad,Sunrisers Hyderabad,4 runs,NA,NA,A Zampa,NA,NA
980981,2016,2016-05-11,T20,Indian Premier League,Unknown,M Chinnaswamy Stadium,M Chinnaswamy Stadium,Bangalore,Bengaluru,Royal Challengers Bangalore,Royal Challengers Bengaluru,Mumbai Indians,Mumbai Indians,Mumbai Indians,Mumbai Indians,field,Mumbai Indians,Mumbai Indians,6 wickets,NA,NA,KH Pandya,NA,NA
980983,2016,2016-05-12,T20,Indian Premier League,Unknown,"Rajiv Gandhi International Stadium, Uppal","Rajiv Gandhi International Stadium, Uppal",Hyderabad,Hyderabad,Sunrisers Hyderabad,Sunrisers Hyderabad,Delhi Daredevils,Delhi Capitals,Delhi Daredevils,Delhi Capitals,field,Delhi Daredevils,Delhi Capitals,7 wickets,NA,NA,CH Morris,NA,NA
980985,2016,2016-05-13,T20,Indian Premier League,Unknown,Dr. Y.S. Rajasekhara Reddy ACA-VDCA Cricket Stadium,Dr Y.S. Rajasekhara Reddy ACA-VDCA Cricket Stadium,Visakhapatnam,Visakhapatnam,Mumbai Indians,Mumbai Indians,Kings XI Punjab,Punjab Kings,Mumbai Indians,Mumbai Indians,bat,Kings XI Punjab,Punjab Kings,7 wickets,NA,NA,MP Stoinis,NA,NA
980987,2016,2016-05-14,T20,Indian Premier League,Unknown,M Chinnaswamy Stadium,M Chinnaswamy Stadium,Bangalore,Bengaluru,Royal Challengers Bangalore,Royal Challengers Bengaluru,Gujarat Lions,Gujarat Lions,Gujarat Lions,Gujarat Lions,field,Royal Challengers Bangalore,Royal Challengers Bengaluru,144 runs,NA,NA,AB de Villiers,NA,NA
980989,2016,2016-05-14,T20,Indian Premier League,Unknown,Eden Gardens,Eden Gardens,Kolkata,Kolkata,Rising Pune Supergiants,Rising Pune Supergiants,Kolkata Knight Riders,Kolkata Knight Riders,Rising Pune Supergiants,Rising Pune Supergiants,bat,Kolkata Knight Riders,Kolkata Knight Riders,8 wickets,NA,D/L,YK Pathan,NA,NA
980991,2016,2016-05-15,T20,Indian Premier League,Unknown,"Punjab Cricket Association IS Bindra Stadium, Mohali","Punjab Cricket Association IS Bindra Stadium, Mohali",Chandigarh,Chandigarh,Kings XI Punjab,Punjab Kings,Sunrisers Hyderabad,Sunrisers Hyderabad,Kings XI Punjab,Punjab Kings,bat,Sunrisers Hyderabad,Sunrisers Hyderabad,7 wickets,NA,NA,HM Amla,NA,NA
980993,2016,2016-05-15,T20,Indian Premier League,Unknown,Dr. Y.S. Rajasekhara Reddy ACA-VDCA Cricket Stadium,Dr Y.S. Rajasekhara Reddy ACA-VDCA Cricket Stadium,Visakhapatnam,Visakhapatnam,Mumbai Indians,Mumbai Indians,Delhi Daredevils,Delhi Capitals,Delhi Daredevils,Delhi Capitals,field,Mumbai Indians,Mumbai Indians,80 runs,NA,NA,KH Pandya,NA,NA
980995,2016,2016-05-16,T20,Indian Premier League,Unknown,Eden Gardens,Eden Gardens,Kolkata,Kolkata,Kolkata Knight Riders,Kolkata Knight Riders,Royal Challengers Bangalore,Royal Challengers Bengaluru,Royal Challengers Bangalore,Royal Challengers Bengaluru,field,Royal Challengers Bangalore,Royal Challengers Bengaluru,9 wickets,NA,NA,V Kohli,NA,NA
980997,2016,2016-05-17,T20,Indian Premier League,Unknown,Dr. Y.S. Rajasekhara Reddy ACA-VDCA Cricket Stadium,Dr Y.S. Rajasekhara Reddy ACA-VDCA Cricket Stadium,Visakhapatnam,Visakhapatnam,Delhi Daredevils,Delhi Capitals,Rising Pune Supergiants,Rising Pune Supergiants,Rising Pune Supergiants,Rising Pune Supergiants,field,Rising Pune Supergiants,Rising Pune Supergiants,19 runs,NA,D/L,AB Dinda,NA,NA
980999,2016,2016-05-18,T20,Indian Premier League,Unknown,M Chinnaswamy Stadium,M Chinnaswamy Stadium,Bangalore,Bengaluru,Royal Challengers Bangalore,Royal Challengers Bengaluru,Kings XI Punjab,Punjab Kings,Kings XI Punjab,Punjab Kings,field,Royal Challengers Bangalore,Royal Challengers Bengaluru,82 runs,NA,D/L,V Kohli,NA,NA
981001,2016,2016-05-19,T20,Indian Premier League,Unknown,Green Park,Green Park,Kanpur,Kanpur,Kolkata Knight Riders,Kolkata Knight Riders,Gujarat Lions,Gujarat Lions,Gujarat Lions,Gujarat Lions,field,Gujarat Lions,Gujarat Lions,6 wickets,NA,NA,DR Smith,NA,NA
981003,2016,2016-05-20,T20,Indian Premier League,Unknown,Shaheed Veer Narayan Singh International Stadium,Shaheed Veer Narayan Singh International Stadium,Raipur,Raipur,Sunrisers Hyderabad,Sunrisers Hyderabad,Delhi Daredevils,Delhi Capitals,Delhi Daredevils,Delhi Capitals,field,Delhi Daredevils,Delhi Capitals,6 wickets,NA,NA,KK Nair,NA,NA
981005,2016,2016-05-21,T20,Indian Premier League,Unknown,Dr. Y.S. Rajasekhara Reddy ACA-VDCA Cricket Stadium,Dr Y.S. Rajasekhara Reddy ACA-VDCA Cricket Stadium,Visakhapatnam,Visakhapatnam,Kings XI Punjab,Punjab Kings,Rising Pune Supergiants,Rising Pune Supergiants,Kings XI Punjab,Punjab Kings,bat,Rising Pune Supergiants,Rising Pune Supergiants,4 wickets,NA,NA,MS Dhoni,NA,NA
981007,2016,2016-05-21,T20,Indian Premier League,Unknown,Green Park,Green Park,Kanpur,Kanpur,Mumbai Indians,Mumbai Indians,Gujarat Lions,Gujarat Lions,Gujarat Lions,Gujarat Lions,field,Gujarat Lions,Gujarat Lions,6 wickets,NA,NA,SK Raina,NA,NA
981009,2016,2016-05-22,T20,Indian Premier League,Unknown,Eden Gardens,Eden Gardens,Kolkata,Kolkata,Kolkata Knight Riders,Kolkata Knight Riders,Sunrisers Hyderabad,Sunrisers Hyderabad,Sunrisers Hyderabad,Sunrisers Hyderabad,field,Kolkata Knight Riders,Kolkata Knight Riders,22 runs,NA,NA,YK Pathan,NA,NA
981011,2016,2016-05-22,T20,Indian Premier League,Unknown,Shaheed Veer Narayan Singh International Stadium,Shaheed Veer Narayan Singh International Stadium,Raipur,Raipur,Delhi Daredevils,Delhi Capitals,Royal Challengers Bangalore,Royal Challengers Bengaluru,Royal Challengers Bangalore,Royal Challengers Bengaluru,field,Royal Challengers Bangalore,Royal Challengers Bengaluru,6 wickets,NA,NA,V Kohli,NA,NA
981013,2016,2016-05-24,T20,Indian Premier League,Qualifier 1,M Chinnaswamy Stadium,M Chinnaswamy Stadium,Bangalore,Bengaluru,Gujarat Lions,Gujarat Lions,Royal Challengers Bangalore,Royal Challengers Bengaluru,Royal Challengers Bangalore,Royal Challengers Bengaluru,field,Royal Challengers Bangalore,Royal Challengers Bengaluru,4 wickets,NA,NA,AB de Villiers,NA,NA
981015,2016,2016-05-25,T20,Indian Premier League,Elimination Final,Feroz Shah Kotla,Feroz Shah Kotla,Delhi,Delhi,Sunrisers Hyderabad,Sunrisers Hyderabad,Kolkata Knight Riders,Kolkata Knight Riders,Kolkata Knight Riders,Kolkata Knight Riders,field,Sunrisers Hyderabad,Sunrisers Hyderabad,22 runs,NA,NA,MC Henriques,NA,NA
981017,2016,2016-05-27,T20,Indian Premier League,Qualifier 2,Feroz Shah Kotla,Feroz Shah Kotla,Delhi,Delhi,Gujarat Lions,Gujarat Lions,Sunrisers Hyderabad,Sunrisers Hyderabad,Sunrisers Hyderabad,Sunrisers Hyderabad,field,Sunrisers Hyderabad,Sunrisers Hyderabad,4 wickets,NA,NA,DA Warner,NA,NA
981019,2016,2016-05-29,T20,Indian Premier League,Final,M Chinnaswamy Stadium,M Chinnaswamy Stadium,Bangalore,Bengaluru,Sunrisers Hyderabad,Sunrisers Hyderabad,Royal Challengers Bangalore,Royal Challengers Bengaluru,Sunrisers Hyderabad,Sunrisers Hyderabad,bat,Sunrisers Hyderabad,Sunrisers Hyderabad,8 runs,NA,NA,BCJ Cutting,NA,NA
1082591,2017,2017-04-05,T20,Indian Premier League,Unknown,"Rajiv Gandhi International Stadium, Uppal","Rajiv Gandhi International Stadium, Uppal",Hyderabad,Hyderabad,Sunrisers Hyderabad,Sunrisers Hyderabad,Royal Challengers Bangalore,Royal Challengers Bengaluru,Royal Challengers Bangalore,Royal Challengers Bengaluru,field,Sunrisers Hyderabad,Sunrisers Hyderabad,35 runs,NA,NA,Yuvraj Singh,NA,NA
1082592,2017,2017-04-06,T20,Indian Premier League,Unknown,Maharashtra Cricket Association Stadium,Maharashtra Cricket Association Stadium,Pune,Pune,Mumbai Indians,Mumbai Indians,Rising Pune Supergiant,Rising Pune Supergiants,Rising Pune Supergiant,Rising Pune Supergiants,field,Rising Pune Supergiant,Rising Pune Supergiants,7 wickets,NA,NA,SPD Smith,NA,NA
1082593,2017,2017-04-07,T20,Indian Premier League,Unknown,Saurashtra Cricket Association Stadium,Saurashtra Cricket Association Stadium,Rajkot,Rajkot,Gujarat Lions,Gujarat Lions,Kolkata Knight Riders,Kolkata Knight Riders,Kolkata Knight Riders,Kolkata Knight Riders,field,Kolkata Knight Riders,Kolkata Knight Riders,10 wickets,NA,NA,CA Lynn,NA,NA
1082594,2017,2017-04-08,T20,Indian Premier League,Unknown,Holkar Cricket Stadium,Holkar Cricket Stadium,Indore,Indore,Rising Pune Supergiant,Rising Pune Supergiants,Kings XI Punjab,Punjab Kings,Kings XI Punjab,Punjab Kings,field,Kings XI Punjab,Punjab Kings,6 wickets,NA,NA,GJ Maxwell,NA,NA
1082595,2017,2017-04-08,T20,Indian Premier League,Unknown,M.Chinnaswamy Stadium,M Chinnaswamy Stadium,Bengaluru,Bengaluru,Royal Challengers Bangalore,Royal Challengers Bengaluru,Delhi Daredevils,Delhi Capitals,Royal Challengers Bangalore,Royal Challengers Bengaluru,bat,Royal Challengers Bangalore,Royal Challengers Bengaluru,15 runs,NA,NA,KM Jadhav,NA,NA
1082596,2017,2017-04-09,T20,Indian Premier League,Unknown,"Rajiv Gandhi International Stadium, Uppal","Rajiv Gandhi International Stadium, Uppal",Hyderabad,Hyderabad,Gujarat Lions,Gujarat Lions,Sunrisers Hyderabad,Sunrisers Hyderabad,Sunrisers Hyderabad,Sunrisers Hyderabad,field,Sunrisers Hyderabad,Sunrisers Hyderabad,9 wickets,NA,NA,Rashid Khan,NA,NA
1082597,2017,2017-04-09,T20,Indian Premier League,Unknown,Wankhede Stadium,Wankhede Stadium,Mumbai,Mumbai,Kolkata Knight Riders,Kolkata Knight Riders,Mumbai Indians,Mumbai Indians,Mumbai Indians,Mumbai Indians,field,Mumbai Indians,Mumbai Indians,4 wickets,NA,NA,N Rana,NA,NA
1082598,2017,2017-04-10,T20,Indian Premier League,Unknown,Holkar Cricket Stadium,Holkar Cricket Stadium,Indore,Indore,Royal Challengers Bangalore,Royal Challengers Bengaluru,Kings XI Punjab,Punjab Kings,Royal Challengers Bangalore,Royal Challengers Bengaluru,bat,Kings XI Punjab,Punjab Kings,8 wickets,NA,NA,AR Patel,NA,NA
1082599,2017,2017-04-11,T20,Indian Premier League,Unknown,Maharashtra Cricket Association Stadium,Maharashtra Cricket Association Stadium,Pune,Pune,Delhi Daredevils,Delhi Capitals,Rising Pune Supergiant,Rising Pune Supergiants,Rising Pune Supergiant,Rising Pune Supergiants,field,Delhi Daredevils,Delhi Capitals,97 runs,NA,NA,SV Samson,NA,NA
1082600,2017,2017-04-12,T20,Indian Premier League,Unknown,Wankhede Stadium,Wankhede Stadium,Mumbai,Mumbai,Sunrisers Hyderabad,Sunrisers Hyderabad,Mumbai Indians,Mumbai Indians,Mumbai Indians,Mumbai Indians,field,Mumbai Indians,Mumbai Indians,4 wickets,NA,NA,JJ Bumrah,NA,NA
1082601,2017,2017-04-13,T20,Indian Premier League,Unknown,Eden Gardens,Eden Gardens,Kolkata,Kolkata,Kings XI Punjab,Punjab Kings,Kolkata Knight Riders,Kolkata Knight Riders,Kolkata Knight Riders,Kolkata Knight Riders,field,Kolkata Knight Riders,Kolkata Knight Riders,8 wickets,NA,NA,SP Narine,NA,NA
1082602,2017,2017-04-14,T20,Indian Premier League,Unknown,M Chinnaswamy Stadium,M Chinnaswamy Stadium,Bangalore,Bengaluru,Royal Challengers Bangalore,Royal Challengers Bengaluru,Mumbai Indians,Mumbai Indians,Mumbai Indians,Mumbai Indians,field,Mumbai Indians,Mumbai Indians,4 wickets,NA,NA,KA Pollard,NA,NA
1082603,2017,2017-04-14,T20,Indian Premier League,Unknown,Saurashtra Cricket Association Stadium,Saurashtra Cricket Association Stadium,Rajkot,Rajkot,Rising Pune Supergiant,Rising Pune Supergiants,Gujarat Lions,Gujarat Lions,Gujarat Lions,Gujarat Lions,field,Gujarat Lions,Gujarat Lions,7 wickets,NA,NA,AJ Tye,NA,NA
1082604,2017,2017-04-15,T20,Indian Premier League,Unknown,Eden Gardens,Eden Gardens,Kolkata,Kolkata,Kolkata Knight Riders,Kolkata Knight Riders,Sunrisers Hyderabad,Sunrisers Hyderabad,Sunrisers Hyderabad,Sunrisers Hyderabad,field,Kolkata Knight Riders,Kolkata Knight Riders,17 runs,NA,NA,RV Uthappa,NA,NA
1082605,2017,2017-04-15,T20,Indian Premier League,Unknown,Feroz Shah Kotla,Feroz Shah Kotla,Delhi,Delhi,Delhi Daredevils,Delhi Capitals,Kings XI Punjab,Punjab Kings,Delhi Daredevils,Delhi Capitals,bat,Delhi Daredevils,Delhi Capitals,51 runs,NA,NA,CJ Anderson,NA,NA
1082606,2017,2017-04-16,T20,Indian Premier League,Unknown,Wankhede Stadium,Wankhede Stadium,Mumbai,Mumbai,Gujarat Lions,Gujarat Lions,Mumbai Indians,Mumbai Indians,Mumbai Indians,Mumbai Indians,field,Mumbai Indians,Mumbai Indians,6 wickets,NA,NA,N Rana,NA,NA
1082607,2017,2017-04-16,T20,Indian Premier League,Unknown,M Chinnaswamy Stadium,M Chinnaswamy Stadium,Bangalore,Bengaluru,Rising Pune Supergiant,Rising Pune Supergiants,Royal Challengers Bangalore,Royal Challengers Bengaluru,Royal Challengers Bangalore,Royal Challengers Bengaluru,field,Rising Pune Supergiant,Rising Pune Supergiants,27 runs,NA,NA,BA Stokes,NA,NA
1082608,2017,2017-04-17,T20,Indian Premier League,Unknown,Feroz Shah Kotla,Feroz Shah Kotla,Delhi,Delhi,Delhi Daredevils,Delhi Capitals,Kolkata Knight Riders,Kolkata Knight Riders,Delhi Daredevils,Delhi Capitals,bat,Kolkata Knight Riders,Kolkata Knight Riders,4 wickets,NA,NA,NM Coulter-Nile,NA,NA
1082609,2017,2017-04-17,T20,Indian Premier League,Unknown,"Rajiv Gandhi International Stadium, Uppal","Rajiv Gandhi International Stadium, Uppal",Hyderabad,Hyderabad,Sunrisers Hyderabad,Sunrisers Hyderabad,Kings XI Punjab,Punjab Kings,Kings XI Punjab,Punjab Kings,field,Sunrisers Hyderabad,Sunrisers Hyderabad,5 runs,NA,NA,B Kumar,NA,NA
1082610,2017,2017-04-18,T20,Indian Premier League,Unknown,Saurashtra Cricket Association Stadium,Saurashtra Cricket Association Stadium,Rajkot,Rajkot,Royal Challengers Bangalore,Royal Challengers Bengaluru,Gujarat Lions,Gujarat Lions,Gujarat Lions,Gujarat Lions,field,Royal Challengers Bangalore,Royal Challengers Bengaluru,21 runs,NA,NA,CH Gayle,NA,NA
1082611,2017,2017-04-19,T20,Indian Premier League,Unknown,"Rajiv Gandhi International Stadium, Uppal","Rajiv Gandhi International Stadium, Uppal",Hyderabad,Hyderabad,Sunrisers Hyderabad,Sunrisers Hyderabad,Delhi Daredevils,Delhi Capitals,Sunrisers Hyderabad,Sunrisers Hyderabad,bat,Sunrisers Hyderabad,Sunrisers Hyderabad,15 runs,NA,NA,KS Williamson,NA,NA
1082612,2017,2017-04-20,T20,Indian Premier League,Unknown,Holkar Cricket Stadium,Holkar Cricket Stadium,Indore,Indore,Kings XI Punjab,Punjab Kings,Mumbai Indians,Mumbai Indians,Mumbai Indians,Mumbai Indians,field,Mumbai Indians,Mumbai Indians,8 wickets,NA,NA,JC Buttler,NA,NA
1082613,2017,2017-04-21,T20,Indian Premier League,Unknown,Eden Gardens,Eden Gardens,Kolkata,Kolkata,Kolkata Knight Riders,Kolkata Knight Riders,Gujarat Lions,Gujarat Lions,Gujarat Lions,Gujarat Lions,field,Gujarat Lions,Gujarat Lions,4 wickets,NA,NA,SK Raina,NA,NA
1082614,2017,2017-04-22,T20,Indian Premier League,Unknown,Wankhede Stadium,Wankhede Stadium,Mumbai,Mumbai,Mumbai Indians,Mumbai Indians,Delhi Daredevils,Delhi Capitals,Delhi Daredevils,Delhi Capitals,field,Mumbai Indians,Mumbai Indians,14 runs,NA,NA,MJ McClenaghan,NA,NA
1082615,2017,2017-04-22,T20,Indian Premier League,Unknown,Maharashtra Cricket Association Stadium,Maharashtra Cricket Association Stadium,Pune,Pune,Sunrisers Hyderabad,Sunrisers Hyderabad,Rising Pune Supergiant,Rising Pune Supergiants,Rising Pune Supergiant,Rising Pune Supergiants,field,Rising Pune Supergiant,Rising Pune Supergiants,6 wickets,NA,NA,MS Dhoni,NA,NA
1082616,2017,2017-04-23,T20,Indian Premier League,Unknown,Saurashtra Cricket Association Stadium,Saurashtra Cricket Association Stadium,Rajkot,Rajkot,Kings XI Punjab,Punjab Kings,Gujarat Lions,Gujarat Lions,Gujarat Lions,Gujarat Lions,field,Kings XI Punjab,Punjab Kings,26 runs,NA,NA,HM Amla,NA,NA
1082617,2017,2017-04-23,T20,Indian Premier League,Unknown,Eden Gardens,Eden Gardens,Kolkata,Kolkata,Kolkata Knight Riders,Kolkata Knight Riders,Royal Challengers Bangalore,Royal Challengers Bengaluru,Royal Challengers Bangalore,Royal Challengers Bengaluru,field,Kolkata Knight Riders,Kolkata Knight Riders,82 runs,NA,NA,NM Coulter-Nile,NA,NA
1082618,2017,2017-04-24,T20,Indian Premier League,Unknown,Wankhede Stadium,Wankhede Stadium,Mumbai,Mumbai,Rising Pune Supergiant,Rising Pune Supergiants,Mumbai Indians,Mumbai Indians,Mumbai Indians,Mumbai Indians,field,Rising Pune Supergiant,Rising Pune Supergiants,3 runs,NA,NA,BA Stokes,NA,NA
1082620,2017,2017-04-26,T20,Indian Premier League,Unknown,Maharashtra Cricket Association Stadium,Maharashtra Cricket Association Stadium,Pune,Pune,Rising Pune Supergiant,Rising Pune Supergiants,Kolkata Knight Riders,Kolkata Knight Riders,Kolkata Knight Riders,Kolkata Knight Riders,field,Kolkata Knight Riders,Kolkata Knight Riders,7 wickets,NA,NA,RV Uthappa,NA,NA
1082621,2017,2017-04-27,T20,Indian Premier League,Unknown,M Chinnaswamy Stadium,M Chinnaswamy Stadium,Bangalore,Bengaluru,Royal Challengers Bangalore,Royal Challengers Bengaluru,Gujarat Lions,Gujarat Lions,Gujarat Lions,Gujarat Lions,field,Gujarat Lions,Gujarat Lions,7 wickets,NA,NA,AJ Tye,NA,NA
1082622,2017,2017-04-28,T20,Indian Premier League,Unknown,Eden Gardens,Eden Gardens,Kolkata,Kolkata,Delhi Daredevils,Delhi Capitals,Kolkata Knight Riders,Kolkata Knight Riders,Kolkata Knight Riders,Kolkata Knight Riders,field,Kolkata Knight Riders,Kolkata Knight Riders,7 wickets,NA,NA,G Gambhir,NA,NA
1082623,2017,2017-04-28,T20,Indian Premier League,Unknown,"Punjab Cricket Association IS Bindra Stadium, Mohali","Punjab Cricket Association IS Bindra Stadium, Mohali",Chandigarh,Chandigarh,Sunrisers Hyderabad,Sunrisers Hyderabad,Kings XI Punjab,Punjab Kings,Kings XI Punjab,Punjab Kings,field,Sunrisers Hyderabad,Sunrisers Hyderabad,26 runs,NA,NA,Rashid Khan,NA,NA
1082624,2017,2017-04-29,T20,Indian Premier League,Unknown,Maharashtra Cricket Association Stadium,Maharashtra Cricket Association Stadium,Pune,Pune,Rising Pune Supergiant,Rising Pune Supergiants,Royal Challengers Bangalore,Royal Challengers Bengaluru,Royal Challengers Bangalore,Royal Challengers Bengaluru,field,Rising Pune Supergiant,Rising Pune Supergiants,61 runs,NA,NA,LH Ferguson,NA,NA
1082625,2017,2017-04-29,T20,Indian Premier League,Unknown,Saurashtra Cricket Association Stadium,Saurashtra Cricket Association Stadium,Rajkot,Rajkot,Gujarat Lions,Gujarat Lions,Mumbai Indians,Mumbai Indians,Gujarat Lions,Gujarat Lions,bat,Unknown,Unknown,,tie,NA,KH Pandya,Mumbai Indians,Mumbai Indians
1082626,2017,2017-04-30,T20,Indian Premier League,Unknown,"Punjab Cricket Association IS Bindra Stadium, Mohali","Punjab Cricket Association IS Bindra Stadium, Mohali",Chandigarh,Chandigarh,Delhi Daredevils,Delhi Capitals,Kings XI Punjab,Punjab Kings,Kings XI Punjab,Punjab Kings,field,Kings XI Punjab,Punjab Kings,10 wickets,NA,NA,Sandeep Sharma,NA,NA
1082627,2017,2017-04-30,T20,Indian Premier League,Unknown,"Rajiv Gandhi International Stadium, Uppal","Rajiv Gandhi International Stadium, Uppal",Hyderabad,Hyderabad,Sunrisers Hyderabad,Sunrisers Hyderabad,Kolkata Knight Riders,Kolkata Knight Riders,Kolkata Knight Riders,Kolkata Knight Riders,field,Sunrisers Hyderabad,Sunrisers Hyderabad,48 runs,NA,NA,DA Warner,NA,NA
1082628,2017,2017-05-01,T20,Indian Premier League,Unknown,Wankhede Stadium,Wankhede Stadium,Mumbai,Mumbai,Royal Challengers Bangalore,Royal Challengers Bengaluru,Mumbai Indians,Mumbai Indians,Royal Challengers Bangalore,Royal Challengers Bengaluru,bat,Mumbai Indians,Mumbai Indians,5 wickets,NA,NA,RG Sharma,NA,NA
1082629,2017,2017-05-01,T20,Indian Premier League,Unknown,Maharashtra Cricket Association Stadium,Maharashtra Cricket Association Stadium,Pune,Pune,Gujarat Lions,Gujarat Lions,Rising Pune Supergiant,Rising Pune Supergiants,Rising Pune Supergiant,Rising Pune Supergiants,field,Rising Pune Supergiant,Rising Pune Supergiants,5 wickets,NA,NA,BA Stokes,NA,NA
1082630,2017,2017-05-02,T20,Indian Premier League,Unknown,Feroz Shah Kotla,Feroz Shah Kotla,Delhi,Delhi,Sunrisers Hyderabad,Sunrisers Hyderabad,Delhi Daredevils,Delhi Capitals,Delhi Daredevils,Delhi Capitals,field,Delhi Daredevils,Delhi Capitals,6 wickets,NA,NA,Mohammed Shami,NA,NA
1082631,2017,2017-05-03,T20,Indian Premier League,Unknown,Eden Gardens,Eden Gardens,Kolkata,Kolkata,Kolkata Knight Riders,Kolkata Knight Riders,Rising Pune Supergiant,Rising Pune Supergiants,Rising Pune Supergiant,Rising Pune Supergiants,field,Rising Pune Supergiant,Rising Pune Supergiants,4 wickets,NA,NA,RA Tripathi,NA,NA
1082632,2017,2017-05-04,T20,Indian Premier League,Unknown,Feroz Shah Kotla,Feroz Shah Kotla,Delhi,Delhi,Gujarat Lions,Gujarat Lions,Delhi Daredevils,Delhi Capitals,Delhi Daredevils,Delhi Capitals,field,Delhi Daredevils,Delhi Capitals,7 wickets,NA,NA,RR Pant,NA,NA
1082633,2017,2017-05-05,T20,Indian Premier League,Unknown,M Chinnaswamy Stadium,M Chinnaswamy Stadium,Bangalore,Bengaluru,Kings XI Punjab,Punjab Kings,Royal Challengers Bangalore,Royal Challengers Bengaluru,Royal Challengers Bangalore,Royal Challengers Bengaluru,field,Kings XI Punjab,Punjab Kings,19 runs,NA,NA,Sandeep Sharma,NA,NA
1082634,2017,2017-05-06,T20,Indian Premier League,Unknown,"Rajiv Gandhi International Stadium, Uppal","Rajiv Gandhi International Stadium, Uppal",Hyderabad,Hyderabad,Rising Pune Supergiant,Rising Pune Supergiants,Sunrisers Hyderabad,Sunrisers Hyderabad,Sunrisers Hyderabad,Sunrisers Hyderabad,field,Rising Pune Supergiant,Rising Pune Supergiants,12 runs,NA,NA,JD Unadkat,NA,NA
1082635,2017,2017-05-06,T20,Indian Premier League,Unknown,Feroz Shah Kotla,Feroz Shah Kotla,Delhi,Delhi,Mumbai Indians,Mumbai Indians,Delhi Daredevils,Delhi Capitals,Delhi Daredevils,Delhi Capitals,field,Mumbai Indians,Mumbai Indians,146 runs,NA,NA,LMP Simmons,NA,NA
1082636,2017,2017-05-07,T20,Indian Premier League,Unknown,M Chinnaswamy Stadium,M Chinnaswamy Stadium,Bangalore,Bengaluru,Royal Challengers Bangalore,Royal Challengers Bengaluru,Kolkata Knight Riders,Kolkata Knight Riders,Kolkata Knight Riders,Kolkata Knight Riders,field,Kolkata Knight Riders,Kolkata Knight Riders,6 wickets,NA,NA,SP Narine,NA,NA
1082637,2017,2017-05-07,T20,Indian Premier League,Unknown,"Punjab Cricket Association IS Bindra Stadium, Mohali","Punjab Cricket Association IS Bindra Stadium, Mohali",Chandigarh,Chandigarh,Kings XI Punjab,Punjab Kings,Gujarat Lions,Gujarat Lions,Gujarat Lions,Gujarat Lions,field,Gujarat Lions,Gujarat Lions,6 wickets,NA,NA,DR Smith,NA,NA
1082638,2017,2017-05-08,T20,Indian Premier League,Unknown,"Rajiv Gandhi International Stadium, Uppal","Rajiv Gandhi International Stadium, Uppal",Hyderabad,Hyderabad,Mumbai Indians,Mumbai Indians,Sunrisers Hyderabad,Sunrisers Hyderabad,Mumbai Indians,Mumbai Indians,bat,Sunrisers Hyderabad,Sunrisers Hyderabad,7 wickets,NA,NA,S Dhawan,NA,NA
1082639,2017,2017-05-09,T20,Indian Premier League,Unknown,"Punjab Cricket Association IS Bindra Stadium, Mohali","Punjab Cricket Association IS Bindra Stadium, Mohali",Chandigarh,Chandigarh,Kings XI Punjab,Punjab Kings,Kolkata Knight Riders,Kolkata Knight Riders,Kolkata Knight Riders,Kolkata Knight Riders,field,Kings XI Punjab,Punjab Kings,14 runs,NA,NA,MM Sharma,NA,NA
1082640,2017,2017-05-10,T20,Indian Premier League,Unknown,Green Park,Green Park,Kanpur,Kanpur,Gujarat Lions,Gujarat Lions,Delhi Daredevils,Delhi Capitals,Delhi Daredevils,Delhi Capitals,field,Delhi Daredevils,Delhi Capitals,2 wickets,NA,NA,SS Iyer,NA,NA
1082641,2017,2017-05-11,T20,Indian Premier League,Unknown,Wankhede Stadium,Wankhede Stadium,Mumbai,Mumbai,Kings XI Punjab,Punjab Kings,Mumbai Indians,Mumbai Indians,Mumbai Indians,Mumbai Indians,field,Kings XI Punjab,Punjab Kings,7 runs,NA,NA,WP Saha,NA,NA
1082642,2017,2017-05-12,T20,Indian Premier League,Unknown,Feroz Shah Kotla,Feroz Shah Kotla,Delhi,Delhi,Delhi Daredevils,Delhi Capitals,Rising Pune Supergiant,Rising Pune Supergiants,Delhi Daredevils,Delhi Capitals,bat,Delhi Daredevils,Delhi Capitals,7 runs,NA,NA,KK Nair,NA,NA
1082643,2017,2017-05-13,T20,Indian Premier League,Unknown,Green Park,Green Park,Kanpur,Kanpur,Gujarat Lions,Gujarat Lions,Sunrisers Hyderabad,Sunrisers Hyderabad,Sunrisers Hyderabad,Sunrisers Hyderabad,field,Sunrisers Hyderabad,Sunrisers Hyderabad,8 wickets,NA,NA,Mohammed Siraj,NA,NA
1082644,2017,2017-05-13,T20,Indian Premier League,Unknown,Eden Gardens,Eden Gardens,Kolkata,Kolkata,Mumbai Indians,Mumbai Indians,Kolkata Knight Riders,Kolkata Knight Riders,Kolkata Knight Riders,Kolkata Knight Riders,field,Mumbai Indians,Mumbai Indians,9 runs,NA,NA,AT Rayudu,NA,NA
1082645,2017,2017-05-14,T20,Indian Premier League,Unknown,Maharashtra Cricket Association Stadium,Maharashtra Cricket Association Stadium,Pune,Pune,Kings XI Punjab,Punjab Kings,Rising Pune Supergiant,Rising Pune Supergiants,Rising Pune Supergiant,Rising Pune Supergiants,field,Rising Pune Supergiant,Rising Pune Supergiants,9 wickets,NA,NA,JD Unadkat,NA,NA
1082646,2017,2017-05-14,T20,Indian Premier League,Unknown,Feroz Shah Kotla,Feroz Shah Kotla,Delhi,Delhi,Royal Challengers Bangalore,Royal Challengers Bengaluru,Delhi Daredevils,Delhi Capitals,Royal Challengers Bangalore,Royal Challengers Bengaluru,bat,Royal Challengers Bangalore,Royal Challengers Bengaluru,10 runs,NA,NA,HV Patel,NA,NA
1082647,2017,2017-05-16,T20,Indian Premier League,Qualifier 1,Wankhede Stadium,Wankhede Stadium,Mumbai,Mumbai,Rising Pune Supergiant,Rising Pune Supergiants,Mumbai Indians,Mumbai Indians,Mumbai Indians,Mumbai Indians,field,Rising Pune Supergiant,Rising Pune Supergiants,20 runs,NA,NA,Washington Sundar,NA,NA
1082648,2017,2017-05-17,T20,Indian Premier League,Eliminator,M Chinnaswamy Stadium,M Chinnaswamy Stadium,Bangalore,Bengaluru,Sunrisers Hyderabad,Sunrisers Hyderabad,Kolkata Knight Riders,Kolkata Knight Riders,Kolkata Knight Riders,Kolkata Knight Riders,field,Kolkata Knight Riders,Kolkata Knight Riders,7 wickets,NA,D/L,NM Coulter-Nile,NA,NA
1082649,2017,2017-05-19,T20,Indian Premier League,Qualifier 2,M Chinnaswamy Stadium,M Chinnaswamy Stadium,Bangalore,Bengaluru,Kolkata Knight Riders,Kolkata Knight Riders,Mumbai Indians,Mumbai Indians,Mumbai Indians,Mumbai Indians,field,Mumbai Indians,Mumbai Indians,6 wickets,NA,NA,KV Sharma,NA,NA
1082650,2017,2017-05-21,T20,Indian Premier League,Final,"Rajiv Gandhi International Stadium, Uppal","Rajiv Gandhi International Stadium, Uppal",Hyderabad,Hyderabad,Mumbai Indians,Mumbai Indians,Rising Pune Supergiant,Rising Pune Supergiants,Mumbai Indians,Mumbai Indians,bat,Mumbai Indians,Mumbai Indians,1 runs,NA,NA,KH Pandya,NA,NA
1136561,2018,2018-04-07,T20,Indian Premier League,Unknown,Wankhede Stadium,Wankhede Stadium,Mumbai,Mumbai,Mumbai Indians,Mumbai Indians,Chennai Super Kings,Chennai Super Kings,Chennai Super Kings,Chennai Super Kings,field,Chennai Super Kings,Chennai Super Kings,1 wickets,NA,NA,DJ Bravo,NA,NA
1136562,2018,2018-04-08,T20,Indian Premier League,Unknown,Punjab Cricket Association IS Bindra Stadium,"Punjab Cricket Association IS Bindra Stadium, Mohali",Chandigarh,Chandigarh,Delhi Daredevils,Delhi Capitals,Kings XI Punjab,Punjab Kings,Kings XI Punjab,Punjab Kings,field,Kings XI Punjab,Punjab Kings,6 wickets,NA,NA,KL Rahul,NA,NA
1136563,2018,2018-04-08,T20,Indian Premier League,Unknown,Eden Gardens,Eden Gardens,Kolkata,Kolkata,Royal Challengers Bangalore,Royal Challengers Bengaluru,Kolkata Knight Riders,Kolkata Knight Riders,Kolkata Knight Riders,Kolkata Knight Riders,field,Kolkata Knight Riders,Kolkata Knight Riders,4 wickets,NA,NA,SP Narine,NA,NA
1136564,2018,2018-04-09,T20,Indian Premier League,Unknown,Rajiv Gandhi International Stadium,"Rajiv Gandhi International Stadium, Uppal",Hyderabad,Hyderabad,Rajasthan Royals,Rajasthan Royals,Sunrisers Hyderabad,Sunrisers Hyderabad,Sunrisers Hyderabad,Sunrisers Hyderabad,field,Sunrisers Hyderabad,Sunrisers Hyderabad,9 wickets,NA,NA,S Dhawan,NA,NA
1136565,2018,2018-04-10,T20,Indian Premier League,Unknown,MA Chidambaram Stadium,MA Chidambaram Stadium,Chennai,Chennai,Kolkata Knight Riders,Kolkata Knight Riders,Chennai Super Kings,Chennai Super Kings,Chennai Super Kings,Chennai Super Kings,field,Chennai Super Kings,Chennai Super Kings,5 wickets,NA,NA,SW Billings,NA,NA
1136566,2018,2018-04-11,T20,Indian Premier League,Unknown,Sawai Mansingh Stadium,Sawai Mansingh Stadium,Jaipur,Jaipur,Rajasthan Royals,Rajasthan Royals,Delhi Daredevils,Delhi Capitals,Delhi Daredevils,Delhi Capitals,field,Rajasthan Royals,Rajasthan Royals,10 runs,NA,D/L,SV Samson,NA,NA
1136567,2018,2018-04-12,T20,Indian Premier League,Unknown,Rajiv Gandhi International Stadium,"Rajiv Gandhi International Stadium, Uppal",Hyderabad,Hyderabad,Mumbai Indians,Mumbai Indians,Sunrisers Hyderabad,Sunrisers Hyderabad,Sunrisers Hyderabad,Sunrisers Hyderabad,field,Sunrisers Hyderabad,Sunrisers Hyderabad,1 wickets,NA,NA,Rashid Khan,NA,NA
1136568,2018,2018-04-13,T20,Indian Premier League,Unknown,M.Chinnaswamy Stadium,M Chinnaswamy Stadium,Bengaluru,Bengaluru,Kings XI Punjab,Punjab Kings,Royal Challengers Bangalore,Royal Challengers Bengaluru,Royal Challengers Bangalore,Royal Challengers Bengaluru,field,Royal Challengers Bangalore,Royal Challengers Bengaluru,4 wickets,NA,NA,UT Yadav,NA,NA
1136569,2018,2018-04-14,T20,Indian Premier League,Unknown,Wankhede Stadium,Wankhede Stadium,Mumbai,Mumbai,Mumbai Indians,Mumbai Indians,Delhi Daredevils,Delhi Capitals,Delhi Daredevils,Delhi Capitals,field,Delhi Daredevils,Delhi Capitals,7 wickets,NA,NA,JJ Roy,NA,NA
1136570,2018,2018-04-14,T20,Indian Premier League,Unknown,Eden Gardens,Eden Gardens,Kolkata,Kolkata,Kolkata Knight Riders,Kolkata Knight Riders,Sunrisers Hyderabad,Sunrisers Hyderabad,Sunrisers Hyderabad,Sunrisers Hyderabad,field,Sunrisers Hyderabad,Sunrisers Hyderabad,5 wickets,NA,NA,B Stanlake,NA,NA
1136571,2018,2018-04-15,T20,Indian Premier League,Unknown,M.Chinnaswamy Stadium,M Chinnaswamy Stadium,Bengaluru,Bengaluru,Rajasthan Royals,Rajasthan Royals,Royal Challengers Bangalore,Royal Challengers Bengaluru,Royal Challengers Bangalore,Royal Challengers Bengaluru,field,Rajasthan Royals,Rajasthan Royals,19 runs,NA,NA,SV Samson,NA,NA
1136572,2018,2018-04-15,T20,Indian Premier League,Unknown,Punjab Cricket Association IS Bindra Stadium,"Punjab Cricket Association IS Bindra Stadium, Mohali",Chandigarh,Chandigarh,Kings XI Punjab,Punjab Kings,Chennai Super Kings,Chennai Super Kings,Chennai Super Kings,Chennai Super Kings,field,Kings XI Punjab,Punjab Kings,4 runs,NA,NA,CH Gayle,NA,NA
1136573,2018,2018-04-16,T20,Indian Premier League,Unknown,Eden Gardens,Eden Gardens,Kolkata,Kolkata,Kolkata Knight Riders,Kolkata Knight Riders,Delhi Daredevils,Delhi Capitals,Delhi Daredevils,Delhi Capitals,field,Kolkata Knight Riders,Kolkata Knight Riders,71 runs,NA,NA,N Rana,NA,NA
1136574,2018,2018-04-17,T20,Indian Premier League,Unknown,Wankhede Stadium,Wankhede Stadium,Mumbai,Mumbai,Mumbai Indians,Mumbai Indians,Royal Challengers Bangalore,Royal Challengers Bengaluru,Royal Challengers Bangalore,Royal Challengers Bengaluru,field,Mumbai Indians,Mumbai Indians,46 runs,NA,NA,RG Sharma,NA,NA
1136575,2018,2018-04-18,T20,Indian Premier League,Unknown,Sawai Mansingh Stadium,Sawai Mansingh Stadium,Jaipur,Jaipur,Rajasthan Royals,Rajasthan Royals,Kolkata Knight Riders,Kolkata Knight Riders,Kolkata Knight Riders,Kolkata Knight Riders,field,Kolkata Knight Riders,Kolkata Knight Riders,7 wickets,NA,NA,N Rana,NA,NA
1136576,2018,2018-04-19,T20,Indian Premier League,Unknown,Punjab Cricket Association IS Bindra Stadium,"Punjab Cricket Association IS Bindra Stadium, Mohali",Chandigarh,Chandigarh,Kings XI Punjab,Punjab Kings,Sunrisers Hyderabad,Sunrisers Hyderabad,Kings XI Punjab,Punjab Kings,bat,Kings XI Punjab,Punjab Kings,15 runs,NA,NA,CH Gayle,NA,NA
1136577,2018,2018-04-20,T20,Indian Premier League,Unknown,Maharashtra Cricket Association Stadium,Maharashtra Cricket Association Stadium,Pune,Pune,Chennai Super Kings,Chennai Super Kings,Rajasthan Royals,Rajasthan Royals,Rajasthan Royals,Rajasthan Royals,field,Chennai Super Kings,Chennai Super Kings,64 runs,NA,NA,SR Watson,NA,NA
1136578,2018,2018-04-21,T20,Indian Premier League,Unknown,Eden Gardens,Eden Gardens,Kolkata,Kolkata,Kolkata Knight Riders,Kolkata Knight Riders,Kings XI Punjab,Punjab Kings,Kings XI Punjab,Punjab Kings,field,Kings XI Punjab,Punjab Kings,9 wickets,NA,D/L,KL Rahul,NA,NA
1136579,2018,2018-04-21,T20,Indian Premier League,Unknown,M.Chinnaswamy Stadium,M Chinnaswamy Stadium,Bengaluru,Bengaluru,Delhi Daredevils,Delhi Capitals,Royal Challengers Bangalore,Royal Challengers Bengaluru,Royal Challengers Bangalore,Royal Challengers Bengaluru,field,Royal Challengers Bangalore,Royal Challengers Bengaluru,6 wickets,NA,NA,AB de Villiers,NA,NA
1136580,2018,2018-04-22,T20,Indian Premier League,Unknown,Rajiv Gandhi International Stadium,"Rajiv Gandhi International Stadium, Uppal",Hyderabad,Hyderabad,Chennai Super Kings,Chennai Super Kings,Sunrisers Hyderabad,Sunrisers Hyderabad,Sunrisers Hyderabad,Sunrisers Hyderabad,field,Chennai Super Kings,Chennai Super Kings,4 runs,NA,NA,AT Rayudu,NA,NA
1136581,2018,2018-04-22,T20,Indian Premier League,Unknown,Sawai Mansingh Stadium,Sawai Mansingh Stadium,Jaipur,Jaipur,Mumbai Indians,Mumbai Indians,Rajasthan Royals,Rajasthan Royals,Mumbai Indians,Mumbai Indians,bat,Rajasthan Royals,Rajasthan Royals,3 wickets,NA,NA,JC Archer,NA,NA
1136582,2018,2018-04-23,T20,Indian Premier League,Unknown,Arun Jaitley Stadium,Arun Jaitley Stadium,Delhi,Delhi,Kings XI Punjab,Punjab Kings,Delhi Daredevils,Delhi Capitals,Delhi Daredevils,Delhi Capitals,field,Kings XI Punjab,Punjab Kings,4 runs,NA,NA,AS Rajpoot,NA,NA
1136583,2018,2018-04-24,T20,Indian Premier League,Unknown,Wankhede Stadium,Wankhede Stadium,Mumbai,Mumbai,Sunrisers Hyderabad,Sunrisers Hyderabad,Mumbai Indians,Mumbai Indians,Mumbai Indians,Mumbai Indians,field,Sunrisers Hyderabad,Sunrisers Hyderabad,31 runs,NA,NA,Rashid Khan,NA,NA
1136584,2018,2018-04-25,T20,Indian Premier League,Unknown,M.Chinnaswamy Stadium,M Chinnaswamy Stadium,Bengaluru,Bengaluru,Royal Challengers Bangalore,Royal Challengers Bengaluru,Chennai Super Kings,Chennai Super Kings,Chennai Super Kings,Chennai Super Kings,field,Chennai Super Kings,Chennai Super Kings,5 wickets,NA,NA,MS Dhoni,NA,NA
1136585,2018,2018-04-26,T20,Indian Premier League,Unknown,Rajiv Gandhi International Stadium,"Rajiv Gandhi International Stadium, Uppal",Hyderabad,Hyderabad,Sunrisers Hyderabad,Sunrisers Hyderabad,Kings XI Punjab,Punjab Kings,Kings XI Punjab,Punjab Kings,field,Sunrisers Hyderabad,Sunrisers Hyderabad,13 runs,NA,NA,AS Rajpoot,NA,NA
1136586,2018,2018-04-27,T20,Indian Premier League,Unknown,Arun Jaitley Stadium,Arun Jaitley Stadium,Delhi,Delhi,Delhi Daredevils,Delhi Capitals,Kolkata Knight Riders,Kolkata Knight Riders,Kolkata Knight Riders,Kolkata Knight Riders,field,Delhi Daredevils,Delhi Capitals,55 runs,NA,NA,SS Iyer,NA,NA
1136587,2018,2018-04-28,T20,Indian Premier League,Unknown,Maharashtra Cricket Association Stadium,Maharashtra Cricket Association Stadium,Pune,Pune,Chennai Super Kings,Chennai Super Kings,Mumbai Indians,Mumbai Indians,Mumbai Indians,Mumbai Indians,field,Mumbai Indians,Mumbai Indians,8 wickets,NA,NA,RG Sharma,NA,NA
1136588,2018,2018-04-29,T20,Indian Premier League,Unknown,Sawai Mansingh Stadium,Sawai Mansingh Stadium,Jaipur,Jaipur,Sunrisers Hyderabad,Sunrisers Hyderabad,Rajasthan Royals,Rajasthan Royals,Sunrisers Hyderabad,Sunrisers Hyderabad,bat,Sunrisers Hyderabad,Sunrisers Hyderabad,11 runs,NA,NA,KS Williamson,NA,NA
1136589,2018,2018-04-29,T20,Indian Premier League,Unknown,M.Chinnaswamy Stadium,M Chinnaswamy Stadium,Bengaluru,Bengaluru,Royal Challengers Bangalore,Royal Challengers Bengaluru,Kolkata Knight Riders,Kolkata Knight Riders,Kolkata Knight Riders,Kolkata Knight Riders,field,Kolkata Knight Riders,Kolkata Knight Riders,6 wickets,NA,NA,CA Lynn,NA,NA
1136590,2018,2018-04-30,T20,Indian Premier League,Unknown,Maharashtra Cricket Association Stadium,Maharashtra Cricket Association Stadium,Pune,Pune,Chennai Super Kings,Chennai Super Kings,Delhi Daredevils,Delhi Capitals,Delhi Daredevils,Delhi Capitals,field,Chennai Super Kings,Chennai Super Kings,13 runs,NA,NA,SR Watson,NA,NA
1136591,2018,2018-05-01,T20,Indian Premier League,Unknown,M.Chinnaswamy Stadium,M Chinnaswamy Stadium,Bengaluru,Bengaluru,Royal Challengers Bangalore,Royal Challengers Bengaluru,Mumbai Indians,Mumbai Indians,Mumbai Indians,Mumbai Indians,field,Royal Challengers Bangalore,Royal Challengers Bengaluru,14 runs,NA,NA,TG Southee,NA,NA
1136592,2018,2018-05-02,T20,Indian Premier League,Unknown,Arun Jaitley Stadium,Arun Jaitley Stadium,Delhi,Delhi,Delhi Daredevils,Delhi Capitals,Rajasthan Royals,Rajasthan Royals,Rajasthan Royals,Rajasthan Royals,field,Delhi Daredevils,Delhi Capitals,4 runs,NA,D/L,RR Pant,NA,NA
1136593,2018,2018-05-03,T20,Indian Premier League,Unknown,Eden Gardens,Eden Gardens,Kolkata,Kolkata,Chennai Super Kings,Chennai Super Kings,Kolkata Knight Riders,Kolkata Knight Riders,Kolkata Knight Riders,Kolkata Knight Riders,field,Kolkata Knight Riders,Kolkata Knight Riders,6 wickets,NA,NA,SP Narine,NA,NA
1136594,2018,2018-05-04,T20,Indian Premier League,Unknown,Holkar Cricket Stadium,Holkar Cricket Stadium,Indore,Indore,Kings XI Punjab,Punjab Kings,Mumbai Indians,Mumbai Indians,Mumbai Indians,Mumbai Indians,field,Mumbai Indians,Mumbai Indians,6 wickets,NA,NA,SA Yadav,NA,NA
1136595,2018,2018-05-05,T20,Indian Premier League,Unknown,Maharashtra Cricket Association Stadium,Maharashtra Cricket Association Stadium,Pune,Pune,Royal Challengers Bangalore,Royal Challengers Bengaluru,Chennai Super Kings,Chennai Super Kings,Chennai Super Kings,Chennai Super Kings,field,Chennai Super Kings,Chennai Super Kings,6 wickets,NA,NA,RA Jadeja,NA,NA
1136596,2018,2018-05-05,T20,Indian Premier League,Unknown,Rajiv Gandhi International Stadium,"Rajiv Gandhi International Stadium, Uppal",Hyderabad,Hyderabad,Delhi Daredevils,Delhi Capitals,Sunrisers Hyderabad,Sunrisers Hyderabad,Delhi Daredevils,Delhi Capitals,bat,Sunrisers Hyderabad,Sunrisers Hyderabad,7 wickets,NA,NA,Rashid Khan,NA,NA
1136597,2018,2018-05-06,T20,Indian Premier League,Unknown,Wankhede Stadium,Wankhede Stadium,Mumbai,Mumbai,Mumbai Indians,Mumbai Indians,Kolkata Knight Riders,Kolkata Knight Riders,Kolkata Knight Riders,Kolkata Knight Riders,field,Mumbai Indians,Mumbai Indians,13 runs,NA,NA,HH Pandya,NA,NA
1136598,2018,2018-05-06,T20,Indian Premier League,Unknown,Holkar Cricket Stadium,Holkar Cricket Stadium,Indore,Indore,Rajasthan Royals,Rajasthan Royals,Kings XI Punjab,Punjab Kings,Kings XI Punjab,Punjab Kings,field,Kings XI Punjab,Punjab Kings,6 wickets,NA,NA,Mujeeb Ur Rahman,NA,NA
1136599,2018,2018-05-07,T20,Indian Premier League,Unknown,Rajiv Gandhi International Stadium,"Rajiv Gandhi International Stadium, Uppal",Hyderabad,Hyderabad,Sunrisers Hyderabad,Sunrisers Hyderabad,Royal Challengers Bangalore,Royal Challengers Bengaluru,Royal Challengers Bangalore,Royal Challengers Bengaluru,field,Sunrisers Hyderabad,Sunrisers Hyderabad,5 runs,NA,NA,KS Williamson,NA,NA
1136600,2018,2018-05-08,T20,Indian Premier League,Unknown,Sawai Mansingh Stadium,Sawai Mansingh Stadium,Jaipur,Jaipur,Rajasthan Royals,Rajasthan Royals,Kings XI Punjab,Punjab Kings,Rajasthan Royals,Rajasthan Royals,bat,Rajasthan Royals,Rajasthan Royals,15 runs,NA,NA,JC Buttler,NA,NA
1136601,2018,2018-05-09,T20,Indian Premier League,Unknown,Eden Gardens,Eden Gardens,Kolkata,Kolkata,Mumbai Indians,Mumbai Indians,Kolkata Knight Riders,Kolkata Knight Riders,Kolkata Knight Riders,Kolkata Knight Riders,field,Mumbai Indians,Mumbai Indians,102 runs,NA,NA,Ishan Kishan,NA,NA
1136602,2018,2018-05-10,T20,Indian Premier League,Unknown,Arun Jaitley Stadium,Arun Jaitley Stadium,Delhi,Delhi,Delhi Daredevils,Delhi Capitals,Sunrisers Hyderabad,Sunrisers Hyderabad,Delhi Daredevils,Delhi Capitals,bat,Sunrisers Hyderabad,Sunrisers Hyderabad,9 wickets,NA,NA,S Dhawan,NA,NA
1136603,2018,2018-05-11,T20,Indian Premier League,Unknown,Sawai Mansingh Stadium,Sawai Mansingh Stadium,Jaipur,Jaipur,Chennai Super Kings,Chennai Super Kings,Rajasthan Royals,Rajasthan Royals,Chennai Super Kings,Chennai Super Kings,bat,Rajasthan Royals,Rajasthan Royals,4 wickets,NA,NA,JC Buttler,NA,NA
1136604,2018,2018-05-12,T20,Indian Premier League,Unknown,Holkar Cricket Stadium,Holkar Cricket Stadium,Indore,Indore,Kolkata Knight Riders,Kolkata Knight Riders,Kings XI Punjab,Punjab Kings,Kings XI Punjab,Punjab Kings,field,Kolkata Knight Riders,Kolkata Knight Riders,31 runs,NA,NA,SP Narine,NA,NA
1136605,2018,2018-05-12,T20,Indian Premier League,Unknown,Arun Jaitley Stadium,Arun Jaitley Stadium,Delhi,Delhi,Delhi Daredevils,Delhi Capitals,Royal Challengers Bangalore,Royal Challengers Bengaluru,Royal Challengers Bangalore,Royal Challengers Bengaluru,field,Royal Challengers Bangalore,Royal Challengers Bengaluru,5 wickets,NA,NA,AB de Villiers,NA,NA
1136606,2018,2018-05-13,T20,Indian Premier League,Unknown,Maharashtra Cricket Association Stadium,Maharashtra Cricket Association Stadium,Pune,Pune,Sunrisers Hyderabad,Sunrisers Hyderabad,Chennai Super Kings,Chennai Super Kings,Chennai Super Kings,Chennai Super Kings,field,Chennai Super Kings,Chennai Super Kings,8 wickets,NA,NA,AT Rayudu,NA,NA
1136607,2018,2018-05-13,T20,Indian Premier League,Unknown,Wankhede Stadium,Wankhede Stadium,Mumbai,Mumbai,Mumbai Indians,Mumbai Indians,Rajasthan Royals,Rajasthan Royals,Rajasthan Royals,Rajasthan Royals,field,Rajasthan Royals,Rajasthan Royals,7 wickets,NA,NA,JC Buttler,NA,NA
1136608,2018,2018-05-14,T20,Indian Premier League,Unknown,Holkar Cricket Stadium,Holkar Cricket Stadium,Indore,Indore,Kings XI Punjab,Punjab Kings,Royal Challengers Bangalore,Royal Challengers Bengaluru,Royal Challengers Bangalore,Royal Challengers Bengaluru,field,Royal Challengers Bangalore,Royal Challengers Bengaluru,10 wickets,NA,NA,UT Yadav,NA,NA
1136609,2018,2018-05-15,T20,Indian Premier League,Unknown,Eden Gardens,Eden Gardens,Kolkata,Kolkata,Rajasthan Royals,Rajasthan Royals,Kolkata Knight Riders,Kolkata Knight Riders,Kolkata Knight Riders,Kolkata Knight Riders,field,Kolkata Knight Riders,Kolkata Knight Riders,6 wickets,NA,NA,Kuldeep Yadav,NA,NA
1136610,2018,2018-05-16,T20,Indian Premier League,Unknown,Wankhede Stadium,Wankhede Stadium,Mumbai,Mumbai,Mumbai Indians,Mumbai Indians,Kings XI Punjab,Punjab Kings,Kings XI Punjab,Punjab Kings,field,Mumbai Indians,Mumbai Indians,3 runs,NA,NA,JJ Bumrah,NA,NA
1136611,2018,2018-05-17,T20,Indian Premier League,Unknown,M.Chinnaswamy Stadium,M Chinnaswamy Stadium,Bengaluru,Bengaluru,Royal Challengers Bangalore,Royal Challengers Bengaluru,Sunrisers Hyderabad,Sunrisers Hyderabad,Sunrisers Hyderabad,Sunrisers Hyderabad,field,Royal Challengers Bangalore,Royal Challengers Bengaluru,14 runs,NA,NA,AB de Villiers,NA,NA
1136612,2018,2018-05-18,T20,Indian Premier League,Unknown,Arun Jaitley Stadium,Arun Jaitley Stadium,Delhi,Delhi,Delhi Daredevils,Delhi Capitals,Chennai Super Kings,Chennai Super Kings,Chennai Super Kings,Chennai Super Kings,field,Delhi Daredevils,Delhi Capitals,34 runs,NA,NA,HV Patel,NA,NA
1136613,2018,2018-05-19,T20,Indian Premier League,Unknown,Sawai Mansingh Stadium,Sawai Mansingh Stadium,Jaipur,Jaipur,Rajasthan Royals,Rajasthan Royals,Royal Challengers Bangalore,Royal Challengers Bengaluru,Rajasthan Royals,Rajasthan Royals,bat,Rajasthan Royals,Rajasthan Royals,30 runs,NA,NA,S Gopal,NA,NA
1136614,2018,2018-05-19,T20,Indian Premier League,Unknown,Rajiv Gandhi International Stadium,"Rajiv Gandhi International Stadium, Uppal",Hyderabad,Hyderabad,Sunrisers Hyderabad,Sunrisers Hyderabad,Kolkata Knight Riders,Kolkata Knight Riders,Sunrisers Hyderabad,Sunrisers Hyderabad,bat,Kolkata Knight Riders,Kolkata Knight Riders,5 wickets,NA,NA,CA Lynn,NA,NA
1136615,2018,2018-05-20,T20,Indian Premier League,Unknown,Arun Jaitley Stadium,Arun Jaitley Stadium,Delhi,Delhi,Delhi Daredevils,Delhi Capitals,Mumbai Indians,Mumbai Indians,Delhi Daredevils,Delhi Capitals,bat,Delhi Daredevils,Delhi Capitals,11 runs,NA,NA,A Mishra,NA,NA
1136616,2018,2018-05-20,T20,Indian Premier League,Unknown,Maharashtra Cricket Association Stadium,Maharashtra Cricket Association Stadium,Pune,Pune,Kings XI Punjab,Punjab Kings,Chennai Super Kings,Chennai Super Kings,Chennai Super Kings,Chennai Super Kings,field,Chennai Super Kings,Chennai Super Kings,5 wickets,NA,NA,L Ngidi,NA,NA
1136617,2018,2018-05-22,T20,Indian Premier League,Qualifier 1,Wankhede Stadium,Wankhede Stadium,Mumbai,Mumbai,Sunrisers Hyderabad,Sunrisers Hyderabad,Chennai Super Kings,Chennai Super Kings,Chennai Super Kings,Chennai Super Kings,field,Chennai Super Kings,Chennai Super Kings,2 wickets,NA,NA,F du Plessis,NA,NA
1136618,2018,2018-05-23,T20,Indian Premier League,Eliminator,Eden Gardens,Eden Gardens,Kolkata,Kolkata,Kolkata Knight Riders,Kolkata Knight Riders,Rajasthan Royals,Rajasthan Royals,Rajasthan Royals,Rajasthan Royals,field,Kolkata Knight Riders,Kolkata Knight Riders,25 runs,NA,NA,AD Russell,NA,NA
1136619,2018,2018-05-25,T20,Indian Premier League,Qualifier 2,Eden Gardens,Eden Gardens,Kolkata,Kolkata,Sunrisers Hyderabad,Sunrisers Hyderabad,Kolkata Knight Riders,Kolkata Knight Riders,Kolkata Knight Riders,Kolkata Knight Riders,field,Sunrisers Hyderabad,Sunrisers Hyderabad,14 runs,NA,NA,Rashid Khan,NA,NA
1136620,2018,2018-05-27,T20,Indian Premier League,Final,Wankhede Stadium,Wankhede Stadium,Mumbai,Mumbai,Sunrisers Hyderabad,Sunrisers Hyderabad,Chennai Super Kings,Chennai Super Kings,Chennai Super Kings,Chennai Super Kings,field,Chennai Super Kings,Chennai Super Kings,8 wickets,NA,NA,SR Watson,NA,NA
1175356,2019,2019-03-23,T20,Indian Premier League,Unknown,MA Chidambaram Stadium,MA Chidambaram Stadium,Chennai,Chennai,Royal Challengers Bangalore,Royal Challengers Bengaluru,Chennai Super Kings,Chennai Super Kings,Chennai Super Kings,Chennai Super Kings,field,Chennai Super Kings,Chennai Super Kings,7 wickets,NA,NA,Harbhajan Singh,NA,NA
1175357,2019,2019-03-24,T20,Indian Premier League,Unknown,Eden Gardens,Eden Gardens,Kolkata,Kolkata,Sunrisers Hyderabad,Sunrisers Hyderabad,Kolkata Knight Riders,Kolkata Knight Riders,Kolkata Knight Riders,Kolkata Knight Riders,field,Kolkata Knight Riders,Kolkata Knight Riders,6 wickets,NA,NA,AD Russell,NA,NA
1175358,2019,2019-03-24,T20,Indian Premier League,Unknown,Wankhede Stadium,Wankhede Stadium,Mumbai,Mumbai,Delhi Capitals,Delhi Capitals,Mumbai Indians,Mumbai Indians,Mumbai Indians,Mumbai Indians,field,Delhi Capitals,Delhi Capitals,37 runs,NA,NA,RR Pant,NA,NA
1175359,2019,2019-03-25,T20,Indian Premier League,Unknown,Sawai Mansingh Stadium,Sawai Mansingh Stadium,Jaipur,Jaipur,Kings XI Punjab,Punjab Kings,Rajasthan Royals,Rajasthan Royals,Rajasthan Royals,Rajasthan Royals,field,Kings XI Punjab,Punjab Kings,14 runs,NA,NA,CH Gayle,NA,NA
1175360,2019,2019-03-26,T20,Indian Premier League,Unknown,Arun Jaitley Stadium,Arun Jaitley Stadium,Delhi,Delhi,Delhi Capitals,Delhi Capitals,Chennai Super Kings,Chennai Super Kings,Delhi Capitals,Delhi Capitals,bat,Chennai Super Kings,Chennai Super Kings,6 wickets,NA,NA,SR Watson,NA,NA
1175361,2019,2019-03-27,T20,Indian Premier League,Unknown,Eden Gardens,Eden Gardens,Kolkata,Kolkata,Kolkata Knight Riders,Kolkata Knight Riders,Kings XI Punjab,Punjab Kings,Kings XI Punjab,Punjab Kings,field,Kolkata Knight Riders,Kolkata Knight Riders,28 runs,NA,NA,AD Russell,NA,NA
1175362,2019,2019-03-28,T20,Indian Premier League,Unknown,M.Chinnaswamy Stadium,M Chinnaswamy Stadium,Bengaluru,Bengaluru,Mumbai Indians,Mumbai Indians,Royal Challengers Bangalore,Royal Challengers Bengaluru,Royal Challengers Bangalore,Royal Challengers Bengaluru,field,Mumbai Indians,Mumbai Indians,6 runs,NA,NA,JJ Bumrah,NA,NA
1175363,2019,2019-03-29,T20,Indian Premier League,Unknown,Rajiv Gandhi International Stadium,"Rajiv Gandhi International Stadium, Uppal",Hyderabad,Hyderabad,Rajasthan Royals,Rajasthan Royals,Sunrisers Hyderabad,Sunrisers Hyderabad,Rajasthan Royals,Rajasthan Royals,bat,Sunrisers Hyderabad,Sunrisers Hyderabad,5 wickets,NA,NA,Rashid Khan,NA,NA
1175364,2019,2019-03-30,T20,Indian Premier League,Unknown,Punjab Cricket Association IS Bindra Stadium,"Punjab Cricket Association IS Bindra Stadium, Mohali",Chandigarh,Chandigarh,Mumbai Indians,Mumbai Indians,Kings XI Punjab,Punjab Kings,Kings XI Punjab,Punjab Kings,field,Kings XI Punjab,Punjab Kings,8 wickets,NA,NA,MA Agarwal,NA,NA
1175365,2019,2019-03-30,T20,Indian Premier League,Unknown,Arun Jaitley Stadium,Arun Jaitley Stadium,Delhi,Delhi,Kolkata Knight Riders,Kolkata Knight Riders,Delhi Capitals,Delhi Capitals,Delhi Capitals,Delhi Capitals,field,Unknown,Unknown,,tie,NA,PP Shaw,Delhi Capitals,Delhi Capitals
1175366,2019,2019-03-31,T20,Indian Premier League,Unknown,Rajiv Gandhi International Stadium,"Rajiv Gandhi International Stadium, Uppal",Hyderabad,Hyderabad,Sunrisers Hyderabad,Sunrisers Hyderabad,Royal Challengers Bangalore,Royal Challengers Bengaluru,Royal Challengers Bangalore,Royal Challengers Bengaluru,field,Sunrisers Hyderabad,Sunrisers Hyderabad,118 runs,NA,NA,JM Bairstow,NA,NA
1175367,2019,2019-03-31,T20,Indian Premier League,Unknown,MA Chidambaram Stadium,MA Chidambaram Stadium,Chennai,Chennai,Chennai Super Kings,Chennai Super Kings,Rajasthan Royals,Rajasthan Royals,Rajasthan Royals,Rajasthan Royals,field,Chennai Super Kings,Chennai Super Kings,8 runs,NA,NA,MS Dhoni,NA,NA
1175368,2019,2019-04-01,T20,Indian Premier League,Unknown,Punjab Cricket Association IS Bindra Stadium,"Punjab Cricket Association IS Bindra Stadium, Mohali",Chandigarh,Chandigarh,Kings XI Punjab,Punjab Kings,Delhi Capitals,Delhi Capitals,Delhi Capitals,Delhi Capitals,field,Kings XI Punjab,Punjab Kings,14 runs,NA,NA,SM Curran,NA,NA
1175369,2019,2019-04-02,T20,Indian Premier League,Unknown,Sawai Mansingh Stadium,Sawai Mansingh Stadium,Jaipur,Jaipur,Royal Challengers Bangalore,Royal Challengers Bengaluru,Rajasthan Royals,Rajasthan Royals,Rajasthan Royals,Rajasthan Royals,field,Rajasthan Royals,Rajasthan Royals,7 wickets,NA,NA,S Gopal,NA,NA
1175370,2019,2019-04-03,T20,Indian Premier League,Unknown,Wankhede Stadium,Wankhede Stadium,Mumbai,Mumbai,Mumbai Indians,Mumbai Indians,Chennai Super Kings,Chennai Super Kings,Chennai Super Kings,Chennai Super Kings,field,Mumbai Indians,Mumbai Indians,37 runs,NA,NA,HH Pandya,NA,NA
1175371,2019,2019-04-04,T20,Indian Premier League,Unknown,Arun Jaitley Stadium,Arun Jaitley Stadium,Delhi,Delhi,Delhi Capitals,Delhi Capitals,Sunrisers Hyderabad,Sunrisers Hyderabad,Sunrisers Hyderabad,Sunrisers Hyderabad,field,Sunrisers Hyderabad,Sunrisers Hyderabad,5 wickets,NA,NA,JM Bairstow,NA,NA
1175372,2019,2019-04-05,T20,Indian Premier League,Unknown,M.Chinnaswamy Stadium,M Chinnaswamy Stadium,Bengaluru,Bengaluru,Royal Challengers Bangalore,Royal Challengers Bengaluru,Kolkata Knight Riders,Kolkata Knight Riders,Kolkata Knight Riders,Kolkata Knight Riders,field,Kolkata Knight Riders,Kolkata Knight Riders,5 wickets,NA,NA,AD Russell,NA,NA
1178393,2019,2019-04-06,T20,Indian Premier League,Unknown,MA Chidambaram Stadium,MA Chidambaram Stadium,Chennai,Chennai,Chennai Super Kings,Chennai Super Kings,Kings XI Punjab,Punjab Kings,Chennai Super Kings,Chennai Super Kings,bat,Chennai Super Kings,Chennai Super Kings,22 runs,NA,NA,Harbhajan Singh,NA,NA
1178394,2019,2019-04-06,T20,Indian Premier League,Unknown,Rajiv Gandhi International Stadium,"Rajiv Gandhi International Stadium, Uppal",Hyderabad,Hyderabad,Mumbai Indians,Mumbai Indians,Sunrisers Hyderabad,Sunrisers Hyderabad,Sunrisers Hyderabad,Sunrisers Hyderabad,field,Mumbai Indians,Mumbai Indians,40 runs,NA,NA,AS Joseph,NA,NA
1178395,2019,2019-04-07,T20,Indian Premier League,Unknown,M.Chinnaswamy Stadium,M Chinnaswamy Stadium,Bengaluru,Bengaluru,Royal Challengers Bangalore,Royal Challengers Bengaluru,Delhi Capitals,Delhi Capitals,Delhi Capitals,Delhi Capitals,field,Delhi Capitals,Delhi Capitals,4 wickets,NA,NA,K Rabada,NA,NA
1178396,2019,2019-04-07,T20,Indian Premier League,Unknown,Sawai Mansingh Stadium,Sawai Mansingh Stadium,Jaipur,Jaipur,Rajasthan Royals,Rajasthan Royals,Kolkata Knight Riders,Kolkata Knight Riders,Kolkata Knight Riders,Kolkata Knight Riders,field,Kolkata Knight Riders,Kolkata Knight Riders,8 wickets,NA,NA,HF Gurney,NA,NA
1178397,2019,2019-04-08,T20,Indian Premier League,Unknown,Punjab Cricket Association IS Bindra Stadium,"Punjab Cricket Association IS Bindra Stadium, Mohali",Chandigarh,Chandigarh,Sunrisers Hyderabad,Sunrisers Hyderabad,Kings XI Punjab,Punjab Kings,Kings XI Punjab,Punjab Kings,field,Kings XI Punjab,Punjab Kings,6 wickets,NA,NA,KL Rahul,NA,NA
1178398,2019,2019-04-09,T20,Indian Premier League,Unknown,MA Chidambaram Stadium,MA Chidambaram Stadium,Chennai,Chennai,Kolkata Knight Riders,Kolkata Knight Riders,Chennai Super Kings,Chennai Super Kings,Chennai Super Kings,Chennai Super Kings,field,Chennai Super Kings,Chennai Super Kings,7 wickets,NA,NA,DL Chahar,NA,NA
1178399,2019,2019-04-10,T20,Indian Premier League,Unknown,Wankhede Stadium,Wankhede Stadium,Mumbai,Mumbai,Kings XI Punjab,Punjab Kings,Mumbai Indians,Mumbai Indians,Mumbai Indians,Mumbai Indians,field,Mumbai Indians,Mumbai Indians,3 wickets,NA,NA,KA Pollard,NA,NA
1178400,2019,2019-04-11,T20,Indian Premier League,Unknown,Sawai Mansingh Stadium,Sawai Mansingh Stadium,Jaipur,Jaipur,Rajasthan Royals,Rajasthan Royals,Chennai Super Kings,Chennai Super Kings,Chennai Super Kings,Chennai Super Kings,field,Chennai Super Kings,Chennai Super Kings,4 wickets,NA,NA,MS Dhoni,NA,NA
1178401,2019,2019-04-12,T20,Indian Premier League,Unknown,Eden Gardens,Eden Gardens,Kolkata,Kolkata,Kolkata Knight Riders,Kolkata Knight Riders,Delhi Capitals,Delhi Capitals,Delhi Capitals,Delhi Capitals,field,Delhi Capitals,Delhi Capitals,7 wickets,NA,NA,S Dhawan,NA,NA
1178402,2019,2019-04-13,T20,Indian Premier League,Unknown,Wankhede Stadium,Wankhede Stadium,Mumbai,Mumbai,Mumbai Indians,Mumbai Indians,Rajasthan Royals,Rajasthan Royals,Rajasthan Royals,Rajasthan Royals,field,Rajasthan Royals,Rajasthan Royals,4 wickets,NA,NA,JC Buttler,NA,NA
1178403,2019,2019-04-13,T20,Indian Premier League,Unknown,Punjab Cricket Association IS Bindra Stadium,"Punjab Cricket Association IS Bindra Stadium, Mohali",Chandigarh,Chandigarh,Kings XI Punjab,Punjab Kings,Royal Challengers Bangalore,Royal Challengers Bengaluru,Royal Challengers Bangalore,Royal Challengers Bengaluru,field,Royal Challengers Bangalore,Royal Challengers Bengaluru,8 wickets,NA,NA,AB de Villiers,NA,NA
1178404,2019,2019-04-14,T20,Indian Premier League,Unknown,Eden Gardens,Eden Gardens,Kolkata,Kolkata,Kolkata Knight Riders,Kolkata Knight Riders,Chennai Super Kings,Chennai Super Kings,Chennai Super Kings,Chennai Super Kings,field,Chennai Super Kings,Chennai Super Kings,5 wickets,NA,NA,Imran Tahir,NA,NA
1178405,2019,2019-04-14,T20,Indian Premier League,Unknown,Rajiv Gandhi International Stadium,"Rajiv Gandhi International Stadium, Uppal",Hyderabad,Hyderabad,Delhi Capitals,Delhi Capitals,Sunrisers Hyderabad,Sunrisers Hyderabad,Sunrisers Hyderabad,Sunrisers Hyderabad,field,Delhi Capitals,Delhi Capitals,39 runs,NA,NA,KMA Paul,NA,NA
1178406,2019,2019-04-15,T20,Indian Premier League,Unknown,Wankhede Stadium,Wankhede Stadium,Mumbai,Mumbai,Royal Challengers Bangalore,Royal Challengers Bengaluru,Mumbai Indians,Mumbai Indians,Mumbai Indians,Mumbai Indians,field,Mumbai Indians,Mumbai Indians,5 wickets,NA,NA,SL Malinga,NA,NA
1178407,2019,2019-04-16,T20,Indian Premier League,Unknown,Punjab Cricket Association IS Bindra Stadium,"Punjab Cricket Association IS Bindra Stadium, Mohali",Chandigarh,Chandigarh,Kings XI Punjab,Punjab Kings,Rajasthan Royals,Rajasthan Royals,Rajasthan Royals,Rajasthan Royals,field,Kings XI Punjab,Punjab Kings,12 runs,NA,NA,R Ashwin,NA,NA
1178408,2019,2019-04-17,T20,Indian Premier League,Unknown,Rajiv Gandhi International Stadium,"Rajiv Gandhi International Stadium, Uppal",Hyderabad,Hyderabad,Chennai Super Kings,Chennai Super Kings,Sunrisers Hyderabad,Sunrisers Hyderabad,Chennai Super Kings,Chennai Super Kings,bat,Sunrisers Hyderabad,Sunrisers Hyderabad,6 wickets,NA,NA,DA Warner,NA,NA
1178409,2019,2019-04-18,T20,Indian Premier League,Unknown,Arun Jaitley Stadium,Arun Jaitley Stadium,Delhi,Delhi,Mumbai Indians,Mumbai Indians,Delhi Capitals,Delhi Capitals,Mumbai Indians,Mumbai Indians,bat,Mumbai Indians,Mumbai Indians,40 runs,NA,NA,HH Pandya,NA,NA
1178410,2019,2019-04-19,T20,Indian Premier League,Unknown,Eden Gardens,Eden Gardens,Kolkata,Kolkata,Royal Challengers Bangalore,Royal Challengers Bengaluru,Kolkata Knight Riders,Kolkata Knight Riders,Kolkata Knight Riders,Kolkata Knight Riders,field,Royal Challengers Bangalore,Royal Challengers Bengaluru,10 runs,NA,NA,V Kohli,NA,NA
1178411,2019,2019-04-20,T20,Indian Premier League,Unknown,Sawai Mansingh Stadium,Sawai Mansingh Stadium,Jaipur,Jaipur,Mumbai Indians,Mumbai Indians,Rajasthan Royals,Rajasthan Royals,Rajasthan Royals,Rajasthan Royals,field,Rajasthan Royals,Rajasthan Royals,5 wickets,NA,NA,SPD Smith,NA,NA
1178412,2019,2019-04-20,T20,Indian Premier League,Unknown,Arun Jaitley Stadium,Arun Jaitley Stadium,Delhi,Delhi,Kings XI Punjab,Punjab Kings,Delhi Capitals,Delhi Capitals,Delhi Capitals,Delhi Capitals,field,Delhi Capitals,Delhi Capitals,5 wickets,NA,NA,SS Iyer,NA,NA
1178413,2019,2019-04-21,T20,Indian Premier League,Unknown,Rajiv Gandhi International Stadium,"Rajiv Gandhi International Stadium, Uppal",Hyderabad,Hyderabad,Kolkata Knight Riders,Kolkata Knight Riders,Sunrisers Hyderabad,Sunrisers Hyderabad,Sunrisers Hyderabad,Sunrisers Hyderabad,field,Sunrisers Hyderabad,Sunrisers Hyderabad,9 wickets,NA,NA,KK Ahmed,NA,NA
1178414,2019,2019-04-21,T20,Indian Premier League,Unknown,M.Chinnaswamy Stadium,M Chinnaswamy Stadium,Bengaluru,Bengaluru,Royal Challengers Bangalore,Royal Challengers Bengaluru,Chennai Super Kings,Chennai Super Kings,Chennai Super Kings,Chennai Super Kings,field,Royal Challengers Bangalore,Royal Challengers Bengaluru,1 runs,NA,NA,PA Patel,NA,NA
1178415,2019,2019-04-22,T20,Indian Premier League,Unknown,Sawai Mansingh Stadium,Sawai Mansingh Stadium,Jaipur,Jaipur,Rajasthan Royals,Rajasthan Royals,Delhi Capitals,Delhi Capitals,Delhi Capitals,Delhi Capitals,field,Delhi Capitals,Delhi Capitals,6 wickets,NA,NA,RR Pant,NA,NA
1178416,2019,2019-04-23,T20,Indian Premier League,Unknown,MA Chidambaram Stadium,MA Chidambaram Stadium,Chennai,Chennai,Sunrisers Hyderabad,Sunrisers Hyderabad,Chennai Super Kings,Chennai Super Kings,Chennai Super Kings,Chennai Super Kings,field,Chennai Super Kings,Chennai Super Kings,6 wickets,NA,NA,SR Watson,NA,NA
1178417,2019,2019-04-24,T20,Indian Premier League,Unknown,M.Chinnaswamy Stadium,M Chinnaswamy Stadium,Bengaluru,Bengaluru,Royal Challengers Bangalore,Royal Challengers Bengaluru,Kings XI Punjab,Punjab Kings,Kings XI Punjab,Punjab Kings,field,Royal Challengers Bangalore,Royal Challengers Bengaluru,17 runs,NA,NA,AB de Villiers,NA,NA
1178418,2019,2019-04-25,T20,Indian Premier League,Unknown,Eden Gardens,Eden Gardens,Kolkata,Kolkata,Kolkata Knight Riders,Kolkata Knight Riders,Rajasthan Royals,Rajasthan Royals,Rajasthan Royals,Rajasthan Royals,field,Rajasthan Royals,Rajasthan Royals,3 wickets,NA,NA,VR Aaron,NA,NA
1178419,2019,2019-04-26,T20,Indian Premier League,Unknown,MA Chidambaram Stadium,MA Chidambaram Stadium,Chennai,Chennai,Mumbai Indians,Mumbai Indians,Chennai Super Kings,Chennai Super Kings,Chennai Super Kings,Chennai Super Kings,field,Mumbai Indians,Mumbai Indians,46 runs,NA,NA,RG Sharma,NA,NA
1178420,2019,2019-04-27,T20,Indian Premier League,Unknown,Sawai Mansingh Stadium,Sawai Mansingh Stadium,Jaipur,Jaipur,Sunrisers Hyderabad,Sunrisers Hyderabad,Rajasthan Royals,Rajasthan Royals,Rajasthan Royals,Rajasthan Royals,field,Rajasthan Royals,Rajasthan Royals,7 wickets,NA,NA,JD Unadkat,NA,NA
1178421,2019,2019-04-28,T20,Indian Premier League,Unknown,Arun Jaitley Stadium,Arun Jaitley Stadium,Delhi,Delhi,Delhi Capitals,Delhi Capitals,Royal Challengers Bangalore,Royal Challengers Bengaluru,Delhi Capitals,Delhi Capitals,bat,Delhi Capitals,Delhi Capitals,16 runs,NA,NA,S Dhawan,NA,NA
1178422,2019,2019-04-28,T20,Indian Premier League,Unknown,Eden Gardens,Eden Gardens,Kolkata,Kolkata,Kolkata Knight Riders,Kolkata Knight Riders,Mumbai Indians,Mumbai Indians,Mumbai Indians,Mumbai Indians,field,Kolkata Knight Riders,Kolkata Knight Riders,34 runs,NA,NA,AD Russell,NA,NA
1178423,2019,2019-04-29,T20,Indian Premier League,Unknown,Rajiv Gandhi International Stadium,"Rajiv Gandhi International Stadium, Uppal",Hyderabad,Hyderabad,Sunrisers Hyderabad,Sunrisers Hyderabad,Kings XI Punjab,Punjab Kings,Kings XI Punjab,Punjab Kings,field,Sunrisers Hyderabad,Sunrisers Hyderabad,45 runs,NA,NA,DA Warner,NA,NA
1178424,2019,2019-04-30,T20,Indian Premier League,Unknown,M.Chinnaswamy Stadium,M Chinnaswamy Stadium,Bengaluru,Bengaluru,Royal Challengers Bangalore,Royal Challengers Bengaluru,Rajasthan Royals,Rajasthan Royals,Rajasthan Royals,Rajasthan Royals,field,Unknown,Unknown,,no result,NA,Unknown,NA,NA
1178425,2019,2019-05-01,T20,Indian Premier League,Unknown,MA Chidambaram Stadium,MA Chidambaram Stadium,Chennai,Chennai,Chennai Super Kings,Chennai Super Kings,Delhi Capitals,Delhi Capitals,Delhi Capitals,Delhi Capitals,field,Chennai Super Kings,Chennai Super Kings,80 runs,NA,NA,MS Dhoni,NA,NA
1178426,2019,2019-05-02,T20,Indian Premier League,Unknown,Wankhede Stadium,Wankhede Stadium,Mumbai,Mumbai,Mumbai Indians,Mumbai Indians,Sunrisers Hyderabad,Sunrisers Hyderabad,Mumbai Indians,Mumbai Indians,bat,Unknown,Unknown,,tie,NA,JJ Bumrah,Mumbai Indians,Mumbai Indians
1178427,2019,2019-05-03,T20,Indian Premier League,Unknown,Punjab Cricket Association IS Bindra Stadium,"Punjab Cricket Association IS Bindra Stadium, Mohali",Chandigarh,Chandigarh,Kings XI Punjab,Punjab Kings,Kolkata Knight Riders,Kolkata Knight Riders,Kolkata Knight Riders,Kolkata Knight Riders,field,Kolkata Knight Riders,Kolkata Knight Riders,7 wickets,NA,NA,Shubman Gill,NA,NA
1178428,2019,2019-05-04,T20,Indian Premier League,Unknown,Arun Jaitley Stadium,Arun Jaitley Stadium,Delhi,Delhi,Rajasthan Royals,Rajasthan Royals,Delhi Capitals,Delhi Capitals,Rajasthan Royals,Rajasthan Royals,bat,Delhi Capitals,Delhi Capitals,5 wickets,NA,NA,A Mishra,NA,NA
1178429,2019,2019-05-04,T20,Indian Premier League,Unknown,M.Chinnaswamy Stadium,M Chinnaswamy Stadium,Bengaluru,Bengaluru,Sunrisers Hyderabad,Sunrisers Hyderabad,Royal Challengers Bangalore,Royal Challengers Bengaluru,Royal Challengers Bangalore,Royal Challengers Bengaluru,field,Royal Challengers Bangalore,Royal Challengers Bengaluru,4 wickets,NA,NA,SO Hetmyer,NA,NA
1178430,2019,2019-05-05,T20,Indian Premier League,Unknown,Punjab Cricket Association IS Bindra Stadium,"Punjab Cricket Association IS Bindra Stadium, Mohali",Chandigarh,Chandigarh,Chennai Super Kings,Chennai Super Kings,Kings XI Punjab,Punjab Kings,Kings XI Punjab,Punjab Kings,field,Kings XI Punjab,Punjab Kings,6 wickets,NA,NA,KL Rahul,NA,NA
1178431,2019,2019-05-05,T20,Indian Premier League,Unknown,Wankhede Stadium,Wankhede Stadium,Mumbai,Mumbai,Kolkata Knight Riders,Kolkata Knight Riders,Mumbai Indians,Mumbai Indians,Mumbai Indians,Mumbai Indians,field,Mumbai Indians,Mumbai Indians,9 wickets,NA,NA,HH Pandya,NA,NA
1181764,2019,2019-05-07,T20,Indian Premier League,Qualifier 1,MA Chidambaram Stadium,MA Chidambaram Stadium,Chennai,Chennai,Chennai Super Kings,Chennai Super Kings,Mumbai Indians,Mumbai Indians,Chennai Super Kings,Chennai Super Kings,bat,Mumbai Indians,Mumbai Indians,6 wickets,NA,NA,SA Yadav,NA,NA
1181766,2019,2019-05-08,T20,Indian Premier League,Eliminator,Dr. Y.S. Rajasekhara Reddy ACA-VDCA Cricket Stadium,Dr Y.S. Rajasekhara Reddy ACA-VDCA Cricket Stadium,Visakhapatnam,Visakhapatnam,Sunrisers Hyderabad,Sunrisers Hyderabad,Delhi Capitals,Delhi Capitals,Delhi Capitals,Delhi Capitals,field,Delhi Capitals,Delhi Capitals,2 wickets,NA,NA,RR Pant,NA,NA
1181767,2019,2019-05-10,T20,Indian Premier League,Qualifier 2,Dr. Y.S. Rajasekhara Reddy ACA-VDCA Cricket Stadium,Dr Y.S. Rajasekhara Reddy ACA-VDCA Cricket Stadium,Visakhapatnam,Visakhapatnam,Delhi Capitals,Delhi Capitals,Chennai Super Kings,Chennai Super Kings,Chennai Super Kings,Chennai Super Kings,field,Chennai Super Kings,Chennai Super Kings,6 wickets,NA,NA,F du Plessis,NA,NA
1181768,2019,2019-05-12,T20,Indian Premier League,Final,Rajiv Gandhi International Stadium,"Rajiv Gandhi International Stadium, Uppal",Hyderabad,Hyderabad,Mumbai Indians,Mumbai Indians,Chennai Super Kings,Chennai Super Kings,Mumbai Indians,Mumbai Indians,bat,Mumbai Indians,Mumbai Indians,1 runs,NA,NA,JJ Bumrah,NA,NA
1216492,2021,2020-09-19,T20,Indian Premier League,Unknown,Sheikh Zayed Stadium,Sheikh Zayed Stadium,Abu Dhabi,Abu Dhabi,Mumbai Indians,Mumbai Indians,Chennai Super Kings,Chennai Super Kings,Chennai Super Kings,Chennai Super Kings,field,Chennai Super Kings,Chennai Super Kings,5 wickets,NA,NA,AT Rayudu,NA,NA
1216493,2021,2020-09-20,T20,Indian Premier League,Unknown,Dubai International Cricket Stadium,Dubai International Cricket Stadium,Unknown,Unknown,Delhi Capitals,Delhi Capitals,Kings XI Punjab,Punjab Kings,Kings XI Punjab,Punjab Kings,field,Unknown,Unknown,,tie,NA,MP Stoinis,Delhi Capitals,Delhi Capitals
1216534,2021,2020-09-21,T20,Indian Premier League,Unknown,Dubai International Cricket Stadium,Dubai International Cricket Stadium,Unknown,Unknown,Royal Challengers Bangalore,Royal Challengers Bengaluru,Sunrisers Hyderabad,Sunrisers Hyderabad,Sunrisers Hyderabad,Sunrisers Hyderabad,field,Royal Challengers Bangalore,Royal Challengers Bengaluru,10 runs,NA,NA,YS Chahal,NA,NA
1216496,2021,2020-09-22,T20,Indian Premier League,Unknown,Sharjah Cricket Stadium,Sharjah Cricket Stadium,Unknown,Unknown,Rajasthan Royals,Rajasthan Royals,Chennai Super Kings,Chennai Super Kings,Chennai Super Kings,Chennai Super Kings,field,Rajasthan Royals,Rajasthan Royals,16 runs,NA,NA,SV Samson,NA,NA
1216508,2021,2020-09-23,T20,Indian Premier League,Unknown,Sheikh Zayed Stadium,Sheikh Zayed Stadium,Abu Dhabi,Abu Dhabi,Mumbai Indians,Mumbai Indians,Kolkata Knight Riders,Kolkata Knight Riders,Kolkata Knight Riders,Kolkata Knight Riders,field,Mumbai Indians,Mumbai Indians,49 runs,NA,NA,RG Sharma,NA,NA
1216510,2021,2020-09-24,T20,Indian Premier League,Unknown,Dubai International Cricket Stadium,Dubai International Cricket Stadium,Unknown,Unknown,Kings XI Punjab,Punjab Kings,Royal Challengers Bangalore,Royal Challengers Bengaluru,Royal Challengers Bangalore,Royal Challengers Bengaluru,field,Kings XI Punjab,Punjab Kings,97 runs,NA,NA,KL Rahul,NA,NA
1216539,2021,2020-09-25,T20,Indian Premier League,Unknown,Dubai International Cricket Stadium,Dubai International Cricket Stadium,Unknown,Unknown,Delhi Capitals,Delhi Capitals,Chennai Super Kings,Chennai Super Kings,Chennai Super Kings,Chennai Super Kings,field,Delhi Capitals,Delhi Capitals,44 runs,NA,NA,PP Shaw,NA,NA
1216545,2021,2020-09-26,T20,Indian Premier League,Unknown,Sheikh Zayed Stadium,Sheikh Zayed Stadium,Abu Dhabi,Abu Dhabi,Sunrisers Hyderabad,Sunrisers Hyderabad,Kolkata Knight Riders,Kolkata Knight Riders,Sunrisers Hyderabad,Sunrisers Hyderabad,bat,Kolkata Knight Riders,Kolkata Knight Riders,7 wickets,NA,NA,Shubman Gill,NA,NA
1216527,2021,2020-09-27,T20,Indian Premier League,Unknown,Sharjah Cricket Stadium,Sharjah Cricket Stadium,Unknown,Unknown,Kings XI Punjab,Punjab Kings,Rajasthan Royals,Rajasthan Royals,Rajasthan Royals,Rajasthan Royals,field,Rajasthan Royals,Rajasthan Royals,4 wickets,NA,NA,SV Samson,NA,NA
1216547,2021,2020-09-28,T20,Indian Premier League,Unknown,Dubai International Cricket Stadium,Dubai International Cricket Stadium,Unknown,Unknown,Royal Challengers Bangalore,Royal Challengers Bengaluru,Mumbai Indians,Mumbai Indians,Mumbai Indians,Mumbai Indians,field,Unknown,Unknown,,tie,NA,AB de Villiers,Royal Challengers Bangalore,Royal Challengers Bengaluru
1216532,2021,2020-09-29,T20,Indian Premier League,Unknown,Sheikh Zayed Stadium,Sheikh Zayed Stadium,Abu Dhabi,Abu Dhabi,Sunrisers Hyderabad,Sunrisers Hyderabad,Delhi Capitals,Delhi Capitals,Delhi Capitals,Delhi Capitals,field,Sunrisers Hyderabad,Sunrisers Hyderabad,15 runs,NA,NA,Rashid Khan,NA,NA
1216504,2021,2020-09-30,T20,Indian Premier League,Unknown,Dubai International Cricket Stadium,Dubai International Cricket Stadium,Unknown,Unknown,Kolkata Knight Riders,Kolkata Knight Riders,Rajasthan Royals,Rajasthan Royals,Rajasthan Royals,Rajasthan Royals,field,Kolkata Knight Riders,Kolkata Knight Riders,37 runs,NA,NA,Shivam Mavi,NA,NA
1216503,2021,2020-10-01,T20,Indian Premier League,Unknown,Sheikh Zayed Stadium,Sheikh Zayed Stadium,Abu Dhabi,Abu Dhabi,Mumbai Indians,Mumbai Indians,Kings XI Punjab,Punjab Kings,Kings XI Punjab,Punjab Kings,field,Mumbai Indians,Mumbai Indians,48 runs,NA,NA,KA Pollard,NA,NA
1216516,2021,2020-10-02,T20,Indian Premier League,Unknown,Dubai International Cricket Stadium,Dubai International Cricket Stadium,Unknown,Unknown,Sunrisers Hyderabad,Sunrisers Hyderabad,Chennai Super Kings,Chennai Super Kings,Sunrisers Hyderabad,Sunrisers Hyderabad,bat,Sunrisers Hyderabad,Sunrisers Hyderabad,7 runs,NA,NA,PK Garg,NA,NA
1216514,2021,2020-10-03,T20,Indian Premier League,Unknown,Sheikh Zayed Stadium,Sheikh Zayed Stadium,Abu Dhabi,Abu Dhabi,Rajasthan Royals,Rajasthan Royals,Royal Challengers Bangalore,Royal Challengers Bengaluru,Rajasthan Royals,Rajasthan Royals,bat,Royal Challengers Bangalore,Royal Challengers Bengaluru,8 wickets,NA,NA,YS Chahal,NA,NA
1216515,2021,2020-10-03,T20,Indian Premier League,Unknown,Sharjah Cricket Stadium,Sharjah Cricket Stadium,Unknown,Unknown,Delhi Capitals,Delhi Capitals,Kolkata Knight Riders,Kolkata Knight Riders,Kolkata Knight Riders,Kolkata Knight Riders,field,Delhi Capitals,Delhi Capitals,18 runs,NA,NA,SS Iyer,NA,NA
1216513,2021,2020-10-04,T20,Indian Premier League,Unknown,Dubai International Cricket Stadium,Dubai International Cricket Stadium,Unknown,Unknown,Kings XI Punjab,Punjab Kings,Chennai Super Kings,Chennai Super Kings,Kings XI Punjab,Punjab Kings,bat,Chennai Super Kings,Chennai Super Kings,10 wickets,NA,NA,SR Watson,NA,NA
1216538,2021,2020-10-04,T20,Indian Premier League,Unknown,Sharjah Cricket Stadium,Sharjah Cricket Stadium,Unknown,Unknown,Mumbai Indians,Mumbai Indians,Sunrisers Hyderabad,Sunrisers Hyderabad,Mumbai Indians,Mumbai Indians,bat,Mumbai Indians,Mumbai Indians,34 runs,NA,NA,TA Boult,NA,NA
1216519,2021,2020-10-05,T20,Indian Premier League,Unknown,Dubai International Cricket Stadium,Dubai International Cricket Stadium,Unknown,Unknown,Delhi Capitals,Delhi Capitals,Royal Challengers Bangalore,Royal Challengers Bengaluru,Royal Challengers Bangalore,Royal Challengers Bengaluru,field,Delhi Capitals,Delhi Capitals,59 runs,NA,NA,AR Patel,NA,NA
1216511,2021,2020-10-06,T20,Indian Premier League,Unknown,Sheikh Zayed Stadium,Sheikh Zayed Stadium,Abu Dhabi,Abu Dhabi,Mumbai Indians,Mumbai Indians,Rajasthan Royals,Rajasthan Royals,Mumbai Indians,Mumbai Indians,bat,Mumbai Indians,Mumbai Indians,57 runs,NA,NA,SA Yadav,NA,NA
1216501,2021,2020-10-07,T20,Indian Premier League,Unknown,Sheikh Zayed Stadium,Sheikh Zayed Stadium,Abu Dhabi,Abu Dhabi,Kolkata Knight Riders,Kolkata Knight Riders,Chennai Super Kings,Chennai Super Kings,Kolkata Knight Riders,Kolkata Knight Riders,bat,Kolkata Knight Riders,Kolkata Knight Riders,10 runs,NA,NA,RA Tripathi,NA,NA
1216542,2021,2020-10-08,T20,Indian Premier League,Unknown,Dubai International Cricket Stadium,Dubai International Cricket Stadium,Unknown,Unknown,Sunrisers Hyderabad,Sunrisers Hyderabad,Kings XI Punjab,Punjab Kings,Sunrisers Hyderabad,Sunrisers Hyderabad,bat,Sunrisers Hyderabad,Sunrisers Hyderabad,69 runs,NA,NA,JM Bairstow,NA,NA
1216500,2021,2020-10-09,T20,Indian Premier League,Unknown,Sharjah Cricket Stadium,Sharjah Cricket Stadium,Unknown,Unknown,Delhi Capitals,Delhi Capitals,Rajasthan Royals,Rajasthan Royals,Rajasthan Royals,Rajasthan Royals,field,Delhi Capitals,Delhi Capitals,46 runs,NA,NA,R Ashwin,NA,NA
1216523,2021,2020-10-10,T20,Indian Premier League,Unknown,Sheikh Zayed Stadium,Sheikh Zayed Stadium,Abu Dhabi,Abu Dhabi,Kolkata Knight Riders,Kolkata Knight Riders,Kings XI Punjab,Punjab Kings,Kolkata Knight Riders,Kolkata Knight Riders,bat,Kolkata Knight Riders,Kolkata Knight Riders,2 runs,NA,NA,KD Karthik,NA,NA
1216525,2021,2020-10-10,T20,Indian Premier League,Unknown,Dubai International Cricket Stadium,Dubai International Cricket Stadium,Unknown,Unknown,Royal Challengers Bangalore,Royal Challengers Bengaluru,Chennai Super Kings,Chennai Super Kings,Royal Challengers Bangalore,Royal Challengers Bengaluru,bat,Royal Challengers Bangalore,Royal Challengers Bengaluru,37 runs,NA,NA,V Kohli,NA,NA
1216507,2021,2020-10-11,T20,Indian Premier League,Unknown,Dubai International Cricket Stadium,Dubai International Cricket Stadium,Unknown,Unknown,Sunrisers Hyderabad,Sunrisers Hyderabad,Rajasthan Royals,Rajasthan Royals,Sunrisers Hyderabad,Sunrisers Hyderabad,bat,Rajasthan Royals,Rajasthan Royals,5 wickets,NA,NA,R Tewatia,NA,NA
1216529,2021,2020-10-11,T20,Indian Premier League,Unknown,Sheikh Zayed Stadium,Sheikh Zayed Stadium,Abu Dhabi,Abu Dhabi,Delhi Capitals,Delhi Capitals,Mumbai Indians,Mumbai Indians,Delhi Capitals,Delhi Capitals,bat,Mumbai Indians,Mumbai Indians,5 wickets,NA,NA,Q de Kock,NA,NA
1216540,2021,2020-10-12,T20,Indian Premier League,Unknown,Sharjah Cricket Stadium,Sharjah Cricket Stadium,Unknown,Unknown,Royal Challengers Bangalore,Royal Challengers Bengaluru,Kolkata Knight Riders,Kolkata Knight Riders,Royal Challengers Bangalore,Royal Challengers Bengaluru,bat,Royal Challengers Bangalore,Royal Challengers Bengaluru,82 runs,NA,NA,AB de Villiers,NA,NA
1216528,2021,2020-10-13,T20,Indian Premier League,Unknown,Dubai International Cricket Stadium,Dubai International Cricket Stadium,Unknown,Unknown,Chennai Super Kings,Chennai Super Kings,Sunrisers Hyderabad,Sunrisers Hyderabad,Chennai Super Kings,Chennai Super Kings,bat,Chennai Super Kings,Chennai Super Kings,20 runs,NA,NA,RA Jadeja,NA,NA
1216543,2021,2020-10-14,T20,Indian Premier League,Unknown,Dubai International Cricket Stadium,Dubai International Cricket Stadium,Unknown,Unknown,Delhi Capitals,Delhi Capitals,Rajasthan Royals,Rajasthan Royals,Delhi Capitals,Delhi Capitals,bat,Delhi Capitals,Delhi Capitals,13 runs,NA,NA,A Nortje,NA,NA
1216531,2021,2020-10-15,T20,Indian Premier League,Unknown,Sharjah Cricket Stadium,Sharjah Cricket Stadium,Unknown,Unknown,Royal Challengers Bangalore,Royal Challengers Bengaluru,Kings XI Punjab,Punjab Kings,Royal Challengers Bangalore,Royal Challengers Bengaluru,bat,Kings XI Punjab,Punjab Kings,8 wickets,NA,NA,KL Rahul,NA,NA
1216526,2021,2020-10-16,T20,Indian Premier League,Unknown,Sheikh Zayed Stadium,Sheikh Zayed Stadium,Abu Dhabi,Abu Dhabi,Kolkata Knight Riders,Kolkata Knight Riders,Mumbai Indians,Mumbai Indians,Kolkata Knight Riders,Kolkata Knight Riders,bat,Mumbai Indians,Mumbai Indians,8 wickets,NA,NA,Q de Kock,NA,NA
1216509,2021,2020-10-17,T20,Indian Premier League,Unknown,Sharjah Cricket Stadium,Sharjah Cricket Stadium,Unknown,Unknown,Chennai Super Kings,Chennai Super Kings,Delhi Capitals,Delhi Capitals,Chennai Super Kings,Chennai Super Kings,bat,Delhi Capitals,Delhi Capitals,5 wickets,NA,NA,S Dhawan,NA,NA
1216522,2021,2020-10-17,T20,Indian Premier League,Unknown,Dubai International Cricket Stadium,Dubai International Cricket Stadium,Unknown,Unknown,Rajasthan Royals,Rajasthan Royals,Royal Challengers Bangalore,Royal Challengers Bengaluru,Rajasthan Royals,Rajasthan Royals,bat,Royal Challengers Bangalore,Royal Challengers Bengaluru,7 wickets,NA,NA,AB de Villiers,NA,NA
1216512,2021,2020-10-18,T20,Indian Premier League,Unknown,Sheikh Zayed Stadium,Sheikh Zayed Stadium,Abu Dhabi,Abu Dhabi,Kolkata Knight Riders,Kolkata Knight Riders,Sunrisers Hyderabad,Sunrisers Hyderabad,Sunrisers Hyderabad,Sunrisers Hyderabad,field,Unknown,Unknown,,tie,NA,LH Ferguson,Kolkata Knight Riders,Kolkata Knight Riders
1216517,2021,2020-10-18,T20,Indian Premier League,Unknown,Dubai International Cricket Stadium,Dubai International Cricket Stadium,Unknown,Unknown,Mumbai Indians,Mumbai Indians,Kings XI Punjab,Punjab Kings,Mumbai Indians,Mumbai Indians,bat,Unknown,Unknown,,tie,NA,KL Rahul,Kings XI Punjab,Punjab Kings
1216533,2021,2020-10-19,T20,Indian Premier League,Unknown,Sheikh Zayed Stadium,Sheikh Zayed Stadium,Abu Dhabi,Abu Dhabi,Chennai Super Kings,Chennai Super Kings,Rajasthan Royals,Rajasthan Royals,Chennai Super Kings,Chennai Super Kings,bat,Rajasthan Royals,Rajasthan Royals,7 wickets,NA,NA,JC Buttler,NA,NA
1216546,2021,2020-10-20,T20,Indian Premier League,Unknown,Dubai International Cricket Stadium,Dubai International Cricket Stadium,Unknown,Unknown,Delhi Capitals,Delhi Capitals,Kings XI Punjab,Punjab Kings,Delhi Capitals,Delhi Capitals,bat,Kings XI Punjab,Punjab Kings,5 wickets,NA,NA,S Dhawan,NA,NA
1216494,2021,2020-10-21,T20,Indian Premier League,Unknown,Sheikh Zayed Stadium,Sheikh Zayed Stadium,Abu Dhabi,Abu Dhabi,Kolkata Knight Riders,Kolkata Knight Riders,Royal Challengers Bangalore,Royal Challengers Bengaluru,Kolkata Knight Riders,Kolkata Knight Riders,bat,Royal Challengers Bangalore,Royal Challengers Bengaluru,8 wickets,NA,NA,Mohammed Siraj,NA,NA
1216518,2021,2020-10-22,T20,Indian Premier League,Unknown,Dubai International Cricket Stadium,Dubai International Cricket Stadium,Unknown,Unknown,Rajasthan Royals,Rajasthan Royals,Sunrisers Hyderabad,Sunrisers Hyderabad,Sunrisers Hyderabad,Sunrisers Hyderabad,field,Sunrisers Hyderabad,Sunrisers Hyderabad,8 wickets,NA,NA,MK Pandey,NA,NA
1216521,2021,2020-10-23,T20,Indian Premier League,Unknown,Sharjah Cricket Stadium,Sharjah Cricket Stadium,Unknown,Unknown,Chennai Super Kings,Chennai Super Kings,Mumbai Indians,Mumbai Indians,Mumbai Indians,Mumbai Indians,field,Mumbai Indians,Mumbai Indians,10 wickets,NA,NA,TA Boult,NA,NA
1216497,2021,2020-10-24,T20,Indian Premier League,Unknown,Sheikh Zayed Stadium,Sheikh Zayed Stadium,Abu Dhabi,Abu Dhabi,Kolkata Knight Riders,Kolkata Knight Riders,Delhi Capitals,Delhi Capitals,Delhi Capitals,Delhi Capitals,field,Kolkata Knight Riders,Kolkata Knight Riders,59 runs,NA,NA,CV Varun,NA,NA
1216498,2021,2020-10-24,T20,Indian Premier League,Unknown,Dubai International Cricket Stadium,Dubai International Cricket Stadium,Unknown,Unknown,Kings XI Punjab,Punjab Kings,Sunrisers Hyderabad,Sunrisers Hyderabad,Sunrisers Hyderabad,Sunrisers Hyderabad,field,Kings XI Punjab,Punjab Kings,12 runs,NA,NA,CJ Jordan,NA,NA
1216541,2021,2020-10-25,T20,Indian Premier League,Unknown,Sheikh Zayed Stadium,Sheikh Zayed Stadium,Abu Dhabi,Abu Dhabi,Mumbai Indians,Mumbai Indians,Rajasthan Royals,Rajasthan Royals,Mumbai Indians,Mumbai Indians,bat,Rajasthan Royals,Rajasthan Royals,8 wickets,NA,NA,BA Stokes,NA,NA
1216544,2021,2020-10-25,T20,Indian Premier League,Unknown,Dubai International Cricket Stadium,Dubai International Cricket Stadium,Unknown,Unknown,Royal Challengers Bangalore,Royal Challengers Bengaluru,Chennai Super Kings,Chennai Super Kings,Royal Challengers Bangalore,Royal Challengers Bengaluru,bat,Chennai Super Kings,Chennai Super Kings,8 wickets,NA,NA,RD Gaikwad,NA,NA
1216520,2021,2020-10-26,T20,Indian Premier League,Unknown,Sharjah Cricket Stadium,Sharjah Cricket Stadium,Unknown,Unknown,Kolkata Knight Riders,Kolkata Knight Riders,Kings XI Punjab,Punjab Kings,Kings XI Punjab,Punjab Kings,field,Kings XI Punjab,Punjab Kings,8 wickets,NA,NA,CH Gayle,NA,NA
1216524,2021,2020-10-27,T20,Indian Premier League,Unknown,Dubai International Cricket Stadium,Dubai International Cricket Stadium,Unknown,Unknown,Sunrisers Hyderabad,Sunrisers Hyderabad,Delhi Capitals,Delhi Capitals,Delhi Capitals,Delhi Capitals,field,Sunrisers Hyderabad,Sunrisers Hyderabad,88 runs,NA,NA,WP Saha,NA,NA
1216499,2021,2020-10-28,T20,Indian Premier League,Unknown,Sheikh Zayed Stadium,Sheikh Zayed Stadium,Abu Dhabi,Abu Dhabi,Royal Challengers Bangalore,Royal Challengers Bengaluru,Mumbai Indians,Mumbai Indians,Mumbai Indians,Mumbai Indians,field,Mumbai Indians,Mumbai Indians,5 wickets,NA,NA,SA Yadav,NA,NA
1216536,2021,2020-10-29,T20,Indian Premier League,Unknown,Dubai International Cricket Stadium,Dubai International Cricket Stadium,Unknown,Unknown,Kolkata Knight Riders,Kolkata Knight Riders,Chennai Super Kings,Chennai Super Kings,Chennai Super Kings,Chennai Super Kings,field,Chennai Super Kings,Chennai Super Kings,6 wickets,NA,NA,RD Gaikwad,NA,NA
1216537,2021,2020-10-30,T20,Indian Premier League,Unknown,Sheikh Zayed Stadium,Sheikh Zayed Stadium,Abu Dhabi,Abu Dhabi,Kings XI Punjab,Punjab Kings,Rajasthan Royals,Rajasthan Royals,Rajasthan Royals,Rajasthan Royals,field,Rajasthan Royals,Rajasthan Royals,7 wickets,NA,NA,BA Stokes,NA,NA
1216502,2021,2020-10-31,T20,Indian Premier League,Unknown,Sharjah Cricket Stadium,Sharjah Cricket Stadium,Unknown,Unknown,Royal Challengers Bangalore,Royal Challengers Bengaluru,Sunrisers Hyderabad,Sunrisers Hyderabad,Sunrisers Hyderabad,Sunrisers Hyderabad,field,Sunrisers Hyderabad,Sunrisers Hyderabad,5 wickets,NA,NA,Sandeep Sharma,NA,NA
1216535,2021,2020-10-31,T20,Indian Premier League,Unknown,Dubai International Cricket Stadium,Dubai International Cricket Stadium,Unknown,Unknown,Delhi Capitals,Delhi Capitals,Mumbai Indians,Mumbai Indians,Mumbai Indians,Mumbai Indians,field,Mumbai Indians,Mumbai Indians,9 wickets,NA,NA,Ishan Kishan,NA,NA
1216506,2021,2020-11-01,T20,Indian Premier League,Unknown,Sheikh Zayed Stadium,Sheikh Zayed Stadium,Abu Dhabi,Abu Dhabi,Kings XI Punjab,Punjab Kings,Chennai Super Kings,Chennai Super Kings,Chennai Super Kings,Chennai Super Kings,field,Chennai Super Kings,Chennai Super Kings,9 wickets,NA,NA,RD Gaikwad,NA,NA
1216530,2021,2020-11-01,T20,Indian Premier League,Unknown,Dubai International Cricket Stadium,Dubai International Cricket Stadium,Unknown,Unknown,Kolkata Knight Riders,Kolkata Knight Riders,Rajasthan Royals,Rajasthan Royals,Rajasthan Royals,Rajasthan Royals,field,Kolkata Knight Riders,Kolkata Knight Riders,60 runs,NA,NA,PJ Cummins,NA,NA
1216505,2021,2020-11-02,T20,Indian Premier League,Unknown,Sheikh Zayed Stadium,Sheikh Zayed Stadium,Abu Dhabi,Abu Dhabi,Royal Challengers Bangalore,Royal Challengers Bengaluru,Delhi Capitals,Delhi Capitals,Delhi Capitals,Delhi Capitals,field,Delhi Capitals,Delhi Capitals,6 wickets,NA,NA,A Nortje,NA,NA
1216495,2021,2020-11-03,T20,Indian Premier League,Unknown,Sharjah Cricket Stadium,Sharjah Cricket Stadium,Unknown,Unknown,Mumbai Indians,Mumbai Indians,Sunrisers Hyderabad,Sunrisers Hyderabad,Sunrisers Hyderabad,Sunrisers Hyderabad,field,Sunrisers Hyderabad,Sunrisers Hyderabad,10 wickets,NA,NA,S Nadeem,NA,NA
1237177,2021,2020-11-05,T20,Indian Premier League,Qualifier 1,Dubai International Cricket Stadium,Dubai International Cricket Stadium,Unknown,Unknown,Mumbai Indians,Mumbai Indians,Delhi Capitals,Delhi Capitals,Delhi Capitals,Delhi Capitals,field,Mumbai Indians,Mumbai Indians,57 runs,NA,NA,JJ Bumrah,NA,NA
1237178,2021,2020-11-06,T20,Indian Premier League,Eliminator,Sheikh Zayed Stadium,Sheikh Zayed Stadium,Abu Dhabi,Abu Dhabi,Royal Challengers Bangalore,Royal Challengers Bengaluru,Sunrisers Hyderabad,Sunrisers Hyderabad,Sunrisers Hyderabad,Sunrisers Hyderabad,field,Sunrisers Hyderabad,Sunrisers Hyderabad,6 wickets,NA,NA,KS Williamson,NA,NA
1237180,2021,2020-11-08,T20,Indian Premier League,Qualifier 2,Sheikh Zayed Stadium,Sheikh Zayed Stadium,Abu Dhabi,Abu Dhabi,Delhi Capitals,Delhi Capitals,Sunrisers Hyderabad,Sunrisers Hyderabad,Delhi Capitals,Delhi Capitals,bat,Delhi Capitals,Delhi Capitals,17 runs,NA,NA,MP Stoinis,NA,NA
1237181,2021,2020-11-10,T20,Indian Premier League,Final,Dubai International Cricket Stadium,Dubai International Cricket Stadium,Unknown,Unknown,Delhi Capitals,Delhi Capitals,Mumbai Indians,Mumbai Indians,Delhi Capitals,Delhi Capitals,bat,Mumbai Indians,Mumbai Indians,5 wickets,NA,NA,TA Boult,NA,NA
1254058,2021,2021-04-09,T20,Indian Premier League,Unknown,"MA Chidambaram Stadium, Chepauk, Chennai",MA Chidambaram Stadium,Chennai,Chennai,Mumbai Indians,Mumbai Indians,Royal Challengers Bangalore,Royal Challengers Bengaluru,Royal Challengers Bangalore,Royal Challengers Bengaluru,field,Royal Challengers Bangalore,Royal Challengers Bengaluru,2 wickets,NA,NA,HV Patel,NA,NA
1254059,2021,2021-04-10,T20,Indian Premier League,Unknown,"Wankhede Stadium, Mumbai",Wankhede Stadium,Mumbai,Mumbai,Chennai Super Kings,Chennai Super Kings,Delhi Capitals,Delhi Capitals,Delhi Capitals,Delhi Capitals,field,Delhi Capitals,Delhi Capitals,7 wickets,NA,NA,S Dhawan,NA,NA
1254060,2021,2021-04-11,T20,Indian Premier League,Unknown,"MA Chidambaram Stadium, Chepauk, Chennai",MA Chidambaram Stadium,Chennai,Chennai,Kolkata Knight Riders,Kolkata Knight Riders,Sunrisers Hyderabad,Sunrisers Hyderabad,Sunrisers Hyderabad,Sunrisers Hyderabad,field,Kolkata Knight Riders,Kolkata Knight Riders,10 runs,NA,NA,N Rana,NA,NA
1254061,2021,2021-04-12,T20,Indian Premier League,Unknown,"Wankhede Stadium, Mumbai",Wankhede Stadium,Mumbai,Mumbai,Punjab Kings,Punjab Kings,Rajasthan Royals,Rajasthan Royals,Rajasthan Royals,Rajasthan Royals,field,Punjab Kings,Punjab Kings,4 runs,NA,NA,SV Samson,NA,NA
1254062,2021,2021-04-13,T20,Indian Premier League,Unknown,"MA Chidambaram Stadium, Chepauk, Chennai",MA Chidambaram Stadium,Chennai,Chennai,Mumbai Indians,Mumbai Indians,Kolkata Knight Riders,Kolkata Knight Riders,Kolkata Knight Riders,Kolkata Knight Riders,field,Mumbai Indians,Mumbai Indians,10 runs,NA,NA,RD Chahar,NA,NA
1254063,2021,2021-04-14,T20,Indian Premier League,Unknown,"MA Chidambaram Stadium, Chepauk, Chennai",MA Chidambaram Stadium,Chennai,Chennai,Royal Challengers Bangalore,Royal Challengers Bengaluru,Sunrisers Hyderabad,Sunrisers Hyderabad,Sunrisers Hyderabad,Sunrisers Hyderabad,field,Royal Challengers Bangalore,Royal Challengers Bengaluru,6 runs,NA,NA,GJ Maxwell,NA,NA
1254064,2021,2021-04-15,T20,Indian Premier League,Unknown,"Wankhede Stadium, Mumbai",Wankhede Stadium,Mumbai,Mumbai,Delhi Capitals,Delhi Capitals,Rajasthan Royals,Rajasthan Royals,Rajasthan Royals,Rajasthan Royals,field,Rajasthan Royals,Rajasthan Royals,3 wickets,NA,NA,JD Unadkat,NA,NA
1254065,2021,2021-04-16,T20,Indian Premier League,Unknown,"Wankhede Stadium, Mumbai",Wankhede Stadium,Mumbai,Mumbai,Punjab Kings,Punjab Kings,Chennai Super Kings,Chennai Super Kings,Chennai Super Kings,Chennai Super Kings,field,Chennai Super Kings,Chennai Super Kings,6 wickets,NA,NA,DL Chahar,NA,NA
1254066,2021,2021-04-17,T20,Indian Premier League,Unknown,"MA Chidambaram Stadium, Chepauk, Chennai",MA Chidambaram Stadium,Chennai,Chennai,Mumbai Indians,Mumbai Indians,Sunrisers Hyderabad,Sunrisers Hyderabad,Mumbai Indians,Mumbai Indians,bat,Mumbai Indians,Mumbai Indians,13 runs,NA,NA,KA Pollard,NA,NA
1254067,2021,2021-04-18,T20,Indian Premier League,Unknown,"MA Chidambaram Stadium, Chepauk, Chennai",MA Chidambaram Stadium,Chennai,Chennai,Royal Challengers Bangalore,Royal Challengers Bengaluru,Kolkata Knight Riders,Kolkata Knight Riders,Royal Challengers Bangalore,Royal Challengers Bengaluru,bat,Royal Challengers Bangalore,Royal Challengers Bengaluru,38 runs,NA,NA,AB de Villiers,NA,NA
1254068,2021,2021-04-18,T20,Indian Premier League,Unknown,"Wankhede Stadium, Mumbai",Wankhede Stadium,Mumbai,Mumbai,Punjab Kings,Punjab Kings,Delhi Capitals,Delhi Capitals,Delhi Capitals,Delhi Capitals,field,Delhi Capitals,Delhi Capitals,6 wickets,NA,NA,S Dhawan,NA,NA
1254069,2021,2021-04-19,T20,Indian Premier League,Unknown,"Wankhede Stadium, Mumbai",Wankhede Stadium,Mumbai,Mumbai,Chennai Super Kings,Chennai Super Kings,Rajasthan Royals,Rajasthan Royals,Rajasthan Royals,Rajasthan Royals,field,Chennai Super Kings,Chennai Super Kings,45 runs,NA,NA,MM Ali,NA,NA
1254070,2021,2021-04-20,T20,Indian Premier League,Unknown,"MA Chidambaram Stadium, Chepauk, Chennai",MA Chidambaram Stadium,Chennai,Chennai,Mumbai Indians,Mumbai Indians,Delhi Capitals,Delhi Capitals,Mumbai Indians,Mumbai Indians,bat,Delhi Capitals,Delhi Capitals,6 wickets,NA,NA,A Mishra,NA,NA
1254071,2021,2021-04-21,T20,Indian Premier League,Unknown,"MA Chidambaram Stadium, Chepauk, Chennai",MA Chidambaram Stadium,Chennai,Chennai,Punjab Kings,Punjab Kings,Sunrisers Hyderabad,Sunrisers Hyderabad,Punjab Kings,Punjab Kings,bat,Sunrisers Hyderabad,Sunrisers Hyderabad,9 wickets,NA,NA,JM Bairstow,NA,NA
1254072,2021,2021-04-21,T20,Indian Premier League,Unknown,"Wankhede Stadium, Mumbai",Wankhede Stadium,Mumbai,Mumbai,Chennai Super Kings,Chennai Super Kings,Kolkata Knight Riders,Kolkata Knight Riders,Kolkata Knight Riders,Kolkata Knight Riders,field,Chennai Super Kings,Chennai Super Kings,18 runs,NA,NA,F du Plessis,NA,NA
1254073,2021,2021-04-22,T20,Indian Premier League,Unknown,"Wankhede Stadium, Mumbai",Wankhede Stadium,Mumbai,Mumbai,Rajasthan Royals,Rajasthan Royals,Royal Challengers Bangalore,Royal Challengers Bengaluru,Royal Challengers Bangalore,Royal Challengers Bengaluru,field,Royal Challengers Bangalore,Royal Challengers Bengaluru,10 wickets,NA,NA,D Padikkal,NA,NA
1254074,2021,2021-04-23,T20,Indian Premier League,Unknown,"MA Chidambaram Stadium, Chepauk, Chennai",MA Chidambaram Stadium,Chennai,Chennai,Mumbai Indians,Mumbai Indians,Punjab Kings,Punjab Kings,Punjab Kings,Punjab Kings,field,Punjab Kings,Punjab Kings,9 wickets,NA,NA,KL Rahul,NA,NA
1254075,2021,2021-04-24,T20,Indian Premier League,Unknown,"Wankhede Stadium, Mumbai",Wankhede Stadium,Mumbai,Mumbai,Kolkata Knight Riders,Kolkata Knight Riders,Rajasthan Royals,Rajasthan Royals,Rajasthan Royals,Rajasthan Royals,field,Rajasthan Royals,Rajasthan Royals,6 wickets,NA,NA,CH Morris,NA,NA
1254076,2021,2021-04-25,T20,Indian Premier League,Unknown,"Wankhede Stadium, Mumbai",Wankhede Stadium,Mumbai,Mumbai,Chennai Super Kings,Chennai Super Kings,Royal Challengers Bangalore,Royal Challengers Bengaluru,Chennai Super Kings,Chennai Super Kings,bat,Chennai Super Kings,Chennai Super Kings,69 runs,NA,NA,RA Jadeja,NA,NA
1254077,2021,2021-04-25,T20,Indian Premier League,Unknown,"MA Chidambaram Stadium, Chepauk, Chennai",MA Chidambaram Stadium,Chennai,Chennai,Delhi Capitals,Delhi Capitals,Sunrisers Hyderabad,Sunrisers Hyderabad,Delhi Capitals,Delhi Capitals,bat,Unknown,Unknown,,tie,NA,PP Shaw,Delhi Capitals,Delhi Capitals
1254078,2021,2021-04-26,T20,Indian Premier League,Unknown,"Narendra Modi Stadium, Ahmedabad",Narendra Modi Stadium,Ahmedabad,Ahmedabad,Punjab Kings,Punjab Kings,Kolkata Knight Riders,Kolkata Knight Riders,Kolkata Knight Riders,Kolkata Knight Riders,field,Kolkata Knight Riders,Kolkata Knight Riders,5 wickets,NA,NA,EJG Morgan,NA,NA
1254079,2021,2021-04-27,T20,Indian Premier League,Unknown,"Narendra Modi Stadium, Ahmedabad",Narendra Modi Stadium,Ahmedabad,Ahmedabad,Royal Challengers Bangalore,Royal Challengers Bengaluru,Delhi Capitals,Delhi Capitals,Delhi Capitals,Delhi Capitals,field,Royal Challengers Bangalore,Royal Challengers Bengaluru,1 runs,NA,NA,AB de Villiers,NA,NA
1254080,2021,2021-04-28,T20,Indian Premier League,Unknown,"Arun Jaitley Stadium, Delhi",Arun Jaitley Stadium,Delhi,Delhi,Sunrisers Hyderabad,Sunrisers Hyderabad,Chennai Super Kings,Chennai Super Kings,Sunrisers Hyderabad,Sunrisers Hyderabad,bat,Chennai Super Kings,Chennai Super Kings,7 wickets,NA,NA,RD Gaikwad,NA,NA
1254081,2021,2021-04-29,T20,Indian Premier League,Unknown,"Arun Jaitley Stadium, Delhi",Arun Jaitley Stadium,Delhi,Delhi,Rajasthan Royals,Rajasthan Royals,Mumbai Indians,Mumbai Indians,Mumbai Indians,Mumbai Indians,field,Mumbai Indians,Mumbai Indians,7 wickets,NA,NA,Q de Kock,NA,NA
1254082,2021,2021-04-29,T20,Indian Premier League,Unknown,"Narendra Modi Stadium, Ahmedabad",Narendra Modi Stadium,Ahmedabad,Ahmedabad,Kolkata Knight Riders,Kolkata Knight Riders,Delhi Capitals,Delhi Capitals,Delhi Capitals,Delhi Capitals,field,Delhi Capitals,Delhi Capitals,7 wickets,NA,NA,PP Shaw,NA,NA
1254083,2021,2021-04-30,T20,Indian Premier League,Unknown,"Narendra Modi Stadium, Ahmedabad",Narendra Modi Stadium,Ahmedabad,Ahmedabad,Punjab Kings,Punjab Kings,Royal Challengers Bangalore,Royal Challengers Bengaluru,Royal Challengers Bangalore,Royal Challengers Bengaluru,field,Punjab Kings,Punjab Kings,34 runs,NA,NA,Harpreet Brar,NA,NA
1254084,2021,2021-05-01,T20,Indian Premier League,Unknown,"Arun Jaitley Stadium, Delhi",Arun Jaitley Stadium,Delhi,Delhi,Chennai Super Kings,Chennai Super Kings,Mumbai Indians,Mumbai Indians,Mumbai Indians,Mumbai Indians,field,Mumbai Indians,Mumbai Indians,4 wickets,NA,NA,KA Pollard,NA,NA
1254085,2021,2021-05-02,T20,Indian Premier League,Unknown,"Arun Jaitley Stadium, Delhi",Arun Jaitley Stadium,Delhi,Delhi,Rajasthan Royals,Rajasthan Royals,Sunrisers Hyderabad,Sunrisers Hyderabad,Sunrisers Hyderabad,Sunrisers Hyderabad,field,Rajasthan Royals,Rajasthan Royals,55 runs,NA,NA,JC Buttler,NA,NA
1254086,2021,2021-05-02,T20,Indian Premier League,Unknown,"Narendra Modi Stadium, Ahmedabad",Narendra Modi Stadium,Ahmedabad,Ahmedabad,Punjab Kings,Punjab Kings,Delhi Capitals,Delhi Capitals,Delhi Capitals,Delhi Capitals,field,Delhi Capitals,Delhi Capitals,7 wickets,NA,NA,MA Agarwal,NA,NA
1254104,2021,2021-09-19,T20,Indian Premier League,Unknown,Dubai International Cricket Stadium,Dubai International Cricket Stadium,Dubai,Dubai,Chennai Super Kings,Chennai Super Kings,Mumbai Indians,Mumbai Indians,Chennai Super Kings,Chennai Super Kings,bat,Chennai Super Kings,Chennai Super Kings,20 runs,NA,NA,RD Gaikwad,NA,NA
1254087,2021,2021-09-20,T20,Indian Premier League,Unknown,"Zayed Cricket Stadium, Abu Dhabi","Zayed Cricket Stadium, Abu Dhabi",Abu Dhabi,Abu Dhabi,Royal Challengers Bangalore,Royal Challengers Bengaluru,Kolkata Knight Riders,Kolkata Knight Riders,Royal Challengers Bangalore,Royal Challengers Bengaluru,bat,Kolkata Knight Riders,Kolkata Knight Riders,9 wickets,NA,NA,CV Varun,NA,NA
1254111,2021,2021-09-21,T20,Indian Premier League,Unknown,Dubai International Cricket Stadium,Dubai International Cricket Stadium,Dubai,Dubai,Rajasthan Royals,Rajasthan Royals,Punjab Kings,Punjab Kings,Punjab Kings,Punjab Kings,field,Rajasthan Royals,Rajasthan Royals,2 runs,NA,NA,Kartik Tyagi,NA,NA
1254105,2021,2021-09-22,T20,Indian Premier League,Unknown,Dubai International Cricket Stadium,Dubai International Cricket Stadium,Dubai,Dubai,Sunrisers Hyderabad,Sunrisers Hyderabad,Delhi Capitals,Delhi Capitals,Sunrisers Hyderabad,Sunrisers Hyderabad,bat,Delhi Capitals,Delhi Capitals,8 wickets,NA,NA,A Nortje,NA,NA
1254096,2021,2021-09-23,T20,Indian Premier League,Unknown,"Zayed Cricket Stadium, Abu Dhabi","Zayed Cricket Stadium, Abu Dhabi",Abu Dhabi,Abu Dhabi,Mumbai Indians,Mumbai Indians,Kolkata Knight Riders,Kolkata Knight Riders,Kolkata Knight Riders,Kolkata Knight Riders,field,Kolkata Knight Riders,Kolkata Knight Riders,7 wickets,NA,NA,SP Narine,NA,NA
1254113,2021,2021-09-24,T20,Indian Premier League,Unknown,Sharjah Cricket Stadium,Sharjah Cricket Stadium,Sharjah,Sharjah,Royal Challengers Bangalore,Royal Challengers Bengaluru,Chennai Super Kings,Chennai Super Kings,Chennai Super Kings,Chennai Super Kings,field,Chennai Super Kings,Chennai Super Kings,6 wickets,NA,NA,DJ Bravo,NA,NA
1254097,2021,2021-09-25,T20,Indian Premier League,Unknown,"Zayed Cricket Stadium, Abu Dhabi","Zayed Cricket Stadium, Abu Dhabi",Abu Dhabi,Abu Dhabi,Delhi Capitals,Delhi Capitals,Rajasthan Royals,Rajasthan Royals,Rajasthan Royals,Rajasthan Royals,field,Delhi Capitals,Delhi Capitals,33 runs,NA,NA,SS Iyer,NA,NA
1254107,2021,2021-09-25,T20,Indian Premier League,Unknown,Sharjah Cricket Stadium,Sharjah Cricket Stadium,Sharjah,Sharjah,Punjab Kings,Punjab Kings,Sunrisers Hyderabad,Sunrisers Hyderabad,Sunrisers Hyderabad,Sunrisers Hyderabad,field,Punjab Kings,Punjab Kings,5 runs,NA,NA,JO Holder,NA,NA
1254098,2021,2021-09-26,T20,Indian Premier League,Unknown,"Zayed Cricket Stadium, Abu Dhabi","Zayed Cricket Stadium, Abu Dhabi",Abu Dhabi,Abu Dhabi,Kolkata Knight Riders,Kolkata Knight Riders,Chennai Super Kings,Chennai Super Kings,Kolkata Knight Riders,Kolkata Knight Riders,bat,Chennai Super Kings,Chennai Super Kings,2 wickets,NA,NA,RA Jadeja,NA,NA
1254108,2021,2021-09-26,T20,Indian Premier League,Unknown,Dubai International Cricket Stadium,Dubai International Cricket Stadium,Dubai,Dubai,Royal Challengers Bangalore,Royal Challengers Bengaluru,Mumbai Indians,Mumbai Indians,Mumbai Indians,Mumbai Indians,field,Royal Challengers Bangalore,Royal Challengers Bengaluru,54 runs,NA,NA,GJ Maxwell,NA,NA
1254100,2021,2021-09-27,T20,Indian Premier League,Unknown,Dubai International Cricket Stadium,Dubai International Cricket Stadium,Dubai,Dubai,Rajasthan Royals,Rajasthan Royals,Sunrisers Hyderabad,Sunrisers Hyderabad,Rajasthan Royals,Rajasthan Royals,bat,Sunrisers Hyderabad,Sunrisers Hyderabad,7 wickets,NA,NA,JJ Roy,NA,NA
1254092,2021,2021-09-28,T20,Indian Premier League,Unknown,Sharjah Cricket Stadium,Sharjah Cricket Stadium,Sharjah,Sharjah,Delhi Capitals,Delhi Capitals,Kolkata Knight Riders,Kolkata Knight Riders,Kolkata Knight Riders,Kolkata Knight Riders,field,Kolkata Knight Riders,Kolkata Knight Riders,3 wickets,NA,NA,SP Narine,NA,NA
1254099,2021,2021-09-28,T20,Indian Premier League,Unknown,"Zayed Cricket Stadium, Abu Dhabi","Zayed Cricket Stadium, Abu Dhabi",Abu Dhabi,Abu Dhabi,Punjab Kings,Punjab Kings,Mumbai Indians,Mumbai Indians,Mumbai Indians,Mumbai Indians,field,Mumbai Indians,Mumbai Indians,6 wickets,NA,NA,KA Pollard,NA,NA
1254103,2021,2021-09-29,T20,Indian Premier League,Unknown,Dubai International Cricket Stadium,Dubai International Cricket Stadium,Dubai,Dubai,Rajasthan Royals,Rajasthan Royals,Royal Challengers Bangalore,Royal Challengers Bengaluru,Royal Challengers Bangalore,Royal Challengers Bengaluru,field,Royal Challengers Bangalore,Royal Challengers Bengaluru,7 wickets,NA,NA,YS Chahal,NA,NA
1254091,2021,2021-09-30,T20,Indian Premier League,Unknown,Sharjah Cricket Stadium,Sharjah Cricket Stadium,Sharjah,Sharjah,Sunrisers Hyderabad,Sunrisers Hyderabad,Chennai Super Kings,Chennai Super Kings,Chennai Super Kings,Chennai Super Kings,field,Chennai Super Kings,Chennai Super Kings,6 wickets,NA,NA,JR Hazlewood,NA,NA
1254102,2021,2021-10-01,T20,Indian Premier League,Unknown,Dubai International Cricket Stadium,Dubai International Cricket Stadium,Dubai,Dubai,Kolkata Knight Riders,Kolkata Knight Riders,Punjab Kings,Punjab Kings,Punjab Kings,Punjab Kings,field,Punjab Kings,Punjab Kings,5 wickets,NA,NA,KL Rahul,NA,NA
1254089,2021,2021-10-02,T20,Indian Premier League,Unknown,"Zayed Cricket Stadium, Abu Dhabi","Zayed Cricket Stadium, Abu Dhabi",Abu Dhabi,Abu Dhabi,Chennai Super Kings,Chennai Super Kings,Rajasthan Royals,Rajasthan Royals,Rajasthan Royals,Rajasthan Royals,field,Rajasthan Royals,Rajasthan Royals,7 wickets,NA,NA,RD Gaikwad,NA,NA
1254112,2021,2021-10-02,T20,Indian Premier League,Unknown,Sharjah Cricket Stadium,Sharjah Cricket Stadium,Sharjah,Sharjah,Mumbai Indians,Mumbai Indians,Delhi Capitals,Delhi Capitals,Delhi Capitals,Delhi Capitals,field,Delhi Capitals,Delhi Capitals,4 wickets,NA,NA,AR Patel,NA,NA
1254090,2021,2021-10-03,T20,Indian Premier League,Unknown,Sharjah Cricket Stadium,Sharjah Cricket Stadium,Sharjah,Sharjah,Royal Challengers Bangalore,Royal Challengers Bengaluru,Punjab Kings,Punjab Kings,Royal Challengers Bangalore,Royal Challengers Bengaluru,bat,Royal Challengers Bangalore,Royal Challengers Bengaluru,6 runs,NA,NA,GJ Maxwell,NA,NA
1254109,2021,2021-10-03,T20,Indian Premier League,Unknown,Dubai International Cricket Stadium,Dubai International Cricket Stadium,Dubai,Dubai,Sunrisers Hyderabad,Sunrisers Hyderabad,Kolkata Knight Riders,Kolkata Knight Riders,Sunrisers Hyderabad,Sunrisers Hyderabad,bat,Kolkata Knight Riders,Kolkata Knight Riders,6 wickets,NA,NA,Shubman Gill,NA,NA
1254110,2021,2021-10-04,T20,Indian Premier League,Unknown,Dubai International Cricket Stadium,Dubai International Cricket Stadium,Dubai,Dubai,Chennai Super Kings,Chennai Super Kings,Delhi Capitals,Delhi Capitals,Delhi Capitals,Delhi Capitals,field,Delhi Capitals,Delhi Capitals,3 wickets,NA,NA,AR Patel,NA,NA
1254093,2021,2021-10-05,T20,Indian Premier League,Unknown,Sharjah Cricket Stadium,Sharjah Cricket Stadium,Sharjah,Sharjah,Rajasthan Royals,Rajasthan Royals,Mumbai Indians,Mumbai Indians,Mumbai Indians,Mumbai Indians,field,Mumbai Indians,Mumbai Indians,8 wickets,NA,NA,NM Coulter-Nile,NA,NA
1254095,2021,2021-10-06,T20,Indian Premier League,Unknown,"Zayed Cricket Stadium, Abu Dhabi","Zayed Cricket Stadium, Abu Dhabi",Abu Dhabi,Abu Dhabi,Sunrisers Hyderabad,Sunrisers Hyderabad,Royal Challengers Bangalore,Royal Challengers Bengaluru,Royal Challengers Bangalore,Royal Challengers Bengaluru,field,Sunrisers Hyderabad,Sunrisers Hyderabad,4 runs,NA,NA,KS Williamson,NA,NA
1254094,2021,2021-10-07,T20,Indian Premier League,Unknown,Dubai International Cricket Stadium,Dubai International Cricket Stadium,Dubai,Dubai,Chennai Super Kings,Chennai Super Kings,Punjab Kings,Punjab Kings,Punjab Kings,Punjab Kings,field,Punjab Kings,Punjab Kings,6 wickets,NA,NA,KL Rahul,NA,NA
1254106,2021,2021-10-07,T20,Indian Premier League,Unknown,Sharjah Cricket Stadium,Sharjah Cricket Stadium,Sharjah,Sharjah,Kolkata Knight Riders,Kolkata Knight Riders,Rajasthan Royals,Rajasthan Royals,Rajasthan Royals,Rajasthan Royals,field,Kolkata Knight Riders,Kolkata Knight Riders,86 runs,NA,NA,Shivam Mavi,NA,NA
1254088,2021,2021-10-08,T20,Indian Premier League,Unknown,"Zayed Cricket Stadium, Abu Dhabi","Zayed Cricket Stadium, Abu Dhabi",Abu Dhabi,Abu Dhabi,Mumbai Indians,Mumbai Indians,Sunrisers Hyderabad,Sunrisers Hyderabad,Mumbai Indians,Mumbai Indians,bat,Mumbai Indians,Mumbai Indians,42 runs,NA,NA,Ishan Kishan,NA,NA
1254101,2021,2021-10-08,T20,Indian Premier League,Unknown,Dubai International Cricket Stadium,Dubai International Cricket Stadium,Dubai,Dubai,Delhi Capitals,Delhi Capitals,Royal Challengers Bangalore,Royal Challengers Bengaluru,Royal Challengers Bangalore,Royal Challengers Bengaluru,field,Royal Challengers Bangalore,Royal Challengers Bengaluru,7 wickets,NA,NA,KS Bharat,NA,NA
1254114,2021,2021-10-10,T20,Indian Premier League,Qualifier 1,Dubai International Cricket Stadium,Dubai International Cricket Stadium,Dubai,Dubai,Delhi Capitals,Delhi Capitals,Chennai Super Kings,Chennai Super Kings,Chennai Super Kings,Chennai Super Kings,field,Chennai Super Kings,Chennai Super Kings,4 wickets,NA,NA,RD Gaikwad,NA,NA
1254115,2021,2021-10-11,T20,Indian Premier League,Eliminator,Sharjah Cricket Stadium,Sharjah Cricket Stadium,Sharjah,Sharjah,Royal Challengers Bangalore,Royal Challengers Bengaluru,Kolkata Knight Riders,Kolkata Knight Riders,Royal Challengers Bangalore,Royal Challengers Bengaluru,bat,Kolkata Knight Riders,Kolkata Knight Riders,4 wickets,NA,NA,SP Narine,NA,NA
1254116,2021,2021-10-13,T20,Indian Premier League,Qualifier 2,Sharjah Cricket Stadium,Sharjah Cricket Stadium,Sharjah,Sharjah,Delhi Capitals,Delhi Capitals,Kolkata Knight Riders,Kolkata Knight Riders,Kolkata Knight Riders,Kolkata Knight Riders,field,Kolkata Knight Riders,Kolkata Knight Riders,3 wickets,NA,NA,VR Iyer,NA,NA
1254117,2021,2021-10-15,T20,Indian Premier League,Final,Dubai International Cricket Stadium,Dubai International Cricket Stadium,Dubai,Dubai,Chennai Super Kings,Chennai Super Kings,Kolkata Knight Riders,Kolkata Knight Riders,Kolkata Knight Riders,Kolkata Knight Riders,field,Chennai Super Kings,Chennai Super Kings,27 runs,NA,NA,F du Plessis,NA,NA
1304047,2022,2022-03-26,T20,Indian Premier League,Unknown,"Wankhede Stadium, Mumbai",Wankhede Stadium,Mumbai,Mumbai,Chennai Super Kings,Chennai Super Kings,Kolkata Knight Riders,Kolkata Knight Riders,Kolkata Knight Riders,Kolkata Knight Riders,field,Kolkata Knight Riders,Kolkata Knight Riders,6 wickets,NA,NA,UT Yadav,NA,NA
1304048,2022,2022-03-27,T20,Indian Premier League,Unknown,"Brabourne Stadium, Mumbai",Brabourne Stadium,Mumbai,Mumbai,Mumbai Indians,Mumbai Indians,Delhi Capitals,Delhi Capitals,Delhi Capitals,Delhi Capitals,field,Delhi Capitals,Delhi Capitals,4 wickets,NA,NA,Kuldeep Yadav,NA,NA
1304049,2022,2022-03-27,T20,Indian Premier League,Unknown,"Dr DY Patil Sports Academy, Mumbai","Dr DY Patil Sports Academy, Mumbai",Mumbai,Mumbai,Royal Challengers Bangalore,Royal Challengers Bengaluru,Punjab Kings,Punjab Kings,Punjab Kings,Punjab Kings,field,Punjab Kings,Punjab Kings,5 wickets,NA,NA,OF Smith,NA,NA
1304050,2022,2022-03-28,T20,Indian Premier League,Unknown,"Wankhede Stadium, Mumbai",Wankhede Stadium,Mumbai,Mumbai,Lucknow Super Giants,Lucknow Super Giants,Gujarat Titans,Gujarat Titans,Gujarat Titans,Gujarat Titans,field,Gujarat Titans,Gujarat Titans,5 wickets,NA,NA,Mohammed Shami,NA,NA
1304051,2022,2022-03-29,T20,Indian Premier League,Unknown,"Maharashtra Cricket Association Stadium, Pune",Maharashtra Cricket Association Stadium,Pune,Pune,Rajasthan Royals,Rajasthan Royals,Sunrisers Hyderabad,Sunrisers Hyderabad,Sunrisers Hyderabad,Sunrisers Hyderabad,field,Rajasthan Royals,Rajasthan Royals,61 runs,NA,NA,SV Samson,NA,NA
1304052,2022,2022-03-30,T20,Indian Premier League,Unknown,"Dr DY Patil Sports Academy, Mumbai","Dr DY Patil Sports Academy, Mumbai",Mumbai,Mumbai,Kolkata Knight Riders,Kolkata Knight Riders,Royal Challengers Bangalore,Royal Challengers Bengaluru,Royal Challengers Bangalore,Royal Challengers Bengaluru,field,Royal Challengers Bangalore,Royal Challengers Bengaluru,3 wickets,NA,NA,PWH de Silva,NA,NA
1304053,2022,2022-03-31,T20,Indian Premier League,Unknown,"Brabourne Stadium, Mumbai",Brabourne Stadium,Mumbai,Mumbai,Chennai Super Kings,Chennai Super Kings,Lucknow Super Giants,Lucknow Super Giants,Lucknow Super Giants,Lucknow Super Giants,field,Lucknow Super Giants,Lucknow Super Giants,6 wickets,NA,NA,E Lewis,NA,NA
1304054,2022,2022-04-01,T20,Indian Premier League,Unknown,"Wankhede Stadium, Mumbai",Wankhede Stadium,Mumbai,Mumbai,Punjab Kings,Punjab Kings,Kolkata Knight Riders,Kolkata Knight Riders,Kolkata Knight Riders,Kolkata Knight Riders,field,Kolkata Knight Riders,Kolkata Knight Riders,6 wickets,NA,NA,UT Yadav,NA,NA
1304055,2022,2022-04-02,T20,Indian Premier League,Unknown,"Dr DY Patil Sports Academy, Mumbai","Dr DY Patil Sports Academy, Mumbai",Mumbai,Mumbai,Rajasthan Royals,Rajasthan Royals,Mumbai Indians,Mumbai Indians,Mumbai Indians,Mumbai Indians,field,Rajasthan Royals,Rajasthan Royals,23 runs,NA,NA,JC Buttler,NA,NA
1304056,2022,2022-04-02,T20,Indian Premier League,Unknown,"Maharashtra Cricket Association Stadium, Pune",Maharashtra Cricket Association Stadium,Pune,Pune,Gujarat Titans,Gujarat Titans,Delhi Capitals,Delhi Capitals,Delhi Capitals,Delhi Capitals,field,Gujarat Titans,Gujarat Titans,14 runs,NA,NA,LH Ferguson,NA,NA
1304057,2022,2022-04-03,T20,Indian Premier League,Unknown,"Brabourne Stadium, Mumbai",Brabourne Stadium,Mumbai,Mumbai,Punjab Kings,Punjab Kings,Chennai Super Kings,Chennai Super Kings,Chennai Super Kings,Chennai Super Kings,field,Punjab Kings,Punjab Kings,54 runs,NA,NA,LS Livingstone,NA,NA
1304058,2022,2022-04-04,T20,Indian Premier League,Unknown,"Dr DY Patil Sports Academy, Mumbai","Dr DY Patil Sports Academy, Mumbai",Mumbai,Mumbai,Lucknow Super Giants,Lucknow Super Giants,Sunrisers Hyderabad,Sunrisers Hyderabad,Sunrisers Hyderabad,Sunrisers Hyderabad,field,Lucknow Super Giants,Lucknow Super Giants,12 runs,NA,NA,Avesh Khan,NA,NA
1304059,2022,2022-04-05,T20,Indian Premier League,Unknown,"Wankhede Stadium, Mumbai",Wankhede Stadium,Mumbai,Mumbai,Rajasthan Royals,Rajasthan Royals,Royal Challengers Bangalore,Royal Challengers Bengaluru,Royal Challengers Bangalore,Royal Challengers Bengaluru,field,Royal Challengers Bangalore,Royal Challengers Bengaluru,4 wickets,NA,NA,KD Karthik,NA,NA
1304060,2022,2022-04-06,T20,Indian Premier League,Unknown,"Maharashtra Cricket Association Stadium, Pune",Maharashtra Cricket Association Stadium,Pune,Pune,Mumbai Indians,Mumbai Indians,Kolkata Knight Riders,Kolkata Knight Riders,Kolkata Knight Riders,Kolkata Knight Riders,field,Kolkata Knight Riders,Kolkata Knight Riders,5 wickets,NA,NA,PJ Cummins,NA,NA
1304061,2022,2022-04-07,T20,Indian Premier League,Unknown,"Dr DY Patil Sports Academy, Mumbai","Dr DY Patil Sports Academy, Mumbai",Mumbai,Mumbai,Delhi Capitals,Delhi Capitals,Lucknow Super Giants,Lucknow Super Giants,Lucknow Super Giants,Lucknow Super Giants,field,Lucknow Super Giants,Lucknow Super Giants,6 wickets,NA,NA,Q de Kock,NA,NA
1304062,2022,2022-04-08,T20,Indian Premier League,Unknown,"Brabourne Stadium, Mumbai",Brabourne Stadium,Mumbai,Mumbai,Punjab Kings,Punjab Kings,Gujarat Titans,Gujarat Titans,Gujarat Titans,Gujarat Titans,field,Gujarat Titans,Gujarat Titans,6 wickets,NA,NA,Shubman Gill,NA,NA
1304063,2022,2022-04-09,T20,Indian Premier League,Unknown,"Dr DY Patil Sports Academy, Mumbai","Dr DY Patil Sports Academy, Mumbai",Mumbai,Mumbai,Chennai Super Kings,Chennai Super Kings,Sunrisers Hyderabad,Sunrisers Hyderabad,Sunrisers Hyderabad,Sunrisers Hyderabad,field,Sunrisers Hyderabad,Sunrisers Hyderabad,8 wickets,NA,NA,Abhishek Sharma,NA,NA
1304064,2022,2022-04-09,T20,Indian Premier League,Unknown,"Maharashtra Cricket Association Stadium, Pune",Maharashtra Cricket Association Stadium,Pune,Pune,Mumbai Indians,Mumbai Indians,Royal Challengers Bangalore,Royal Challengers Bengaluru,Royal Challengers Bangalore,Royal Challengers Bengaluru,field,Royal Challengers Bangalore,Royal Challengers Bengaluru,7 wickets,NA,NA,Anuj Rawat,NA,NA
1304065,2022,2022-04-10,T20,Indian Premier League,Unknown,"Brabourne Stadium, Mumbai",Brabourne Stadium,Mumbai,Mumbai,Delhi Capitals,Delhi Capitals,Kolkata Knight Riders,Kolkata Knight Riders,Kolkata Knight Riders,Kolkata Knight Riders,field,Delhi Capitals,Delhi Capitals,44 runs,NA,NA,Kuldeep Yadav,NA,NA
1304066,2022,2022-04-10,T20,Indian Premier League,Unknown,"Wankhede Stadium, Mumbai",Wankhede Stadium,Mumbai,Mumbai,Rajasthan Royals,Rajasthan Royals,Lucknow Super Giants,Lucknow Super Giants,Lucknow Super Giants,Lucknow Super Giants,field,Rajasthan Royals,Rajasthan Royals,3 runs,NA,NA,YS Chahal,NA,NA
1304067,2022,2022-04-11,T20,Indian Premier League,Unknown,"Dr DY Patil Sports Academy, Mumbai","Dr DY Patil Sports Academy, Mumbai",Mumbai,Mumbai,Gujarat Titans,Gujarat Titans,Sunrisers Hyderabad,Sunrisers Hyderabad,Sunrisers Hyderabad,Sunrisers Hyderabad,field,Sunrisers Hyderabad,Sunrisers Hyderabad,8 wickets,NA,NA,KS Williamson,NA,NA
1304068,2022,2022-04-12,T20,Indian Premier League,Unknown,"Dr DY Patil Sports Academy, Mumbai","Dr DY Patil Sports Academy, Mumbai",Mumbai,Mumbai,Chennai Super Kings,Chennai Super Kings,Royal Challengers Bangalore,Royal Challengers Bengaluru,Royal Challengers Bangalore,Royal Challengers Bengaluru,field,Chennai Super Kings,Chennai Super Kings,23 runs,NA,NA,S Dube,NA,NA
1304069,2022,2022-04-13,T20,Indian Premier League,Unknown,"Maharashtra Cricket Association Stadium, Pune",Maharashtra Cricket Association Stadium,Pune,Pune,Punjab Kings,Punjab Kings,Mumbai Indians,Mumbai Indians,Mumbai Indians,Mumbai Indians,field,Punjab Kings,Punjab Kings,12 runs,NA,NA,MA Agarwal,NA,NA
1304070,2022,2022-04-14,T20,Indian Premier League,Unknown,"Dr DY Patil Sports Academy, Mumbai","Dr DY Patil Sports Academy, Mumbai",Mumbai,Mumbai,Gujarat Titans,Gujarat Titans,Rajasthan Royals,Rajasthan Royals,Rajasthan Royals,Rajasthan Royals,field,Gujarat Titans,Gujarat Titans,37 runs,NA,NA,HH Pandya,NA,NA
1304071,2022,2022-04-15,T20,Indian Premier League,Unknown,"Brabourne Stadium, Mumbai",Brabourne Stadium,Mumbai,Mumbai,Kolkata Knight Riders,Kolkata Knight Riders,Sunrisers Hyderabad,Sunrisers Hyderabad,Sunrisers Hyderabad,Sunrisers Hyderabad,field,Sunrisers Hyderabad,Sunrisers Hyderabad,7 wickets,NA,NA,RA Tripathi,NA,NA
1304072,2022,2022-04-16,T20,Indian Premier League,Unknown,"Brabourne Stadium, Mumbai",Brabourne Stadium,Mumbai,Mumbai,Lucknow Super Giants,Lucknow Super Giants,Mumbai Indians,Mumbai Indians,Mumbai Indians,Mumbai Indians,field,Lucknow Super Giants,Lucknow Super Giants,18 runs,NA,NA,KL Rahul,NA,NA
1304073,2022,2022-04-16,T20,Indian Premier League,Unknown,"Wankhede Stadium, Mumbai",Wankhede Stadium,Mumbai,Mumbai,Royal Challengers Bangalore,Royal Challengers Bengaluru,Delhi Capitals,Delhi Capitals,Delhi Capitals,Delhi Capitals,field,Royal Challengers Bangalore,Royal Challengers Bengaluru,16 runs,NA,NA,KD Karthik,NA,NA
1304074,2022,2022-04-17,T20,Indian Premier League,Unknown,"Dr DY Patil Sports Academy, Mumbai","Dr DY Patil Sports Academy, Mumbai",Mumbai,Mumbai,Punjab Kings,Punjab Kings,Sunrisers Hyderabad,Sunrisers Hyderabad,Sunrisers Hyderabad,Sunrisers Hyderabad,field,Sunrisers Hyderabad,Sunrisers Hyderabad,7 wickets,NA,NA,Umran Malik,NA,NA
1304075,2022,2022-04-17,T20,Indian Premier League,Unknown,"Maharashtra Cricket Association Stadium, Pune",Maharashtra Cricket Association Stadium,Pune,Pune,Chennai Super Kings,Chennai Super Kings,Gujarat Titans,Gujarat Titans,Gujarat Titans,Gujarat Titans,field,Gujarat Titans,Gujarat Titans,3 wickets,NA,NA,DA Miller,NA,NA
1304076,2022,2022-04-18,T20,Indian Premier League,Unknown,"Brabourne Stadium, Mumbai",Brabourne Stadium,Mumbai,Mumbai,Rajasthan Royals,Rajasthan Royals,Kolkata Knight Riders,Kolkata Knight Riders,Kolkata Knight Riders,Kolkata Knight Riders,field,Rajasthan Royals,Rajasthan Royals,7 runs,NA,NA,YS Chahal,NA,NA
1304077,2022,2022-04-19,T20,Indian Premier League,Unknown,"Dr DY Patil Sports Academy, Mumbai","Dr DY Patil Sports Academy, Mumbai",Mumbai,Mumbai,Royal Challengers Bangalore,Royal Challengers Bengaluru,Lucknow Super Giants,Lucknow Super Giants,Lucknow Super Giants,Lucknow Super Giants,field,Royal Challengers Bangalore,Royal Challengers Bengaluru,18 runs,NA,NA,F du Plessis,NA,NA
1304078,2022,2022-04-20,T20,Indian Premier League,Unknown,"Brabourne Stadium, Mumbai",Brabourne Stadium,Mumbai,Mumbai,Punjab Kings,Punjab Kings,Delhi Capitals,Delhi Capitals,Delhi Capitals,Delhi Capitals,field,Delhi Capitals,Delhi Capitals,9 wickets,NA,NA,Kuldeep Yadav,NA,NA
1304079,2022,2022-04-21,T20,Indian Premier League,Unknown,"Dr DY Patil Sports Academy, Mumbai","Dr DY Patil Sports Academy, Mumbai",Navi Mumbai,Navi Mumbai,Mumbai Indians,Mumbai Indians,Chennai Super Kings,Chennai Super Kings,Chennai Super Kings,Chennai Super Kings,field,Chennai Super Kings,Chennai Super Kings,3 wickets,NA,NA,Mukesh Choudhary,NA,NA
1304080,2022,2022-04-22,T20,Indian Premier League,Unknown,"Wankhede Stadium, Mumbai",Wankhede Stadium,Mumbai,Mumbai,Rajasthan Royals,Rajasthan Royals,Delhi Capitals,Delhi Capitals,Delhi Capitals,Delhi Capitals,field,Rajasthan Royals,Rajasthan Royals,15 runs,NA,NA,JC Buttler,NA,NA
1304081,2022,2022-04-23,T20,Indian Premier League,Unknown,"Dr DY Patil Sports Academy, Mumbai","Dr DY Patil Sports Academy, Mumbai",Navi Mumbai,Navi Mumbai,Gujarat Titans,Gujarat Titans,Kolkata Knight Riders,Kolkata Knight Riders,Gujarat Titans,Gujarat Titans,bat,Gujarat Titans,Gujarat Titans,8 runs,NA,NA,Rashid Khan,NA,NA
1304082,2022,2022-04-23,T20,Indian Premier League,Unknown,"Brabourne Stadium, Mumbai",Brabourne Stadium,Mumbai,Mumbai,Royal Challengers Bangalore,Royal Challengers Bengaluru,Sunrisers Hyderabad,Sunrisers Hyderabad,Sunrisers Hyderabad,Sunrisers Hyderabad,field,Sunrisers Hyderabad,Sunrisers Hyderabad,9 wickets,NA,NA,M Jansen,NA,NA
1304083,2022,2022-04-24,T20,Indian Premier League,Unknown,"Wankhede Stadium, Mumbai",Wankhede Stadium,Mumbai,Mumbai,Lucknow Super Giants,Lucknow Super Giants,Mumbai Indians,Mumbai Indians,Mumbai Indians,Mumbai Indians,field,Lucknow Super Giants,Lucknow Super Giants,36 runs,NA,NA,KL Rahul,NA,NA
1304084,2022,2022-04-25,T20,Indian Premier League,Unknown,"Wankhede Stadium, Mumbai",Wankhede Stadium,Mumbai,Mumbai,Punjab Kings,Punjab Kings,Chennai Super Kings,Chennai Super Kings,Chennai Super Kings,Chennai Super Kings,field,Punjab Kings,Punjab Kings,11 runs,NA,NA,S Dhawan,NA,NA
1304085,2022,2022-04-26,T20,Indian Premier League,Unknown,"Maharashtra Cricket Association Stadium, Pune",Maharashtra Cricket Association Stadium,Pune,Pune,Rajasthan Royals,Rajasthan Royals,Royal Challengers Bangalore,Royal Challengers Bengaluru,Royal Challengers Bangalore,Royal Challengers Bengaluru,field,Rajasthan Royals,Rajasthan Royals,29 runs,NA,NA,R Parag,NA,NA
1304086,2022,2022-04-27,T20,Indian Premier League,Unknown,"Wankhede Stadium, Mumbai",Wankhede Stadium,Mumbai,Mumbai,Sunrisers Hyderabad,Sunrisers Hyderabad,Gujarat Titans,Gujarat Titans,Gujarat Titans,Gujarat Titans,field,Gujarat Titans,Gujarat Titans,5 wickets,NA,NA,Umran Malik,NA,NA
1304087,2022,2022-04-28,T20,Indian Premier League,Unknown,"Wankhede Stadium, Mumbai",Wankhede Stadium,Mumbai,Mumbai,Kolkata Knight Riders,Kolkata Knight Riders,Delhi Capitals,Delhi Capitals,Delhi Capitals,Delhi Capitals,field,Delhi Capitals,Delhi Capitals,4 wickets,NA,NA,Kuldeep Yadav,NA,NA
1304088,2022,2022-04-29,T20,Indian Premier League,Unknown,"Maharashtra Cricket Association Stadium, Pune",Maharashtra Cricket Association Stadium,Pune,Pune,Lucknow Super Giants,Lucknow Super Giants,Punjab Kings,Punjab Kings,Punjab Kings,Punjab Kings,field,Lucknow Super Giants,Lucknow Super Giants,20 runs,NA,NA,KH Pandya,NA,NA
1304089,2022,2022-04-30,T20,Indian Premier League,Unknown,"Brabourne Stadium, Mumbai",Brabourne Stadium,Mumbai,Mumbai,Royal Challengers Bangalore,Royal Challengers Bengaluru,Gujarat Titans,Gujarat Titans,Royal Challengers Bangalore,Royal Challengers Bengaluru,bat,Gujarat Titans,Gujarat Titans,6 wickets,NA,NA,R Tewatia,NA,NA
1304090,2022,2022-04-30,T20,Indian Premier League,Unknown,"Dr DY Patil Sports Academy, Mumbai","Dr DY Patil Sports Academy, Mumbai",Navi Mumbai,Navi Mumbai,Rajasthan Royals,Rajasthan Royals,Mumbai Indians,Mumbai Indians,Mumbai Indians,Mumbai Indians,field,Mumbai Indians,Mumbai Indians,5 wickets,NA,NA,SA Yadav,NA,NA
1304091,2022,2022-05-01,T20,Indian Premier League,Unknown,"Wankhede Stadium, Mumbai",Wankhede Stadium,Mumbai,Mumbai,Lucknow Super Giants,Lucknow Super Giants,Delhi Capitals,Delhi Capitals,Lucknow Super Giants,Lucknow Super Giants,bat,Lucknow Super Giants,Lucknow Super Giants,6 runs,NA,NA,Mohsin Khan,NA,NA
1304092,2022,2022-05-01,T20,Indian Premier League,Unknown,"Maharashtra Cricket Association Stadium, Pune",Maharashtra Cricket Association Stadium,Pune,Pune,Chennai Super Kings,Chennai Super Kings,Sunrisers Hyderabad,Sunrisers Hyderabad,Sunrisers Hyderabad,Sunrisers Hyderabad,field,Chennai Super Kings,Chennai Super Kings,13 runs,NA,NA,RD Gaikwad,NA,NA
1304093,2022,2022-05-02,T20,Indian Premier League,Unknown,"Wankhede Stadium, Mumbai",Wankhede Stadium,Mumbai,Mumbai,Rajasthan Royals,Rajasthan Royals,Kolkata Knight Riders,Kolkata Knight Riders,Kolkata Knight Riders,Kolkata Knight Riders,field,Kolkata Knight Riders,Kolkata Knight Riders,7 wickets,NA,NA,RK Singh,NA,NA
1304094,2022,2022-05-03,T20,Indian Premier League,Unknown,"Dr DY Patil Sports Academy, Mumbai","Dr DY Patil Sports Academy, Mumbai",Navi Mumbai,Navi Mumbai,Gujarat Titans,Gujarat Titans,Punjab Kings,Punjab Kings,Gujarat Titans,Gujarat Titans,bat,Punjab Kings,Punjab Kings,8 wickets,NA,NA,K Rabada,NA,NA
1304095,2022,2022-05-04,T20,Indian Premier League,Unknown,"Maharashtra Cricket Association Stadium, Pune",Maharashtra Cricket Association Stadium,Pune,Pune,Royal Challengers Bangalore,Royal Challengers Bengaluru,Chennai Super Kings,Chennai Super Kings,Chennai Super Kings,Chennai Super Kings,field,Royal Challengers Bangalore,Royal Challengers Bengaluru,13 runs,NA,NA,HV Patel,NA,NA
1304096,2022,2022-05-05,T20,Indian Premier League,Unknown,"Brabourne Stadium, Mumbai",Brabourne Stadium,Mumbai,Mumbai,Delhi Capitals,Delhi Capitals,Sunrisers Hyderabad,Sunrisers Hyderabad,Sunrisers Hyderabad,Sunrisers Hyderabad,field,Delhi Capitals,Delhi Capitals,21 runs,NA,NA,DA Warner,NA,NA
1304097,2022,2022-05-06,T20,Indian Premier League,Unknown,"Brabourne Stadium, Mumbai",Brabourne Stadium,Mumbai,Mumbai,Mumbai Indians,Mumbai Indians,Gujarat Titans,Gujarat Titans,Gujarat Titans,Gujarat Titans,field,Mumbai Indians,Mumbai Indians,5 runs,NA,NA,TH David,NA,NA
1304098,2022,2022-05-07,T20,Indian Premier League,Unknown,"Wankhede Stadium, Mumbai",Wankhede Stadium,Mumbai,Mumbai,Punjab Kings,Punjab Kings,Rajasthan Royals,Rajasthan Royals,Punjab Kings,Punjab Kings,bat,Rajasthan Royals,Rajasthan Royals,6 wickets,NA,NA,YBK Jaiswal,NA,NA
1304099,2022,2022-05-07,T20,Indian Premier League,Unknown,"Maharashtra Cricket Association Stadium, Pune",Maharashtra Cricket Association Stadium,Pune,Pune,Lucknow Super Giants,Lucknow Super Giants,Kolkata Knight Riders,Kolkata Knight Riders,Kolkata Knight Riders,Kolkata Knight Riders,field,Lucknow Super Giants,Lucknow Super Giants,75 runs,NA,NA,Avesh Khan,NA,NA
1304100,2022,2022-05-08,T20,Indian Premier League,Unknown,"Wankhede Stadium, Mumbai",Wankhede Stadium,Mumbai,Mumbai,Royal Challengers Bangalore,Royal Challengers Bengaluru,Sunrisers Hyderabad,Sunrisers Hyderabad,Royal Challengers Bangalore,Royal Challengers Bengaluru,bat,Royal Challengers Bangalore,Royal Challengers Bengaluru,67 runs,NA,NA,PWH de Silva,NA,NA
1304101,2022,2022-05-08,T20,Indian Premier League,Unknown,"Dr DY Patil Sports Academy, Mumbai","Dr DY Patil Sports Academy, Mumbai",Navi Mumbai,Navi Mumbai,Chennai Super Kings,Chennai Super Kings,Delhi Capitals,Delhi Capitals,Delhi Capitals,Delhi Capitals,field,Chennai Super Kings,Chennai Super Kings,91 runs,NA,NA,DP Conway,NA,NA
1304102,2022,2022-05-09,T20,Indian Premier League,Unknown,"Dr DY Patil Sports Academy, Mumbai","Dr DY Patil Sports Academy, Mumbai",Navi Mumbai,Navi Mumbai,Kolkata Knight Riders,Kolkata Knight Riders,Mumbai Indians,Mumbai Indians,Mumbai Indians,Mumbai Indians,field,Kolkata Knight Riders,Kolkata Knight Riders,52 runs,NA,NA,JJ Bumrah,NA,NA
1304103,2022,2022-05-10,T20,Indian Premier League,Unknown,"Maharashtra Cricket Association Stadium, Pune",Maharashtra Cricket Association Stadium,Pune,Pune,Gujarat Titans,Gujarat Titans,Lucknow Super Giants,Lucknow Super Giants,Gujarat Titans,Gujarat Titans,bat,Gujarat Titans,Gujarat Titans,62 runs,NA,NA,Shubman Gill,NA,NA
1304104,2022,2022-05-11,T20,Indian Premier League,Unknown,"Dr DY Patil Sports Academy, Mumbai","Dr DY Patil Sports Academy, Mumbai",Navi Mumbai,Navi Mumbai,Rajasthan Royals,Rajasthan Royals,Delhi Capitals,Delhi Capitals,Delhi Capitals,Delhi Capitals,field,Delhi Capitals,Delhi Capitals,8 wickets,NA,NA,MR Marsh,NA,NA
1304105,2022,2022-05-12,T20,Indian Premier League,Unknown,"Wankhede Stadium, Mumbai",Wankhede Stadium,Mumbai,Mumbai,Chennai Super Kings,Chennai Super Kings,Mumbai Indians,Mumbai Indians,Mumbai Indians,Mumbai Indians,field,Mumbai Indians,Mumbai Indians,5 wickets,NA,NA,DR Sams,NA,NA
1304106,2022,2022-05-13,T20,Indian Premier League,Unknown,"Brabourne Stadium, Mumbai",Brabourne Stadium,Mumbai,Mumbai,Punjab Kings,Punjab Kings,Royal Challengers Bangalore,Royal Challengers Bengaluru,Royal Challengers Bangalore,Royal Challengers Bengaluru,field,Punjab Kings,Punjab Kings,54 runs,NA,NA,JM Bairstow,NA,NA
1304107,2022,2022-05-14,T20,Indian Premier League,Unknown,"Maharashtra Cricket Association Stadium, Pune",Maharashtra Cricket Association Stadium,Pune,Pune,Kolkata Knight Riders,Kolkata Knight Riders,Sunrisers Hyderabad,Sunrisers Hyderabad,Kolkata Knight Riders,Kolkata Knight Riders,bat,Kolkata Knight Riders,Kolkata Knight Riders,54 runs,NA,NA,AD Russell,NA,NA
1304108,2022,2022-05-15,T20,Indian Premier League,Unknown,"Wankhede Stadium, Mumbai",Wankhede Stadium,Mumbai,Mumbai,Chennai Super Kings,Chennai Super Kings,Gujarat Titans,Gujarat Titans,Chennai Super Kings,Chennai Super Kings,bat,Gujarat Titans,Gujarat Titans,7 wickets,NA,NA,WP Saha,NA,NA
1304109,2022,2022-05-15,T20,Indian Premier League,Unknown,"Brabourne Stadium, Mumbai",Brabourne Stadium,Mumbai,Mumbai,Rajasthan Royals,Rajasthan Royals,Lucknow Super Giants,Lucknow Super Giants,Rajasthan Royals,Rajasthan Royals,bat,Rajasthan Royals,Rajasthan Royals,24 runs,NA,NA,TA Boult,NA,NA
1304110,2022,2022-05-16,T20,Indian Premier League,Unknown,"Dr DY Patil Sports Academy, Mumbai","Dr DY Patil Sports Academy, Mumbai",Navi Mumbai,Navi Mumbai,Delhi Capitals,Delhi Capitals,Punjab Kings,Punjab Kings,Punjab Kings,Punjab Kings,field,Delhi Capitals,Delhi Capitals,17 runs,NA,NA,SN Thakur,NA,NA
1304111,2022,2022-05-17,T20,Indian Premier League,Unknown,"Wankhede Stadium, Mumbai",Wankhede Stadium,Mumbai,Mumbai,Sunrisers Hyderabad,Sunrisers Hyderabad,Mumbai Indians,Mumbai Indians,Mumbai Indians,Mumbai Indians,field,Sunrisers Hyderabad,Sunrisers Hyderabad,3 runs,NA,NA,RA Tripathi,NA,NA
1304112,2022,2022-05-18,T20,Indian Premier League,Unknown,"Dr DY Patil Sports Academy, Mumbai","Dr DY Patil Sports Academy, Mumbai",Navi Mumbai,Navi Mumbai,Lucknow Super Giants,Lucknow Super Giants,Kolkata Knight Riders,Kolkata Knight Riders,Lucknow Super Giants,Lucknow Super Giants,bat,Lucknow Super Giants,Lucknow Super Giants,2 runs,NA,NA,Q de Kock,NA,NA
1304113,2022,2022-05-19,T20,Indian Premier League,Unknown,"Wankhede Stadium, Mumbai",Wankhede Stadium,Mumbai,Mumbai,Gujarat Titans,Gujarat Titans,Royal Challengers Bangalore,Royal Challengers Bengaluru,Gujarat Titans,Gujarat Titans,bat,Royal Challengers Bangalore,Royal Challengers Bengaluru,8 wickets,NA,NA,V Kohli,NA,NA
1304114,2022,2022-05-20,T20,Indian Premier League,Unknown,"Brabourne Stadium, Mumbai",Brabourne Stadium,Mumbai,Mumbai,Chennai Super Kings,Chennai Super Kings,Rajasthan Royals,Rajasthan Royals,Chennai Super Kings,Chennai Super Kings,bat,Rajasthan Royals,Rajasthan Royals,5 wickets,NA,NA,R Ashwin,NA,NA
1304115,2022,2022-05-21,T20,Indian Premier League,Unknown,"Wankhede Stadium, Mumbai",Wankhede Stadium,Mumbai,Mumbai,Delhi Capitals,Delhi Capitals,Mumbai Indians,Mumbai Indians,Mumbai Indians,Mumbai Indians,field,Mumbai Indians,Mumbai Indians,5 wickets,NA,NA,JJ Bumrah,NA,NA
1304116,2022,2022-05-22,T20,Indian Premier League,Unknown,"Wankhede Stadium, Mumbai",Wankhede Stadium,Mumbai,Mumbai,Sunrisers Hyderabad,Sunrisers Hyderabad,Punjab Kings,Punjab Kings,Sunrisers Hyderabad,Sunrisers Hyderabad,bat,Punjab Kings,Punjab Kings,5 wickets,NA,NA,Harpreet Brar,NA,NA
1312197,2022,2022-05-24,T20,Indian Premier League,Qualifier 1,"Eden Gardens, Kolkata",Eden Gardens,Kolkata,Kolkata,Rajasthan Royals,Rajasthan Royals,Gujarat Titans,Gujarat Titans,Gujarat Titans,Gujarat Titans,field,Gujarat Titans,Gujarat Titans,7 wickets,NA,NA,DA Miller,NA,NA
1312198,2022,2022-05-25,T20,Indian Premier League,Eliminator,"Eden Gardens, Kolkata",Eden Gardens,Kolkata,Kolkata,Royal Challengers Bangalore,Royal Challengers Bengaluru,Lucknow Super Giants,Lucknow Super Giants,Lucknow Super Giants,Lucknow Super Giants,field,Royal Challengers Bangalore,Royal Challengers Bengaluru,14 runs,NA,NA,RM Patidar,NA,NA
1312199,2022,2022-05-27,T20,Indian Premier League,Qualifier 2,"Narendra Modi Stadium, Ahmedabad",Narendra Modi Stadium,Ahmedabad,Ahmedabad,Royal Challengers Bangalore,Royal Challengers Bengaluru,Rajasthan Royals,Rajasthan Royals,Rajasthan Royals,Rajasthan Royals,field,Rajasthan Royals,Rajasthan Royals,7 wickets,NA,NA,JC Buttler,NA,NA
1312200,2022,2022-05-29,T20,Indian Premier League,Final,"Narendra Modi Stadium, Ahmedabad",Narendra Modi Stadium,Ahmedabad,Ahmedabad,Rajasthan Royals,Rajasthan Royals,Gujarat Titans,Gujarat Titans,Rajasthan Royals,Rajasthan Royals,bat,Gujarat Titans,Gujarat Titans,7 wickets,NA,NA,HH Pandya,NA,NA
1359475,2023,2023-03-31,T20,Indian Premier League,Unknown,"Narendra Modi Stadium, Ahmedabad",Narendra Modi Stadium,Ahmedabad,Ahmedabad,Chennai Super Kings,Chennai Super Kings,Gujarat Titans,Gujarat Titans,Gujarat Titans,Gujarat Titans,field,Gujarat Titans,Gujarat Titans,5 wickets,NA,NA,Rashid Khan,NA,NA
1359476,2023,2023-04-01,T20,Indian Premier League,Unknown,"Punjab Cricket Association IS Bindra Stadium, Mohali, Chandigarh","Punjab Cricket Association IS Bindra Stadium, Mohali",Chandigarh,Chandigarh,Punjab Kings,Punjab Kings,Kolkata Knight Riders,Kolkata Knight Riders,Kolkata Knight Riders,Kolkata Knight Riders,field,Punjab Kings,Punjab Kings,7 runs,NA,D/L,Arshdeep Singh,NA,NA
1359477,2023,2023-04-01,T20,Indian Premier League,Unknown,"Bharat Ratna Shri Atal Bihari Vajpayee Ekana Cricket Stadium, Lucknow",Bharat Ratna Shri Atal Bihari Vajpayee Ekana Cricket Stadium,Lucknow,Lucknow,Lucknow Super Giants,Lucknow Super Giants,Delhi Capitals,Delhi Capitals,Delhi Capitals,Delhi Capitals,field,Lucknow Super Giants,Lucknow Super Giants,50 runs,NA,NA,MA Wood,NA,NA
1359478,2023,2023-04-02,T20,Indian Premier League,Unknown,"Rajiv Gandhi International Stadium, Uppal, Hyderabad","Rajiv Gandhi International Stadium, Uppal",Hyderabad,Hyderabad,Rajasthan Royals,Rajasthan Royals,Sunrisers Hyderabad,Sunrisers Hyderabad,Sunrisers Hyderabad,Sunrisers Hyderabad,field,Rajasthan Royals,Rajasthan Royals,72 runs,NA,NA,JC Buttler,NA,NA
1359479,2023,2023-04-02,T20,Indian Premier League,Unknown,"M Chinnaswamy Stadium, Bengaluru",M Chinnaswamy Stadium,Bengaluru,Bengaluru,Mumbai Indians,Mumbai Indians,Royal Challengers Bangalore,Royal Challengers Bengaluru,Royal Challengers Bangalore,Royal Challengers Bengaluru,field,Royal Challengers Bangalore,Royal Challengers Bengaluru,8 wickets,NA,NA,F du Plessis,NA,NA
1359480,2023,2023-04-03,T20,Indian Premier League,Unknown,"MA Chidambaram Stadium, Chepauk, Chennai",MA Chidambaram Stadium,Chennai,Chennai,Chennai Super Kings,Chennai Super Kings,Lucknow Super Giants,Lucknow Super Giants,Lucknow Super Giants,Lucknow Super Giants,field,Chennai Super Kings,Chennai Super Kings,12 runs,NA,NA,MM Ali,NA,NA
1359481,2023,2023-04-04,T20,Indian Premier League,Unknown,"Arun Jaitley Stadium, Delhi",Arun Jaitley Stadium,Delhi,Delhi,Delhi Capitals,Delhi Capitals,Gujarat Titans,Gujarat Titans,Gujarat Titans,Gujarat Titans,field,Gujarat Titans,Gujarat Titans,6 wickets,NA,NA,B Sai Sudharsan,NA,NA
1359482,2023,2023-04-05,T20,Indian Premier League,Unknown,"Barsapara Cricket Stadium, Guwahati",Barsapara Cricket Stadium,Guwahati,Guwahati,Punjab Kings,Punjab Kings,Rajasthan Royals,Rajasthan Royals,Rajasthan Royals,Rajasthan Royals,field,Punjab Kings,Punjab Kings,5 runs,NA,NA,NT Ellis,NA,NA
1359483,2023,2023-04-06,T20,Indian Premier League,Unknown,"Eden Gardens, Kolkata",Eden Gardens,Kolkata,Kolkata,Kolkata Knight Riders,Kolkata Knight Riders,Royal Challengers Bangalore,Royal Challengers Bengaluru,Royal Challengers Bangalore,Royal Challengers Bengaluru,field,Kolkata Knight Riders,Kolkata Knight Riders,81 runs,NA,NA,SN Thakur,NA,NA
1359484,2023,2023-04-07,T20,Indian Premier League,Unknown,"Bharat Ratna Shri Atal Bihari Vajpayee Ekana Cricket Stadium, Lucknow",Bharat Ratna Shri Atal Bihari Vajpayee Ekana Cricket Stadium,Lucknow,Lucknow,Sunrisers Hyderabad,Sunrisers Hyderabad,Lucknow Super Giants,Lucknow Super Giants,Sunrisers Hyderabad,Sunrisers Hyderabad,bat,Lucknow Super Giants,Lucknow Super Giants,5 wickets,NA,NA,KH Pandya,NA,NA
1359485,2023,2023-04-08,T20,Indian Premier League,Unknown,"Barsapara Cricket Stadium, Guwahati",Barsapara Cricket Stadium,Guwahati,Guwahati,Rajasthan Royals,Rajasthan Royals,Delhi Capitals,Delhi Capitals,Delhi Capitals,Delhi Capitals,field,Rajasthan Royals,Rajasthan Royals,57 runs,NA,NA,YBK Jaiswal,NA,NA
1359486,2023,2023-04-08,T20,Indian Premier League,Unknown,"Wankhede Stadium, Mumbai",Wankhede Stadium,Mumbai,Mumbai,Mumbai Indians,Mumbai Indians,Chennai Super Kings,Chennai Super Kings,Chennai Super Kings,Chennai Super Kings,field,Chennai Super Kings,Chennai Super Kings,7 wickets,NA,NA,RA Jadeja,NA,NA
1359487,2023,2023-04-09,T20,Indian Premier League,Unknown,"Narendra Modi Stadium, Ahmedabad",Narendra Modi Stadium,Ahmedabad,Ahmedabad,Gujarat Titans,Gujarat Titans,Kolkata Knight Riders,Kolkata Knight Riders,Gujarat Titans,Gujarat Titans,bat,Kolkata Knight Riders,Kolkata Knight Riders,3 wickets,NA,NA,RK Singh,NA,NA
1359488,2023,2023-04-09,T20,Indian Premier League,Unknown,"Rajiv Gandhi International Stadium, Uppal, Hyderabad","Rajiv Gandhi International Stadium, Uppal",Hyderabad,Hyderabad,Punjab Kings,Punjab Kings,Sunrisers Hyderabad,Sunrisers Hyderabad,Sunrisers Hyderabad,Sunrisers Hyderabad,field,Sunrisers Hyderabad,Sunrisers Hyderabad,8 wickets,NA,NA,S Dhawan,NA,NA
1359489,2023,2023-04-10,T20,Indian Premier League,Unknown,"M Chinnaswamy Stadium, Bengaluru",M Chinnaswamy Stadium,Bengaluru,Bengaluru,Royal Challengers Bangalore,Royal Challengers Bengaluru,Lucknow Super Giants,Lucknow Super Giants,Lucknow Super Giants,Lucknow Super Giants,field,Lucknow Super Giants,Lucknow Super Giants,1 wickets,NA,NA,N Pooran,NA,NA
1359490,2023,2023-04-11,T20,Indian Premier League,Unknown,"Arun Jaitley Stadium, Delhi",Arun Jaitley Stadium,Delhi,Delhi,Delhi Capitals,Delhi Capitals,Mumbai Indians,Mumbai Indians,Mumbai Indians,Mumbai Indians,field,Mumbai Indians,Mumbai Indians,6 wickets,NA,NA,RG Sharma,NA,NA
1359491,2023,2023-04-12,T20,Indian Premier League,Unknown,"MA Chidambaram Stadium, Chepauk, Chennai",MA Chidambaram Stadium,Chennai,Chennai,Rajasthan Royals,Rajasthan Royals,Chennai Super Kings,Chennai Super Kings,Chennai Super Kings,Chennai Super Kings,field,Rajasthan Royals,Rajasthan Royals,3 runs,NA,NA,R Ashwin,NA,NA
1359492,2023,2023-04-13,T20,Indian Premier League,Unknown,"Punjab Cricket Association IS Bindra Stadium, Mohali, Chandigarh","Punjab Cricket Association IS Bindra Stadium, Mohali",Chandigarh,Chandigarh,Punjab Kings,Punjab Kings,Gujarat Titans,Gujarat Titans,Gujarat Titans,Gujarat Titans,field,Gujarat Titans,Gujarat Titans,6 wickets,NA,NA,MM Sharma,NA,NA
1359493,2023,2023-04-14,T20,Indian Premier League,Unknown,"Eden Gardens, Kolkata",Eden Gardens,Kolkata,Kolkata,Sunrisers Hyderabad,Sunrisers Hyderabad,Kolkata Knight Riders,Kolkata Knight Riders,Kolkata Knight Riders,Kolkata Knight Riders,field,Sunrisers Hyderabad,Sunrisers Hyderabad,23 runs,NA,NA,HC Brook,NA,NA
1359494,2023,2023-04-15,T20,Indian Premier League,Unknown,"M Chinnaswamy Stadium, Bengaluru",M Chinnaswamy Stadium,Bengaluru,Bengaluru,Royal Challengers Bangalore,Royal Challengers Bengaluru,Delhi Capitals,Delhi Capitals,Delhi Capitals,Delhi Capitals,field,Royal Challengers Bangalore,Royal Challengers Bengaluru,23 runs,NA,NA,V Kohli,NA,NA
1359495,2023,2023-04-15,T20,Indian Premier League,Unknown,"Bharat Ratna Shri Atal Bihari Vajpayee Ekana Cricket Stadium, Lucknow",Bharat Ratna Shri Atal Bihari Vajpayee Ekana Cricket Stadium,Lucknow,Lucknow,Lucknow Super Giants,Lucknow Super Giants,Punjab Kings,Punjab Kings,Punjab Kings,Punjab Kings,field,Punjab Kings,Punjab Kings,2 wickets,NA,NA,Sikandar Raza,NA,NA
1359496,2023,2023-04-16,T20,Indian Premier League,Unknown,"Wankhede Stadium, Mumbai",Wankhede Stadium,Mumbai,Mumbai,Kolkata Knight Riders,Kolkata Knight Riders,Mumbai Indians,Mumbai Indians,Mumbai Indians,Mumbai Indians,field,Mumbai Indians,Mumbai Indians,5 wickets,NA,NA,VR Iyer,NA,NA
1359497,2023,2023-04-16,T20,Indian Premier League,Unknown,"Narendra Modi Stadium, Ahmedabad",Narendra Modi Stadium,Ahmedabad,Ahmedabad,Gujarat Titans,Gujarat Titans,Rajasthan Royals,Rajasthan Royals,Rajasthan Royals,Rajasthan Royals,field,Rajasthan Royals,Rajasthan Royals,3 wickets,NA,NA,SO Hetmyer,NA,NA
1359498,2023,2023-04-17,T20,Indian Premier League,Unknown,"M Chinnaswamy Stadium, Bengaluru",M Chinnaswamy Stadium,Bengaluru,Bengaluru,Chennai Super Kings,Chennai Super Kings,Royal Challengers Bangalore,Royal Challengers Bengaluru,Royal Challengers Bangalore,Royal Challengers Bengaluru,field,Chennai Super Kings,Chennai Super Kings,8 runs,NA,NA,DP Conway,NA,NA
1359499,2023,2023-04-18,T20,Indian Premier League,Unknown,"Rajiv Gandhi International Stadium, Uppal, Hyderabad","Rajiv Gandhi International Stadium, Uppal",Hyderabad,Hyderabad,Mumbai Indians,Mumbai Indians,Sunrisers Hyderabad,Sunrisers Hyderabad,Sunrisers Hyderabad,Sunrisers Hyderabad,field,Mumbai Indians,Mumbai Indians,14 runs,NA,NA,C Green,NA,NA
1359500,2023,2023-04-19,T20,Indian Premier League,Unknown,"Sawai Mansingh Stadium, Jaipur",Sawai Mansingh Stadium,Jaipur,Jaipur,Lucknow Super Giants,Lucknow Super Giants,Rajasthan Royals,Rajasthan Royals,Rajasthan Royals,Rajasthan Royals,field,Lucknow Super Giants,Lucknow Super Giants,10 runs,NA,NA,MP Stoinis,NA,NA
1359501,2023,2023-04-20,T20,Indian Premier League,Unknown,"Punjab Cricket Association IS Bindra Stadium, Mohali, Chandigarh","Punjab Cricket Association IS Bindra Stadium, Mohali",Chandigarh,Chandigarh,Royal Challengers Bangalore,Royal Challengers Bengaluru,Punjab Kings,Punjab Kings,Punjab Kings,Punjab Kings,field,Royal Challengers Bangalore,Royal Challengers Bengaluru,24 runs,NA,NA,Mohammed Siraj,NA,NA
1359502,2023,2023-04-20,T20,Indian Premier League,Unknown,"Arun Jaitley Stadium, Delhi",Arun Jaitley Stadium,Delhi,Delhi,Kolkata Knight Riders,Kolkata Knight Riders,Delhi Capitals,Delhi Capitals,Delhi Capitals,Delhi Capitals,field,Delhi Capitals,Delhi Capitals,4 wickets,NA,NA,I Sharma,NA,NA
1359503,2023,2023-04-21,T20,Indian Premier League,Unknown,"MA Chidambaram Stadium, Chepauk, Chennai",MA Chidambaram Stadium,Chennai,Chennai,Sunrisers Hyderabad,Sunrisers Hyderabad,Chennai Super Kings,Chennai Super Kings,Chennai Super Kings,Chennai Super Kings,field,Chennai Super Kings,Chennai Super Kings,7 wickets,NA,NA,RA Jadeja,NA,NA
1359504,2023,2023-04-22,T20,Indian Premier League,Unknown,"Bharat Ratna Shri Atal Bihari Vajpayee Ekana Cricket Stadium, Lucknow",Bharat Ratna Shri Atal Bihari Vajpayee Ekana Cricket Stadium,Lucknow,Lucknow,Gujarat Titans,Gujarat Titans,Lucknow Super Giants,Lucknow Super Giants,Gujarat Titans,Gujarat Titans,bat,Gujarat Titans,Gujarat Titans,7 runs,NA,NA,MM Sharma,NA,NA
1359505,2023,2023-04-22,T20,Indian Premier League,Unknown,"Wankhede Stadium, Mumbai",Wankhede Stadium,Mumbai,Mumbai,Punjab Kings,Punjab Kings,Mumbai Indians,Mumbai Indians,Mumbai Indians,Mumbai Indians,field,Punjab Kings,Punjab Kings,13 runs,NA,NA,SM Curran,NA,NA
1359506,2023,2023-04-23,T20,Indian Premier League,Unknown,"M Chinnaswamy Stadium, Bengaluru",M Chinnaswamy Stadium,Bengaluru,Bengaluru,Royal Challengers Bangalore,Royal Challengers Bengaluru,Rajasthan Royals,Rajasthan Royals,Rajasthan Royals,Rajasthan Royals,field,Royal Challengers Bangalore,Royal Challengers Bengaluru,7 runs,NA,NA,GJ Maxwell,NA,NA
1359507,2023,2023-04-23,T20,Indian Premier League,Unknown,"Eden Gardens, Kolkata",Eden Gardens,Kolkata,Kolkata,Chennai Super Kings,Chennai Super Kings,Kolkata Knight Riders,Kolkata Knight Riders,Kolkata Knight Riders,Kolkata Knight Riders,field,Chennai Super Kings,Chennai Super Kings,49 runs,NA,NA,AM Rahane,NA,NA
1359508,2023,2023-04-24,T20,Indian Premier League,Unknown,"Rajiv Gandhi International Stadium, Uppal, Hyderabad","Rajiv Gandhi International Stadium, Uppal",Hyderabad,Hyderabad,Delhi Capitals,Delhi Capitals,Sunrisers Hyderabad,Sunrisers Hyderabad,Delhi Capitals,Delhi Capitals,bat,Delhi Capitals,Delhi Capitals,7 runs,NA,NA,AR Patel,NA,NA
1359509,2023,2023-04-25,T20,Indian Premier League,Unknown,"Narendra Modi Stadium, Ahmedabad",Narendra Modi Stadium,Ahmedabad,Ahmedabad,Gujarat Titans,Gujarat Titans,Mumbai Indians,Mumbai Indians,Mumbai Indians,Mumbai Indians,field,Gujarat Titans,Gujarat Titans,55 runs,NA,NA,A Manohar,NA,NA
1359510,2023,2023-04-26,T20,Indian Premier League,Unknown,"M Chinnaswamy Stadium, Bengaluru",M Chinnaswamy Stadium,Bengaluru,Bengaluru,Kolkata Knight Riders,Kolkata Knight Riders,Royal Challengers Bangalore,Royal Challengers Bengaluru,Royal Challengers Bangalore,Royal Challengers Bengaluru,field,Kolkata Knight Riders,Kolkata Knight Riders,21 runs,NA,NA,CV Varun,NA,NA
1359511,2023,2023-04-27,T20,Indian Premier League,Unknown,"Sawai Mansingh Stadium, Jaipur",Sawai Mansingh Stadium,Jaipur,Jaipur,Rajasthan Royals,Rajasthan Royals,Chennai Super Kings,Chennai Super Kings,Rajasthan Royals,Rajasthan Royals,bat,Rajasthan Royals,Rajasthan Royals,32 runs,NA,NA,YBK Jaiswal,NA,NA
1359512,2023,2023-04-28,T20,Indian Premier League,Unknown,"Punjab Cricket Association IS Bindra Stadium, Mohali, Chandigarh","Punjab Cricket Association IS Bindra Stadium, Mohali",Chandigarh,Chandigarh,Lucknow Super Giants,Lucknow Super Giants,Punjab Kings,Punjab Kings,Punjab Kings,Punjab Kings,field,Lucknow Super Giants,Lucknow Super Giants,56 runs,NA,NA,MP Stoinis,NA,NA
1359513,2023,2023-04-29,T20,Indian Premier League,Unknown,"Eden Gardens, Kolkata",Eden Gardens,Kolkata,Kolkata,Kolkata Knight Riders,Kolkata Knight Riders,Gujarat Titans,Gujarat Titans,Gujarat Titans,Gujarat Titans,field,Gujarat Titans,Gujarat Titans,7 wickets,NA,NA,J Little,NA,NA
1359514,2023,2023-04-29,T20,Indian Premier League,Unknown,"Arun Jaitley Stadium, Delhi",Arun Jaitley Stadium,Delhi,Delhi,Sunrisers Hyderabad,Sunrisers Hyderabad,Delhi Capitals,Delhi Capitals,Sunrisers Hyderabad,Sunrisers Hyderabad,bat,Sunrisers Hyderabad,Sunrisers Hyderabad,9 runs,NA,NA,MR Marsh,NA,NA
1359515,2023,2023-04-30,T20,Indian Premier League,Unknown,"MA Chidambaram Stadium, Chepauk, Chennai",MA Chidambaram Stadium,Chennai,Chennai,Chennai Super Kings,Chennai Super Kings,Punjab Kings,Punjab Kings,Chennai Super Kings,Chennai Super Kings,bat,Punjab Kings,Punjab Kings,4 wickets,NA,NA,DP Conway,NA,NA
1359516,2023,2023-04-30,T20,Indian Premier League,Unknown,"Wankhede Stadium, Mumbai",Wankhede Stadium,Mumbai,Mumbai,Rajasthan Royals,Rajasthan Royals,Mumbai Indians,Mumbai Indians,Rajasthan Royals,Rajasthan Royals,bat,Mumbai Indians,Mumbai Indians,6 wickets,NA,NA,YBK Jaiswal,NA,NA
1359517,2023,2023-05-01,T20,Indian Premier League,Unknown,"Bharat Ratna Shri Atal Bihari Vajpayee Ekana Cricket Stadium, Lucknow",Bharat Ratna Shri Atal Bihari Vajpayee Ekana Cricket Stadium,Lucknow,Lucknow,Royal Challengers Bangalore,Royal Challengers Bengaluru,Lucknow Super Giants,Lucknow Super Giants,Royal Challengers Bangalore,Royal Challengers Bengaluru,bat,Royal Challengers Bangalore,Royal Challengers Bengaluru,18 runs,NA,NA,F du Plessis,NA,NA
1359518,2023,2023-05-02,T20,Indian Premier League,Unknown,"Narendra Modi Stadium, Ahmedabad",Narendra Modi Stadium,Ahmedabad,Ahmedabad,Delhi Capitals,Delhi Capitals,Gujarat Titans,Gujarat Titans,Delhi Capitals,Delhi Capitals,bat,Delhi Capitals,Delhi Capitals,5 runs,NA,NA,Mohammed Shami,NA,NA
1359519,2023,2023-05-03,T20,Indian Premier League,Unknown,"Bharat Ratna Shri Atal Bihari Vajpayee Ekana Cricket Stadium, Lucknow",Bharat Ratna Shri Atal Bihari Vajpayee Ekana Cricket Stadium,Lucknow,Lucknow,Lucknow Super Giants,Lucknow Super Giants,Chennai Super Kings,Chennai Super Kings,Chennai Super Kings,Chennai Super Kings,field,Unknown,Unknown,,no result,NA,Unknown,NA,NA
1359520,2023,2023-05-03,T20,Indian Premier League,Unknown,"Punjab Cricket Association IS Bindra Stadium, Mohali, Chandigarh","Punjab Cricket Association IS Bindra Stadium, Mohali",Chandigarh,Chandigarh,Punjab Kings,Punjab Kings,Mumbai Indians,Mumbai Indians,Mumbai Indians,Mumbai Indians,field,Mumbai Indians,Mumbai Indians,6 wickets,NA,NA,Ishan Kishan,NA,NA
1359521,2023,2023-05-04,T20,Indian Premier League,Unknown,"Rajiv Gandhi International Stadium, Uppal, Hyderabad","Rajiv Gandhi International Stadium, Uppal",Hyderabad,Hyderabad,Kolkata Knight Riders,Kolkata Knight Riders,Sunrisers Hyderabad,Sunrisers Hyderabad,Kolkata Knight Riders,Kolkata Knight Riders,bat,Kolkata Knight Riders,Kolkata Knight Riders,5 runs,NA,NA,CV Varun,NA,NA
1359522,2023,2023-05-05,T20,Indian Premier League,Unknown,"Sawai Mansingh Stadium, Jaipur",Sawai Mansingh Stadium,Jaipur,Jaipur,Rajasthan Royals,Rajasthan Royals,Gujarat Titans,Gujarat Titans,Rajasthan Royals,Rajasthan Royals,bat,Gujarat Titans,Gujarat Titans,9 wickets,NA,NA,Rashid Khan,NA,NA
1359523,2023,2023-05-06,T20,Indian Premier League,Unknown,"MA Chidambaram Stadium, Chepauk, Chennai",MA Chidambaram Stadium,Chennai,Chennai,Mumbai Indians,Mumbai Indians,Chennai Super Kings,Chennai Super Kings,Chennai Super Kings,Chennai Super Kings,field,Chennai Super Kings,Chennai Super Kings,6 wickets,NA,NA,M Pathirana,NA,NA
1359524,2023,2023-05-06,T20,Indian Premier League,Unknown,"Arun Jaitley Stadium, Delhi",Arun Jaitley Stadium,Delhi,Delhi,Royal Challengers Bangalore,Royal Challengers Bengaluru,Delhi Capitals,Delhi Capitals,Royal Challengers Bangalore,Royal Challengers Bengaluru,bat,Delhi Capitals,Delhi Capitals,7 wickets,NA,NA,PD Salt,NA,NA
1359525,2023,2023-05-07,T20,Indian Premier League,Unknown,"Narendra Modi Stadium, Ahmedabad",Narendra Modi Stadium,Ahmedabad,Ahmedabad,Gujarat Titans,Gujarat Titans,Lucknow Super Giants,Lucknow Super Giants,Lucknow Super Giants,Lucknow Super Giants,field,Gujarat Titans,Gujarat Titans,56 runs,NA,NA,Shubman Gill,NA,NA
1359526,2023,2023-05-07,T20,Indian Premier League,Unknown,"Sawai Mansingh Stadium, Jaipur",Sawai Mansingh Stadium,Jaipur,Jaipur,Rajasthan Royals,Rajasthan Royals,Sunrisers Hyderabad,Sunrisers Hyderabad,Rajasthan Royals,Rajasthan Royals,bat,Sunrisers Hyderabad,Sunrisers Hyderabad,4 wickets,NA,NA,GD Phillips,NA,NA
1359527,2023,2023-05-08,T20,Indian Premier League,Unknown,"Eden Gardens, Kolkata",Eden Gardens,Kolkata,Kolkata,Punjab Kings,Punjab Kings,Kolkata Knight Riders,Kolkata Knight Riders,Punjab Kings,Punjab Kings,bat,Kolkata Knight Riders,Kolkata Knight Riders,5 wickets,NA,NA,AD Russell,NA,NA
1359528,2023,2023-05-09,T20,Indian Premier League,Unknown,"Wankhede Stadium, Mumbai",Wankhede Stadium,Mumbai,Mumbai,Royal Challengers Bangalore,Royal Challengers Bengaluru,Mumbai Indians,Mumbai Indians,Mumbai Indians,Mumbai Indians,field,Mumbai Indians,Mumbai Indians,6 wickets,NA,NA,SA Yadav,NA,NA
1359529,2023,2023-05-10,T20,Indian Premier League,Unknown,"MA Chidambaram Stadium, Chepauk, Chennai",MA Chidambaram Stadium,Chennai,Chennai,Chennai Super Kings,Chennai Super Kings,Delhi Capitals,Delhi Capitals,Chennai Super Kings,Chennai Super Kings,bat,Chennai Super Kings,Chennai Super Kings,27 runs,NA,NA,RA Jadeja,NA,NA
1359530,2023,2023-05-11,T20,Indian Premier League,Unknown,"Eden Gardens, Kolkata",Eden Gardens,Kolkata,Kolkata,Kolkata Knight Riders,Kolkata Knight Riders,Rajasthan Royals,Rajasthan Royals,Rajasthan Royals,Rajasthan Royals,field,Rajasthan Royals,Rajasthan Royals,9 wickets,NA,NA,YBK Jaiswal,NA,NA
1359531,2023,2023-05-12,T20,Indian Premier League,Unknown,"Wankhede Stadium, Mumbai",Wankhede Stadium,Mumbai,Mumbai,Mumbai Indians,Mumbai Indians,Gujarat Titans,Gujarat Titans,Gujarat Titans,Gujarat Titans,field,Mumbai Indians,Mumbai Indians,27 runs,NA,NA,SA Yadav,NA,NA
1359532,2023,2023-05-13,T20,Indian Premier League,Unknown,"Rajiv Gandhi International Stadium, Uppal, Hyderabad","Rajiv Gandhi International Stadium, Uppal",Hyderabad,Hyderabad,Sunrisers Hyderabad,Sunrisers Hyderabad,Lucknow Super Giants,Lucknow Super Giants,Sunrisers Hyderabad,Sunrisers Hyderabad,bat,Lucknow Super Giants,Lucknow Super Giants,7 wickets,NA,NA,PN Mankad,NA,NA
1359533,2023,2023-05-13,T20,Indian Premier League,Unknown,"Arun Jaitley Stadium, Delhi",Arun Jaitley Stadium,Delhi,Delhi,Punjab Kings,Punjab Kings,Delhi Capitals,Delhi Capitals,Delhi Capitals,Delhi Capitals,field,Punjab Kings,Punjab Kings,31 runs,NA,NA,P Simran Singh,NA,NA
1359534,2023,2023-05-14,T20,Indian Premier League,Unknown,"Sawai Mansingh Stadium, Jaipur",Sawai Mansingh Stadium,Jaipur,Jaipur,Royal Challengers Bangalore,Royal Challengers Bengaluru,Rajasthan Royals,Rajasthan Royals,Royal Challengers Bangalore,Royal Challengers Bengaluru,bat,Royal Challengers Bangalore,Royal Challengers Bengaluru,112 runs,NA,NA,WD Parnell,NA,NA
1359535,2023,2023-05-14,T20,Indian Premier League,Unknown,"MA Chidambaram Stadium, Chepauk, Chennai",MA Chidambaram Stadium,Chennai,Chennai,Chennai Super Kings,Chennai Super Kings,Kolkata Knight Riders,Kolkata Knight Riders,Chennai Super Kings,Chennai Super Kings,bat,Kolkata Knight Riders,Kolkata Knight Riders,6 wickets,NA,NA,RK Singh,NA,NA
1359536,2023,2023-05-15,T20,Indian Premier League,Unknown,"Narendra Modi Stadium, Ahmedabad",Narendra Modi Stadium,Ahmedabad,Ahmedabad,Gujarat Titans,Gujarat Titans,Sunrisers Hyderabad,Sunrisers Hyderabad,Sunrisers Hyderabad,Sunrisers Hyderabad,field,Gujarat Titans,Gujarat Titans,34 runs,NA,NA,Shubman Gill,NA,NA
1359537,2023,2023-05-16,T20,Indian Premier League,Unknown,"Bharat Ratna Shri Atal Bihari Vajpayee Ekana Cricket Stadium, Lucknow",Bharat Ratna Shri Atal Bihari Vajpayee Ekana Cricket Stadium,Lucknow,Lucknow,Lucknow Super Giants,Lucknow Super Giants,Mumbai Indians,Mumbai Indians,Mumbai Indians,Mumbai Indians,field,Lucknow Super Giants,Lucknow Super Giants,5 runs,NA,NA,MP Stoinis,NA,NA
1359538,2023,2023-05-17,T20,Indian Premier League,Unknown,"Himachal Pradesh Cricket Association Stadium, Dharamsala",Himachal Pradesh Cricket Association Stadium,Dharamsala,Dharamsala,Delhi Capitals,Delhi Capitals,Punjab Kings,Punjab Kings,Punjab Kings,Punjab Kings,field,Delhi Capitals,Delhi Capitals,15 runs,NA,NA,RR Rossouw,NA,NA
1359539,2023,2023-05-18,T20,Indian Premier League,Unknown,"Rajiv Gandhi International Stadium, Uppal, Hyderabad","Rajiv Gandhi International Stadium, Uppal",Hyderabad,Hyderabad,Sunrisers Hyderabad,Sunrisers Hyderabad,Royal Challengers Bangalore,Royal Challengers Bengaluru,Royal Challengers Bangalore,Royal Challengers Bengaluru,field,Royal Challengers Bangalore,Royal Challengers Bengaluru,8 wickets,NA,NA,V Kohli,NA,NA
1359540,2023,2023-05-19,T20,Indian Premier League,Unknown,"Himachal Pradesh Cricket Association Stadium, Dharamsala",Himachal Pradesh Cricket Association Stadium,Dharamsala,Dharamsala,Punjab Kings,Punjab Kings,Rajasthan Royals,Rajasthan Royals,Rajasthan Royals,Rajasthan Royals,field,Rajasthan Royals,Rajasthan Royals,4 wickets,NA,NA,D Padikkal,NA,NA
1359541,2023,2023-05-20,T20,Indian Premier League,Unknown,"Arun Jaitley Stadium, Delhi",Arun Jaitley Stadium,Delhi,Delhi,Chennai Super Kings,Chennai Super Kings,Delhi Capitals,Delhi Capitals,Chennai Super Kings,Chennai Super Kings,bat,Chennai Super Kings,Chennai Super Kings,77 runs,NA,NA,RD Gaikwad,NA,NA
1359542,2023,2023-05-20,T20,Indian Premier League,Unknown,"Eden Gardens, Kolkata",Eden Gardens,Kolkata,Kolkata,Lucknow Super Giants,Lucknow Super Giants,Kolkata Knight Riders,Kolkata Knight Riders,Kolkata Knight Riders,Kolkata Knight Riders,field,Lucknow Super Giants,Lucknow Super Giants,1 runs,NA,NA,N Pooran,NA,NA
1359543,2023,2023-05-21,T20,Indian Premier League,Unknown,"Wankhede Stadium, Mumbai",Wankhede Stadium,Mumbai,Mumbai,Sunrisers Hyderabad,Sunrisers Hyderabad,Mumbai Indians,Mumbai Indians,Mumbai Indians,Mumbai Indians,field,Mumbai Indians,Mumbai Indians,8 wickets,NA,NA,C Green,NA,NA
1359544,2023,2023-05-21,T20,Indian Premier League,Unknown,"M Chinnaswamy Stadium, Bengaluru",M Chinnaswamy Stadium,Bengaluru,Bengaluru,Royal Challengers Bangalore,Royal Challengers Bengaluru,Gujarat Titans,Gujarat Titans,Gujarat Titans,Gujarat Titans,field,Gujarat Titans,Gujarat Titans,6 wickets,NA,NA,Shubman Gill,NA,NA
1370350,2023,2023-05-23,T20,Indian Premier League,Qualifier 1,"MA Chidambaram Stadium, Chepauk, Chennai",MA Chidambaram Stadium,Chennai,Chennai,Chennai Super Kings,Chennai Super Kings,Gujarat Titans,Gujarat Titans,Gujarat Titans,Gujarat Titans,field,Chennai Super Kings,Chennai Super Kings,15 runs,NA,NA,RD Gaikwad,NA,NA
1370351,2023,2023-05-24,T20,Indian Premier League,Eliminator,"MA Chidambaram Stadium, Chepauk, Chennai",MA Chidambaram Stadium,Chennai,Chennai,Mumbai Indians,Mumbai Indians,Lucknow Super Giants,Lucknow Super Giants,Mumbai Indians,Mumbai Indians,bat,Mumbai Indians,Mumbai Indians,81 runs,NA,NA,Akash Madhwal,NA,NA
1370352,2023,2023-05-26,T20,Indian Premier League,Qualifier 2,"Narendra Modi Stadium, Ahmedabad",Narendra Modi Stadium,Ahmedabad,Ahmedabad,Gujarat Titans,Gujarat Titans,Mumbai Indians,Mumbai Indians,Mumbai Indians,Mumbai Indians,field,Gujarat Titans,Gujarat Titans,62 runs,NA,NA,Shubman Gill,NA,NA
1370353,2023,2023-05-29,T20,Indian Premier League,Final,"Narendra Modi Stadium, Ahmedabad",Narendra Modi Stadium,Ahmedabad,Ahmedabad,Gujarat Titans,Gujarat Titans,Chennai Super Kings,Chennai Super Kings,Chennai Super Kings,Chennai Super Kings,field,Chennai Super Kings,Chennai Super Kings,5 wickets,NA,D/L,DP Conway,NA,NA
1422119,2024,2024-03-22,T20,Indian Premier League,Unknown,"MA Chidambaram Stadium, Chepauk, Chennai",MA Chidambaram Stadium,Chennai,Chennai,Royal Challengers Bengaluru,Royal Challengers Bengaluru,Chennai Super Kings,Chennai Super Kings,Royal Challengers Bengaluru,Royal Challengers Bengaluru,bat,Chennai Super Kings,Chennai Super Kings,6 wickets,NA,NA,Mustafizur Rahman,NA,NA
1422120,2024,2024-03-23,T20,Indian Premier League,Unknown,"Maharaja Yadavindra Singh International Cricket Stadium, Mullanpur",Maharaja Yadavindra Singh International Cricket Stadium,Mohali,Mohali,Delhi Capitals,Delhi Capitals,Punjab Kings,Punjab Kings,Punjab Kings,Punjab Kings,field,Punjab Kings,Punjab Kings,4 wickets,NA,NA,SM Curran,NA,NA
1422121,2024,2024-03-23,T20,Indian Premier League,Unknown,"Eden Gardens, Kolkata",Eden Gardens,Kolkata,Kolkata,Kolkata Knight Riders,Kolkata Knight Riders,Sunrisers Hyderabad,Sunrisers Hyderabad,Sunrisers Hyderabad,Sunrisers Hyderabad,field,Kolkata Knight Riders,Kolkata Knight Riders,4 runs,NA,NA,AD Russell,NA,NA
1422122,2024,2024-03-24,T20,Indian Premier League,Unknown,"Sawai Mansingh Stadium, Jaipur",Sawai Mansingh Stadium,Jaipur,Jaipur,Rajasthan Royals,Rajasthan Royals,Lucknow Super Giants,Lucknow Super Giants,Rajasthan Royals,Rajasthan Royals,bat,Rajasthan Royals,Rajasthan Royals,20 runs,NA,NA,SV Samson,NA,NA
1422123,2024,2024-03-24,T20,Indian Premier League,Unknown,"Narendra Modi Stadium, Ahmedabad",Narendra Modi Stadium,Ahmedabad,Ahmedabad,Gujarat Titans,Gujarat Titans,Mumbai Indians,Mumbai Indians,Mumbai Indians,Mumbai Indians,field,Gujarat Titans,Gujarat Titans,6 runs,NA,NA,B Sai Sudharsan,NA,NA
1422124,2024,2024-03-25,T20,Indian Premier League,Unknown,"M Chinnaswamy Stadium, Bengaluru",M Chinnaswamy Stadium,Bengaluru,Bengaluru,Punjab Kings,Punjab Kings,Royal Challengers Bengaluru,Royal Challengers Bengaluru,Royal Challengers Bengaluru,Royal Challengers Bengaluru,field,Royal Challengers Bengaluru,Royal Challengers Bengaluru,4 wickets,NA,NA,V Kohli,NA,NA
1422125,2024,2024-03-26,T20,Indian Premier League,Unknown,"MA Chidambaram Stadium, Chepauk, Chennai",MA Chidambaram Stadium,Chennai,Chennai,Chennai Super Kings,Chennai Super Kings,Gujarat Titans,Gujarat Titans,Gujarat Titans,Gujarat Titans,field,Chennai Super Kings,Chennai Super Kings,63 runs,NA,NA,S Dube,NA,NA
1422126,2024,2024-03-27,T20,Indian Premier League,Unknown,"Rajiv Gandhi International Stadium, Uppal, Hyderabad","Rajiv Gandhi International Stadium, Uppal",Hyderabad,Hyderabad,Sunrisers Hyderabad,Sunrisers Hyderabad,Mumbai Indians,Mumbai Indians,Mumbai Indians,Mumbai Indians,field,Sunrisers Hyderabad,Sunrisers Hyderabad,31 runs,NA,NA,Abhishek Sharma,NA,NA
1422127,2024,2024-03-28,T20,Indian Premier League,Unknown,"Sawai Mansingh Stadium, Jaipur",Sawai Mansingh Stadium,Jaipur,Jaipur,Rajasthan Royals,Rajasthan Royals,Delhi Capitals,Delhi Capitals,Delhi Capitals,Delhi Capitals,field,Rajasthan Royals,Rajasthan Royals,12 runs,NA,NA,R Parag,NA,NA
1422128,2024,2024-03-29,T20,Indian Premier League,Unknown,"M Chinnaswamy Stadium, Bengaluru",M Chinnaswamy Stadium,Bengaluru,Bengaluru,Royal Challengers Bengaluru,Royal Challengers Bengaluru,Kolkata Knight Riders,Kolkata Knight Riders,Kolkata Knight Riders,Kolkata Knight Riders,field,Kolkata Knight Riders,Kolkata Knight Riders,7 wickets,NA,NA,SP Narine,NA,NA
1422129,2024,2024-03-30,T20,Indian Premier League,Unknown,"Bharat Ratna Shri Atal Bihari Vajpayee Ekana Cricket Stadium, Lucknow",Bharat Ratna Shri Atal Bihari Vajpayee Ekana Cricket Stadium,Lucknow,Lucknow,Lucknow Super Giants,Lucknow Super Giants,Punjab Kings,Punjab Kings,Lucknow Super Giants,Lucknow Super Giants,bat,Lucknow Super Giants,Lucknow Super Giants,21 runs,NA,NA,MP Yadav,NA,NA
1422130,2024,2024-03-31,T20,Indian Premier League,Unknown,"Narendra Modi Stadium, Ahmedabad",Narendra Modi Stadium,Ahmedabad,Ahmedabad,Sunrisers Hyderabad,Sunrisers Hyderabad,Gujarat Titans,Gujarat Titans,Sunrisers Hyderabad,Sunrisers Hyderabad,bat,Gujarat Titans,Gujarat Titans,7 wickets,NA,NA,MM Sharma,NA,NA
1422131,2024,2024-03-31,T20,Indian Premier League,Unknown,"Dr. Y.S. Rajasekhara Reddy ACA-VDCA Cricket Stadium, Visakhapatnam",Dr Y.S. Rajasekhara Reddy ACA-VDCA Cricket Stadium,Visakhapatnam,Visakhapatnam,Delhi Capitals,Delhi Capitals,Chennai Super Kings,Chennai Super Kings,Delhi Capitals,Delhi Capitals,bat,Delhi Capitals,Delhi Capitals,20 runs,NA,NA,KK Ahmed,NA,NA
1422132,2024,2024-04-01,T20,Indian Premier League,Unknown,"Wankhede Stadium, Mumbai",Wankhede Stadium,Mumbai,Mumbai,Mumbai Indians,Mumbai Indians,Rajasthan Royals,Rajasthan Royals,Rajasthan Royals,Rajasthan Royals,field,Rajasthan Royals,Rajasthan Royals,6 wickets,NA,NA,TA Boult,NA,NA
1422133,2024,2024-04-02,T20,Indian Premier League,Unknown,"M Chinnaswamy Stadium, Bengaluru",M Chinnaswamy Stadium,Bengaluru,Bengaluru,Lucknow Super Giants,Lucknow Super Giants,Royal Challengers Bengaluru,Royal Challengers Bengaluru,Royal Challengers Bengaluru,Royal Challengers Bengaluru,field,Lucknow Super Giants,Lucknow Super Giants,28 runs,NA,NA,MP Yadav,NA,NA
1422134,2024,2024-04-03,T20,Indian Premier League,Unknown,"Dr. Y.S. Rajasekhara Reddy ACA-VDCA Cricket Stadium, Visakhapatnam",Dr Y.S. Rajasekhara Reddy ACA-VDCA Cricket Stadium,Visakhapatnam,Visakhapatnam,Kolkata Knight Riders,Kolkata Knight Riders,Delhi Capitals,Delhi Capitals,Kolkata Knight Riders,Kolkata Knight Riders,bat,Kolkata Knight Riders,Kolkata Knight Riders,106 runs,NA,NA,SP Narine,NA,NA
1422135,2024,2024-04-04,T20,Indian Premier League,Unknown,"Narendra Modi Stadium, Ahmedabad",Narendra Modi Stadium,Ahmedabad,Ahmedabad,Gujarat Titans,Gujarat Titans,Punjab Kings,Punjab Kings,Punjab Kings,Punjab Kings,field,Punjab Kings,Punjab Kings,3 wickets,NA,NA,Shashank Singh,NA,NA
1422136,2024,2024-04-05,T20,Indian Premier League,Unknown,"Rajiv Gandhi International Stadium, Uppal, Hyderabad","Rajiv Gandhi International Stadium, Uppal",Hyderabad,Hyderabad,Chennai Super Kings,Chennai Super Kings,Sunrisers Hyderabad,Sunrisers Hyderabad,Sunrisers Hyderabad,Sunrisers Hyderabad,field,Sunrisers Hyderabad,Sunrisers Hyderabad,6 wickets,NA,NA,Abhishek Sharma,NA,NA
1422137,2024,2024-04-06,T20,Indian Premier League,Unknown,"Sawai Mansingh Stadium, Jaipur",Sawai Mansingh Stadium,Jaipur,Jaipur,Royal Challengers Bengaluru,Royal Challengers Bengaluru,Rajasthan Royals,Rajasthan Royals,Rajasthan Royals,Rajasthan Royals,field,Rajasthan Royals,Rajasthan Royals,6 wickets,NA,NA,JC Buttler,NA,NA
1422138,2024,2024-04-07,T20,Indian Premier League,Unknown,"Wankhede Stadium, Mumbai",Wankhede Stadium,Mumbai,Mumbai,Mumbai Indians,Mumbai Indians,Delhi Capitals,Delhi Capitals,Delhi Capitals,Delhi Capitals,field,Mumbai Indians,Mumbai Indians,29 runs,NA,NA,R Shepherd,NA,NA
1422139,2024,2024-04-07,T20,Indian Premier League,Unknown,"Bharat Ratna Shri Atal Bihari Vajpayee Ekana Cricket Stadium, Lucknow",Bharat Ratna Shri Atal Bihari Vajpayee Ekana Cricket Stadium,Lucknow,Lucknow,Lucknow Super Giants,Lucknow Super Giants,Gujarat Titans,Gujarat Titans,Lucknow Super Giants,Lucknow Super Giants,bat,Lucknow Super Giants,Lucknow Super Giants,33 runs,NA,NA,Yash Thakur,NA,NA
1426260,2024,2024-04-08,T20,Indian Premier League,Unknown,"MA Chidambaram Stadium, Chepauk, Chennai",MA Chidambaram Stadium,Chennai,Chennai,Kolkata Knight Riders,Kolkata Knight Riders,Chennai Super Kings,Chennai Super Kings,Chennai Super Kings,Chennai Super Kings,field,Chennai Super Kings,Chennai Super Kings,7 wickets,NA,NA,RA Jadeja,NA,NA
1426261,2024,2024-04-09,T20,Indian Premier League,Unknown,"Maharaja Yadavindra Singh International Cricket Stadium, Mullanpur",Maharaja Yadavindra Singh International Cricket Stadium,Mohali,Mohali,Sunrisers Hyderabad,Sunrisers Hyderabad,Punjab Kings,Punjab Kings,Punjab Kings,Punjab Kings,field,Sunrisers Hyderabad,Sunrisers Hyderabad,2 runs,NA,NA,Nithish Kumar Reddy,NA,NA
1426262,2024,2024-04-10,T20,Indian Premier League,Unknown,"Sawai Mansingh Stadium, Jaipur",Sawai Mansingh Stadium,Jaipur,Jaipur,Rajasthan Royals,Rajasthan Royals,Gujarat Titans,Gujarat Titans,Gujarat Titans,Gujarat Titans,field,Gujarat Titans,Gujarat Titans,3 wickets,NA,NA,Rashid Khan,NA,NA
1426263,2024,2024-04-11,T20,Indian Premier League,Unknown,"Wankhede Stadium, Mumbai",Wankhede Stadium,Mumbai,Mumbai,Royal Challengers Bengaluru,Royal Challengers Bengaluru,Mumbai Indians,Mumbai Indians,Mumbai Indians,Mumbai Indians,field,Mumbai Indians,Mumbai Indians,7 wickets,NA,NA,JJ Bumrah,NA,NA
1426264,2024,2024-04-12,T20,Indian Premier League,Unknown,"Bharat Ratna Shri Atal Bihari Vajpayee Ekana Cricket Stadium, Lucknow",Bharat Ratna Shri Atal Bihari Vajpayee Ekana Cricket Stadium,Lucknow,Lucknow,Lucknow Super Giants,Lucknow Super Giants,Delhi Capitals,Delhi Capitals,Lucknow Super Giants,Lucknow Super Giants,bat,Delhi Capitals,Delhi Capitals,6 wickets,NA,NA,Kuldeep Yadav,NA,NA
1426265,2024,2024-04-13,T20,Indian Premier League,Unknown,"Maharaja Yadavindra Singh International Cricket Stadium, Mullanpur",Maharaja Yadavindra Singh International Cricket Stadium,Mohali,Mohali,Punjab Kings,Punjab Kings,Rajasthan Royals,Rajasthan Royals,Rajasthan Royals,Rajasthan Royals,field,Rajasthan Royals,Rajasthan Royals,3 wickets,NA,NA,SO Hetmyer,NA,NA
1426266,2024,2024-04-14,T20,Indian Premier League,Unknown,"Eden Gardens, Kolkata",Eden Gardens,Kolkata,Kolkata,Lucknow Super Giants,Lucknow Super Giants,Kolkata Knight Riders,Kolkata Knight Riders,Kolkata Knight Riders,Kolkata Knight Riders,field,Kolkata Knight Riders,Kolkata Knight Riders,8 wickets,NA,NA,PD Salt,NA,NA
1426267,2024,2024-04-14,T20,Indian Premier League,Unknown,"Wankhede Stadium, Mumbai",Wankhede Stadium,Mumbai,Mumbai,Chennai Super Kings,Chennai Super Kings,Mumbai Indians,Mumbai Indians,Mumbai Indians,Mumbai Indians,field,Chennai Super Kings,Chennai Super Kings,20 runs,NA,NA,M Pathirana,NA,NA
1426268,2024,2024-04-15,T20,Indian Premier League,Unknown,"M Chinnaswamy Stadium, Bengaluru",M Chinnaswamy Stadium,Bengaluru,Bengaluru,Sunrisers Hyderabad,Sunrisers Hyderabad,Royal Challengers Bengaluru,Royal Challengers Bengaluru,Royal Challengers Bengaluru,Royal Challengers Bengaluru,field,Sunrisers Hyderabad,Sunrisers Hyderabad,25 runs,NA,NA,TM Head,NA,NA
1426269,2024,2024-04-16,T20,Indian Premier League,Unknown,"Eden Gardens, Kolkata",Eden Gardens,Kolkata,Kolkata,Kolkata Knight Riders,Kolkata Knight Riders,Rajasthan Royals,Rajasthan Royals,Rajasthan Royals,Rajasthan Royals,field,Rajasthan Royals,Rajasthan Royals,2 wickets,NA,NA,JC Buttler,NA,NA
1426270,2024,2024-04-17,T20,Indian Premier League,Unknown,"Narendra Modi Stadium, Ahmedabad",Narendra Modi Stadium,Ahmedabad,Ahmedabad,Gujarat Titans,Gujarat Titans,Delhi Capitals,Delhi Capitals,Delhi Capitals,Delhi Capitals,field,Delhi Capitals,Delhi Capitals,6 wickets,NA,NA,RR Pant,NA,NA
1426271,2024,2024-04-18,T20,Indian Premier League,Unknown,"Maharaja Yadavindra Singh International Cricket Stadium, Mullanpur",Maharaja Yadavindra Singh International Cricket Stadium,Mohali,Mohali,Mumbai Indians,Mumbai Indians,Punjab Kings,Punjab Kings,Punjab Kings,Punjab Kings,field,Mumbai Indians,Mumbai Indians,9 runs,NA,NA,JJ Bumrah,NA,NA
1426272,2024,2024-04-19,T20,Indian Premier League,Unknown,"Bharat Ratna Shri Atal Bihari Vajpayee Ekana Cricket Stadium, Lucknow",Bharat Ratna Shri Atal Bihari Vajpayee Ekana Cricket Stadium,Lucknow,Lucknow,Chennai Super Kings,Chennai Super Kings,Lucknow Super Giants,Lucknow Super Giants,Lucknow Super Giants,Lucknow Super Giants,field,Lucknow Super Giants,Lucknow Super Giants,8 wickets,NA,NA,KL Rahul,NA,NA
1426273,2024,2024-04-20,T20,Indian Premier League,Unknown,"Arun Jaitley Stadium, Delhi",Arun Jaitley Stadium,Delhi,Delhi,Sunrisers Hyderabad,Sunrisers Hyderabad,Delhi Capitals,Delhi Capitals,Delhi Capitals,Delhi Capitals,field,Sunrisers Hyderabad,Sunrisers Hyderabad,67 runs,NA,NA,TM Head,NA,NA
1426274,2024,2024-04-21,T20,Indian Premier League,Unknown,"Eden Gardens, Kolkata",Eden Gardens,Kolkata,Kolkata,Kolkata Knight Riders,Kolkata Knight Riders,Royal Challengers Bengaluru,Royal Challengers Bengaluru,Royal Challengers Bengaluru,Royal Challengers Bengaluru,field,Kolkata Knight Riders,Kolkata Knight Riders,1 runs,NA,NA,AD Russell,NA,NA
1426275,2024,2024-04-21,T20,Indian Premier League,Unknown,"Maharaja Yadavindra Singh International Cricket Stadium, Mullanpur",Maharaja Yadavindra Singh International Cricket Stadium,Mohali,Mohali,Punjab Kings,Punjab Kings,Gujarat Titans,Gujarat Titans,Punjab Kings,Punjab Kings,bat,Gujarat Titans,Gujarat Titans,3 wickets,NA,NA,R Sai Kishore,NA,NA
1426276,2024,2024-04-22,T20,Indian Premier League,Unknown,"Sawai Mansingh Stadium, Jaipur",Sawai Mansingh Stadium,Jaipur,Jaipur,Mumbai Indians,Mumbai Indians,Rajasthan Royals,Rajasthan Royals,Mumbai Indians,Mumbai Indians,bat,Rajasthan Royals,Rajasthan Royals,9 wickets,NA,NA,Sandeep Sharma,NA,NA
1426277,2024,2024-04-23,T20,Indian Premier League,Unknown,"MA Chidambaram Stadium, Chepauk, Chennai",MA Chidambaram Stadium,Chennai,Chennai,Chennai Super Kings,Chennai Super Kings,Lucknow Super Giants,Lucknow Super Giants,Lucknow Super Giants,Lucknow Super Giants,field,Lucknow Super Giants,Lucknow Super Giants,6 wickets,NA,NA,MP Stoinis,NA,NA
1426278,2024,2024-04-24,T20,Indian Premier League,Unknown,"Arun Jaitley Stadium, Delhi",Arun Jaitley Stadium,Delhi,Delhi,Delhi Capitals,Delhi Capitals,Gujarat Titans,Gujarat Titans,Gujarat Titans,Gujarat Titans,field,Delhi Capitals,Delhi Capitals,4 runs,NA,NA,RR Pant,NA,NA
1426279,2024,2024-04-25,T20,Indian Premier League,Unknown,"Rajiv Gandhi International Stadium, Uppal, Hyderabad","Rajiv Gandhi International Stadium, Uppal",Hyderabad,Hyderabad,Royal Challengers Bengaluru,Royal Challengers Bengaluru,Sunrisers Hyderabad,Sunrisers Hyderabad,Royal Challengers Bengaluru,Royal Challengers Bengaluru,bat,Royal Challengers Bengaluru,Royal Challengers Bengaluru,35 runs,NA,NA,RM Patidar,NA,NA
1426280,2024,2024-04-26,T20,Indian Premier League,Unknown,"Eden Gardens, Kolkata",Eden Gardens,Kolkata,Kolkata,Kolkata Knight Riders,Kolkata Knight Riders,Punjab Kings,Punjab Kings,Punjab Kings,Punjab Kings,field,Punjab Kings,Punjab Kings,8 wickets,NA,NA,JM Bairstow,NA,NA
1426281,2024,2024-04-27,T20,Indian Premier League,Unknown,"Arun Jaitley Stadium, Delhi",Arun Jaitley Stadium,Delhi,Delhi,Delhi Capitals,Delhi Capitals,Mumbai Indians,Mumbai Indians,Mumbai Indians,Mumbai Indians,field,Delhi Capitals,Delhi Capitals,10 runs,NA,NA,J Fraser-McGurk,NA,NA
1426282,2024,2024-04-27,T20,Indian Premier League,Unknown,"Bharat Ratna Shri Atal Bihari Vajpayee Ekana Cricket Stadium, Lucknow",Bharat Ratna Shri Atal Bihari Vajpayee Ekana Cricket Stadium,Lucknow,Lucknow,Lucknow Super Giants,Lucknow Super Giants,Rajasthan Royals,Rajasthan Royals,Rajasthan Royals,Rajasthan Royals,field,Rajasthan Royals,Rajasthan Royals,7 wickets,NA,NA,SV Samson,NA,NA
1426283,2024,2024-04-28,T20,Indian Premier League,Unknown,"Narendra Modi Stadium, Ahmedabad",Narendra Modi Stadium,Ahmedabad,Ahmedabad,Gujarat Titans,Gujarat Titans,Royal Challengers Bengaluru,Royal Challengers Bengaluru,Royal Challengers Bengaluru,Royal Challengers Bengaluru,field,Royal Challengers Bengaluru,Royal Challengers Bengaluru,9 wickets,NA,NA,WG Jacks,NA,NA
1426284,2024,2024-04-28,T20,Indian Premier League,Unknown,"MA Chidambaram Stadium, Chepauk, Chennai",MA Chidambaram Stadium,Chennai,Chennai,Chennai Super Kings,Chennai Super Kings,Sunrisers Hyderabad,Sunrisers Hyderabad,Sunrisers Hyderabad,Sunrisers Hyderabad,field,Chennai Super Kings,Chennai Super Kings,78 runs,NA,NA,RD Gaikwad,NA,NA
1426285,2024,2024-04-29,T20,Indian Premier League,Unknown,"Eden Gardens, Kolkata",Eden Gardens,Kolkata,Kolkata,Delhi Capitals,Delhi Capitals,Kolkata Knight Riders,Kolkata Knight Riders,Delhi Capitals,Delhi Capitals,bat,Kolkata Knight Riders,Kolkata Knight Riders,7 wickets,NA,NA,CV Varun,NA,NA
1426286,2024,2024-04-30,T20,Indian Premier League,Unknown,"Bharat Ratna Shri Atal Bihari Vajpayee Ekana Cricket Stadium, Lucknow",Bharat Ratna Shri Atal Bihari Vajpayee Ekana Cricket Stadium,Lucknow,Lucknow,Mumbai Indians,Mumbai Indians,Lucknow Super Giants,Lucknow Super Giants,Lucknow Super Giants,Lucknow Super Giants,field,Lucknow Super Giants,Lucknow Super Giants,4 wickets,NA,NA,MP Stoinis,NA,NA
1426287,2024,2024-05-01,T20,Indian Premier League,Unknown,"MA Chidambaram Stadium, Chepauk, Chennai",MA Chidambaram Stadium,Chennai,Chennai,Chennai Super Kings,Chennai Super Kings,Punjab Kings,Punjab Kings,Punjab Kings,Punjab Kings,field,Punjab Kings,Punjab Kings,7 wickets,NA,NA,Harpreet Brar,NA,NA
1426288,2024,2024-05-02,T20,Indian Premier League,Unknown,"Rajiv Gandhi International Stadium, Uppal, Hyderabad","Rajiv Gandhi International Stadium, Uppal",Hyderabad,Hyderabad,Sunrisers Hyderabad,Sunrisers Hyderabad,Rajasthan Royals,Rajasthan Royals,Sunrisers Hyderabad,Sunrisers Hyderabad,bat,Sunrisers Hyderabad,Sunrisers Hyderabad,1 runs,NA,NA,B Kumar,NA,NA
1426289,2024,2024-05-03,T20,Indian Premier League,Unknown,"Wankhede Stadium, Mumbai",Wankhede Stadium,Mumbai,Mumbai,Kolkata Knight Riders,Kolkata Knight Riders,Mumbai Indians,Mumbai Indians,Mumbai Indians,Mumbai Indians,field,Kolkata Knight Riders,Kolkata Knight Riders,24 runs,NA,NA,VR Iyer,NA,NA
1426290,2024,2024-05-04,T20,Indian Premier League,Unknown,"M Chinnaswamy Stadium, Bengaluru",M Chinnaswamy Stadium,Bengaluru,Bengaluru,Gujarat Titans,Gujarat Titans,Royal Challengers Bengaluru,Royal Challengers Bengaluru,Royal Challengers Bengaluru,Royal Challengers Bengaluru,field,Royal Challengers Bengaluru,Royal Challengers Bengaluru,4 wickets,NA,NA,Mohammed Siraj,NA,NA
1426291,2024,2024-05-05,T20,Indian Premier League,Unknown,"Himachal Pradesh Cricket Association Stadium, Dharamsala",Himachal Pradesh Cricket Association Stadium,Dharamsala,Dharamsala,Chennai Super Kings,Chennai Super Kings,Punjab Kings,Punjab Kings,Punjab Kings,Punjab Kings,field,Chennai Super Kings,Chennai Super Kings,28 runs,NA,NA,RA Jadeja,NA,NA
1426292,2024,2024-05-05,T20,Indian Premier League,Unknown,"Bharat Ratna Shri Atal Bihari Vajpayee Ekana Cricket Stadium, Lucknow",Bharat Ratna Shri Atal Bihari Vajpayee Ekana Cricket Stadium,Lucknow,Lucknow,Kolkata Knight Riders,Kolkata Knight Riders,Lucknow Super Giants,Lucknow Super Giants,Lucknow Super Giants,Lucknow Super Giants,field,Kolkata Knight Riders,Kolkata Knight Riders,98 runs,NA,NA,SP Narine,NA,NA
1426293,2024,2024-05-06,T20,Indian Premier League,Unknown,"Wankhede Stadium, Mumbai",Wankhede Stadium,Mumbai,Mumbai,Sunrisers Hyderabad,Sunrisers Hyderabad,Mumbai Indians,Mumbai Indians,Mumbai Indians,Mumbai Indians,field,Mumbai Indians,Mumbai Indians,7 wickets,NA,NA,SA Yadav,NA,NA
1426294,2024,2024-05-07,T20,Indian Premier League,Unknown,"Arun Jaitley Stadium, Delhi",Arun Jaitley Stadium,Delhi,Delhi,Delhi Capitals,Delhi Capitals,Rajasthan Royals,Rajasthan Royals,Rajasthan Royals,Rajasthan Royals,field,Delhi Capitals,Delhi Capitals,20 runs,NA,NA,Kuldeep Yadav,NA,NA
1426295,2024,2024-05-08,T20,Indian Premier League,Unknown,"Rajiv Gandhi International Stadium, Uppal, Hyderabad","Rajiv Gandhi International Stadium, Uppal",Hyderabad,Hyderabad,Lucknow Super Giants,Lucknow Super Giants,Sunrisers Hyderabad,Sunrisers Hyderabad,Lucknow Super Giants,Lucknow Super Giants,bat,Sunrisers Hyderabad,Sunrisers Hyderabad,10 wickets,NA,NA,TM Head,NA,NA
1426296,2024,2024-05-09,T20,Indian Premier League,Unknown,"Himachal Pradesh Cricket Association Stadium, Dharamsala",Himachal Pradesh Cricket Association Stadium,Dharamsala,Dharamsala,Royal Challengers Bengaluru,Royal Challengers Bengaluru,Punjab Kings,Punjab Kings,Punjab Kings,Punjab Kings,field,Royal Challengers Bengaluru,Royal Challengers Bengaluru,60 runs,NA,NA,V Kohli,NA,NA
1426297,2024,2024-05-10,T20,Indian Premier League,Unknown,"Narendra Modi Stadium, Ahmedabad",Narendra Modi Stadium,Ahmedabad,Ahmedabad,Gujarat Titans,Gujarat Titans,Chennai Super Kings,Chennai Super Kings,Chennai Super Kings,Chennai Super Kings,field,Gujarat Titans,Gujarat Titans,35 runs,NA,NA,Shubman Gill,NA,NA
1426298,2024,2024-05-11,T20,Indian Premier League,Unknown,"Eden Gardens, Kolkata",Eden Gardens,Kolkata,Kolkata,Kolkata Knight Riders,Kolkata Knight Riders,Mumbai Indians,Mumbai Indians,Mumbai Indians,Mumbai Indians,field,Kolkata Knight Riders,Kolkata Knight Riders,18 runs,NA,NA,CV Varun,NA,NA
1426299,2024,2024-05-12,T20,Indian Premier League,Unknown,"MA Chidambaram Stadium, Chepauk, Chennai",MA Chidambaram Stadium,Chennai,Chennai,Rajasthan Royals,Rajasthan Royals,Chennai Super Kings,Chennai Super Kings,Rajasthan Royals,Rajasthan Royals,bat,Chennai Super Kings,Chennai Super Kings,5 wickets,NA,NA,Simarjeet Singh,NA,NA
1426300,2024,2024-05-12,T20,Indian Premier League,Unknown,"M Chinnaswamy Stadium, Bengaluru",M Chinnaswamy Stadium,Bengaluru,Bengaluru,Royal Challengers Bengaluru,Royal Challengers Bengaluru,Delhi Capitals,Delhi Capitals,Delhi Capitals,Delhi Capitals,field,Royal Challengers Bengaluru,Royal Challengers Bengaluru,47 runs,NA,NA,C Green,NA,NA
1426302,2024,2024-05-14,T20,Indian Premier League,Unknown,"Arun Jaitley Stadium, Delhi",Arun Jaitley Stadium,Delhi,Delhi,Delhi Capitals,Delhi Capitals,Lucknow Super Giants,Lucknow Super Giants,Lucknow Super Giants,Lucknow Super Giants,field,Delhi Capitals,Delhi Capitals,19 runs,NA,NA,I Sharma,NA,NA
1426303,2024,2024-05-15,T20,Indian Premier League,Unknown,"Barsapara Cricket Stadium, Guwahati",Barsapara Cricket Stadium,Guwahati,Guwahati,Rajasthan Royals,Rajasthan Royals,Punjab Kings,Punjab Kings,Rajasthan Royals,Rajasthan Royals,bat,Punjab Kings,Punjab Kings,5 wickets,NA,NA,SM Curran,NA,NA
1426305,2024,2024-05-17,T20,Indian Premier League,Unknown,"Wankhede Stadium, Mumbai",Wankhede Stadium,Mumbai,Mumbai,Lucknow Super Giants,Lucknow Super Giants,Mumbai Indians,Mumbai Indians,Mumbai Indians,Mumbai Indians,field,Lucknow Super Giants,Lucknow Super Giants,18 runs,NA,NA,N Pooran,NA,NA
1426306,2024,2024-05-18,T20,Indian Premier League,Unknown,"M Chinnaswamy Stadium, Bengaluru",M Chinnaswamy Stadium,Bengaluru,Bengaluru,Royal Challengers Bengaluru,Royal Challengers Bengaluru,Chennai Super Kings,Chennai Super Kings,Chennai Super Kings,Chennai Super Kings,field,Royal Challengers Bengaluru,Royal Challengers Bengaluru,27 runs,NA,NA,F du Plessis,NA,NA
1426307,2024,2024-05-19,T20,Indian Premier League,Unknown,"Rajiv Gandhi International Stadium, Uppal, Hyderabad","Rajiv Gandhi International Stadium, Uppal",Hyderabad,Hyderabad,Punjab Kings,Punjab Kings,Sunrisers Hyderabad,Sunrisers Hyderabad,Punjab Kings,Punjab Kings,bat,Sunrisers Hyderabad,Sunrisers Hyderabad,4 wickets,NA,NA,Abhishek Sharma,NA,NA
1426309,2024,2024-05-21,T20,Indian Premier League,Qualifier 1,"Narendra Modi Stadium, Ahmedabad",Narendra Modi Stadium,Ahmedabad,Ahmedabad,Sunrisers Hyderabad,Sunrisers Hyderabad,Kolkata Knight Riders,Kolkata Knight Riders,Sunrisers Hyderabad,Sunrisers Hyderabad,bat,Kolkata Knight Riders,Kolkata Knight Riders,8 wickets,NA,NA,MA Starc,NA,NA
1426310,2024,2024-05-22,T20,Indian Premier League,Eliminator,"Narendra Modi Stadium, Ahmedabad",Narendra Modi Stadium,Ahmedabad,Ahmedabad,Royal Challengers Bengaluru,Royal Challengers Bengaluru,Rajasthan Royals,Rajasthan Royals,Rajasthan Royals,Rajasthan Royals,field,Rajasthan Royals,Rajasthan Royals,4 wickets,NA,NA,R Ashwin,NA,NA
1426311,2024,2024-05-24,T20,Indian Premier League,Qualifier 2,"MA Chidambaram Stadium, Chepauk, Chennai",MA Chidambaram Stadium,Chennai,Chennai,Sunrisers Hyderabad,Sunrisers Hyderabad,Rajasthan Royals,Rajasthan Royals,Rajasthan Royals,Rajasthan Royals,field,Sunrisers Hyderabad,Sunrisers Hyderabad,36 runs,NA,NA,Shahbaz Ahmed,NA,NA
1426312,2024,2024-05-26,T20,Indian Premier League,Final,"MA Chidambaram Stadium, Chepauk, Chennai",MA Chidambaram Stadium,Chennai,Chennai,Sunrisers Hyderabad,Sunrisers Hyderabad,Kolkata Knight Riders,Kolkata Knight Riders,Sunrisers Hyderabad,Sunrisers Hyderabad,bat,Kolkata Knight Riders,Kolkata Knight Riders,8 wickets,NA,NA,MA Starc,NA,NA
1473438,2025,2025-03-22,T20,Indian Premier League,Unknown,"Eden Gardens, Kolkata",Eden Gardens,Kolkata,Kolkata,Kolkata Knight Riders,Kolkata Knight Riders,Royal Challengers Bengaluru,Royal Challengers Bengaluru,Royal Challengers Bengaluru,Royal Challengers Bengaluru,field,Royal Challengers Bengaluru,Royal Challengers Bengaluru,7 wickets,NA,NA,KH Pandya,NA,NA
1473439,2025,2025-03-23,T20,Indian Premier League,Unknown,"Rajiv Gandhi International Stadium, Uppal, Hyderabad","Rajiv Gandhi International Stadium, Uppal",Hyderabad,Hyderabad,Sunrisers Hyderabad,Sunrisers Hyderabad,Rajasthan Royals,Rajasthan Royals,Rajasthan Royals,Rajasthan Royals,field,Sunrisers Hyderabad,Sunrisers Hyderabad,44 runs,NA,NA,Ishan Kishan,NA,NA
1473440,2025,2025-03-23,T20,Indian Premier League,Unknown,"MA Chidambaram Stadium, Chepauk, Chennai",MA Chidambaram Stadium,Chennai,Chennai,Mumbai Indians,Mumbai Indians,Chennai Super Kings,Chennai Super Kings,Chennai Super Kings,Chennai Super Kings,field,Chennai Super Kings,Chennai Super Kings,4 wickets,NA,NA,Noor Ahmad,NA,NA
1473441,2025,2025-03-24,T20,Indian Premier League,Unknown,"Dr. Y.S. Rajasekhara Reddy ACA-VDCA Cricket Stadium, Visakhapatnam",Dr Y.S. Rajasekhara Reddy ACA-VDCA Cricket Stadium,Visakhapatnam,Visakhapatnam,Lucknow Super Giants,Lucknow Super Giants,Delhi Capitals,Delhi Capitals,Delhi Capitals,Delhi Capitals,field,Delhi Capitals,Delhi Capitals,1 wickets,NA,NA,Ashutosh Sharma,NA,NA
1473442,2025,2025-03-25,T20,Indian Premier League,Unknown,"Narendra Modi Stadium, Ahmedabad",Narendra Modi Stadium,Ahmedabad,Ahmedabad,Punjab Kings,Punjab Kings,Gujarat Titans,Gujarat Titans,Gujarat Titans,Gujarat Titans,field,Punjab Kings,Punjab Kings,11 runs,NA,NA,SS Iyer,NA,NA
1473443,2025,2025-03-26,T20,Indian Premier League,Unknown,"Barsapara Cricket Stadium, Guwahati",Barsapara Cricket Stadium,Guwahati,Guwahati,Rajasthan Royals,Rajasthan Royals,Kolkata Knight Riders,Kolkata Knight Riders,Kolkata Knight Riders,Kolkata Knight Riders,field,Kolkata Knight Riders,Kolkata Knight Riders,8 wickets,NA,NA,Q de Kock,NA,NA
1473444,2025,2025-03-27,T20,Indian Premier League,Unknown,"Rajiv Gandhi International Stadium, Uppal, Hyderabad","Rajiv Gandhi International Stadium, Uppal",Hyderabad,Hyderabad,Sunrisers Hyderabad,Sunrisers Hyderabad,Lucknow Super Giants,Lucknow Super Giants,Lucknow Super Giants,Lucknow Super Giants,field,Lucknow Super Giants,Lucknow Super Giants,5 wickets,NA,NA,SN Thakur,NA,NA
1473445,2025,2025-03-28,T20,Indian Premier League,Unknown,"MA Chidambaram Stadium, Chepauk, Chennai",MA Chidambaram Stadium,Chennai,Chennai,Royal Challengers Bengaluru,Royal Challengers Bengaluru,Chennai Super Kings,Chennai Super Kings,Chennai Super Kings,Chennai Super Kings,field,Royal Challengers Bengaluru,Royal Challengers Bengaluru,50 runs,NA,NA,RM Patidar,NA,NA
1473446,2025,2025-03-29,T20,Indian Premier League,Unknown,"Narendra Modi Stadium, Ahmedabad",Narendra Modi Stadium,Ahmedabad,Ahmedabad,Gujarat Titans,Gujarat Titans,Mumbai Indians,Mumbai Indians,Mumbai Indians,Mumbai Indians,field,Gujarat Titans,Gujarat Titans,36 runs,NA,NA,M Prasidh Krishna,NA,NA
1473447,2025,2025-03-30,T20,Indian Premier League,Unknown,"Dr. Y.S. Rajasekhara Reddy ACA-VDCA Cricket Stadium, Visakhapatnam",Dr Y.S. Rajasekhara Reddy ACA-VDCA Cricket Stadium,Visakhapatnam,Visakhapatnam,Sunrisers Hyderabad,Sunrisers Hyderabad,Delhi Capitals,Delhi Capitals,Sunrisers Hyderabad,Sunrisers Hyderabad,bat,Delhi Capitals,Delhi Capitals,7 wickets,NA,NA,MA Starc,NA,NA
1473448,2025,2025-03-30,T20,Indian Premier League,Unknown,"Barsapara Cricket Stadium, Guwahati",Barsapara Cricket Stadium,Guwahati,Guwahati,Rajasthan Royals,Rajasthan Royals,Chennai Super Kings,Chennai Super Kings,Chennai Super Kings,Chennai Super Kings,field,Rajasthan Royals,Rajasthan Royals,6 runs,NA,NA,N Rana,NA,NA
1473449,2025,2025-03-31,T20,Indian Premier League,Unknown,"Wankhede Stadium, Mumbai",Wankhede Stadium,Mumbai,Mumbai,Kolkata Knight Riders,Kolkata Knight Riders,Mumbai Indians,Mumbai Indians,Mumbai Indians,Mumbai Indians,field,Mumbai Indians,Mumbai Indians,8 wickets,NA,NA,Ashwani Kumar,NA,NA
1473450,2025,2025-04-01,T20,Indian Premier League,Unknown,"Bharat Ratna Shri Atal Bihari Vajpayee Ekana Cricket Stadium, Lucknow",Bharat Ratna Shri Atal Bihari Vajpayee Ekana Cricket Stadium,Lucknow,Lucknow,Lucknow Super Giants,Lucknow Super Giants,Punjab Kings,Punjab Kings,Punjab Kings,Punjab Kings,field,Punjab Kings,Punjab Kings,8 wickets,NA,NA,P Simran Singh,NA,NA
1473451,2025,2025-04-02,T20,Indian Premier League,Unknown,"M Chinnaswamy Stadium, Bengaluru",M Chinnaswamy Stadium,Bengaluru,Bengaluru,Royal Challengers Bengaluru,Royal Challengers Bengaluru,Gujarat Titans,Gujarat Titans,Gujarat Titans,Gujarat Titans,field,Gujarat Titans,Gujarat Titans,8 wickets,NA,NA,Mohammed Siraj,NA,NA
1473452,2025,2025-04-03,T20,Indian Premier League,Unknown,"Eden Gardens, Kolkata",Eden Gardens,Kolkata,Kolkata,Kolkata Knight Riders,Kolkata Knight Riders,Sunrisers Hyderabad,Sunrisers Hyderabad,Sunrisers Hyderabad,Sunrisers Hyderabad,field,Kolkata Knight Riders,Kolkata Knight Riders,80 runs,NA,NA,VG Arora,NA,NA
1473453,2025,2025-04-04,T20,Indian Premier League,Unknown,"Bharat Ratna Shri Atal Bihari Vajpayee Ekana Cricket Stadium, Lucknow",Bharat Ratna Shri Atal Bihari Vajpayee Ekana Cricket Stadium,Lucknow,Lucknow,Lucknow Super Giants,Lucknow Super Giants,Mumbai Indians,Mumbai Indians,Mumbai Indians,Mumbai Indians,field,Lucknow Super Giants,Lucknow Super Giants,12 runs,NA,NA,DS Rathi,NA,NA
1473454,2025,2025-04-05,T20,Indian Premier League,Unknown,"MA Chidambaram Stadium, Chepauk, Chennai",MA Chidambaram Stadium,Chennai,Chennai,Delhi Capitals,Delhi Capitals,Chennai Super Kings,Chennai Super Kings,Delhi Capitals,Delhi Capitals,bat,Delhi Capitals,Delhi Capitals,25 runs,NA,NA,KL Rahul,NA,NA
1473455,2025,2025-04-05,T20,Indian Premier League,Unknown,"Maharaja Yadavindra Singh International Cricket Stadium, Mullanpur",Maharaja Yadavindra Singh International Cricket Stadium,Mohali,Mohali,Rajasthan Royals,Rajasthan Royals,Punjab Kings,Punjab Kings,Punjab Kings,Punjab Kings,field,Rajasthan Royals,Rajasthan Royals,50 runs,NA,NA,JC Archer,NA,NA
1473457,2025,2025-04-06,T20,Indian Premier League,Unknown,"Rajiv Gandhi International Stadium, Uppal, Hyderabad","Rajiv Gandhi International Stadium, Uppal",Hyderabad,Hyderabad,Sunrisers Hyderabad,Sunrisers Hyderabad,Gujarat Titans,Gujarat Titans,Gujarat Titans,Gujarat Titans,field,Gujarat Titans,Gujarat Titans,7 wickets,NA,NA,Mohammed Siraj,NA,NA
1473458,2025,2025-04-07,T20,Indian Premier League,Unknown,"Wankhede Stadium, Mumbai",Wankhede Stadium,Mumbai,Mumbai,Royal Challengers Bengaluru,Royal Challengers Bengaluru,Mumbai Indians,Mumbai Indians,Mumbai Indians,Mumbai Indians,field,Royal Challengers Bengaluru,Royal Challengers Bengaluru,12 runs,NA,NA,RM Patidar,NA,NA
1473456,2025,2025-04-08,T20,Indian Premier League,Unknown,"Eden Gardens, Kolkata",Eden Gardens,Kolkata,Kolkata,Lucknow Super Giants,Lucknow Super Giants,Kolkata Knight Riders,Kolkata Knight Riders,Kolkata Knight Riders,Kolkata Knight Riders,field,Lucknow Super Giants,Lucknow Super Giants,4 runs,NA,NA,N Pooran,NA,NA
1473459,2025,2025-04-08,T20,Indian Premier League,Unknown,"Maharaja Yadavindra Singh International Cricket Stadium, Mullanpur",Maharaja Yadavindra Singh International Cricket Stadium,Mohali,Mohali,Punjab Kings,Punjab Kings,Chennai Super Kings,Chennai Super Kings,Punjab Kings,Punjab Kings,bat,Punjab Kings,Punjab Kings,18 runs,NA,NA,Priyansh Arya,NA,NA
1473460,2025,2025-04-09,T20,Indian Premier League,Unknown,"Narendra Modi Stadium, Ahmedabad",Narendra Modi Stadium,Ahmedabad,Ahmedabad,Gujarat Titans,Gujarat Titans,Rajasthan Royals,Rajasthan Royals,Rajasthan Royals,Rajasthan Royals,field,Gujarat Titans,Gujarat Titans,58 runs,NA,NA,B Sai Sudharsan,NA,NA
1473461,2025,2025-04-10,T20,Indian Premier League,Unknown,"M Chinnaswamy Stadium, Bengaluru",M Chinnaswamy Stadium,Bengaluru,Bengaluru,Royal Challengers Bengaluru,Royal Challengers Bengaluru,Delhi Capitals,Delhi Capitals,Delhi Capitals,Delhi Capitals,field,Delhi Capitals,Delhi Capitals,6 wickets,NA,NA,KL Rahul,NA,NA
1473462,2025,2025-04-11,T20,Indian Premier League,Unknown,"MA Chidambaram Stadium, Chepauk, Chennai",MA Chidambaram Stadium,Chennai,Chennai,Chennai Super Kings,Chennai Super Kings,Kolkata Knight Riders,Kolkata Knight Riders,Kolkata Knight Riders,Kolkata Knight Riders,field,Kolkata Knight Riders,Kolkata Knight Riders,8 wickets,NA,NA,SP Narine,NA,NA
1473463,2025,2025-04-12,T20,Indian Premier League,Unknown,"Bharat Ratna Shri Atal Bihari Vajpayee Ekana Cricket Stadium, Lucknow",Bharat Ratna Shri Atal Bihari Vajpayee Ekana Cricket Stadium,Lucknow,Lucknow,Gujarat Titans,Gujarat Titans,Lucknow Super Giants,Lucknow Super Giants,Lucknow Super Giants,Lucknow Super Giants,field,Lucknow Super Giants,Lucknow Super Giants,6 wickets,NA,NA,AK Markram,NA,NA
1473464,2025,2025-04-12,T20,Indian Premier League,Unknown,"Rajiv Gandhi International Stadium, Uppal, Hyderabad","Rajiv Gandhi International Stadium, Uppal",Hyderabad,Hyderabad,Punjab Kings,Punjab Kings,Sunrisers Hyderabad,Sunrisers Hyderabad,Punjab Kings,Punjab Kings,bat,Sunrisers Hyderabad,Sunrisers Hyderabad,8 wickets,NA,NA,Abhishek Sharma,NA,NA
1473465,2025,2025-04-13,T20,Indian Premier League,Unknown,"Sawai Mansingh Stadium, Jaipur",Sawai Mansingh Stadium,Jaipur,Jaipur,Rajasthan Royals,Rajasthan Royals,Royal Challengers Bengaluru,Royal Challengers Bengaluru,Royal Challengers Bengaluru,Royal Challengers Bengaluru,field,Royal Challengers Bengaluru,Royal Challengers Bengaluru,9 wickets,NA,NA,PD Salt,NA,NA
1473466,2025,2025-04-13,T20,Indian Premier League,Unknown,"Arun Jaitley Stadium, Delhi",Arun Jaitley Stadium,Delhi,Delhi,Mumbai Indians,Mumbai Indians,Delhi Capitals,Delhi Capitals,Delhi Capitals,Delhi Capitals,field,Mumbai Indians,Mumbai Indians,12 runs,NA,NA,KV Sharma,NA,NA
1473467,2025,2025-04-14,T20,Indian Premier League,Unknown,"Bharat Ratna Shri Atal Bihari Vajpayee Ekana Cricket Stadium, Lucknow",Bharat Ratna Shri Atal Bihari Vajpayee Ekana Cricket Stadium,Lucknow,Lucknow,Lucknow Super Giants,Lucknow Super Giants,Chennai Super Kings,Chennai Super Kings,Chennai Super Kings,Chennai Super Kings,field,Chennai Super Kings,Chennai Super Kings,5 wickets,NA,NA,MS Dhoni,NA,NA
1473468,2025,2025-04-15,T20,Indian Premier League,Unknown,"Maharaja Yadavindra Singh International Cricket Stadium, Mullanpur",Maharaja Yadavindra Singh International Cricket Stadium,Mohali,Mohali,Punjab Kings,Punjab Kings,Kolkata Knight Riders,Kolkata Knight Riders,Punjab Kings,Punjab Kings,bat,Punjab Kings,Punjab Kings,16 runs,NA,NA,YS Chahal,NA,NA
1473469,2025,2025-04-16,T20,Indian Premier League,Unknown,"Arun Jaitley Stadium, Delhi",Arun Jaitley Stadium,Delhi,Delhi,Delhi Capitals,Delhi Capitals,Rajasthan Royals,Rajasthan Royals,Rajasthan Royals,Rajasthan Royals,field,Unknown,Unknown,,tie,NA,MA Starc,Delhi Capitals,Delhi Capitals
1473470,2025,2025-04-17,T20,Indian Premier League,Unknown,"Wankhede Stadium, Mumbai",Wankhede Stadium,Mumbai,Mumbai,Sunrisers Hyderabad,Sunrisers Hyderabad,Mumbai Indians,Mumbai Indians,Mumbai Indians,Mumbai Indians,field,Mumbai Indians,Mumbai Indians,4 wickets,NA,NA,WG Jacks,NA,NA
1473471,2025,2025-04-18,T20,Indian Premier League,Unknown,"M Chinnaswamy Stadium, Bengaluru",M Chinnaswamy Stadium,Bengaluru,Bengaluru,Royal Challengers Bengaluru,Royal Challengers Bengaluru,Punjab Kings,Punjab Kings,Punjab Kings,Punjab Kings,field,Punjab Kings,Punjab Kings,5 wickets,NA,NA,TH David,NA,NA
1473472,2025,2025-04-19,T20,Indian Premier League,Unknown,"Narendra Modi Stadium, Ahmedabad",Narendra Modi Stadium,Ahmedabad,Ahmedabad,Delhi Capitals,Delhi Capitals,Gujarat Titans,Gujarat Titans,Gujarat Titans,Gujarat Titans,field,Gujarat Titans,Gujarat Titans,7 wickets,NA,NA,JC Buttler,NA,NA
1473473,2025,2025-04-19,T20,Indian Premier League,Unknown,"Sawai Mansingh Stadium, Jaipur",Sawai Mansingh Stadium,Jaipur,Jaipur,Lucknow Super Giants,Lucknow Super Giants,Rajasthan Royals,Rajasthan Royals,Lucknow Super Giants,Lucknow Super Giants,bat,Lucknow Super Giants,Lucknow Super Giants,2 runs,NA,NA,Avesh Khan,NA,NA
1473474,2025,2025-04-20,T20,Indian Premier League,Unknown,"Maharaja Yadavindra Singh International Cricket Stadium, Mullanpur",Maharaja Yadavindra Singh International Cricket Stadium,Mohali,Mohali,Punjab Kings,Punjab Kings,Royal Challengers Bengaluru,Royal Challengers Bengaluru,Royal Challengers Bengaluru,Royal Challengers Bengaluru,field,Royal Challengers Bengaluru,Royal Challengers Bengaluru,7 wickets,NA,NA,V Kohli,NA,NA
1473475,2025,2025-04-20,T20,Indian Premier League,Unknown,"Wankhede Stadium, Mumbai",Wankhede Stadium,Mumbai,Mumbai,Chennai Super Kings,Chennai Super Kings,Mumbai Indians,Mumbai Indians,Mumbai Indians,Mumbai Indians,field,Mumbai Indians,Mumbai Indians,9 wickets,NA,NA,RG Sharma,NA,NA
1473476,2025,2025-04-21,T20,Indian Premier League,Unknown,"Eden Gardens, Kolkata",Eden Gardens,Kolkata,Kolkata,Gujarat Titans,Gujarat Titans,Kolkata Knight Riders,Kolkata Knight Riders,Kolkata Knight Riders,Kolkata Knight Riders,field,Gujarat Titans,Gujarat Titans,39 runs,NA,NA,Shubman Gill,NA,NA
1473477,2025,2025-04-22,T20,Indian Premier League,Unknown,"Bharat Ratna Shri Atal Bihari Vajpayee Ekana Cricket Stadium, Lucknow",Bharat Ratna Shri Atal Bihari Vajpayee Ekana Cricket Stadium,Lucknow,Lucknow,Lucknow Super Giants,Lucknow Super Giants,Delhi Capitals,Delhi Capitals,Delhi Capitals,Delhi Capitals,field,Delhi Capitals,Delhi Capitals,8 wickets,NA,NA,Mukesh Kumar,NA,NA
1473478,2025,2025-04-23,T20,Indian Premier League,Unknown,"Rajiv Gandhi International Stadium, Uppal, Hyderabad","Rajiv Gandhi International Stadium, Uppal",Hyderabad,Hyderabad,Sunrisers Hyderabad,Sunrisers Hyderabad,Mumbai Indians,Mumbai Indians,Mumbai Indians,Mumbai Indians,field,Mumbai Indians,Mumbai Indians,7 wickets,NA,NA,TA Boult,NA,NA
1473479,2025,2025-04-24,T20,Indian Premier League,Unknown,"M Chinnaswamy Stadium, Bengaluru",M Chinnaswamy Stadium,Bengaluru,Bengaluru,Royal Challengers Bengaluru,Royal Challengers Bengaluru,Rajasthan Royals,Rajasthan Royals,Rajasthan Royals,Rajasthan Royals,field,Royal Challengers Bengaluru,Royal Challengers Bengaluru,11 runs,NA,NA,JR Hazlewood,NA,NA
1473480,2025,2025-04-25,T20,Indian Premier League,Unknown,"MA Chidambaram Stadium, Chepauk, Chennai",MA Chidambaram Stadium,Chennai,Chennai,Chennai Super Kings,Chennai Super Kings,Sunrisers Hyderabad,Sunrisers Hyderabad,Sunrisers Hyderabad,Sunrisers Hyderabad,field,Sunrisers Hyderabad,Sunrisers Hyderabad,5 wickets,NA,NA,HV Patel,NA,NA
1473481,2025,2025-04-26,T20,Indian Premier League,Unknown,"Eden Gardens, Kolkata",Eden Gardens,Kolkata,Kolkata,Punjab Kings,Punjab Kings,Kolkata Knight Riders,Kolkata Knight Riders,Punjab Kings,Punjab Kings,bat,Unknown,Unknown,,no result,NA,Unknown,NA,NA
1473482,2025,2025-04-27,T20,Indian Premier League,Unknown,"Wankhede Stadium, Mumbai",Wankhede Stadium,Mumbai,Mumbai,Mumbai Indians,Mumbai Indians,Lucknow Super Giants,Lucknow Super Giants,Lucknow Super Giants,Lucknow Super Giants,field,Mumbai Indians,Mumbai Indians,54 runs,NA,NA,WG Jacks,NA,NA
1473483,2025,2025-04-27,T20,Indian Premier League,Unknown,"Arun Jaitley Stadium, Delhi",Arun Jaitley Stadium,Delhi,Delhi,Delhi Capitals,Delhi Capitals,Royal Challengers Bengaluru,Royal Challengers Bengaluru,Royal Challengers Bengaluru,Royal Challengers Bengaluru,field,Royal Challengers Bengaluru,Royal Challengers Bengaluru,6 wickets,NA,NA,KH Pandya,NA,NA
1473484,2025,2025-04-28,T20,Indian Premier League,Unknown,"Sawai Mansingh Stadium, Jaipur",Sawai Mansingh Stadium,Jaipur,Jaipur,Gujarat Titans,Gujarat Titans,Rajasthan Royals,Rajasthan Royals,Rajasthan Royals,Rajasthan Royals,field,Rajasthan Royals,Rajasthan Royals,8 wickets,NA,NA,V Suryavanshi,NA,NA
1473485,2025,2025-04-29,T20,Indian Premier League,Unknown,"Arun Jaitley Stadium, Delhi",Arun Jaitley Stadium,Delhi,Delhi,Kolkata Knight Riders,Kolkata Knight Riders,Delhi Capitals,Delhi Capitals,Delhi Capitals,Delhi Capitals,field,Kolkata Knight Riders,Kolkata Knight Riders,14 runs,NA,NA,SP Narine,NA,NA
1473486,2025,2025-04-30,T20,Indian Premier League,Unknown,"MA Chidambaram Stadium, Chepauk, Chennai",MA Chidambaram Stadium,Chennai,Chennai,Chennai Super Kings,Chennai Super Kings,Punjab Kings,Punjab Kings,Punjab Kings,Punjab Kings,field,Punjab Kings,Punjab Kings,4 wickets,NA,NA,SS Iyer,NA,NA
1473487,2025,2025-05-01,T20,Indian Premier League,Unknown,"Sawai Mansingh Stadium, Jaipur",Sawai Mansingh Stadium,Jaipur,Jaipur,Mumbai Indians,Mumbai Indians,Rajasthan Royals,Rajasthan Royals,Rajasthan Royals,Rajasthan Royals,field,Mumbai Indians,Mumbai Indians,100 runs,NA,NA,RD Rickelton,NA,NA
1473488,2025,2025-05-02,T20,Indian Premier League,Unknown,"Narendra Modi Stadium, Ahmedabad",Narendra Modi Stadium,Ahmedabad,Ahmedabad,Gujarat Titans,Gujarat Titans,Sunrisers Hyderabad,Sunrisers Hyderabad,Sunrisers Hyderabad,Sunrisers Hyderabad,field,Gujarat Titans,Gujarat Titans,38 runs,NA,NA,M Prasidh Krishna,NA,NA
1473489,2025,2025-05-03,T20,Indian Premier League,Unknown,"M Chinnaswamy Stadium, Bengaluru",M Chinnaswamy Stadium,Bengaluru,Bengaluru,Royal Challengers Bengaluru,Royal Challengers Bengaluru,Chennai Super Kings,Chennai Super Kings,Chennai Super Kings,Chennai Super Kings,field,Royal Challengers Bengaluru,Royal Challengers Bengaluru,2 runs,NA,NA,R Shepherd,NA,NA
1473490,2025,2025-05-04,T20,Indian Premier League,Unknown,"Eden Gardens, Kolkata",Eden Gardens,Kolkata,Kolkata,Kolkata Knight Riders,Kolkata Knight Riders,Rajasthan Royals,Rajasthan Royals,Kolkata Knight Riders,Kolkata Knight Riders,bat,Kolkata Knight Riders,Kolkata Knight Riders,1 runs,NA,NA,AD Russell,NA,NA
1473491,2025,2025-05-04,T20,Indian Premier League,Unknown,"Himachal Pradesh Cricket Association Stadium, Dharamsala",Himachal Pradesh Cricket Association Stadium,Dharamsala,Dharamsala,Punjab Kings,Punjab Kings,Lucknow Super Giants,Lucknow Super Giants,Lucknow Super Giants,Lucknow Super Giants,field,Punjab Kings,Punjab Kings,37 runs,NA,NA,P Simran Singh,NA,NA
1473492,2025,2025-05-05,T20,Indian Premier League,Unknown,"Rajiv Gandhi International Stadium, Uppal, Hyderabad","Rajiv Gandhi International Stadium, Uppal",Hyderabad,Hyderabad,Delhi Capitals,Delhi Capitals,Sunrisers Hyderabad,Sunrisers Hyderabad,Sunrisers Hyderabad,Sunrisers Hyderabad,field,Unknown,Unknown,,no result,NA,Unknown,NA,NA
1473493,2025,2025-05-06,T20,Indian Premier League,Unknown,"Wankhede Stadium, Mumbai",Wankhede Stadium,Mumbai,Mumbai,Mumbai Indians,Mumbai Indians,Gujarat Titans,Gujarat Titans,Gujarat Titans,Gujarat Titans,field,Gujarat Titans,Gujarat Titans,3 wickets,NA,D/L,Shubman Gill,NA,NA
1473494,2025,2025-05-07,T20,Indian Premier League,Unknown,"Eden Gardens, Kolkata",Eden Gardens,Kolkata,Kolkata,Kolkata Knight Riders,Kolkata Knight Riders,Chennai Super Kings,Chennai Super Kings,Kolkata Knight Riders,Kolkata Knight Riders,bat,Chennai Super Kings,Chennai Super Kings,2 wickets,NA,NA,Noor Ahmad,NA,NA
1473495,2025,2025-05-08,T20,Indian Premier League,Unknown,"Himachal Pradesh Cricket Association Stadium, Dharamsala",Himachal Pradesh Cricket Association Stadium,Dharamsala,Dharamsala,Punjab Kings,Punjab Kings,Delhi Capitals,Delhi Capitals,Punjab Kings,Punjab Kings,bat,Unknown,Unknown,,no result,NA,Unknown,NA,NA
1473497,2025,2025-05-18,T20,Indian Premier League,Unknown,"Sawai Mansingh Stadium, Jaipur",Sawai Mansingh Stadium,Jaipur,Jaipur,Punjab Kings,Punjab Kings,Rajasthan Royals,Rajasthan Royals,Punjab Kings,Punjab Kings,bat,Punjab Kings,Punjab Kings,10 runs,NA,NA,Harpreet Brar,NA,NA
1473498,2025,2025-05-18,T20,Indian Premier League,Unknown,"Arun Jaitley Stadium, Delhi",Arun Jaitley Stadium,Delhi,Delhi,Delhi Capitals,Delhi Capitals,Gujarat Titans,Gujarat Titans,Gujarat Titans,Gujarat Titans,field,Gujarat Titans,Gujarat Titans,10 wickets,NA,NA,B Sai Sudharsan,NA,NA
1473499,2025,2025-05-19,T20,Indian Premier League,Unknown,"Bharat Ratna Shri Atal Bihari Vajpayee Ekana Cricket Stadium, Lucknow",Bharat Ratna Shri Atal Bihari Vajpayee Ekana Cricket Stadium,Lucknow,Lucknow,Lucknow Super Giants,Lucknow Super Giants,Sunrisers Hyderabad,Sunrisers Hyderabad,Sunrisers Hyderabad,Sunrisers Hyderabad,field,Sunrisers Hyderabad,Sunrisers Hyderabad,6 wickets,NA,NA,Abhishek Sharma,NA,NA
1473500,2025,2025-05-20,T20,Indian Premier League,Unknown,"Arun Jaitley Stadium, Delhi",Arun Jaitley Stadium,Delhi,Delhi,Chennai Super Kings,Chennai Super Kings,Rajasthan Royals,Rajasthan Royals,Rajasthan Royals,Rajasthan Royals,field,Rajasthan Royals,Rajasthan Royals,6 wickets,NA,NA,Akash Madhwal,NA,NA
1473501,2025,2025-05-21,T20,Indian Premier League,Unknown,"Wankhede Stadium, Mumbai",Wankhede Stadium,Mumbai,Mumbai,Mumbai Indians,Mumbai Indians,Delhi Capitals,Delhi Capitals,Delhi Capitals,Delhi Capitals,field,Mumbai Indians,Mumbai Indians,59 runs,NA,NA,SA Yadav,NA,NA
1473502,2025,2025-05-22,T20,Indian Premier League,Unknown,"Narendra Modi Stadium, Ahmedabad",Narendra Modi Stadium,Ahmedabad,Ahmedabad,Lucknow Super Giants,Lucknow Super Giants,Gujarat Titans,Gujarat Titans,Gujarat Titans,Gujarat Titans,field,Lucknow Super Giants,Lucknow Super Giants,33 runs,NA,NA,MR Marsh,NA,NA
1473503,2025,2025-05-23,T20,Indian Premier League,Unknown,"Bharat Ratna Shri Atal Bihari Vajpayee Ekana Cricket Stadium, Lucknow",Bharat Ratna Shri Atal Bihari Vajpayee Ekana Cricket Stadium,Lucknow,Lucknow,Sunrisers Hyderabad,Sunrisers Hyderabad,Royal Challengers Bengaluru,Royal Challengers Bengaluru,Royal Challengers Bengaluru,Royal Challengers Bengaluru,field,Sunrisers Hyderabad,Sunrisers Hyderabad,42 runs,NA,NA,Ishan Kishan,NA,NA
1485779,2025,2025-05-24,T20,Indian Premier League,Unknown,"Sawai Mansingh Stadium, Jaipur",Sawai Mansingh Stadium,Jaipur,Jaipur,Punjab Kings,Punjab Kings,Delhi Capitals,Delhi Capitals,Delhi Capitals,Delhi Capitals,field,Delhi Capitals,Delhi Capitals,6 wickets,NA,NA,Sameer Rizvi,NA,NA
1473504,2025,2025-05-25,T20,Indian Premier League,Unknown,"Narendra Modi Stadium, Ahmedabad",Narendra Modi Stadium,Ahmedabad,Ahmedabad,Chennai Super Kings,Chennai Super Kings,Gujarat Titans,Gujarat Titans,Chennai Super Kings,Chennai Super Kings,bat,Chennai Super Kings,Chennai Super Kings,83 runs,NA,NA,D Brevis,NA,NA
1473505,2025,2025-05-25,T20,Indian Premier League,Unknown,"Arun Jaitley Stadium, Delhi",Arun Jaitley Stadium,Delhi,Delhi,Sunrisers Hyderabad,Sunrisers Hyderabad,Kolkata Knight Riders,Kolkata Knight Riders,Sunrisers Hyderabad,Sunrisers Hyderabad,bat,Sunrisers Hyderabad,Sunrisers Hyderabad,110 runs,NA,NA,H Klaasen,NA,NA
1473506,2025,2025-05-26,T20,Indian Premier League,Unknown,"Sawai Mansingh Stadium, Jaipur",Sawai Mansingh Stadium,Jaipur,Jaipur,Mumbai Indians,Mumbai Indians,Punjab Kings,Punjab Kings,Punjab Kings,Punjab Kings,field,Punjab Kings,Punjab Kings,7 wickets,NA,NA,JP Inglis,NA,NA
1473507,2025,2025-05-27,T20,Indian Premier League,Unknown,"Bharat Ratna Shri Atal Bihari Vajpayee Ekana Cricket Stadium, Lucknow",Bharat Ratna Shri Atal Bihari Vajpayee Ekana Cricket Stadium,Lucknow,Lucknow,Lucknow Super Giants,Lucknow Super Giants,Royal Challengers Bengaluru,Royal Challengers Bengaluru,Royal Challengers Bengaluru,Royal Challengers Bengaluru,field,Royal Challengers Bengaluru,Royal Challengers Bengaluru,6 wickets,NA,NA,JM Sharma,NA,NA
1473508,2025,2025-05-29,T20,Indian Premier League,Qualifier 1,"Maharaja Yadavindra Singh International Cricket Stadium, Mullanpur",Maharaja Yadavindra Singh International Cricket Stadium,New Chandigarh,New Chandigarh,Punjab Kings,Punjab Kings,Royal Challengers Bengaluru,Royal Challengers Bengaluru,Royal Challengers Bengaluru,Royal Challengers Bengaluru,field,Royal Challengers Bengaluru,Royal Challengers Bengaluru,8 wickets,NA,NA,Suyash Sharma,NA,NA
1473509,2025,2025-05-30,T20,Indian Premier League,Eliminator,"Maharaja Yadavindra Singh International Cricket Stadium, New Chandigarh",Maharaja Yadavindra Singh International Cricket Stadium,New Chandigarh,New Chandigarh,Mumbai Indians,Mumbai Indians,Gujarat Titans,Gujarat Titans,Mumbai Indians,Mumbai Indians,bat,Mumbai Indians,Mumbai Indians,20 runs,NA,NA,RG Sharma,NA,NA
1473510,2025,2025-06-01,T20,Indian Premier League,Qualifier 2,"Narendra Modi Stadium, Ahmedabad",Narendra Modi Stadium,Ahmedabad,Ahmedabad,Mumbai Indians,Mumbai Indians,Punjab Kings,Punjab Kings,Punjab Kings,Punjab Kings,field,Punjab Kings,Punjab Kings,5 wickets,NA,NA,SS Iyer,NA,NA
1473511,2025,2025-06-03,T20,Indian Premier League,Final,"Narendra Modi Stadium, Ahmedabad",Narendra Modi Stadium,Ahmedabad,Ahmedabad,Royal Challengers Bengaluru,Royal Challengers Bengaluru,Punjab Kings,Punjab Kings,Punjab Kings,Punjab Kings,field,Royal Challengers Bengaluru,Royal Challengers Bengaluru,6 runs,NA,NA,KH Pandya,NA,NA
