match_id,season,match_date,venue,city,team_raw,team,opponent_raw,opponent,innings,batting_first,toss_winner,toss_decision,winner,won_match,total_runs,wickets_lost,valid_balls,boundary_runs,fours,sixes,dot_balls,extras,wide_runs,no_ball_runs,powerplay_runs,powerplay_wickets,powerplay_valid_balls,powerplay_dot_balls,powerplay_boundary_runs,powerplay_fours,powerplay_sixes,middle_runs,middle_wickets,middle_valid_balls,middle_dot_balls,middle_boundary_runs,middle_fours,middle_sixes,death_runs,death_wickets,death_valid_balls,death_dot_balls,death_boundary_runs,death_fours,death_sixes,runs_conceded,wickets_taken,balls_bowled,powerplay_runs_conceded,powerplay_balls_bowled,powerplay_wickets_taken,powerplay_dot_balls_forced,powerplay_boundary_runs_conceded,middle_runs_conceded,middle_balls_bowled,middle_wickets_taken,middle_dot_balls_forced,middle_boundary_runs_conceded,death_runs_conceded,death_balls_bowled,death_wickets_taken,death_dot_balls_forced,death_boundary_runs_conceded
335982,2008,2008-04-18,M Chinnaswamy Stadium,Bengaluru,Kolkata Knight Riders,Kolkata Knight Riders,Royal Challengers Bangalore,Royal Challengers Bengaluru,1,true,Royal Challengers Bengaluru,field,Kolkata Knight Riders,true,222,3,120,144,15,14,36,17,9,0,61,1,36,17,46,7,3,93,1,54,12,50,5,5,68,1,30,7,48,3,6,82,10,91,26,36,4,21,6,55,54,5,28,24,1,1,1,1,0
335982,2008,2008-04-18,M Chinnaswamy Stadium,Bengaluru,Royal Challengers Bangalore,Royal Challengers Bengaluru,Kolkata Knight Riders,Kolkata Knight Riders,2,false,Royal Challengers Bengaluru,field,Kolkata Knight Riders,false,82,10,91,30,3,3,50,19,11,0,26,4,36,21,6,0,1,55,5,54,28,24,3,2,1,1,1,1,0,0,0,222,3,120,61,36,1,17,46,93,54,1,12,50,68,30,1,7,48
335983,2008,2008-04-19,"Punjab Cricket Association IS Bindra Stadium, Mohali",Chandigarh,Chennai Super Kings,Chennai Super Kings,Kings XI Punjab,Punjab Kings,1,true,Chennai Super Kings,bat,Chennai Super Kings,true,240,5,120,176,20,16,34,6,3,1,53,1,36,19,42,9,1,108,3,54,11,72,6,8,79,1,30,4,62,5,7,207,4,120,63,36,1,12,46,102,54,2,7,66,42,30,1,4,14
335983,2008,2008-04-19,"Punjab Cricket Association IS Bindra Stadium, Mohali",Chandigarh,Kings XI Punjab,Punjab Kings,Chennai Super Kings,Chennai Super Kings,2,false,Chennai Super Kings,bat,Chennai Super Kings,false,207,4,120,126,18,9,23,11,5,0,63,1,36,12,46,7,3,102,2,54,7,66,9,5,42,1,30,4,14,2,1,240,5,120,53,36,1,19,42,108,54,3,11,72,79,30,1,4,62
335984,2008,2008-04-19,Feroz Shah Kotla,Delhi,Rajasthan Royals,Rajasthan Royals,Delhi Daredevils,Delhi Capitals,1,true,Rajasthan Royals,bat,Delhi Capitals,false,129,8,120,74,14,3,54,7,3,0,40,2,36,20,30,6,1,56,5,54,20,24,3,2,33,1,30,14,20,5,0,132,1,91,55,36,1,18,46,73,54,0,13,28,4,1,0,0,4
335984,2008,2008-04-19,Feroz Shah Kotla,Delhi,Delhi Daredevils,Delhi Capitals,Rajasthan Royals,Rajasthan Royals,2,false,Rajasthan Royals,bat,Delhi Capitals,true,132,1,91,78,18,1,31,10,10,0,55,1,36,18,46,10,1,73,0,54,13,28,7,0,4,0,1,0,4,1,0,129,8,120,40,36,2,20,30,56,54,5,20,24,33,30,1,14,20
335985,2008,2008-04-20,Wankhede Stadium,Mumbai,Mumbai Indians,Mumbai Indians,Royal Challengers Bangalore,Royal Challengers Bengaluru,1,true,Mumbai Indians,bat,Royal Challengers Bengaluru,false,165,7,120,102,18,5,45,11,3,0,47,3,36,21,34,7,1,58,1,54,19,26,5,1,60,3,30,5,42,6,3,166,5,118,40,36,1,15,24,78,54,3,15,42,48,28,1,6,30
335985,2008,2008-04-20,Wankhede Stadium,Mumbai,Royal Challengers Bangalore,Royal Challengers Bengaluru,Mumbai Indians,Mumbai Indians,2,false,Mumbai Indians,bat,Royal Challengers Bengaluru,true,166,5,118,96,15,6,36,5,5,0,40,1,36,15,24,6,0,78,3,54,15,42,6,3,48,1,28,6,30,3,3,165,7,120,47,36,3,21,34,58,54,1,19,26,60,30,3,5,42
335986,2008,2008-04-20,Eden Gardens,Kolkata,Deccan Chargers,Deccan Chargers,Kolkata Knight Riders,Kolkata Knight Riders,1,true,Deccan Chargers,bat,Kolkata Knight Riders,false,110,10,112,60,6,6,62,10,4,2,39,2,36,21,20,2,2,38,4,54,31,18,3,1,33,4,22,10,22,1,3,112,5,114,26,36,3,20,8,55,54,1,32,16,31,24,1,9,20
335986,2008,2008-04-20,Eden Gardens,Kolkata,Kolkata Knight Riders,Kolkata Knight Riders,Deccan Chargers,Deccan Chargers,2,false,Deccan Chargers,bat,Kolkata Knight Riders,true,112,5,114,44,5,4,61,28,15,1,26,3,36,20,8,2,0,55,1,54,32,16,1,2,31,1,24,9,20,2,2,110,10,112,39,36,2,21,20,38,54,4,31,18,33,22,4,10,22
335987,2008,2008-04-21,Sawai Mansingh Stadium,Jaipur,Kings XI Punjab,Punjab Kings,Rajasthan Royals,Rajasthan Royals,1,true,Punjab Kings,bat,Rajasthan Royals,false,166,8,119,114,18,7,54,4,2,1,54,1,36,21,50,8,3,61,3,53,21,30,6,1,51,4,30,12,34,4,3,168,4,109,53,36,3,21,36,89,54,1,20,62,26,19,0,6,12
335987,2008,2008-04-21,Sawai Mansingh Stadium,Jaipur,Rajasthan Royals,Rajasthan Royals,Kings XI Punjab,Punjab Kings,2,false,Punjab Kings,bat,Rajasthan Royals,true,168,4,109,110,17,7,47,12,6,4,53,3,36,21,36,6,2,89,1,54,20,62,8,5,26,0,19,6,12,3,0,166,8,119,54,36,1,21,50,61,53,3,21,30,51,30,4,12,34
335988,2008,2008-04-22,"Rajiv Gandhi International Stadium, Uppal",Hyderabad,Deccan Chargers,Deccan Chargers,Delhi Daredevils,Delhi Capitals,1,true,Deccan Chargers,bat,Delhi Capitals,false,142,8,120,84,12,6,56,5,1,1,25,2,36,26,14,2,1,48,3,54,23,20,5,0,69,3,30,7,50,5,5,143,1,78,48,36,1,14,32,95,42,0,12,64,0,0,0,0,0
335988,2008,2008-04-22,"Rajiv Gandhi International Stadium, Uppal",Hyderabad,Delhi Daredevils,Delhi Capitals,Deccan Chargers,Deccan Chargers,2,false,Deccan Chargers,bat,Delhi Capitals,true,143,1,78,96,15,6,26,12,7,0,48,1,36,14,32,8,0,95,0,42,12,64,7,6,0,0,0,0,0,0,0,142,8,120,25,36,2,26,14,48,54,3,23,20,69,30,3,7,50
335989,2008,2008-04-23,MA Chidambaram Stadium,Chennai,Chennai Super Kings,Chennai Super Kings,Mumbai Indians,Mumbai Indians,1,true,Mumbai Indians,field,Chennai Super Kings,true,208,5,120,132,24,6,37,18,9,2,53,2,36,19,38,8,1,90,1,54,12,48,6,4,65,2,30,6,46,10,1,202,7,120,52,36,2,16,34,82,54,3,14,36,68,30,2,8,54
335989,2008,2008-04-23,MA Chidambaram Stadium,Chennai,Mumbai Indians,Mumbai Indians,Chennai Super Kings,Chennai Super Kings,2,false,Mumbai Indians,field,Chennai Super Kings,false,202,7,120,124,19,8,38,13,6,2,52,2,36,16,34,7,1,82,3,54,14,36,6,2,68,2,30,8,54,6,5,208,5,120,53,36,2,19,38,90,54,1,12,48,65,30,2,6,46
335990,2008,2008-04-24,"Rajiv Gandhi International Stadium, Uppal",Hyderabad,Deccan Chargers,Deccan Chargers,Rajasthan Royals,Rajasthan Royals,1,true,Rajasthan Royals,field,Rajasthan Royals,false,214,5,120,150,24,9,37,6,5,1,58,2,36,19,50,11,1,90,1,54,12,52,4,6,66,2,30,6,48,9,2,217,7,119,73,36,1,14,62,86,54,2,14,56,58,29,4,6,38
335990,2008,2008-04-24,"Rajiv Gandhi International Stadium, Uppal",Hyderabad,Rajasthan Royals,Rajasthan Royals,Deccan Chargers,Deccan Chargers,2,false,Rajasthan Royals,field,Rajasthan Royals,true,217,7,119,156,18,14,34,7,2,1,73,1,36,14,62,8,5,86,2,54,14,56,5,6,58,4,29,6,38,5,3,214,5,120,58,36,2,19,50,90,54,1,12,52,66,30,2,6,48
335991,2008,2008-04-25,"Punjab Cricket Association IS Bindra Stadium, Mohali",Chandigarh,Kings XI Punjab,Punjab Kings,Mumbai Indians,Mumbai Indians,1,true,Mumbai Indians,field,Punjab Kings,true,182,10,120,102,18,5,40,7,4,1,60,1,36,15,38,8,1,78,3,54,13,38,5,3,44,6,30,12,26,5,1,116,9,120,39,36,2,20,26,62,54,5,25,38,15,30,2,24,8
335991,2008,2008-04-25,"Punjab Cricket Association IS Bindra Stadium, Mohali",Chandigarh,Mumbai Indians,Mumbai Indians,Kings XI Punjab,Punjab Kings,2,false,Mumbai Indians,field,Punjab Kings,false,116,9,120,72,12,4,69,7,4,2,39,2,36,20,26,5,1,62,5,54,25,38,5,3,15,2,30,24,8,2,0,182,10,120,60,36,1,15,38,78,54,3,13,38,44,30,6,12,26
335992,2008,2008-04-26,M Chinnaswamy Stadium,Bengaluru,Royal Challengers Bangalore,Royal Challengers Bengaluru,Rajasthan Royals,Rajasthan Royals,1,true,Rajasthan Royals,field,Rajasthan Royals,false,135,8,120,90,12,7,64,6,3,1,57,2,36,19,50,8,3,38,5,54,32,16,1,2,40,1,30,13,24,3,2,138,3,103,45,36,2,16,32,76,54,0,20,52,17,13,1,8,16
335992,2008,2008-04-26,M Chinnaswamy Stadium,Bengaluru,Rajasthan Royals,Rajasthan Royals,Royal Challengers Bangalore,Royal Challengers Bengaluru,2,false,Rajasthan Royals,field,Rajasthan Royals,true,138,3,103,100,22,2,44,3,2,0,45,2,36,16,32,8,0,76,0,54,20,52,10,2,17,1,13,8,16,4,0,135,8,120,57,36,2,19,50,38,54,5,32,16,40,30,1,13,24
335993,2008,2008-04-26,MA Chidambaram Stadium,Chennai,Kolkata Knight Riders,Kolkata Knight Riders,Chennai Super Kings,Chennai Super Kings,1,true,Kolkata Knight Riders,bat,Chennai Super Kings,false,147,9,120,80,14,4,49,8,4,2,61,3,36,17,50,8,3,43,3,54,25,12,3,0,43,3,30,7,18,3,1,152,1,102,45,36,0,21,28,76,54,1,12,34,31,12,0,1,16
335993,2008,2008-04-26,MA Chidambaram Stadium,Chennai,Chennai Super Kings,Chennai Super Kings,Kolkata Knight Riders,Kolkata Knight Riders,2,false,Kolkata Knight Riders,bat,Chennai Super Kings,true,152,1,102,78,12,5,34,18,12,1,45,0,36,21,28,7,0,76,1,54,12,34,4,3,31,0,12,1,16,1,2,147,9,120,61,36,3,17,50,43,54,3,25,12,43,30,3,7,18
335994,2008,2008-04-27,Dr DY Patil Sports Academy,Mumbai,Mumbai Indians,Mumbai Indians,Deccan Chargers,Deccan Chargers,1,true,Deccan Chargers,field,Deccan Chargers,false,154,7,120,86,14,5,49,11,3,2,27,3,36,26,16,4,0,72,2,54,17,40,7,2,55,2,30,6,30,3,3,155,0,73,60,36,0,15,48,95,37,0,6,70,0,0,0,0,0
335994,2008,2008-04-27,Dr DY Patil Sports Academy,Mumbai,Deccan Chargers,Deccan Chargers,Mumbai Indians,Mumbai Indians,2,false,Deccan Chargers,field,Deccan Chargers,true,155,0,73,118,13,11,21,9,4,0,60,0,36,15,48,9,2,95,0,37,6,70,4,9,0,0,0,0,0,0,0,154,7,120,27,36,3,26,16,72,54,2,17,40,55,30,2,6,30
335995,2008,2008-04-27,"Punjab Cricket Association IS Bindra Stadium, Mohali",Chandigarh,Delhi Daredevils,Delhi Capitals,Kings XI Punjab,Punjab Kings,1,true,Delhi Capitals,bat,Punjab Kings,false,158,8,120,84,18,2,39,11,6,0,45,3,36,14,28,7,0,62,2,54,21,30,6,1,51,3,30,4,26,5,1,162,6,117,55,36,2,15,40,68,54,2,22,32,39,27,2,9,22
335995,2008,2008-04-27,"Punjab Cricket Association IS Bindra Stadium, Mohali",Chandigarh,Kings XI Punjab,Punjab Kings,Delhi Daredevils,Delhi Capitals,2,false,Delhi Capitals,bat,Punjab Kings,true,162,6,117,94,19,3,46,9,4,2,55,2,36,15,40,10,0,68,2,54,22,32,5,2,39,2,27,9,22,4,1,158,8,120,45,36,3,14,28,62,54,2,21,30,51,30,3,4,26
335996,2008,2008-04-28,M Chinnaswamy Stadium,Bengaluru,Chennai Super Kings,Chennai Super Kings,Royal Challengers Bangalore,Royal Challengers Bengaluru,1,true,Chennai Super Kings,bat,Chennai Super Kings,true,178,5,120,116,17,8,43,4,3,0,36,1,36,18,20,5,0,66,2,54,18,30,3,3,76,2,30,7,66,9,5,165,10,118,45,36,1,17,28,87,54,2,11,46,33,28,7,7,12
335996,2008,2008-04-28,M Chinnaswamy Stadium,Bengaluru,Royal Challengers Bangalore,Royal Challengers Bengaluru,Chennai Super Kings,Chennai Super Kings,2,false,Chennai Super Kings,bat,Chennai Super Kings,false,165,10,118,86,14,5,35,7,6,0,45,1,36,17,28,4,2,87,2,54,11,46,7,3,33,7,28,7,12,3,0,178,5,120,36,36,1,18,20,66,54,2,18,30,76,30,2,7,66
335997,2008,2008-04-29,Eden Gardens,Kolkata,Kolkata Knight Riders,Kolkata Knight Riders,Mumbai Indians,Mumbai Indians,1,true,Kolkata Knight Riders,bat,Mumbai Indians,false,137,8,120,78,15,3,53,13,7,0,40,3,36,20,30,6,1,47,3,54,28,24,6,0,50,2,30,5,24,3,2,138,3,112,38,36,3,27,34,72,54,0,18,34,28,22,0,7,12
335997,2008,2008-04-29,Eden Gardens,Kolkata,Mumbai Indians,Mumbai Indians,Kolkata Knight Riders,Kolkata Knight Riders,2,false,Kolkata Knight Riders,bat,Mumbai Indians,true,138,3,112,80,17,2,52,15,9,1,38,3,36,27,34,7,1,72,0,54,18,34,7,1,28,0,22,7,12,3,0,137,8,120,40,36,3,20,30,47,54,3,28,24,50,30,2,5,24
335998,2008,2008-04-30,Feroz Shah Kotla,Delhi,Delhi Daredevils,Delhi Capitals,Royal Challengers Bangalore,Royal Challengers Bengaluru,1,true,Royal Challengers Bengaluru,field,Delhi Capitals,true,191,5,120,114,21,5,31,4,1,1,58,1,36,13,42,9,1,93,1,54,11,56,8,4,40,3,30,7,16,4,0,181,5,120,55,36,3,13,38,79,54,0,12,40,47,30,2,7,28
335998,2008,2008-04-30,Feroz Shah Kotla,Delhi,Royal Challengers Bangalore,Royal Challengers Bengaluru,Delhi Daredevils,Delhi Capitals,2,false,Royal Challengers Bengaluru,field,Delhi Capitals,false,181,5,120,106,16,7,32,12,0,1,55,3,36,13,38,5,3,79,0,54,12,40,7,2,47,2,30,7,28,4,2,191,5,120,58,36,1,13,42,93,54,1,11,56,40,30,3,7,16
335999,2008,2008-05-01,"Rajiv Gandhi International Stadium, Uppal",Hyderabad,Deccan Chargers,Deccan Chargers,Kings XI Punjab,Punjab Kings,1,true,Punjab Kings,field,Punjab Kings,false,164,8,120,94,19,3,40,4,2,0,50,1,36,13,28,7,0,61,5,54,18,28,4,2,53,2,30,9,38,8,1,167,3,113,41,36,1,15,24,88,54,2,14,54,38,23,0,3,18
335999,2008,2008-05-01,"Rajiv Gandhi International Stadium, Uppal",Hyderabad,Kings XI Punjab,Punjab Kings,Deccan Chargers,Deccan Chargers,2,false,Punjab Kings,field,Punjab Kings,true,167,3,113,96,21,2,32,6,4,0,41,1,36,15,24,6,0,88,2,54,14,54,12,1,38,0,23,3,18,3,1,164,8,120,50,36,1,13,28,61,54,5,18,28,53,30,2,9,38
336000,2008,2008-05-01,Sawai Mansingh Stadium,Jaipur,Rajasthan Royals,Rajasthan Royals,Kolkata Knight Riders,Kolkata Knight Riders,1,true,Rajasthan Royals,bat,Rajasthan Royals,true,196,7,120,118,22,5,37,14,3,4,45,1,36,19,30,6,1,97,3,54,11,64,13,2,54,3,30,7,24,3,2,151,10,115,51,36,3,17,32,77,54,2,14,36,23,25,5,5,0
336000,2008,2008-05-01,Sawai Mansingh Stadium,Jaipur,Kolkata Knight Riders,Kolkata Knight Riders,Rajasthan Royals,Rajasthan Royals,2,false,Rajasthan Royals,bat,Rajasthan Royals,false,151,10,115,68,8,6,36,12,7,0,51,3,36,17,32,5,2,77,2,54,14,36,3,4,23,5,25,5,0,0,0,196,7,120,45,36,1,19,30,97,54,3,11,64,54,30,3,7,24
336001,2008,2008-05-02,MA Chidambaram Stadium,Chennai,Chennai Super Kings,Chennai Super Kings,Delhi Daredevils,Delhi Capitals,1,true,Chennai Super Kings,bat,Delhi Capitals,false,169,6,120,98,17,5,44,7,5,2,47,1,36,17,28,7,0,79,2,54,17,44,8,2,43,3,30,10,26,2,3,172,2,114,64,36,0,12,46,78,54,2,15,36,30,24,0,9,12
336001,2008,2008-05-02,MA Chidambaram Stadium,Chennai,Delhi Daredevils,Delhi Capitals,Chennai Super Kings,Chennai Super Kings,2,false,Chennai Super Kings,bat,Delhi Capitals,true,172,2,114,94,16,5,36,6,2,2,64,0,36,12,46,7,3,78,2,54,15,36,6,2,30,0,24,9,12,3,0,169,6,120,47,36,1,17,28,79,54,2,17,44,43,30,3,10,26
336003,2008,2008-05-03,"Punjab Cricket Association IS Bindra Stadium, Mohali",Chandigarh,Kings XI Punjab,Punjab Kings,Kolkata Knight Riders,Kolkata Knight Riders,1,true,Punjab Kings,bat,Punjab Kings,true,178,6,120,112,22,4,42,14,4,1,49,1,36,16,36,9,0,70,4,54,21,38,5,3,59,1,30,5,38,8,1,169,6,120,31,36,4,25,18,70,54,1,17,34,68,30,1,4,38
336003,2008,2008-05-03,"Punjab Cricket Association IS Bindra Stadium, Mohali",Chandigarh,Kolkata Knight Riders,Kolkata Knight Riders,Kings XI Punjab,Punjab Kings,2,false,Punjab Kings,bat,Punjab Kings,false,169,6,120,90,9,9,46,7,6,0,31,4,36,25,18,3,1,70,1,54,17,34,4,3,68,1,30,4,38,2,5,178,6,120,49,36,1,16,36,70,54,4,21,38,59,30,1,5,38
336034,2008,2008-05-03,M Chinnaswamy Stadium,Bengaluru,Royal Challengers Bangalore,Royal Challengers Bengaluru,Deccan Chargers,Deccan Chargers,1,true,Deccan Chargers,field,Royal Challengers Bengaluru,true,156,8,120,84,15,4,34,5,2,0,46,1,36,14,28,7,0,68,4,54,10,28,4,2,42,3,30,10,28,4,2,153,6,120,33,36,2,20,20,79,54,0,13,48,41,30,4,7,22
336034,2008,2008-05-03,M Chinnaswamy Stadium,Bengaluru,Deccan Chargers,Deccan Chargers,Royal Challengers Bangalore,Royal Challengers Bengaluru,2,false,Deccan Chargers,field,Royal Challengers Bengaluru,false,153,6,120,90,15,5,40,6,2,0,33,2,36,20,20,5,0,79,0,54,13,48,9,2,41,4,30,7,22,1,3,156,8,120,46,36,1,14,28,68,54,4,10,28,42,30,3,10,28
336004,2008,2008-05-04,Dr DY Patil Sports Academy,Mumbai,Mumbai Indians,Mumbai Indians,Delhi Daredevils,Delhi Capitals,1,true,Delhi Capitals,field,Mumbai Indians,true,162,8,120,104,14,8,50,10,3,1,50,2,36,17,38,8,1,62,3,54,23,32,2,4,50,3,30,10,34,4,3,133,10,113,37,36,2,20,24,77,54,3,11,36,19,23,5,12,6
336004,2008,2008-05-04,Dr DY Patil Sports Academy,Mumbai,Delhi Daredevils,Delhi Capitals,Mumbai Indians,Mumbai Indians,2,false,Delhi Capitals,field,Mumbai Indians,false,133,10,113,66,9,5,43,4,0,1,37,2,36,20,24,3,2,77,3,54,11,36,6,2,19,5,23,12,6,0,1,162,8,120,50,36,2,17,38,62,54,3,23,32,50,30,3,10,34
336005,2008,2008-05-04,Sawai Mansingh Stadium,Jaipur,Chennai Super Kings,Chennai Super Kings,Rajasthan Royals,Rajasthan Royals,1,true,Chennai Super Kings,bat,Rajasthan Royals,false,109,10,114,54,12,1,61,7,2,0,38,4,36,23,24,6,0,53,3,54,22,22,4,1,18,3,24,16,8,2,0,110,2,86,44,36,0,16,32,66,50,2,23,20,0,0,0,0,0
336005,2008,2008-05-04,Sawai Mansingh Stadium,Jaipur,Rajasthan Royals,Rajasthan Royals,Chennai Super Kings,Chennai Super Kings,2,false,Chennai Super Kings,bat,Rajasthan Royals,true,110,2,86,52,10,2,39,21,14,1,44,0,36,16,32,8,0,66,2,50,23,20,2,2,0,0,0,0,0,0,0,109,10,114,38,36,4,23,24,53,54,3,22,22,18,24,3,16,8
336006,2008,2008-05-05,M Chinnaswamy Stadium,Bengaluru,Royal Challengers Bangalore,Royal Challengers Bengaluru,Kings XI Punjab,Punjab Kings,1,true,Punjab Kings,field,Punjab Kings,false,126,10,116,70,16,1,58,10,9,0,26,3,36,27,16,4,0,71,1,54,17,32,8,0,29,6,26,14,22,4,1,127,4,110,52,36,1,16,32,57,54,3,24,24,18,20,0,11,10
336006,2008,2008-05-05,M Chinnaswamy Stadium,Bengaluru,Kings XI Punjab,Punjab Kings,Royal Challengers Bangalore,Royal Challengers Bengaluru,2,false,Punjab Kings,field,Punjab Kings,true,127,4,110,66,12,3,51,17,7,0,52,1,36,16,32,5,2,57,3,54,24,24,6,0,18,0,20,11,10,1,1,126,10,116,26,36,3,27,16,71,54,1,17,32,29,26,6,14,22
336007,2008,2008-05-06,MA Chidambaram Stadium,Chennai,Chennai Super Kings,Chennai Super Kings,Deccan Chargers,Deccan Chargers,1,true,Deccan Chargers,field,Deccan Chargers,false,144,7,120,78,12,5,53,10,4,0,34,3,36,22,16,4,0,52,3,54,26,24,6,0,58,1,30,5,38,2,5,148,3,108,50,36,1,19,38,65,54,1,24,38,33,18,1,7,26
336007,2008,2008-05-06,MA Chidambaram Stadium,Chennai,Deccan Chargers,Deccan Chargers,Chennai Super Kings,Chennai Super Kings,2,false,Deccan Chargers,field,Deccan Chargers,true,148,3,108,102,15,7,50,5,2,2,50,1,36,19,38,5,3,65,1,54,24,38,8,1,33,1,18,7,26,2,3,144,7,120,34,36,3,22,16,52,54,3,26,24,58,30,1,5,38
336008,2008,2008-05-07,Dr DY Patil Sports Academy,Mumbai,Rajasthan Royals,Rajasthan Royals,Mumbai Indians,Mumbai Indians,1,true,Mumbai Indians,field,Mumbai Indians,false,103,10,98,48,9,2,43,7,5,0,48,2,36,16,32,5,2,54,5,54,20,16,4,0,1,3,8,7,0,0,0,104,3,91,34,36,0,22,12,68,54,3,21,34,2,1,0,1,0
336008,2008,2008-05-07,Dr DY Patil Sports Academy,Mumbai,Mumbai Indians,Mumbai Indians,Rajasthan Royals,Rajasthan Royals,2,false,Mumbai Indians,field,Mumbai Indians,true,104,3,91,46,7,3,44,12,10,0,34,0,36,22,12,0,2,68,3,54,21,34,7,1,2,0,1,1,0,0,0,103,10,98,48,36,2,16,32,54,54,5,20,16,1,8,3,7,0
336009,2008,2008-05-08,Feroz Shah Kotla,Delhi,Delhi Daredevils,Delhi Capitals,Chennai Super Kings,Chennai Super Kings,1,true,Chennai Super Kings,field,Chennai Super Kings,false,187,5,120,106,22,3,26,12,4,2,50,2,36,11,28,7,0,83,0,54,11,44,8,2,54,3,30,4,34,7,1,188,6,120,62,36,0,12,42,80,54,4,18,50,46,30,2,3,18
336009,2008,2008-05-08,Feroz Shah Kotla,Delhi,Chennai Super Kings,Chennai Super Kings,Delhi Daredevils,Delhi Capitals,2,false,Chennai Super Kings,field,Chennai Super Kings,true,188,6,120,110,20,5,33,11,6,0,62,0,36,12,42,9,1,80,4,54,18,50,8,3,46,2,30,3,18,3,1,187,5,120,50,36,2,11,28,83,54,0,11,44,54,30,3,4,34
336010,2008,2008-05-08,Eden Gardens,Kolkata,Kolkata Knight Riders,Kolkata Knight Riders,Royal Challengers Bangalore,Royal Challengers Bengaluru,1,true,Kolkata Knight Riders,bat,Kolkata Knight Riders,true,129,7,96,78,12,5,40,5,2,0,41,2,36,19,22,4,1,74,4,54,19,44,8,2,14,1,6,2,12,0,2,124,4,96,35,36,2,21,24,76,54,2,14,40,13,6,0,1,8
336010,2008,2008-05-08,Eden Gardens,Kolkata,Royal Challengers Bangalore,Royal Challengers Bengaluru,Kolkata Knight Riders,Kolkata Knight Riders,2,false,Kolkata Knight Riders,bat,Kolkata Knight Riders,false,124,4,96,72,15,2,36,6,2,1,35,2,36,21,24,6,0,76,2,54,14,40,7,2,13,0,6,1,8,2,0,129,7,96,41,36,2,19,22,74,54,4,19,44,14,6,1,2,12
336011,2008,2008-05-09,Sawai Mansingh Stadium,Jaipur,Deccan Chargers,Deccan Chargers,Rajasthan Royals,Rajasthan Royals,1,true,Rajasthan Royals,field,Rajasthan Royals,false,140,8,120,78,15,3,47,6,1,1,50,0,36,17,38,8,1,53,4,54,19,18,3,1,37,4,30,11,22,4,1,141,2,96,50,36,0,14,32,79,54,1,17,36,12,6,1,2,8
336011,2008,2008-05-09,Sawai Mansingh Stadium,Jaipur,Rajasthan Royals,Rajasthan Royals,Deccan Chargers,Deccan Chargers,2,false,Rajasthan Royals,field,Rajasthan Royals,true,141,2,96,76,16,2,33,11,10,0,50,0,36,14,32,5,2,79,1,54,17,36,9,0,12,1,6,2,8,2,0,140,8,120,50,36,0,17,38,53,54,4,19,18,37,30,4,11,22
336013,2008,2008-05-10,MA Chidambaram Stadium,Chennai,Chennai Super Kings,Chennai Super Kings,Kings XI Punjab,Punjab Kings,1,true,Punjab Kings,field,Chennai Super Kings,true,181,4,120,98,14,7,40,15,10,1,53,2,36,17,30,6,1,91,1,54,17,58,7,5,37,1,30,6,10,1,1,163,9,120,35,36,2,18,18,80,54,4,15,42,48,30,3,13,32
336013,2008,2008-05-10,MA Chidambaram Stadium,Chennai,Kings XI Punjab,Punjab Kings,Chennai Super Kings,Chennai Super Kings,2,false,Punjab Kings,field,Chennai Super Kings,false,163,9,120,92,8,10,46,3,2,0,35,2,36,18,18,3,1,80,4,54,15,42,3,5,48,3,30,13,32,2,4,181,4,120,53,36,2,17,30,91,54,1,17,58,37,30,1,6,10
336014,2008,2008-05-11,"Rajiv Gandhi International Stadium, Uppal",Hyderabad,Kolkata Knight Riders,Kolkata Knight Riders,Deccan Chargers,Deccan Chargers,1,true,Kolkata Knight Riders,bat,Kolkata Knight Riders,true,204,4,120,142,22,9,42,5,3,1,43,1,36,18,32,8,0,75,1,54,20,44,8,2,86,2,30,4,66,6,7,181,7,120,55,36,3,17,40,70,54,3,22,38,56,30,1,9,34
336014,2008,2008-05-11,"Rajiv Gandhi International Stadium, Uppal",Hyderabad,Deccan Chargers,Deccan Chargers,Kolkata Knight Riders,Kolkata Knight Riders,2,false,Kolkata Knight Riders,bat,Kolkata Knight Riders,false,181,7,120,112,16,8,48,16,4,4,55,3,36,17,40,10,0,70,3,54,22,38,2,5,56,1,30,9,34,4,3,204,4,120,43,36,1,18,32,75,54,1,20,44,86,30,2,4,66
336015,2008,2008-05-11,Sawai Mansingh Stadium,Jaipur,Delhi Daredevils,Delhi Capitals,Rajasthan Royals,Rajasthan Royals,1,true,Rajasthan Royals,field,Rajasthan Royals,false,156,7,120,70,10,5,41,11,4,0,47,1,36,12,24,6,0,49,4,54,21,4,1,0,60,2,30,8,42,3,5,159,7,114,21,36,2,24,4,99,53,2,13,56,39,25,3,10,28
336015,2008,2008-05-11,Sawai Mansingh Stadium,Jaipur,Rajasthan Royals,Rajasthan Royals,Delhi Daredevils,Delhi Capitals,2,false,Rajasthan Royals,field,Rajasthan Royals,true,159,7,114,88,13,6,47,17,5,3,21,2,36,24,4,1,0,99,2,53,13,56,8,4,39,3,25,10,28,4,2,156,7,120,47,36,1,12,24,49,54,4,21,4,60,30,2,8,42
336016,2008,2008-05-12,"Punjab Cricket Association IS Bindra Stadium, Mohali",Chandigarh,Royal Challengers Bangalore,Royal Challengers Bengaluru,Kings XI Punjab,Punjab Kings,1,true,Royal Challengers Bengaluru,bat,Punjab Kings,false,143,8,120,64,13,2,42,15,8,0,50,3,36,18,34,7,1,52,2,54,15,12,3,0,41,3,30,9,18,3,1,144,1,94,42,36,0,16,22,99,54,1,15,68,3,4,0,1,0
336016,2008,2008-05-12,"Punjab Cricket Association IS Bindra Stadium, Mohali",Chandigarh,Kings XI Punjab,Punjab Kings,Royal Challengers Bangalore,Royal Challengers Bengaluru,2,false,Royal Challengers Bengaluru,bat,Punjab Kings,true,144,1,94,90,12,7,32,9,4,0,42,0,36,16,22,1,3,99,1,54,15,68,11,4,3,0,4,1,0,0,0,143,8,120,50,36,3,18,34,52,54,2,15,12,41,30,3,9,18
336017,2008,2008-05-13,Eden Gardens,Kolkata,Kolkata Knight Riders,Kolkata Knight Riders,Delhi Daredevils,Delhi Capitals,1,true,Kolkata Knight Riders,bat,Kolkata Knight Riders,true,133,6,120,58,10,3,43,11,7,1,35,1,36,19,20,5,0,60,2,54,17,22,4,1,38,3,30,7,16,1,2,110,10,107,37,36,4,19,24,60,54,2,18,28,13,17,4,9,0
336017,2008,2008-05-13,Eden Gardens,Kolkata,Delhi Daredevils,Delhi Capitals,Kolkata Knight Riders,Kolkata Knight Riders,2,false,Kolkata Knight Riders,bat,Kolkata Knight Riders,false,110,10,107,52,13,0,46,8,7,0,37,4,36,19,24,6,0,60,2,54,18,28,7,0,13,4,17,9,0,0,0,133,6,120,35,36,1,19,20,60,54,2,17,22,38,30,3,7,16
336018,2008,2008-05-14,Wankhede Stadium,Mumbai,Chennai Super Kings,Chennai Super Kings,Mumbai Indians,Mumbai Indians,1,true,Mumbai Indians,field,Mumbai Indians,false,156,6,120,102,21,3,56,12,9,0,28,2,36,22,16,4,0,61,2,54,29,40,10,0,67,2,30,5,46,7,3,158,1,83,78,36,0,17,64,80,47,1,20,56,0,0,0,0,0
336018,2008,2008-05-14,Wankhede Stadium,Mumbai,Mumbai Indians,Mumbai Indians,Chennai Super Kings,Chennai Super Kings,2,false,Mumbai Indians,field,Mumbai Indians,true,158,1,83,120,12,12,37,16,12,0,78,0,36,17,64,4,8,80,1,47,20,56,8,4,0,0,0,0,0,0,0,156,6,120,28,36,2,22,16,61,54,2,29,40,67,30,2,5,46
336020,2008,2008-05-15,Feroz Shah Kotla,Delhi,Delhi Daredevils,Delhi Capitals,Deccan Chargers,Deccan Chargers,1,true,Deccan Chargers,field,Delhi Capitals,true,194,4,120,108,18,6,31,8,5,0,48,1,36,15,28,4,2,90,0,54,9,46,10,1,56,3,30,7,34,4,3,182,9,120,71,36,1,12,52,57,54,3,21,24,54,30,5,6,38
336020,2008,2008-05-15,Feroz Shah Kotla,Delhi,Deccan Chargers,Deccan Chargers,Delhi Daredevils,Delhi Capitals,2,false,Deccan Chargers,field,Delhi Capitals,false,182,9,120,114,15,9,39,3,2,0,71,1,36,12,52,7,4,57,3,54,21,24,3,2,54,5,30,6,38,5,3,194,4,120,48,36,1,15,28,90,54,0,9,46,56,30,3,7,34
336021,2008,2008-05-16,Wankhede Stadium,Mumbai,Kolkata Knight Riders,Kolkata Knight Riders,Mumbai Indians,Mumbai Indians,1,true,Mumbai Indians,field,Mumbai Indians,false,67,10,92,34,7,1,59,8,6,0,27,3,36,26,14,2,1,40,6,54,31,20,5,0,0,1,2,2,0,0,0,68,2,33,68,33,2,14,50,0,0,0,0,0,0,0,0,0,0
336021,2008,2008-05-16,Wankhede Stadium,Mumbai,Mumbai Indians,Mumbai Indians,Kolkata Knight Riders,Kolkata Knight Riders,2,false,Mumbai Indians,field,Mumbai Indians,true,68,2,33,50,8,3,14,10,4,1,68,2,33,14,50,8,3,0,0,0,0,0,0,0,0,0,0,0,0,0,0,67,10,92,27,36,3,26,14,40,54,6,31,20,0,2,1,2,0
336022,2008,2008-05-17,Feroz Shah Kotla,Delhi,Delhi Daredevils,Delhi Capitals,Kings XI Punjab,Punjab Kings,1,true,Delhi Capitals,bat,Punjab Kings,false,118,4,66,76,10,6,24,10,7,1,68,0,36,15,46,7,3,50,4,30,9,30,3,3,0,0,0,0,0,0,0,94,3,48,73,36,3,9,52,21,12,0,2,12,0,0,0,0,0
336022,2008,2008-05-17,Feroz Shah Kotla,Delhi,Kings XI Punjab,Punjab Kings,Delhi Daredevils,Delhi Capitals,2,false,Delhi Capitals,bat,Punjab Kings,true,94,3,48,64,4,8,11,4,2,0,73,3,36,9,52,4,6,21,0,12,2,12,0,2,0,0,0,0,0,0,0,118,4,66,68,36,0,15,46,50,30,4,9,30,0,0,0,0,0
336023,2008,2008-05-17,Sawai Mansingh Stadium,Jaipur,Rajasthan Royals,Rajasthan Royals,Royal Challengers Bangalore,Royal Challengers Bengaluru,1,true,Royal Challengers Bengaluru,field,Rajasthan Royals,true,197,1,120,102,21,3,34,26,18,1,51,0,36,16,30,6,1,92,1,54,16,48,9,2,54,0,30,2,24,6,0,132,9,120,23,36,3,25,12,60,54,4,20,24,49,30,2,14,40
336023,2008,2008-05-17,Sawai Mansingh Stadium,Jaipur,Royal Challengers Bangalore,Royal Challengers Bengaluru,Rajasthan Royals,Rajasthan Royals,2,false,Royal Challengers Bengaluru,field,Rajasthan Royals,false,132,9,120,76,10,6,59,6,6,0,23,3,36,25,12,3,0,60,4,54,20,24,3,2,49,2,30,14,40,4,4,197,1,120,51,36,0,16,30,92,54,1,16,48,54,30,0,2,24
336024,2008,2008-05-18,"Rajiv Gandhi International Stadium, Uppal",Hyderabad,Mumbai Indians,Mumbai Indians,Deccan Chargers,Deccan Chargers,1,true,Deccan Chargers,field,Mumbai Indians,true,178,7,120,104,17,6,43,20,7,2,57,1,36,17,48,9,2,57,3,54,19,18,3,1,64,3,30,7,38,5,3,153,7,120,32,36,3,22,20,74,54,1,17,42,47,30,3,8,26
336024,2008,2008-05-18,"Rajiv Gandhi International Stadium, Uppal",Hyderabad,Deccan Chargers,Deccan Chargers,Mumbai Indians,Mumbai Indians,2,false,Deccan Chargers,field,Mumbai Indians,false,153,7,120,88,13,6,47,8,3,1,32,3,36,22,20,5,0,74,1,54,17,42,6,3,47,3,30,8,26,2,3,178,7,120,57,36,1,17,48,57,54,3,19,18,64,30,3,7,38
336025,2008,2008-05-18,Eden Gardens,Kolkata,Kolkata Knight Riders,Kolkata Knight Riders,Chennai Super Kings,Chennai Super Kings,1,true,Kolkata Knight Riders,bat,Chennai Super Kings,false,149,5,120,78,15,3,45,13,3,1,35,2,36,19,20,5,0,66,0,54,18,30,3,3,48,3,30,8,28,7,0,55,0,48,43,36,0,17,28,12,12,0,4,4,0,0,0,0,0
336025,2008,2008-05-18,Eden Gardens,Kolkata,Chennai Super Kings,Chennai Super Kings,Kolkata Knight Riders,Kolkata Knight Riders,2,false,Kolkata Knight Riders,bat,Chennai Super Kings,true,55,0,48,32,8,0,21,4,3,0,43,0,36,17,28,7,0,12,0,12,4,4,1,0,0,0,0,0,0,0,0,149,5,120,35,36,2,19,20,66,54,0,18,30,48,30,3,8,28
336026,2008,2008-05-19,M Chinnaswamy Stadium,Bengaluru,Royal Challengers Bangalore,Royal Challengers Bengaluru,Delhi Daredevils,Delhi Capitals,1,true,Delhi Capitals,field,Delhi Capitals,false,154,7,120,92,14,6,53,9,9,0,41,1,36,22,22,4,1,61,2,54,22,34,7,1,52,4,30,9,36,3,4,158,5,110,71,36,0,10,48,56,54,4,19,22,31,20,1,8,24
336026,2008,2008-05-19,M Chinnaswamy Stadium,Bengaluru,Delhi Daredevils,Delhi Capitals,Royal Challengers Bangalore,Royal Challengers Bengaluru,2,false,Delhi Capitals,field,Delhi Capitals,true,158,5,110,94,19,3,37,12,5,0,71,0,36,10,48,12,0,56,4,54,19,22,4,1,31,1,20,8,24,3,2,154,7,120,41,36,1,22,22,61,54,2,22,34,52,30,4,9,36
336027,2008,2008-05-20,Eden Gardens,Kolkata,Kolkata Knight Riders,Kolkata Knight Riders,Rajasthan Royals,Rajasthan Royals,1,true,Rajasthan Royals,field,Rajasthan Royals,false,147,8,120,88,13,6,51,5,3,0,32,1,36,22,20,5,0,70,3,54,22,44,5,4,45,4,30,7,24,3,2,150,4,99,42,36,3,18,30,86,54,1,18,54,22,9,0,2,14
336027,2008,2008-05-20,Eden Gardens,Kolkata,Rajasthan Royals,Rajasthan Royals,Kolkata Knight Riders,Kolkata Knight Riders,2,false,Rajasthan Royals,field,Rajasthan Royals,true,150,4,99,98,17,5,38,7,3,0,42,3,36,18,30,6,1,86,1,54,18,54,9,3,22,0,9,2,14,2,1,147,8,120,32,36,1,22,20,70,54,3,22,44,45,30,4,7,24
336028,2008,2008-05-21,Wankhede Stadium,Mumbai,Kings XI Punjab,Punjab Kings,Mumbai Indians,Mumbai Indians,1,true,Mumbai Indians,field,Punjab Kings,true,189,4,120,120,18,8,42,12,9,0,43,1,36,18,28,4,2,91,1,54,14,56,8,4,55,2,30,10,36,6,2,188,10,120,68,36,1,16,46,76,54,2,15,40,44,30,7,10,18
336028,2008,2008-05-21,Wankhede Stadium,Mumbai,Mumbai Indians,Mumbai Indians,Kings XI Punjab,Punjab Kings,2,false,Mumbai Indians,field,Punjab Kings,false,188,10,120,104,17,6,41,23,9,1,68,1,36,16,46,7,3,76,2,54,15,40,7,2,44,7,30,10,18,3,1,189,4,120,43,36,1,18,28,91,54,1,14,56,55,30,2,10,36
336029,2008,2008-05-21,MA Chidambaram Stadium,Chennai,Royal Challengers Bangalore,Royal Challengers Bengaluru,Chennai Super Kings,Chennai Super Kings,1,true,Royal Challengers Bengaluru,bat,Royal Challengers Bengaluru,true,126,8,120,62,14,1,51,4,1,0,23,2,36,23,12,3,0,53,3,54,20,20,5,0,50,3,30,8,30,6,1,112,8,120,44,36,0,24,26,48,54,4,22,14,20,30,4,21,12
336029,2008,2008-05-21,MA Chidambaram Stadium,Chennai,Chennai Super Kings,Chennai Super Kings,Royal Challengers Bangalore,Royal Challengers Bengaluru,2,false,Royal Challengers Bengaluru,bat,Royal Challengers Bengaluru,false,112,8,120,52,10,2,67,12,8,2,44,0,36,24,26,5,1,48,4,54,22,14,2,1,20,4,30,21,12,3,0,126,8,120,23,36,2,23,12,53,54,3,20,20,50,30,3,8,30
336031,2008,2008-05-23,"Punjab Cricket Association IS Bindra Stadium, Mohali",Chandigarh,Deccan Chargers,Deccan Chargers,Kings XI Punjab,Punjab Kings,1,true,Punjab Kings,field,Punjab Kings,false,175,4,120,110,14,9,44,5,1,0,42,0,36,16,28,7,0,69,2,54,22,38,2,5,64,2,30,6,44,5,4,178,4,117,74,36,0,11,56,61,54,2,15,22,43,27,2,6,22
336031,2008,2008-05-23,"Punjab Cricket Association IS Bindra Stadium, Mohali",Chandigarh,Kings XI Punjab,Punjab Kings,Deccan Chargers,Deccan Chargers,2,false,Punjab Kings,field,Punjab Kings,true,178,4,117,100,13,8,32,8,5,0,74,0,36,11,56,8,4,61,2,54,15,22,4,1,43,2,27,6,22,1,3,175,4,120,42,36,0,16,28,69,54,2,22,38,64,30,2,6,44
336032,2008,2008-05-24,Feroz Shah Kotla,Delhi,Mumbai Indians,Mumbai Indians,Delhi Daredevils,Delhi Capitals,1,true,Delhi Capitals,field,Delhi Capitals,false,176,8,120,114,18,7,45,9,7,1,60,0,36,16,50,8,3,63,4,54,24,32,5,2,53,4,30,5,32,5,2,179,5,119,56,36,2,16,46,74,54,3,14,34,49,29,0,9,36
336032,2008,2008-05-24,Feroz Shah Kotla,Delhi,Delhi Daredevils,Delhi Capitals,Mumbai Indians,Mumbai Indians,2,false,Delhi Capitals,field,Delhi Capitals,true,179,5,119,116,20,6,39,3,1,0,56,2,36,16,46,7,3,74,3,54,14,34,7,1,49,0,29,9,36,6,2,176,8,120,60,36,0,16,50,63,54,4,24,32,53,30,4,5,32
336033,2008,2008-05-24,MA Chidambaram Stadium,Chennai,Rajasthan Royals,Rajasthan Royals,Chennai Super Kings,Chennai Super Kings,1,true,Rajasthan Royals,bat,Rajasthan Royals,true,211,5,120,134,20,9,30,7,1,1,67,0,36,12,48,9,2,100,2,54,10,64,7,6,44,3,30,8,22,4,1,201,7,120,65,36,1,16,56,92,54,2,11,52,44,30,4,8,22
336033,2008,2008-05-24,MA Chidambaram Stadium,Chennai,Chennai Super Kings,Chennai Super Kings,Rajasthan Royals,Rajasthan Royals,2,false,Rajasthan Royals,bat,Rajasthan Royals,false,201,7,120,130,19,9,35,9,3,3,65,1,36,16,56,8,4,92,2,54,11,52,7,4,44,4,30,8,22,4,1,211,5,120,67,36,0,12,48,100,54,2,10,64,44,30,3,8,22
336002,2008,2008-05-25,"Rajiv Gandhi International Stadium, Uppal",Hyderabad,Deccan Chargers,Deccan Chargers,Royal Challengers Bangalore,Royal Challengers Bengaluru,1,true,Deccan Chargers,bat,Royal Challengers Bengaluru,false,165,10,120,102,15,7,51,13,8,2,41,0,36,15,16,4,0,82,4,54,22,56,8,4,42,6,30,14,30,3,3,171,5,114,43,36,1,18,32,63,54,2,17,30,65,24,2,3,56
336002,2008,2008-05-25,"Rajiv Gandhi International Stadium, Uppal",Hyderabad,Royal Challengers Bangalore,Royal Challengers Bengaluru,Deccan Chargers,Deccan Chargers,2,false,Deccan Chargers,bat,Royal Challengers Bengaluru,true,171,5,114,118,19,7,38,3,0,0,43,1,36,18,32,8,0,63,2,54,17,30,3,3,65,2,24,3,56,8,4,165,10,120,41,36,0,15,16,82,54,4,22,56,42,30,6,14,30
336035,2008,2008-05-25,Eden Gardens,Kolkata,Kings XI Punjab,Punjab Kings,Kolkata Knight Riders,Kolkata Knight Riders,1,true,Punjab Kings,bat,Kolkata Knight Riders,false,174,6,120,98,17,5,42,11,10,0,47,1,36,16,24,6,0,86,2,54,15,54,6,5,41,3,30,11,20,5,0,175,7,118,51,36,2,19,42,53,54,3,25,26,71,28,2,6,54
336035,2008,2008-05-25,Eden Gardens,Kolkata,Kolkata Knight Riders,Kolkata Knight Riders,Kings XI Punjab,Punjab Kings,2,false,Punjab Kings,bat,Kolkata Knight Riders,true,175,7,118,122,17,9,50,9,4,0,51,2,36,19,42,9,1,53,3,54,25,26,5,1,71,2,28,6,54,3,7,174,6,120,47,36,1,16,24,86,54,2,15,54,41,30,3,11,20
336036,2008,2008-05-26,Sawai Mansingh Stadium,Jaipur,Mumbai Indians,Mumbai Indians,Rajasthan Royals,Rajasthan Royals,1,true,Rajasthan Royals,field,Rajasthan Royals,false,145,7,120,62,14,1,46,13,6,1,29,0,36,22,8,2,0,68,2,54,13,24,6,0,48,5,30,11,30,6,1,146,5,120,36,36,2,19,20,54,54,3,19,16,56,30,0,4,20
336036,2008,2008-05-26,Sawai Mansingh Stadium,Jaipur,Rajasthan Royals,Rajasthan Royals,Mumbai Indians,Mumbai Indians,2,false,Rajasthan Royals,field,Rajasthan Royals,true,146,5,120,56,11,2,42,16,5,1,36,2,36,19,20,5,0,54,3,54,19,16,4,0,56,0,30,4,20,2,2,145,7,120,29,36,0,22,8,68,54,2,13,24,48,30,5,11,30
336037,2008,2008-05-27,"Rajiv Gandhi International Stadium, Uppal",Hyderabad,Deccan Chargers,Deccan Chargers,Chennai Super Kings,Chennai Super Kings,1,true,Deccan Chargers,bat,Chennai Super Kings,false,147,8,120,70,13,3,43,16,7,0,26,2,36,21,12,3,0,67,1,54,16,26,5,1,54,5,30,6,32,5,2,148,3,116,44,36,1,20,32,70,54,1,19,36,34,26,1,7,14
336037,2008,2008-05-27,"Rajiv Gandhi International Stadium, Uppal",Hyderabad,Chennai Super Kings,Chennai Super Kings,Deccan Chargers,Deccan Chargers,2,false,Deccan Chargers,bat,Chennai Super Kings,true,148,3,116,82,16,3,46,11,8,0,44,1,36,20,32,8,0,70,1,54,19,36,6,2,34,1,26,7,14,2,1,147,8,120,26,36,2,21,12,67,54,1,16,26,54,30,5,6,32
336012,2008,2008-05-28,M Chinnaswamy Stadium,Bengaluru,Royal Challengers Bangalore,Royal Challengers Bengaluru,Mumbai Indians,Mumbai Indians,1,true,Mumbai Indians,field,Mumbai Indians,false,122,9,108,56,11,2,49,11,10,1,36,2,36,16,16,4,0,56,5,54,25,26,5,1,30,2,18,8,14,2,1,126,1,96,39,36,0,18,14,78,54,1,22,54,9,6,0,3,8
336012,2008,2008-05-28,M Chinnaswamy Stadium,Bengaluru,Mumbai Indians,Mumbai Indians,Royal Challengers Bangalore,Royal Challengers Bengaluru,2,false,Mumbai Indians,field,Mumbai Indians,true,126,1,96,76,10,6,43,13,11,0,39,0,36,18,14,2,1,78,1,54,22,54,6,5,9,0,6,3,8,2,0,122,9,108,36,36,2,16,16,56,54,5,25,26,30,18,2,8,14
336019,2008,2008-05-28,"Punjab Cricket Association IS Bindra Stadium, Mohali",Chandigarh,Kings XI Punjab,Punjab Kings,Rajasthan Royals,Rajasthan Royals,1,true,Rajasthan Royals,field,Punjab Kings,true,221,3,120,164,20,14,41,5,3,1,51,0,36,18,42,9,1,93,1,54,14,62,8,5,77,2,30,9,60,3,8,180,7,120,38,36,2,20,28,102,54,3,12,68,40,30,2,11,24
336019,2008,2008-05-28,"Punjab Cricket Association IS Bindra Stadium, Mohali",Chandigarh,Rajasthan Royals,Rajasthan Royals,Kings XI Punjab,Punjab Kings,2,false,Rajasthan Royals,field,Punjab Kings,false,180,7,120,120,18,8,43,4,1,0,38,2,36,20,28,7,0,102,3,54,12,68,5,8,40,2,30,11,24,6,0,221,3,120,51,36,0,18,42,93,54,1,14,62,77,30,2,9,60
336038,2008,2008-05-30,Wankhede Stadium,Mumbai,Rajasthan Royals,Rajasthan Royals,Delhi Daredevils,Delhi Capitals,1,true,Delhi Capitals,field,Rajasthan Royals,true,192,9,120,136,19,10,46,4,3,0,58,0,36,17,46,10,1,84,4,54,18,52,7,4,50,5,30,11,38,2,5,87,10,97,28,36,3,18,8,54,54,5,26,30,5,7,2,5,4
336038,2008,2008-05-30,Wankhede Stadium,Mumbai,Delhi Daredevils,Delhi Capitals,Rajasthan Royals,Rajasthan Royals,2,false,Delhi Capitals,field,Rajasthan Royals,false,87,10,97,42,9,1,49,7,4,0,28,3,36,18,8,2,0,54,5,54,26,30,6,1,5,2,7,5,4,1,0,192,9,120,58,36,0,17,46,84,54,4,18,52,50,30,5,11,38
336039,2008,2008-05-31,Wankhede Stadium,Mumbai,Kings XI Punjab,Punjab Kings,Chennai Super Kings,Chennai Super Kings,1,true,Punjab Kings,bat,Chennai Super Kings,false,112,8,120,56,11,2,62,4,2,0,35,4,36,20,18,3,1,33,3,54,34,12,3,0,44,1,30,8,26,5,1,116,1,89,35,36,1,21,24,81,53,0,16,52,0,0,0,0,0
336039,2008,2008-05-31,Wankhede Stadium,Mumbai,Chennai Super Kings,Chennai Super Kings,Kings XI Punjab,Punjab Kings,2,false,Punjab Kings,bat,Chennai Super Kings,true,116,1,89,76,13,4,37,4,4,0,35,1,36,21,24,6,0,81,0,53,16,52,7,4,0,0,0,0,0,0,0,112,8,120,35,36,4,20,18,33,54,3,34,12,44,30,1,8,26
336040,2008,2008-06-01,Dr DY Patil Sports Academy,Mumbai,Chennai Super Kings,Chennai Super Kings,Rajasthan Royals,Rajasthan Royals,1,true,Rajasthan Royals,field,Rajasthan Royals,false,163,5,120,78,9,7,37,7,3,1,42,1,36,15,22,4,1,75,2,54,16,38,2,5,46,2,30,6,18,3,1,164,7,120,41,36,1,16,20,71,54,3,20,32,52,30,3,7,26
336040,2008,2008-06-01,Dr DY Patil Sports Academy,Mumbai,Rajasthan Royals,Rajasthan Royals,Chennai Super Kings,Chennai Super Kings,2,false,Rajasthan Royals,field,Rajasthan Royals,true,164,7,120,78,12,5,43,14,5,2,41,1,36,16,20,5,0,71,3,54,20,32,5,2,52,3,30,7,26,2,3,163,5,120,42,36,1,15,22,75,54,2,16,38,46,30,2,6,18
392181,2009,2009-04-18,Newlands,Cape Town,Mumbai Indians,Mumbai Indians,Chennai Super Kings,Chennai Super Kings,1,true,Chennai Super Kings,field,Mumbai Indians,true,165,7,120,94,19,3,35,3,1,0,40,1,36,15,24,6,0,65,3,54,14,28,7,0,60,3,30,6,42,6,3,146,7,120,40,36,2,21,22,68,54,3,16,38,38,30,2,9,16
392181,2009,2009-04-18,Newlands,Cape Town,Chennai Super Kings,Chennai Super Kings,Mumbai Indians,Mumbai Indians,2,false,Chennai Super Kings,field,Mumbai Indians,false,146,7,120,76,10,6,46,9,3,0,40,2,36,21,22,4,1,68,3,54,16,38,5,3,38,2,30,9,16,1,2,165,7,120,40,36,1,15,24,65,54,3,14,28,60,30,3,6,42
392182,2009,2009-04-18,Newlands,Cape Town,Royal Challengers Bangalore,Royal Challengers Bengaluru,Rajasthan Royals,Rajasthan Royals,1,true,Royal Challengers Bengaluru,bat,Royal Challengers Bengaluru,true,133,8,120,72,15,2,55,4,2,0,29,3,36,20,12,3,0,58,2,54,22,28,7,0,46,3,30,13,32,5,2,58,10,91,14,36,2,29,0,44,54,7,29,16,0,1,1,1,0
392182,2009,2009-04-18,Newlands,Cape Town,Rajasthan Royals,Rajasthan Royals,Royal Challengers Bangalore,Royal Challengers Bengaluru,2,false,Royal Challengers Bengaluru,bat,Royal Challengers Bengaluru,false,58,10,91,16,1,2,59,9,7,1,14,2,36,29,0,0,0,44,7,54,29,16,1,2,0,1,1,1,0,0,0,133,8,120,29,36,3,20,12,58,54,2,22,28,46,30,3,13,32
392183,2009,2009-04-19,Newlands,Cape Town,Kings XI Punjab,Punjab Kings,Delhi Daredevils,Delhi Capitals,1,true,Delhi Capitals,field,Delhi Capitals,false,104,7,72,62,5,7,28,8,4,0,67,1,36,9,42,3,5,37,6,36,19,20,2,2,0,0,0,0,0,0,0,58,0,29,58,29,0,9,42,0,0,0,0,0,0,0,0,0,0
392183,2009,2009-04-19,Newlands,Cape Town,Delhi Daredevils,Delhi Capitals,Kings XI Punjab,Punjab Kings,2,false,Delhi Capitals,field,Delhi Capitals,true,58,0,29,42,6,3,9,5,3,0,58,0,29,9,42,6,3,0,0,0,0,0,0,0,0,0,0,0,0,0,0,104,7,72,67,36,1,9,42,37,36,6,19,20,0,0,0,0,0
392184,2009,2009-04-19,Newlands,Cape Town,Kolkata Knight Riders,Kolkata Knight Riders,Deccan Chargers,Deccan Chargers,1,true,Kolkata Knight Riders,bat,Deccan Chargers,false,101,10,118,52,7,4,66,5,1,0,21,3,36,28,14,2,1,43,2,54,28,18,3,1,37,5,28,10,20,2,2,104,2,79,37,36,2,22,26,67,43,0,14,42,0,0,0,0,0
392184,2009,2009-04-19,Newlands,Cape Town,Deccan Chargers,Deccan Chargers,Kolkata Knight Riders,Kolkata Knight Riders,2,false,Kolkata Knight Riders,bat,Deccan Chargers,true,104,2,79,68,11,4,36,2,1,0,37,2,36,22,26,5,1,67,0,43,14,42,6,3,0,0,0,0,0,0,0,101,10,118,21,36,3,28,14,43,54,2,28,18,37,28,5,10,20
392185,2009,2009-04-20,St George's Park,Port Elizabeth,Chennai Super Kings,Chennai Super Kings,Royal Challengers Bangalore,Royal Challengers Bengaluru,1,true,Chennai Super Kings,bat,Chennai Super Kings,true,179,5,120,96,15,6,34,13,8,0,68,0,36,10,46,7,3,67,2,54,15,22,4,1,44,3,30,9,28,4,2,87,10,92,46,36,2,17,28,39,54,7,30,14,2,2,1,1,0
392185,2009,2009-04-20,St George's Park,Port Elizabeth,Royal Challengers Bangalore,Royal Challengers Bengaluru,Chennai Super Kings,Chennai Super Kings,2,false,Chennai Super Kings,bat,Chennai Super Kings,false,87,10,92,42,9,1,48,5,4,0,46,2,36,17,28,7,0,39,7,54,30,14,2,1,2,1,2,1,0,0,0,179,5,120,68,36,0,10,46,67,54,2,15,22,44,30,3,9,28
392186,2009,2009-04-21,Kingsmead,Durban,Kings XI Punjab,Punjab Kings,Kolkata Knight Riders,Kolkata Knight Riders,1,true,Kolkata Knight Riders,field,Kolkata Knight Riders,false,158,6,120,84,15,4,46,12,11,0,46,1,36,17,34,7,1,71,3,54,19,28,4,2,41,2,30,10,22,4,1,79,1,56,60,36,1,16,42,19,20,0,10,6,0,0,0,0,0
392186,2009,2009-04-21,Kingsmead,Durban,Kolkata Knight Riders,Kolkata Knight Riders,Kings XI Punjab,Punjab Kings,2,false,Kolkata Knight Riders,field,Kolkata Knight Riders,true,79,1,56,48,3,6,26,4,4,0,60,1,36,16,42,3,5,19,0,20,10,6,0,1,0,0,0,0,0,0,0,158,6,120,46,36,1,17,34,71,54,3,19,28,41,30,2,10,22
392188,2009,2009-04-22,Newlands,Cape Town,Deccan Chargers,Deccan Chargers,Royal Challengers Bangalore,Royal Challengers Bengaluru,1,true,Deccan Chargers,bat,Deccan Chargers,true,184,6,120,108,9,12,39,9,1,0,62,1,36,13,46,7,3,77,2,54,16,40,1,6,45,3,30,10,22,1,3,160,8,120,31,36,2,19,16,78,54,2,20,44,51,30,4,9,32
392188,2009,2009-04-22,Newlands,Cape Town,Royal Challengers Bangalore,Royal Challengers Bengaluru,Deccan Chargers,Deccan Chargers,2,false,Deccan Chargers,bat,Deccan Chargers,false,160,8,120,92,17,4,48,7,6,0,31,2,36,19,16,4,0,78,2,54,20,44,8,2,51,4,30,9,32,5,2,184,6,120,62,36,1,13,46,77,54,2,16,40,45,30,3,10,22
392189,2009,2009-04-23,Kingsmead,Durban,Delhi Daredevils,Delhi Capitals,Chennai Super Kings,Chennai Super Kings,1,true,Delhi Capitals,bat,Delhi Capitals,true,189,5,120,112,16,8,35,1,1,0,59,2,36,14,46,7,3,64,2,54,16,22,4,1,66,1,30,5,44,5,4,180,9,120,61,36,1,8,30,87,54,3,14,46,32,30,5,9,10
392189,2009,2009-04-23,Kingsmead,Durban,Chennai Super Kings,Chennai Super Kings,Delhi Daredevils,Delhi Capitals,2,false,Delhi Capitals,bat,Delhi Capitals,false,180,9,120,86,14,5,31,15,8,1,61,1,36,8,30,6,1,87,3,54,14,46,7,3,32,5,30,9,10,1,1,189,5,120,59,36,2,14,46,64,54,2,16,22,66,30,1,5,44
392190,2009,2009-04-23,Newlands,Cape Town,Rajasthan Royals,Rajasthan Royals,Kolkata Knight Riders,Kolkata Knight Riders,1,true,Kolkata Knight Riders,field,Unknown,false,150,6,120,74,11,5,45,10,7,0,54,2,36,20,46,7,3,53,2,54,14,8,2,0,43,2,30,11,20,2,2,150,8,120,38,36,1,23,26,60,54,4,21,22,52,30,3,7,28
392190,2009,2009-04-23,Newlands,Cape Town,Kolkata Knight Riders,Kolkata Knight Riders,Rajasthan Royals,Rajasthan Royals,2,false,Kolkata Knight Riders,field,Unknown,false,150,8,120,76,10,6,51,18,9,1,38,1,36,23,26,2,3,60,4,54,21,22,4,1,52,3,30,7,28,4,2,150,6,120,54,36,2,20,46,53,54,2,14,8,43,30,2,11,20
392190,2009,2009-04-23,Newlands,Cape Town,Kolkata Knight Riders,Kolkata Knight Riders,Rajasthan Royals,Rajasthan Royals,3,false,Kolkata Knight Riders,field,Unknown,false,15,1,6,12,3,0,1,1,1,0,15,1,6,1,12,3,0,0,0,0,0,0,0,0,0,0,0,0,0,0,0,150,6,120,54,36,2,20,46,53,54,2,14,8,43,30,2,11,20
392190,2009,2009-04-23,Newlands,Cape Town,Rajasthan Royals,Rajasthan Royals,Rajasthan Royals,Rajasthan Royals,4,false,Kolkata Knight Riders,field,Unknown,false,18,0,4,16,1,2,0,0,0,0,18,0,4,0,16,1,2,0,0,0,0,0,0,0,0,0,0,0,0,0,0,150,6,120,54,36,2,20,46,53,54,2,14,8,43,30,2,11,20
392191,2009,2009-04-24,Kingsmead,Durban,Royal Challengers Bangalore,Royal Challengers Bengaluru,Kings XI Punjab,Punjab Kings,1,true,Royal Challengers Bengaluru,bat,Punjab Kings,false,168,9,120,94,16,5,46,8,3,0,49,3,36,19,34,7,1,69,1,54,19,32,5,2,50,5,30,8,28,4,2,173,3,114,44,36,0,8,8,65,54,2,13,28,64,24,1,2,46
392191,2009,2009-04-24,Kingsmead,Durban,Kings XI Punjab,Punjab Kings,Royal Challengers Bangalore,Royal Challengers Bengaluru,2,false,Royal Challengers Bengaluru,bat,Punjab Kings,true,173,3,114,82,10,7,23,13,9,0,44,0,36,8,8,2,0,65,2,54,13,28,4,2,64,1,24,2,46,4,5,168,9,120,49,36,3,19,34,69,54,1,19,32,50,30,5,8,28
392192,2009,2009-04-25,Kingsmead,Durban,Deccan Chargers,Deccan Chargers,Mumbai Indians,Mumbai Indians,1,true,Deccan Chargers,bat,Deccan Chargers,true,168,9,120,90,12,7,39,14,5,0,55,0,36,16,40,7,2,82,4,54,14,46,4,5,31,5,30,9,4,1,0,156,7,120,50,36,1,18,32,58,54,3,16,20,48,30,3,8,30
392192,2009,2009-04-25,Kingsmead,Durban,Mumbai Indians,Mumbai Indians,Deccan Chargers,Deccan Chargers,2,false,Deccan Chargers,bat,Deccan Chargers,false,156,7,120,82,10,7,42,13,6,1,50,1,36,18,32,5,2,58,3,54,16,20,2,2,48,3,30,8,30,3,3,168,9,120,55,36,0,16,40,82,54,4,14,46,31,30,5,9,4
392194,2009,2009-04-26,St George's Park,Port Elizabeth,Royal Challengers Bangalore,Royal Challengers Bengaluru,Delhi Daredevils,Delhi Capitals,1,true,Royal Challengers Bengaluru,bat,Delhi Capitals,false,149,7,120,62,8,5,45,11,5,1,45,2,36,16,18,3,1,55,2,54,20,18,3,1,49,3,30,9,26,2,3,150,4,116,43,36,2,14,20,56,54,1,18,18,51,26,1,3,26
392194,2009,2009-04-26,St George's Park,Port Elizabeth,Delhi Daredevils,Delhi Capitals,Royal Challengers Bangalore,Royal Challengers Bengaluru,2,false,Royal Challengers Bengaluru,bat,Delhi Capitals,true,150,4,116,64,10,4,35,4,4,0,43,2,36,14,20,2,2,56,1,54,18,18,3,1,51,1,26,3,26,5,1,149,7,120,45,36,2,16,18,55,54,2,20,18,49,30,3,9,26
392195,2009,2009-04-26,Newlands,Cape Town,Kings XI Punjab,Punjab Kings,Rajasthan Royals,Rajasthan Royals,1,true,Punjab Kings,bat,Punjab Kings,true,139,6,120,66,12,3,50,13,9,0,38,2,36,23,24,6,0,60,2,54,17,20,2,2,41,2,30,10,22,4,1,112,7,120,32,36,4,23,20,50,54,2,22,12,30,30,1,7,4
392195,2009,2009-04-26,Newlands,Cape Town,Rajasthan Royals,Rajasthan Royals,Kings XI Punjab,Punjab Kings,2,false,Punjab Kings,bat,Punjab Kings,false,112,7,120,36,9,0,52,10,5,0,32,4,36,23,20,5,0,50,2,54,22,12,3,0,30,1,30,7,4,1,0,139,6,120,38,36,2,23,24,60,54,2,17,20,41,30,2,10,22
392196,2009,2009-04-27,Kingsmead,Durban,Chennai Super Kings,Chennai Super Kings,Deccan Chargers,Deccan Chargers,1,true,Deccan Chargers,field,Deccan Chargers,false,165,6,120,100,16,6,45,7,4,3,62,1,36,15,44,8,2,51,3,54,20,18,3,1,52,2,30,10,38,5,3,169,4,117,69,36,1,14,56,60,54,2,17,24,40,27,1,6,14
392196,2009,2009-04-27,Kingsmead,Durban,Deccan Chargers,Deccan Chargers,Chennai Super Kings,Chennai Super Kings,2,false,Deccan Chargers,field,Deccan Chargers,true,169,4,117,94,13,7,37,10,3,5,69,1,36,14,56,8,4,60,2,54,17,24,3,2,40,1,27,6,14,2,1,165,6,120,62,36,1,15,44,51,54,3,20,18,52,30,2,10,38
392197,2009,2009-04-27,St George's Park,Port Elizabeth,Mumbai Indians,Mumbai Indians,Kolkata Knight Riders,Kolkata Knight Riders,1,true,Mumbai Indians,bat,Mumbai Indians,true,187,6,120,104,11,10,42,9,8,0,61,0,36,20,40,4,4,90,3,54,14,56,5,6,36,3,30,8,8,2,0,95,9,92,47,36,2,19,32,48,54,5,19,12,0,2,2,2,0
392197,2009,2009-04-27,St George's Park,Port Elizabeth,Kolkata Knight Riders,Kolkata Knight Riders,Mumbai Indians,Mumbai Indians,2,false,Mumbai Indians,bat,Mumbai Indians,false,95,9,92,44,8,2,40,4,2,2,47,2,36,19,32,5,2,48,5,54,19,12,3,0,0,2,2,2,0,0,0,187,6,120,61,36,0,20,40,90,54,3,14,56,36,30,3,8,8
392198,2009,2009-04-28,SuperSport Park,Centurion,Delhi Daredevils,Delhi Capitals,Rajasthan Royals,Rajasthan Royals,1,true,Delhi Capitals,bat,Rajasthan Royals,false,143,7,120,74,14,3,44,5,1,1,42,3,36,19,30,6,1,59,1,54,14,18,3,1,42,3,30,11,26,5,1,147,5,112,33,36,2,26,26,63,55,3,17,24,51,21,0,4,36
392198,2009,2009-04-28,SuperSport Park,Centurion,Rajasthan Royals,Rajasthan Royals,Delhi Daredevils,Delhi Capitals,2,false,Delhi Capitals,bat,Rajasthan Royals,true,147,5,112,86,11,7,47,9,5,1,33,2,36,26,26,5,1,63,3,55,17,24,3,2,51,0,21,4,36,3,4,143,7,120,42,36,3,19,30,59,54,1,14,18,42,30,3,11,26
392199,2009,2009-04-29,Kingsmead,Durban,Kolkata Knight Riders,Kolkata Knight Riders,Royal Challengers Bangalore,Royal Challengers Bengaluru,1,true,Kolkata Knight Riders,bat,Royal Challengers Bengaluru,false,139,6,120,60,12,2,43,9,7,0,45,2,36,21,30,6,1,49,2,54,18,12,3,0,45,2,30,4,18,3,1,143,5,119,46,36,0,19,28,52,54,2,16,12,45,29,3,8,26
392199,2009,2009-04-29,Kingsmead,Durban,Royal Challengers Bangalore,Royal Challengers Bengaluru,Kolkata Knight Riders,Kolkata Knight Riders,2,false,Kolkata Knight Riders,bat,Royal Challengers Bengaluru,true,143,5,119,66,12,3,43,9,7,0,46,0,36,19,28,7,0,52,2,54,16,12,3,0,45,3,29,8,26,2,3,139,6,120,45,36,2,21,30,49,54,2,18,12,45,30,2,4,18
392200,2009,2009-04-29,Kingsmead,Durban,Kings XI Punjab,Punjab Kings,Mumbai Indians,Mumbai Indians,1,true,Punjab Kings,bat,Punjab Kings,true,119,8,120,28,4,2,42,17,11,0,26,2,36,20,10,1,1,60,3,54,13,10,1,1,33,3,30,9,8,2,0,116,7,120,23,36,3,24,8,58,54,1,23,22,35,30,3,7,4
392200,2009,2009-04-29,Kingsmead,Durban,Mumbai Indians,Mumbai Indians,Kings XI Punjab,Punjab Kings,2,false,Punjab Kings,bat,Punjab Kings,false,116,7,120,34,7,1,54,11,8,1,23,3,36,24,8,2,0,58,1,54,23,22,4,1,35,3,30,7,4,1,0,119,8,120,26,36,2,20,10,60,54,3,13,10,33,30,3,9,8
392201,2009,2009-04-30,SuperSport Park,Centurion,Deccan Chargers,Deccan Chargers,Delhi Daredevils,Delhi Capitals,1,true,Delhi Capitals,field,Delhi Capitals,false,148,9,120,70,13,3,45,11,2,1,37,2,36,22,24,6,0,81,3,54,14,38,5,3,30,4,30,9,8,2,0,150,4,112,41,36,2,20,28,60,54,1,19,24,49,22,1,6,32
392201,2009,2009-04-30,SuperSport Park,Centurion,Delhi Daredevils,Delhi Capitals,Deccan Chargers,Deccan Chargers,2,false,Delhi Capitals,field,Delhi Capitals,true,150,4,112,84,15,4,45,12,7,1,41,2,36,20,28,7,0,60,1,54,19,24,3,2,49,1,22,6,32,5,2,148,9,120,37,36,2,22,24,81,54,3,14,38,30,30,4,9,8
392202,2009,2009-04-30,SuperSport Park,Centurion,Chennai Super Kings,Chennai Super Kings,Rajasthan Royals,Rajasthan Royals,1,true,Rajasthan Royals,field,Chennai Super Kings,true,164,5,120,96,15,6,45,5,2,1,40,2,36,19,24,3,2,64,2,54,21,38,8,1,60,1,30,5,34,4,3,126,9,117,38,36,2,16,18,60,54,3,19,24,28,27,4,12,14
392202,2009,2009-04-30,SuperSport Park,Centurion,Rajasthan Royals,Rajasthan Royals,Chennai Super Kings,Chennai Super Kings,2,false,Rajasthan Royals,field,Chennai Super Kings,false,126,9,117,56,11,2,47,8,3,0,38,2,36,16,18,3,1,60,3,54,19,24,6,0,28,4,27,12,14,2,1,164,5,120,40,36,2,19,24,64,54,2,21,38,60,30,1,5,34
392203,2009,2009-05-01,Buffalo Park,East London,Mumbai Indians,Mumbai Indians,Kolkata Knight Riders,Kolkata Knight Riders,1,true,Mumbai Indians,bat,Mumbai Indians,true,148,6,120,68,8,6,42,13,6,1,40,2,36,17,18,3,1,48,2,54,22,14,2,1,60,2,30,3,36,3,4,139,6,120,26,36,2,23,16,72,54,1,15,28,41,30,3,5,14
392203,2009,2009-05-01,Buffalo Park,East London,Kolkata Knight Riders,Kolkata Knight Riders,Mumbai Indians,Mumbai Indians,2,false,Mumbai Indians,bat,Mumbai Indians,false,139,6,120,58,10,3,43,8,6,1,26,2,36,23,16,4,0,72,1,54,15,28,4,2,41,3,30,5,14,2,1,148,6,120,40,36,2,17,18,48,54,2,22,14,60,30,2,3,36
392204,2009,2009-05-01,Kingsmead,Durban,Royal Challengers Bangalore,Royal Challengers Bengaluru,Kings XI Punjab,Punjab Kings,1,true,Royal Challengers Bengaluru,bat,Royal Challengers Bengaluru,true,145,9,120,82,13,5,52,6,4,0,38,2,36,20,20,2,2,62,4,54,22,34,7,1,45,3,30,10,28,4,2,137,7,120,35,36,0,19,16,60,54,3,27,36,42,30,4,10,16
392204,2009,2009-05-01,Kingsmead,Durban,Kings XI Punjab,Punjab Kings,Royal Challengers Bangalore,Royal Challengers Bengaluru,2,false,Royal Challengers Bengaluru,bat,Royal Challengers Bengaluru,false,137,7,120,68,11,4,56,13,3,0,35,0,36,19,16,4,0,60,3,54,27,36,3,4,42,4,30,10,16,4,0,145,9,120,38,36,2,20,20,62,54,4,22,34,45,30,3,10,28
392205,2009,2009-05-02,St George's Park,Port Elizabeth,Deccan Chargers,Deccan Chargers,Rajasthan Royals,Rajasthan Royals,1,true,Deccan Chargers,bat,Rajasthan Royals,false,141,5,120,74,11,5,51,7,4,0,39,2,36,22,30,6,1,63,1,54,19,26,2,3,39,2,30,10,18,3,1,142,7,118,30,36,3,26,20,68,54,3,18,34,44,28,1,5,24
392205,2009,2009-05-02,St George's Park,Port Elizabeth,Rajasthan Royals,Rajasthan Royals,Deccan Chargers,Deccan Chargers,2,false,Deccan Chargers,bat,Rajasthan Royals,true,142,7,118,78,12,5,49,7,3,1,30,3,36,26,20,5,0,68,3,54,18,34,4,3,44,1,28,5,24,3,2,141,5,120,39,36,2,22,30,63,54,1,19,26,39,30,2,10,18
392206,2009,2009-05-02,New Wanderers Stadium,Johannesburg,Chennai Super Kings,Chennai Super Kings,Delhi Daredevils,Delhi Capitals,1,true,Delhi Capitals,field,Chennai Super Kings,true,163,10,120,90,15,5,44,9,5,0,53,2,36,16,36,6,2,77,2,54,17,42,6,3,33,6,30,11,12,3,0,145,8,120,49,36,2,16,30,71,54,1,16,36,25,30,5,20,18
392206,2009,2009-05-02,New Wanderers Stadium,Johannesburg,Delhi Daredevils,Delhi Capitals,Chennai Super Kings,Chennai Super Kings,2,false,Delhi Capitals,field,Chennai Super Kings,false,145,8,120,84,15,4,52,3,0,1,49,2,36,16,30,6,1,71,1,54,16,36,6,2,25,5,30,20,18,3,1,163,10,120,53,36,2,16,36,77,54,2,17,42,33,30,6,11,12
392207,2009,2009-05-03,St George's Park,Port Elizabeth,Kolkata Knight Riders,Kolkata Knight Riders,Kings XI Punjab,Punjab Kings,1,true,Kolkata Knight Riders,bat,Punjab Kings,false,153,3,120,82,16,3,46,7,4,0,28,1,36,23,12,3,0,64,1,54,20,34,7,1,61,1,30,3,36,6,2,154,4,120,51,36,2,16,32,65,54,2,18,24,38,30,0,7,20
392207,2009,2009-05-03,St George's Park,Port Elizabeth,Kings XI Punjab,Punjab Kings,Kolkata Knight Riders,Kolkata Knight Riders,2,false,Kolkata Knight Riders,bat,Punjab Kings,true,154,4,120,76,13,4,41,10,8,0,51,2,36,16,32,2,4,65,2,54,18,24,6,0,38,0,30,7,20,5,0,153,3,120,28,36,1,23,12,64,54,1,20,34,61,30,1,3,36
392208,2009,2009-05-03,New Wanderers Stadium,Johannesburg,Mumbai Indians,Mumbai Indians,Royal Challengers Bangalore,Royal Challengers Bengaluru,1,true,Mumbai Indians,bat,Royal Challengers Bengaluru,false,149,4,120,70,13,3,47,6,3,1,25,3,36,24,12,3,0,61,1,54,20,26,5,1,63,0,30,3,32,5,2,150,1,109,51,36,1,22,40,71,54,0,17,30,28,19,0,4,10
392208,2009,2009-05-03,New Wanderers Stadium,Johannesburg,Royal Challengers Bangalore,Royal Challengers Bengaluru,Mumbai Indians,Mumbai Indians,2,false,Mumbai Indians,bat,Royal Challengers Bengaluru,true,150,1,109,80,14,4,43,8,7,0,51,1,36,22,40,7,2,71,0,54,17,30,6,1,28,0,19,4,10,1,1,149,4,120,25,36,3,24,12,61,54,1,20,26,63,30,0,3,32
392209,2009,2009-05-04,Buffalo Park,East London,Chennai Super Kings,Chennai Super Kings,Deccan Chargers,Deccan Chargers,1,true,Chennai Super Kings,bat,Chennai Super Kings,true,178,3,120,98,14,7,35,10,5,0,53,0,36,17,38,5,3,77,2,54,13,36,3,4,48,1,30,5,24,6,0,100,10,88,52,36,3,20,38,48,52,7,23,22,0,0,0,0,0
392209,2009,2009-05-04,Buffalo Park,East London,Deccan Chargers,Deccan Chargers,Chennai Super Kings,Chennai Super Kings,2,false,Chennai Super Kings,bat,Chennai Super Kings,false,100,10,88,60,6,6,43,7,2,1,52,3,36,20,38,2,5,48,7,52,23,22,4,1,0,0,0,0,0,0,0,178,3,120,53,36,0,17,38,77,54,2,13,36,48,30,1,5,24
392210,2009,2009-05-05,Kingsmead,Durban,Rajasthan Royals,Rajasthan Royals,Kings XI Punjab,Punjab Kings,1,true,Punjab Kings,field,Rajasthan Royals,true,211,4,120,148,25,8,40,4,0,4,57,0,36,16,42,6,3,79,1,54,18,50,11,1,75,3,30,6,56,8,4,133,8,120,29,36,4,20,16,67,54,2,24,32,37,30,2,15,20
392210,2009,2009-05-05,Kingsmead,Durban,Kings XI Punjab,Punjab Kings,Rajasthan Royals,Rajasthan Royals,2,false,Punjab Kings,field,Rajasthan Royals,false,133,8,120,68,11,4,59,19,13,0,29,4,36,20,16,4,0,67,2,54,24,32,5,2,37,2,30,15,20,2,2,211,4,120,57,36,0,16,42,79,54,1,18,50,75,30,3,6,56
392211,2009,2009-05-05,Kingsmead,Durban,Kolkata Knight Riders,Kolkata Knight Riders,Delhi Daredevils,Delhi Capitals,1,true,Kolkata Knight Riders,bat,Delhi Capitals,false,154,3,120,80,14,4,44,4,3,1,54,0,36,16,34,4,3,49,2,54,23,20,5,0,51,1,30,5,26,5,1,157,1,114,57,36,0,15,38,57,54,1,19,16,43,24,0,7,26
392211,2009,2009-05-05,Kingsmead,Durban,Delhi Daredevils,Delhi Capitals,Kolkata Knight Riders,Kolkata Knight Riders,2,false,Kolkata Knight Riders,bat,Delhi Capitals,true,157,1,114,80,17,2,41,8,7,0,57,0,36,15,38,8,1,57,1,54,19,16,4,0,43,0,24,7,26,5,1,154,3,120,54,36,0,16,34,49,54,2,23,20,51,30,1,5,26
392212,2009,2009-05-06,SuperSport Park,Centurion,Deccan Chargers,Deccan Chargers,Mumbai Indians,Mumbai Indians,1,true,Deccan Chargers,bat,Deccan Chargers,true,145,6,120,68,8,6,44,9,4,0,37,2,36,22,24,3,2,62,2,54,16,26,2,3,46,2,30,6,18,3,1,126,8,120,41,36,2,20,28,59,54,2,21,28,26,30,4,10,6
392212,2009,2009-05-06,SuperSport Park,Centurion,Mumbai Indians,Mumbai Indians,Deccan Chargers,Deccan Chargers,2,false,Deccan Chargers,bat,Deccan Chargers,false,126,8,120,62,11,3,51,3,1,0,41,2,36,20,28,4,2,59,2,54,21,28,7,0,26,4,30,10,6,0,1,145,6,120,37,36,2,22,24,62,54,2,16,26,46,30,2,6,18
392213,2009,2009-05-07,SuperSport Park,Centurion,Royal Challengers Bangalore,Royal Challengers Bengaluru,Rajasthan Royals,Rajasthan Royals,1,true,Rajasthan Royals,field,Rajasthan Royals,false,105,10,120,42,6,3,59,5,4,1,29,3,36,23,14,2,1,47,3,54,23,16,4,0,29,4,30,13,12,0,2,107,3,90,31,36,1,21,20,76,54,2,20,38,0,0,0,0,0
392213,2009,2009-05-07,SuperSport Park,Centurion,Rajasthan Royals,Rajasthan Royals,Royal Challengers Bangalore,Royal Challengers Bengaluru,2,false,Rajasthan Royals,field,Rajasthan Royals,true,107,3,90,58,10,3,41,3,3,0,31,1,36,21,20,5,0,76,2,54,20,38,5,3,0,0,0,0,0,0,0,105,10,120,29,36,3,23,14,47,54,3,23,16,29,30,4,13,12
392214,2009,2009-05-07,SuperSport Park,Centurion,Chennai Super Kings,Chennai Super Kings,Kings XI Punjab,Punjab Kings,1,true,Chennai Super Kings,bat,Chennai Super Kings,true,185,3,108,130,19,9,37,6,1,0,57,1,36,16,44,8,2,88,1,54,18,60,9,4,40,1,18,3,26,2,3,174,3,108,53,36,1,14,30,95,54,2,11,58,26,18,0,1,8
392214,2009,2009-05-07,SuperSport Park,Centurion,Kings XI Punjab,Punjab Kings,Chennai Super Kings,Chennai Super Kings,2,false,Chennai Super Kings,bat,Chennai Super Kings,false,174,3,108,96,12,8,26,6,3,0,53,1,36,14,30,3,3,95,2,54,11,58,7,5,26,0,18,1,8,2,0,185,3,108,57,36,1,16,44,88,54,1,18,60,40,18,1,3,26
392215,2009,2009-05-08,Buffalo Park,East London,Mumbai Indians,Mumbai Indians,Delhi Daredevils,Delhi Capitals,1,true,Mumbai Indians,bat,Delhi Capitals,false,116,10,120,46,7,3,56,13,8,2,30,3,36,21,8,2,0,44,1,54,23,10,1,1,42,6,30,12,28,4,2,118,3,113,36,36,0,16,14,38,54,2,24,8,44,23,1,8,34
392215,2009,2009-05-08,Buffalo Park,East London,Delhi Daredevils,Delhi Capitals,Mumbai Indians,Mumbai Indians,2,false,Mumbai Indians,bat,Delhi Capitals,true,118,3,113,56,11,2,48,6,6,0,36,0,36,16,14,2,1,38,2,54,24,8,2,0,44,1,23,8,34,7,1,116,10,120,30,36,3,21,8,44,54,1,23,10,42,30,6,12,28
392216,2009,2009-05-09,De Beers Diamond Oval,Kimberley,Deccan Chargers,Deccan Chargers,Kings XI Punjab,Punjab Kings,1,true,Punjab Kings,field,Punjab Kings,false,168,5,120,90,9,9,47,7,3,2,52,1,36,17,32,5,2,48,3,54,27,22,1,3,68,1,30,3,36,3,4,169,7,119,45,36,2,14,26,74,54,3,14,30,50,29,2,3,26
392216,2009,2009-05-09,De Beers Diamond Oval,Kimberley,Kings XI Punjab,Punjab Kings,Deccan Chargers,Deccan Chargers,2,false,Punjab Kings,field,Punjab Kings,true,169,7,119,82,10,7,31,9,3,0,45,2,36,14,26,5,1,74,3,54,14,30,3,3,50,2,29,3,26,2,3,168,5,120,52,36,1,17,32,48,54,3,27,22,68,30,1,3,36
392217,2009,2009-05-09,De Beers Diamond Oval,Kimberley,Rajasthan Royals,Rajasthan Royals,Chennai Super Kings,Chennai Super Kings,1,true,Rajasthan Royals,bat,Chennai Super Kings,false,140,7,120,74,11,5,49,7,1,1,34,1,36,19,18,3,1,65,3,54,21,36,6,2,41,3,30,9,20,2,2,141,3,110,37,36,2,22,24,60,54,0,23,26,44,20,1,5,30
392217,2009,2009-05-09,De Beers Diamond Oval,Kimberley,Chennai Super Kings,Chennai Super Kings,Rajasthan Royals,Rajasthan Royals,2,false,Rajasthan Royals,bat,Chennai Super Kings,true,141,3,110,80,14,4,50,10,8,0,37,2,36,22,24,3,2,60,0,54,23,26,5,1,44,1,20,5,30,6,1,140,7,120,34,36,1,19,18,65,54,3,21,36,41,30,3,9,20
392218,2009,2009-05-10,St George's Park,Port Elizabeth,Mumbai Indians,Mumbai Indians,Royal Challengers Bangalore,Royal Challengers Bengaluru,1,true,Mumbai Indians,bat,Mumbai Indians,true,157,2,120,64,10,4,40,7,7,0,46,1,36,21,22,4,1,58,1,54,16,14,2,1,53,0,30,3,28,4,2,141,7,120,39,36,2,21,28,61,54,4,17,12,41,30,1,8,14
392218,2009,2009-05-10,St George's Park,Port Elizabeth,Royal Challengers Bangalore,Royal Challengers Bengaluru,Mumbai Indians,Mumbai Indians,2,false,Mumbai Indians,bat,Mumbai Indians,false,141,7,120,54,9,3,46,14,8,0,39,2,36,21,28,7,0,61,4,54,17,12,0,2,41,1,30,8,14,2,1,157,2,120,46,36,1,21,22,58,54,1,16,14,53,30,0,3,28
392219,2009,2009-05-10,New Wanderers Stadium,Johannesburg,Kolkata Knight Riders,Kolkata Knight Riders,Delhi Daredevils,Delhi Capitals,1,true,Delhi Capitals,field,Delhi Capitals,false,123,8,120,54,6,5,57,8,5,1,37,3,36,21,20,2,2,40,3,54,28,10,1,1,46,2,30,8,24,3,2,125,3,103,47,36,0,19,30,53,54,3,21,16,25,13,0,0,12
392219,2009,2009-05-10,New Wanderers Stadium,Johannesburg,Delhi Daredevils,Delhi Capitals,Kolkata Knight Riders,Kolkata Knight Riders,2,false,Delhi Capitals,field,Delhi Capitals,true,125,3,103,58,13,1,40,13,6,0,47,0,36,19,30,6,1,53,3,54,21,16,4,0,25,0,13,0,12,3,0,123,8,120,37,36,3,21,20,40,54,3,28,10,46,30,2,8,24
392220,2009,2009-05-11,De Beers Diamond Oval,Kimberley,Deccan Chargers,Deccan Chargers,Rajasthan Royals,Rajasthan Royals,1,true,Deccan Chargers,bat,Deccan Chargers,true,166,7,120,80,8,8,36,2,1,0,42,2,36,18,24,3,2,66,2,54,12,20,2,2,58,3,30,6,36,3,4,113,10,117,30,36,2,25,20,65,54,4,16,26,18,27,4,10,0
392220,2009,2009-05-11,De Beers Diamond Oval,Kimberley,Rajasthan Royals,Rajasthan Royals,Deccan Chargers,Deccan Chargers,2,false,Deccan Chargers,bat,Deccan Chargers,false,113,10,117,46,10,1,51,4,3,0,30,2,36,25,20,5,0,65,4,54,16,26,5,1,18,4,27,10,0,0,0,166,7,120,42,36,2,18,24,66,54,2,12,20,58,30,3,6,36
392221,2009,2009-05-12,SuperSport Park,Centurion,Kolkata Knight Riders,Kolkata Knight Riders,Royal Challengers Bangalore,Royal Challengers Bengaluru,1,true,Royal Challengers Bengaluru,field,Royal Challengers Bengaluru,false,173,4,120,98,17,5,40,9,2,2,38,2,36,22,30,6,1,64,1,54,14,18,3,1,71,1,30,4,50,8,3,176,4,116,46,36,0,18,30,73,54,3,18,32,57,26,1,6,40
392221,2009,2009-05-12,SuperSport Park,Centurion,Royal Challengers Bangalore,Royal Challengers Bengaluru,Kolkata Knight Riders,Kolkata Knight Riders,2,false,Royal Challengers Bengaluru,field,Royal Challengers Bengaluru,true,176,4,116,102,15,7,42,9,6,2,46,0,36,18,30,6,1,73,3,54,18,32,5,2,57,1,26,6,40,4,4,173,4,120,38,36,2,22,30,64,54,1,14,18,71,30,1,4,50
392222,2009,2009-05-12,SuperSport Park,Centurion,Kings XI Punjab,Punjab Kings,Mumbai Indians,Mumbai Indians,1,true,Punjab Kings,bat,Mumbai Indians,false,119,9,120,58,10,3,64,18,12,2,51,3,36,21,38,5,3,41,4,54,27,8,2,0,27,2,30,16,12,3,0,122,2,98,42,36,2,21,28,71,54,0,22,40,9,8,0,4,4
392222,2009,2009-05-12,SuperSport Park,Centurion,Mumbai Indians,Mumbai Indians,Kings XI Punjab,Punjab Kings,2,false,Punjab Kings,bat,Mumbai Indians,true,122,2,98,72,12,4,47,6,4,2,42,2,36,21,28,4,2,71,0,54,22,40,7,2,9,0,8,4,4,1,0,119,9,120,51,36,3,21,38,41,54,4,27,8,27,30,2,16,12
392223,2009,2009-05-13,Kingsmead,Durban,Delhi Daredevils,Delhi Capitals,Deccan Chargers,Deccan Chargers,1,true,Deccan Chargers,field,Delhi Capitals,true,173,7,120,100,16,6,45,12,9,2,56,1,36,18,40,7,2,53,3,54,19,18,3,1,64,3,30,8,42,6,3,161,10,118,50,36,2,17,36,84,54,1,14,46,27,28,7,13,12
392223,2009,2009-05-13,Kingsmead,Durban,Deccan Chargers,Deccan Chargers,Delhi Daredevils,Delhi Capitals,2,false,Deccan Chargers,field,Delhi Capitals,false,161,10,118,94,13,7,44,8,5,0,50,2,36,17,36,6,2,84,1,54,14,46,4,5,27,7,28,13,12,3,0,173,7,120,56,36,1,18,40,53,54,3,19,18,64,30,3,8,42
392224,2009,2009-05-14,Kingsmead,Durban,Chennai Super Kings,Chennai Super Kings,Royal Challengers Bangalore,Royal Challengers Bengaluru,1,true,Chennai Super Kings,bat,Royal Challengers Bengaluru,false,129,10,118,66,12,3,48,4,1,0,52,2,36,15,38,8,1,53,2,54,19,16,1,2,24,6,28,14,12,3,0,132,8,118,33,36,3,21,20,58,54,1,23,32,41,28,4,7,16
392224,2009,2009-05-14,Kingsmead,Durban,Royal Challengers Bangalore,Royal Challengers Bengaluru,Chennai Super Kings,Chennai Super Kings,2,false,Chennai Super Kings,bat,Royal Challengers Bengaluru,true,132,8,118,68,11,4,51,8,3,0,33,3,36,21,20,5,0,58,1,54,23,32,5,2,41,4,28,7,16,1,2,129,10,118,52,36,2,15,38,53,54,2,19,16,24,28,6,14,12
392225,2009,2009-05-14,Kingsmead,Durban,Rajasthan Royals,Rajasthan Royals,Mumbai Indians,Mumbai Indians,1,true,Rajasthan Royals,bat,Rajasthan Royals,true,145,7,120,82,16,3,48,7,4,0,42,0,36,16,24,6,0,81,2,54,17,54,9,3,22,5,30,15,4,1,0,143,10,119,26,36,3,19,8,72,54,2,16,22,45,29,5,9,22
392225,2009,2009-05-14,Kingsmead,Durban,Mumbai Indians,Mumbai Indians,Rajasthan Royals,Rajasthan Royals,2,false,Rajasthan Royals,bat,Rajasthan Royals,false,143,10,119,52,10,2,44,18,14,1,26,3,36,19,8,2,0,72,2,54,16,22,4,1,45,5,29,9,22,4,1,145,7,120,42,36,0,16,24,81,54,2,17,54,22,30,5,15,4
392226,2009,2009-05-15,OUTsurance Oval,Bloemfontein,Delhi Daredevils,Delhi Capitals,Kings XI Punjab,Punjab Kings,1,true,Punjab Kings,field,Punjab Kings,false,120,9,120,30,6,1,53,14,7,0,38,2,36,20,16,4,0,59,2,54,21,14,2,1,23,5,30,12,0,0,0,123,4,115,37,36,3,24,26,49,54,0,28,24,37,25,1,11,22
392226,2009,2009-05-15,OUTsurance Oval,Bloemfontein,Kings XI Punjab,Punjab Kings,Delhi Daredevils,Delhi Capitals,2,false,Punjab Kings,field,Punjab Kings,true,123,4,115,72,12,4,63,9,3,4,37,3,36,24,26,5,1,49,0,54,28,24,6,0,37,1,25,11,22,1,3,120,9,120,38,36,2,20,16,59,54,2,21,14,23,30,5,12,0
392227,2009,2009-05-16,St George's Park,Port Elizabeth,Mumbai Indians,Mumbai Indians,Chennai Super Kings,Chennai Super Kings,1,true,Mumbai Indians,bat,Chennai Super Kings,false,147,5,120,72,9,6,43,5,1,1,49,2,36,19,36,6,2,47,1,54,20,12,0,2,51,2,30,4,24,3,2,151,3,115,35,36,2,25,28,67,54,1,16,14,49,25,0,4,22
392227,2009,2009-05-16,St George's Park,Port Elizabeth,Chennai Super Kings,Chennai Super Kings,Mumbai Indians,Mumbai Indians,2,false,Mumbai Indians,bat,Chennai Super Kings,true,151,3,115,64,10,4,45,26,10,0,35,2,36,25,28,4,2,67,1,54,16,14,2,1,49,0,25,4,22,4,1,147,5,120,49,36,2,19,36,47,54,1,20,12,51,30,2,4,24
392228,2009,2009-05-16,New Wanderers Stadium,Johannesburg,Kolkata Knight Riders,Kolkata Knight Riders,Deccan Chargers,Deccan Chargers,1,true,Deccan Chargers,field,Deccan Chargers,false,160,5,120,80,11,6,45,7,2,2,31,1,36,21,14,2,1,58,1,54,17,20,5,0,71,3,30,7,46,4,5,166,4,120,50,36,0,20,40,55,54,2,19,18,61,30,2,4,34
392228,2009,2009-05-16,New Wanderers Stadium,Johannesburg,Deccan Chargers,Deccan Chargers,Kolkata Knight Riders,Kolkata Knight Riders,2,false,Deccan Chargers,field,Deccan Chargers,true,166,4,120,92,14,6,43,7,2,2,50,0,36,20,40,7,2,55,2,54,19,18,3,1,61,2,30,4,34,4,3,160,5,120,31,36,1,21,14,58,54,1,17,20,71,30,3,7,46
392229,2009,2009-05-17,New Wanderers Stadium,Johannesburg,Kings XI Punjab,Punjab Kings,Deccan Chargers,Deccan Chargers,1,true,Deccan Chargers,field,Punjab Kings,true,134,7,120,58,10,3,48,7,5,1,39,3,36,21,24,3,2,55,1,54,17,16,4,0,40,3,30,10,18,3,1,133,8,120,46,36,2,21,38,40,54,3,29,4,47,30,3,12,30
392229,2009,2009-05-17,New Wanderers Stadium,Johannesburg,Deccan Chargers,Deccan Chargers,Kings XI Punjab,Punjab Kings,2,false,Deccan Chargers,field,Punjab Kings,false,133,8,120,72,12,4,62,5,2,2,46,2,36,21,38,8,1,40,3,54,29,4,1,0,47,3,30,12,30,3,3,134,7,120,39,36,3,21,24,55,54,1,17,16,40,30,3,10,18
392230,2009,2009-05-17,OUTsurance Oval,Bloemfontein,Delhi Daredevils,Delhi Capitals,Rajasthan Royals,Rajasthan Royals,1,true,Delhi Capitals,bat,Delhi Capitals,true,150,3,120,56,11,2,37,5,1,3,35,2,36,20,16,4,0,60,0,54,13,16,4,0,55,1,30,4,24,3,2,136,9,120,24,36,2,23,8,69,54,3,16,20,43,30,4,13,30
392230,2009,2009-05-17,OUTsurance Oval,Bloemfontein,Rajasthan Royals,Rajasthan Royals,Delhi Daredevils,Delhi Capitals,2,false,Delhi Capitals,bat,Delhi Capitals,false,136,9,120,58,13,1,52,13,5,2,24,2,36,23,8,2,0,69,3,54,16,20,5,0,43,4,30,13,30,6,1,150,3,120,35,36,2,20,16,60,54,0,13,16,55,30,1,4,24
392231,2009,2009-05-18,SuperSport Park,Centurion,Chennai Super Kings,Chennai Super Kings,Kolkata Knight Riders,Kolkata Knight Riders,1,true,Chennai Super Kings,bat,Kolkata Knight Riders,false,188,3,120,100,16,6,35,20,13,0,54,0,36,14,32,8,0,69,2,54,15,22,4,1,65,1,30,6,46,4,5,189,3,120,56,36,1,19,48,75,54,1,19,34,58,30,1,3,34
392231,2009,2009-05-18,SuperSport Park,Centurion,Kolkata Knight Riders,Kolkata Knight Riders,Chennai Super Kings,Chennai Super Kings,2,false,Chennai Super Kings,bat,Kolkata Knight Riders,true,189,3,120,116,17,8,41,5,0,1,56,1,36,19,48,9,2,75,1,54,19,34,4,3,58,1,30,3,34,4,3,188,3,120,54,36,0,14,32,69,54,2,15,22,65,30,1,6,46
392232,2009,2009-05-19,New Wanderers Stadium,Johannesburg,Delhi Daredevils,Delhi Capitals,Royal Challengers Bangalore,Royal Challengers Bengaluru,1,true,Delhi Capitals,bat,Royal Challengers Bengaluru,false,134,7,120,38,8,1,36,3,3,0,37,3,36,19,22,4,1,52,2,54,14,8,2,0,45,2,30,3,8,2,0,135,3,114,27,36,1,23,18,75,54,2,10,30,33,24,0,8,14
392232,2009,2009-05-19,New Wanderers Stadium,Johannesburg,Royal Challengers Bangalore,Royal Challengers Bengaluru,Delhi Daredevils,Delhi Capitals,2,false,Delhi Capitals,bat,Royal Challengers Bengaluru,true,135,3,114,62,8,5,41,3,0,2,27,1,36,23,18,3,1,75,2,54,10,30,3,3,33,0,24,8,14,2,1,134,7,120,37,36,3,19,22,52,54,2,14,8,45,30,2,3,8
392233,2009,2009-05-20,Kingsmead,Durban,Rajasthan Royals,Rajasthan Royals,Kolkata Knight Riders,Kolkata Knight Riders,1,true,Kolkata Knight Riders,field,Kolkata Knight Riders,false,101,9,120,46,7,3,65,5,3,0,46,4,36,23,38,5,3,33,3,54,29,4,1,0,22,2,30,13,4,1,0,102,6,117,29,36,3,25,20,36,54,3,31,14,37,27,0,6,14
392233,2009,2009-05-20,Kingsmead,Durban,Kolkata Knight Riders,Kolkata Knight Riders,Rajasthan Royals,Rajasthan Royals,2,false,Kolkata Knight Riders,field,Kolkata Knight Riders,true,102,6,117,48,9,2,62,5,1,1,29,3,36,25,20,5,0,36,3,54,31,14,2,1,37,0,27,6,14,2,1,101,9,120,46,36,4,23,38,33,54,3,29,4,22,30,2,13,4
392234,2009,2009-05-20,Kingsmead,Durban,Chennai Super Kings,Chennai Super Kings,Kings XI Punjab,Punjab Kings,1,true,Chennai Super Kings,bat,Chennai Super Kings,true,116,9,120,56,11,2,53,7,2,0,50,1,36,15,38,8,1,46,5,54,23,14,2,1,20,3,30,15,4,1,0,92,8,120,29,36,1,21,14,30,54,3,26,0,33,30,4,13,12
392234,2009,2009-05-20,Kingsmead,Durban,Kings XI Punjab,Punjab Kings,Chennai Super Kings,Chennai Super Kings,2,false,Chennai Super Kings,bat,Chennai Super Kings,false,92,8,120,26,5,1,60,6,3,0,29,1,36,21,14,2,1,30,3,54,26,0,0,0,33,4,30,13,12,3,0,116,9,120,50,36,1,15,38,46,54,5,23,14,20,30,3,15,4
392235,2009,2009-05-21,SuperSport Park,Centurion,Mumbai Indians,Mumbai Indians,Delhi Daredevils,Delhi Capitals,1,true,Delhi Capitals,field,Delhi Capitals,false,165,8,120,84,18,2,45,24,11,1,30,3,36,24,16,4,0,79,2,54,15,36,9,0,56,3,30,6,32,5,2,166,6,105,60,36,1,9,42,86,54,3,19,48,20,15,2,8,14
392235,2009,2009-05-21,SuperSport Park,Centurion,Delhi Daredevils,Delhi Capitals,Mumbai Indians,Mumbai Indians,2,false,Delhi Capitals,field,Delhi Capitals,true,166,6,105,104,17,6,36,9,8,1,60,1,36,9,42,9,1,86,3,54,19,48,6,4,20,2,15,8,14,2,1,165,8,120,30,36,3,24,16,79,54,2,15,36,56,30,3,6,32
392236,2009,2009-05-21,SuperSport Park,Centurion,Royal Challengers Bangalore,Royal Challengers Bengaluru,Deccan Chargers,Deccan Chargers,1,true,Royal Challengers Bengaluru,bat,Royal Challengers Bengaluru,true,170,4,120,94,13,7,45,2,1,0,33,1,36,21,16,4,0,83,2,54,16,46,7,3,54,1,30,8,32,2,4,158,6,120,64,36,0,14,44,55,54,3,18,14,39,30,3,5,12
392236,2009,2009-05-21,SuperSport Park,Centurion,Deccan Chargers,Deccan Chargers,Royal Challengers Bangalore,Royal Challengers Bengaluru,2,false,Royal Challengers Bengaluru,bat,Royal Challengers Bengaluru,false,158,6,120,70,10,5,37,13,6,0,64,0,36,14,44,5,4,55,3,54,18,14,2,1,39,3,30,5,12,3,0,170,4,120,33,36,1,21,16,83,54,2,16,46,54,30,1,8,32
392237,2009,2009-05-22,SuperSport Park,Centurion,Delhi Daredevils,Delhi Capitals,Deccan Chargers,Deccan Chargers,1,true,Deccan Chargers,field,Deccan Chargers,false,153,8,120,76,13,4,46,10,4,1,49,2,36,21,34,7,1,60,1,54,17,20,5,0,44,5,30,8,22,1,3,154,4,106,84,36,1,12,66,62,54,3,20,30,8,16,0,9,0
392237,2009,2009-05-22,SuperSport Park,Centurion,Deccan Chargers,Deccan Chargers,Delhi Daredevils,Delhi Capitals,2,false,Deccan Chargers,field,Deccan Chargers,true,154,4,106,96,15,6,41,6,4,2,84,1,36,12,66,9,5,62,3,54,20,30,6,1,8,0,16,9,0,0,0,153,8,120,49,36,2,21,34,60,54,1,17,20,44,30,5,8,22
392238,2009,2009-05-23,New Wanderers Stadium,Johannesburg,Chennai Super Kings,Chennai Super Kings,Royal Challengers Bangalore,Royal Challengers Bengaluru,1,true,Royal Challengers Bengaluru,field,Royal Challengers Bengaluru,false,146,5,120,68,11,4,40,6,3,0,52,0,36,13,36,9,0,55,3,54,20,16,1,2,39,2,30,7,16,1,2,149,4,113,59,36,2,16,44,51,54,1,20,16,39,23,1,10,28
392238,2009,2009-05-23,New Wanderers Stadium,Johannesburg,Royal Challengers Bangalore,Royal Challengers Bengaluru,Chennai Super Kings,Chennai Super Kings,2,false,Royal Challengers Bengaluru,field,Royal Challengers Bengaluru,true,149,4,113,88,16,4,46,5,0,2,59,2,36,16,44,11,0,51,1,54,20,16,4,0,39,1,23,10,28,1,4,146,5,120,52,36,0,13,36,55,54,3,20,16,39,30,2,7,16
392239,2009,2009-05-24,New Wanderers Stadium,Johannesburg,Deccan Chargers,Deccan Chargers,Royal Challengers Bangalore,Royal Challengers Bengaluru,1,true,Royal Challengers Bengaluru,field,Deccan Chargers,true,143,6,120,60,9,4,47,8,6,0,31,2,36,21,12,3,0,70,1,54,19,34,4,3,42,3,30,7,14,2,1,137,9,120,36,36,1,21,24,67,54,5,20,32,34,30,3,12,14
392239,2009,2009-05-24,New Wanderers Stadium,Johannesburg,Royal Challengers Bangalore,Royal Challengers Bengaluru,Deccan Chargers,Deccan Chargers,2,false,Royal Challengers Bengaluru,field,Deccan Chargers,false,137,9,120,70,10,5,53,10,1,0,36,1,36,21,24,3,2,67,5,54,20,32,5,2,34,3,30,12,14,2,1,143,6,120,31,36,2,21,12,70,54,1,19,34,42,30,3,7,14
419106,2010,2010-03-12,Dr DY Patil Sports Academy,Mumbai,Kolkata Knight Riders,Kolkata Knight Riders,Deccan Chargers,Deccan Chargers,1,true,Deccan Chargers,field,Kolkata Knight Riders,true,161,4,120,92,11,8,50,15,6,1,38,4,36,23,24,3,2,54,0,54,21,18,3,1,69,0,30,6,50,5,5,150,7,120,62,36,1,11,38,60,54,3,20,22,28,30,3,14,8
419106,2010,2010-03-12,Dr DY Patil Sports Academy,Mumbai,Deccan Chargers,Deccan Chargers,Kolkata Knight Riders,Kolkata Knight Riders,2,false,Deccan Chargers,field,Kolkata Knight Riders,false,150,7,120,68,11,4,45,12,5,2,62,1,36,11,38,5,3,60,3,54,20,22,4,1,28,3,30,14,8,2,0,161,4,120,38,36,4,23,24,54,54,0,21,18,69,30,0,6,50
419107,2010,2010-03-13,Brabourne Stadium,Mumbai,Mumbai Indians,Mumbai Indians,Rajasthan Royals,Rajasthan Royals,1,true,Mumbai Indians,bat,Mumbai Indians,true,212,7,120,128,23,6,33,16,13,0,69,1,36,15,48,9,2,90,2,54,12,54,9,3,53,4,30,6,26,5,1,208,7,120,39,36,2,17,24,104,54,2,14,74,65,30,3,4,40
419107,2010,2010-03-13,Brabourne Stadium,Mumbai,Rajasthan Royals,Rajasthan Royals,Mumbai Indians,Mumbai Indians,2,false,Mumbai Indians,bat,Mumbai Indians,false,208,7,120,138,18,11,35,5,5,0,39,2,36,17,24,6,0,104,2,54,14,74,8,7,65,3,30,4,40,4,4,212,7,120,69,36,1,15,48,90,54,2,12,54,53,30,4,6,26
419108,2010,2010-03-13,"Punjab Cricket Association IS Bindra Stadium, Mohali",Chandigarh,Kings XI Punjab,Punjab Kings,Delhi Daredevils,Delhi Capitals,1,true,Delhi Capitals,field,Delhi Capitals,false,142,9,120,68,14,2,52,13,5,0,44,3,36,20,24,3,2,69,3,54,17,36,9,0,29,3,30,15,8,2,0,146,5,119,39,36,2,19,20,66,54,2,18,32,41,29,1,7,18
419108,2010,2010-03-13,"Punjab Cricket Association IS Bindra Stadium, Mohali",Chandigarh,Delhi Daredevils,Delhi Capitals,Kings XI Punjab,Punjab Kings,2,false,Delhi Capitals,field,Delhi Capitals,true,146,5,119,70,16,1,44,7,2,0,39,2,36,19,20,5,0,66,2,54,18,32,8,0,41,1,29,7,18,3,1,142,9,120,44,36,3,20,24,69,54,3,17,36,29,30,3,15,8
419109,2010,2010-03-14,Eden Gardens,Kolkata,Royal Challengers Bangalore,Royal Challengers Bengaluru,Kolkata Knight Riders,Kolkata Knight Riders,1,true,Kolkata Knight Riders,field,Kolkata Knight Riders,false,135,7,120,64,13,2,44,5,1,1,24,3,36,26,16,4,0,65,2,54,11,22,4,1,46,2,30,7,26,5,1,136,3,116,61,36,0,13,44,55,54,2,22,20,20,26,1,15,10
419109,2010,2010-03-14,Eden Gardens,Kolkata,Kolkata Knight Riders,Kolkata Knight Riders,Royal Challengers Bangalore,Royal Challengers Bengaluru,2,false,Kolkata Knight Riders,field,Kolkata Knight Riders,true,136,3,116,74,14,3,50,6,5,0,61,0,36,13,44,8,2,55,2,54,22,20,5,0,20,1,26,15,10,1,1,135,7,120,24,36,3,26,16,65,54,2,11,22,46,30,2,7,26
419110,2010,2010-03-14,MA Chidambaram Stadium,Chennai,Deccan Chargers,Deccan Chargers,Chennai Super Kings,Chennai Super Kings,1,true,Deccan Chargers,bat,Deccan Chargers,true,190,4,120,120,18,8,42,16,9,2,57,2,36,16,42,6,3,70,0,54,21,36,6,2,63,2,30,5,42,6,3,159,9,120,34,36,4,22,22,74,54,2,14,34,51,30,3,8,32
419110,2010,2010-03-14,MA Chidambaram Stadium,Chennai,Chennai Super Kings,Chennai Super Kings,Deccan Chargers,Deccan Chargers,2,false,Deccan Chargers,bat,Deccan Chargers,false,159,9,120,88,7,10,44,3,3,0,34,4,36,22,22,1,3,74,2,54,14,34,4,3,51,3,30,8,32,2,4,190,4,120,57,36,2,16,42,70,54,0,21,36,63,30,2,5,42
419111,2010,2010-03-15,Narendra Modi Stadium,Ahmedabad,Rajasthan Royals,Rajasthan Royals,Delhi Daredevils,Delhi Capitals,1,true,Delhi Capitals,field,Delhi Capitals,false,141,6,120,80,14,4,54,5,5,0,47,3,36,20,38,8,1,44,1,54,29,14,2,1,50,2,30,5,28,4,2,142,4,103,60,36,2,13,40,71,54,2,15,34,11,13,0,6,4
419111,2010,2010-03-15,Narendra Modi Stadium,Ahmedabad,Delhi Daredevils,Delhi Capitals,Rajasthan Royals,Rajasthan Royals,2,false,Delhi Capitals,field,Delhi Capitals,true,142,4,103,78,12,5,34,9,5,0,60,2,36,13,40,7,2,71,2,54,15,34,4,3,11,0,13,6,4,1,0,141,6,120,47,36,3,20,38,44,54,1,29,14,50,30,2,5,28
419112,2010,2010-03-16,M Chinnaswamy Stadium,Bengaluru,Kings XI Punjab,Punjab Kings,Royal Challengers Bangalore,Royal Challengers Bengaluru,1,true,Punjab Kings,bat,Royal Challengers Bengaluru,false,203,3,120,122,20,7,36,13,9,1,50,0,36,18,32,5,2,83,1,54,14,42,6,3,70,2,30,4,48,9,2,204,2,113,61,36,0,16,42,88,54,2,16,56,55,23,0,4,40
419112,2010,2010-03-16,M Chinnaswamy Stadium,Bengaluru,Royal Challengers Bangalore,Royal Challengers Bengaluru,Kings XI Punjab,Punjab Kings,2,false,Punjab Kings,bat,Royal Challengers Bengaluru,true,204,2,113,138,15,13,36,10,4,5,61,0,36,16,42,6,3,88,2,54,16,56,5,6,55,0,23,4,40,4,4,203,3,120,50,36,0,18,32,83,54,1,14,42,70,30,2,4,48
419113,2010,2010-03-16,Eden Gardens,Kolkata,Chennai Super Kings,Chennai Super Kings,Kolkata Knight Riders,Kolkata Knight Riders,1,true,Chennai Super Kings,bat,Chennai Super Kings,true,164,3,120,88,16,4,40,3,1,0,31,1,36,20,20,5,0,65,2,54,16,22,4,1,68,0,30,4,46,7,3,109,10,116,45,36,3,20,36,45,54,6,25,16,19,26,1,12,4
419113,2010,2010-03-16,Eden Gardens,Kolkata,Kolkata Knight Riders,Kolkata Knight Riders,Chennai Super Kings,Chennai Super Kings,2,false,Chennai Super Kings,bat,Chennai Super Kings,false,109,10,116,56,14,0,57,8,3,0,45,3,36,20,36,9,0,45,6,54,25,16,4,0,19,1,26,12,4,1,0,164,3,120,31,36,1,20,20,65,54,2,16,22,68,30,0,4,46
419114,2010,2010-03-17,Feroz Shah Kotla,Delhi,Mumbai Indians,Mumbai Indians,Delhi Daredevils,Delhi Capitals,1,true,Delhi Capitals,field,Mumbai Indians,true,218,7,120,130,19,9,30,17,11,2,67,1,36,11,46,10,1,98,2,54,9,50,5,5,53,4,30,10,34,4,3,120,9,99,56,36,1,9,36,63,54,7,25,32,1,9,1,8,0
419114,2010,2010-03-17,Feroz Shah Kotla,Delhi,Delhi Daredevils,Delhi Capitals,Mumbai Indians,Mumbai Indians,2,false,Delhi Capitals,field,Mumbai Indians,false,120,9,99,68,14,2,42,11,8,0,56,1,36,9,36,9,0,63,7,54,25,32,5,2,1,1,9,8,0,0,0,218,7,120,67,36,1,11,46,98,54,2,9,50,53,30,4,10,34
419115,2010,2010-03-18,M Chinnaswamy Stadium,Bengaluru,Rajasthan Royals,Rajasthan Royals,Royal Challengers Bangalore,Royal Challengers Bengaluru,1,true,Royal Challengers Bengaluru,field,Royal Challengers Bengaluru,false,92,10,119,32,5,2,64,7,4,1,31,1,36,18,8,2,0,47,3,54,25,20,2,2,14,6,29,21,4,1,0,93,0,64,59,36,0,15,44,34,28,0,12,18,0,0,0,0,0
419115,2010,2010-03-18,M Chinnaswamy Stadium,Bengaluru,Royal Challengers Bangalore,Royal Challengers Bengaluru,Rajasthan Royals,Rajasthan Royals,2,false,Royal Challengers Bengaluru,field,Royal Challengers Bengaluru,true,93,0,64,62,14,1,27,7,7,0,59,0,36,15,44,11,0,34,0,28,12,18,3,1,0,0,0,0,0,0,0,92,10,119,31,36,1,18,8,47,54,3,25,20,14,29,6,21,4
419116,2010,2010-03-19,Feroz Shah Kotla,Delhi,Delhi Daredevils,Delhi Capitals,Chennai Super Kings,Chennai Super Kings,1,true,Delhi Capitals,bat,Chennai Super Kings,false,185,6,120,114,21,5,34,10,5,1,52,1,36,18,42,9,1,87,3,54,11,48,9,2,46,2,30,5,24,3,2,190,5,115,56,36,1,17,46,97,54,2,16,66,37,25,2,8,22
419116,2010,2010-03-19,Feroz Shah Kotla,Delhi,Chennai Super Kings,Chennai Super Kings,Delhi Daredevils,Delhi Capitals,2,false,Delhi Capitals,bat,Chennai Super Kings,true,190,5,115,134,17,11,41,10,8,0,56,1,36,17,46,10,1,97,2,54,16,66,6,7,37,2,25,8,22,1,3,185,6,120,52,36,1,18,42,87,54,3,11,48,46,30,2,5,24
419117,2010,2010-03-19,Barabati Stadium,Cuttack,Deccan Chargers,Deccan Chargers,Kings XI Punjab,Punjab Kings,1,true,Punjab Kings,field,Deccan Chargers,true,170,8,120,94,13,7,35,1,1,0,56,2,36,12,36,6,2,69,3,54,17,38,5,3,45,3,30,6,20,2,2,164,8,120,27,36,3,26,20,71,54,3,18,36,66,30,2,6,46
419117,2010,2010-03-19,Barabati Stadium,Cuttack,Kings XI Punjab,Punjab Kings,Deccan Chargers,Deccan Chargers,2,false,Punjab Kings,field,Deccan Chargers,false,164,8,120,102,18,5,50,12,2,0,27,3,36,26,20,5,0,71,3,54,18,36,6,2,66,2,30,6,46,7,3,170,8,120,56,36,2,12,36,69,54,3,17,38,45,30,3,6,20
419118,2010,2010-03-20,Narendra Modi Stadium,Ahmedabad,Rajasthan Royals,Rajasthan Royals,Kolkata Knight Riders,Kolkata Knight Riders,1,true,Rajasthan Royals,bat,Rajasthan Royals,true,168,7,120,92,20,2,34,8,3,0,56,2,36,13,40,10,0,68,2,54,16,32,8,0,44,3,30,5,20,2,2,134,5,120,38,36,1,19,28,61,54,2,11,16,35,30,2,12,16
419118,2010,2010-03-20,Narendra Modi Stadium,Ahmedabad,Kolkata Knight Riders,Kolkata Knight Riders,Rajasthan Royals,Rajasthan Royals,2,false,Rajasthan Royals,bat,Rajasthan Royals,false,134,5,120,60,12,2,42,5,1,0,38,1,36,19,28,7,0,61,2,54,11,16,4,0,35,2,30,12,16,1,2,168,7,120,56,36,2,13,40,68,54,2,16,32,44,30,3,5,20
419119,2010,2010-03-20,Brabourne Stadium,Mumbai,Mumbai Indians,Mumbai Indians,Royal Challengers Bangalore,Royal Challengers Bengaluru,1,true,Mumbai Indians,bat,Royal Challengers Bengaluru,false,151,9,120,76,16,2,48,14,4,0,45,2,36,18,24,6,0,57,4,54,20,20,5,0,49,3,30,10,32,5,2,155,3,115,55,36,0,13,38,62,54,2,19,32,38,25,1,7,20
419119,2010,2010-03-20,Brabourne Stadium,Mumbai,Royal Challengers Bangalore,Royal Challengers Bengaluru,Mumbai Indians,Mumbai Indians,2,false,Mumbai Indians,bat,Royal Challengers Bengaluru,true,155,3,115,90,15,5,39,2,0,0,55,0,36,13,38,8,1,62,2,54,19,32,5,2,38,1,25,7,20,2,2,151,9,120,45,36,2,18,24,57,54,4,20,20,49,30,3,10,32
419120,2010,2010-03-21,Barabati Stadium,Cuttack,Deccan Chargers,Deccan Chargers,Delhi Daredevils,Delhi Capitals,1,true,Deccan Chargers,bat,Deccan Chargers,true,171,6,120,114,15,9,46,2,0,1,47,2,36,19,36,6,2,68,2,54,19,42,6,3,56,2,30,8,36,3,4,161,9,120,48,36,1,17,36,68,54,3,12,24,45,30,5,9,28
419120,2010,2010-03-21,Barabati Stadium,Cuttack,Delhi Daredevils,Delhi Capitals,Deccan Chargers,Deccan Chargers,2,false,Deccan Chargers,bat,Deccan Chargers,false,161,9,120,88,13,6,38,4,1,0,48,1,36,17,36,6,2,68,3,54,12,24,3,2,45,5,30,9,28,4,2,171,6,120,47,36,2,19,36,68,54,2,19,42,56,30,2,8,36
419121,2010,2010-03-21,MA Chidambaram Stadium,Chennai,Kings XI Punjab,Punjab Kings,Chennai Super Kings,Chennai Super Kings,1,true,Chennai Super Kings,field,Unknown,false,136,8,120,74,14,3,50,4,2,0,38,1,36,19,24,6,0,60,3,54,21,30,3,3,38,4,30,10,20,5,0,136,7,120,42,36,0,19,26,67,54,4,17,32,27,30,3,14,8
419121,2010,2010-03-21,MA Chidambaram Stadium,Chennai,Chennai Super Kings,Chennai Super Kings,Kings XI Punjab,Punjab Kings,2,false,Chennai Super Kings,field,Unknown,false,136,7,120,66,9,5,50,13,7,1,42,0,36,19,26,5,1,67,4,54,17,32,2,4,27,3,30,14,8,2,0,136,8,120,38,36,1,19,24,60,54,3,21,30,38,30,4,10,20
419121,2010,2010-03-21,MA Chidambaram Stadium,Chennai,Chennai Super Kings,Chennai Super Kings,Kings XI Punjab,Punjab Kings,3,false,Chennai Super Kings,field,Unknown,false,9,2,5,6,0,1,2,0,0,0,9,2,5,2,6,0,1,0,0,0,0,0,0,0,0,0,0,0,0,0,0,136,8,120,38,36,1,19,24,60,54,3,21,30,38,30,4,10,20
419121,2010,2010-03-21,MA Chidambaram Stadium,Chennai,Kings XI Punjab,Punjab Kings,Kings XI Punjab,Punjab Kings,4,false,Chennai Super Kings,field,Unknown,false,10,1,4,10,1,1,2,0,0,0,10,1,4,2,10,1,1,0,0,0,0,0,0,0,0,0,0,0,0,0,0,136,8,120,38,36,1,19,24,60,54,3,21,30,38,30,4,10,20
419122,2010,2010-03-22,Brabourne Stadium,Mumbai,Kolkata Knight Riders,Kolkata Knight Riders,Mumbai Indians,Mumbai Indians,1,true,Kolkata Knight Riders,bat,Mumbai Indians,false,155,3,120,72,15,2,38,15,6,0,41,0,36,22,28,7,0,61,1,54,12,18,3,1,53,2,30,4,26,5,1,156,3,111,57,36,0,16,44,65,54,2,18,30,34,21,1,3,16
419122,2010,2010-03-22,Brabourne Stadium,Mumbai,Mumbai Indians,Mumbai Indians,Kolkata Knight Riders,Kolkata Knight Riders,2,false,Kolkata Knight Riders,bat,Mumbai Indians,true,156,3,111,90,21,1,37,4,4,0,57,0,36,16,44,11,0,65,2,54,18,30,6,1,34,1,21,3,16,4,0,155,3,120,41,36,0,22,28,61,54,1,12,18,53,30,2,4,26
419123,2010,2010-03-23,M Chinnaswamy Stadium,Bengaluru,Royal Challengers Bangalore,Royal Challengers Bengaluru,Chennai Super Kings,Chennai Super Kings,1,true,Chennai Super Kings,field,Royal Challengers Bengaluru,true,171,5,120,104,14,8,46,14,3,1,38,1,36,19,24,6,0,66,2,54,20,28,7,0,67,2,30,7,52,1,8,135,7,120,29,36,1,22,12,66,54,4,22,38,40,30,2,10,24
419123,2010,2010-03-23,M Chinnaswamy Stadium,Bengaluru,Chennai Super Kings,Chennai Super Kings,Royal Challengers Bangalore,Royal Challengers Bengaluru,2,false,Chennai Super Kings,field,Royal Challengers Bengaluru,false,135,7,120,74,14,3,54,11,6,0,29,1,36,22,12,3,0,66,4,54,22,38,8,1,40,2,30,10,24,3,2,171,5,120,38,36,1,19,24,66,54,2,20,28,67,30,2,7,52
419124,2010,2010-03-24,"Punjab Cricket Association IS Bindra Stadium, Mohali",Chandigarh,Rajasthan Royals,Rajasthan Royals,Kings XI Punjab,Punjab Kings,1,true,Punjab Kings,field,Rajasthan Royals,true,183,5,120,102,21,3,35,10,5,2,53,1,36,15,36,9,0,80,2,54,13,36,6,2,50,2,30,7,30,6,1,152,10,115,76,36,1,10,56,51,54,5,16,10,25,25,4,12,10
419124,2010,2010-03-24,"Punjab Cricket Association IS Bindra Stadium, Mohali",Chandigarh,Kings XI Punjab,Punjab Kings,Rajasthan Royals,Rajasthan Royals,2,false,Punjab Kings,field,Rajasthan Royals,false,152,10,115,76,13,4,38,6,3,1,76,1,36,10,56,11,2,51,5,54,16,10,1,1,25,4,25,12,10,1,1,183,5,120,53,36,1,15,36,80,54,2,13,36,50,30,2,7,30
419125,2010,2010-03-25,Brabourne Stadium,Mumbai,Chennai Super Kings,Chennai Super Kings,Mumbai Indians,Mumbai Indians,1,true,Mumbai Indians,field,Mumbai Indians,false,180,2,120,90,18,3,30,14,9,1,51,2,36,16,30,6,1,75,0,54,13,34,7,1,54,0,30,1,26,5,1,181,5,114,63,36,0,13,36,70,54,3,16,28,48,24,2,6,36
419125,2010,2010-03-25,Brabourne Stadium,Mumbai,Mumbai Indians,Mumbai Indians,Chennai Super Kings,Chennai Super Kings,2,false,Mumbai Indians,field,Mumbai Indians,true,181,5,114,100,16,6,35,14,9,1,63,0,36,13,36,6,2,70,3,54,16,28,4,2,48,2,24,6,36,6,2,180,2,120,51,36,2,16,30,75,54,0,13,34,54,30,0,1,26
419128,2010,2010-03-25,M Chinnaswamy Stadium,Bengaluru,Delhi Daredevils,Delhi Capitals,Royal Challengers Bangalore,Royal Challengers Bengaluru,1,true,Royal Challengers Bengaluru,field,Delhi Capitals,true,183,4,120,90,15,5,31,8,7,0,64,2,36,11,40,7,2,64,1,54,12,22,4,1,55,1,30,8,28,4,2,166,9,120,46,36,0,12,20,75,54,5,12,36,45,30,4,7,22
419128,2010,2010-03-25,M Chinnaswamy Stadium,Bengaluru,Royal Challengers Bangalore,Royal Challengers Bengaluru,Delhi Daredevils,Delhi Capitals,2,false,Royal Challengers Bengaluru,field,Delhi Capitals,false,166,9,120,78,15,3,31,16,4,1,46,0,36,12,20,5,0,75,5,54,12,36,6,2,45,4,30,7,22,4,1,183,4,120,64,36,2,11,40,64,54,1,12,22,55,30,1,8,28
419126,2010,2010-03-26,Narendra Modi Stadium,Ahmedabad,Deccan Chargers,Deccan Chargers,Rajasthan Royals,Rajasthan Royals,1,true,Deccan Chargers,bat,Rajasthan Royals,false,148,9,120,68,8,6,40,11,7,0,55,2,36,13,36,6,2,53,4,54,18,14,2,1,40,3,30,9,18,0,3,151,2,94,54,36,0,15,38,85,54,2,18,48,12,4,0,2,12
419126,2010,2010-03-26,Narendra Modi Stadium,Ahmedabad,Rajasthan Royals,Rajasthan Royals,Deccan Chargers,Deccan Chargers,2,false,Deccan Chargers,bat,Rajasthan Royals,true,151,2,94,98,11,9,35,11,7,0,54,0,36,15,38,8,1,85,2,54,18,48,3,6,12,0,4,2,12,0,2,148,9,120,55,36,2,13,36,53,54,4,18,14,40,30,3,9,18
419127,2010,2010-03-27,"Punjab Cricket Association IS Bindra Stadium, Mohali",Chandigarh,Kolkata Knight Riders,Kolkata Knight Riders,Kings XI Punjab,Punjab Kings,1,true,Kolkata Knight Riders,bat,Kolkata Knight Riders,true,183,5,120,98,20,3,40,18,8,2,50,2,36,21,32,8,0,76,1,54,14,34,7,1,57,2,30,5,32,5,2,144,6,120,42,36,2,19,26,60,54,3,17,20,42,30,1,9,24
419127,2010,2010-03-27,"Punjab Cricket Association IS Bindra Stadium, Mohali",Chandigarh,Kings XI Punjab,Punjab Kings,Kolkata Knight Riders,Kolkata Knight Riders,2,false,Kolkata Knight Riders,bat,Kolkata Knight Riders,false,144,6,120,70,13,3,45,6,5,0,42,2,36,19,26,5,1,60,3,54,17,20,5,0,42,1,30,9,24,3,2,183,5,120,50,36,2,21,32,76,54,1,14,34,57,30,2,5,32
419129,2010,2010-03-28,Narendra Modi Stadium,Ahmedabad,Rajasthan Royals,Rajasthan Royals,Chennai Super Kings,Chennai Super Kings,1,true,Rajasthan Royals,bat,Rajasthan Royals,true,177,8,120,102,15,7,36,3,2,0,58,1,36,15,42,6,3,71,2,54,12,28,4,2,48,5,30,9,32,5,2,160,6,120,58,36,1,13,38,61,54,2,14,20,41,30,3,9,22
419129,2010,2010-03-28,Narendra Modi Stadium,Ahmedabad,Chennai Super Kings,Chennai Super Kings,Rajasthan Royals,Rajasthan Royals,2,false,Rajasthan Royals,bat,Rajasthan Royals,false,160,6,120,80,11,6,36,6,3,0,58,1,36,13,38,5,3,61,2,54,14,20,5,0,41,3,30,9,22,1,3,177,8,120,58,36,1,15,42,71,54,2,12,28,48,30,5,9,32
419130,2010,2010-03-28,Dr DY Patil Sports Academy,Mumbai,Mumbai Indians,Mumbai Indians,Deccan Chargers,Deccan Chargers,1,true,Deccan Chargers,field,Mumbai Indians,true,172,7,120,114,24,3,50,10,5,4,52,1,36,20,38,8,1,48,5,54,24,20,5,0,72,1,30,6,56,11,2,131,10,106,50,36,4,19,34,72,54,3,19,38,9,16,3,9,0
419130,2010,2010-03-28,Dr DY Patil Sports Academy,Mumbai,Deccan Chargers,Deccan Chargers,Mumbai Indians,Mumbai Indians,2,false,Deccan Chargers,field,Mumbai Indians,false,131,10,106,72,9,6,47,11,4,0,50,4,36,19,34,4,3,72,3,54,19,38,5,3,9,3,16,9,0,0,0,172,7,120,52,36,1,20,38,48,54,5,24,20,72,30,1,6,56
419131,2010,2010-03-29,Feroz Shah Kotla,Delhi,Delhi Daredevils,Delhi Capitals,Kolkata Knight Riders,Kolkata Knight Riders,1,true,Delhi Capitals,bat,Delhi Capitals,true,177,4,120,102,15,7,34,4,3,1,62,3,36,14,48,9,2,73,0,54,13,32,5,2,42,1,30,7,22,1,3,137,9,120,36,36,3,21,24,62,54,2,17,26,39,30,4,6,12
419131,2010,2010-03-29,Feroz Shah Kotla,Delhi,Kolkata Knight Riders,Kolkata Knight Riders,Delhi Daredevils,Delhi Capitals,2,false,Delhi Capitals,bat,Delhi Capitals,false,137,9,120,62,11,3,44,11,5,1,36,3,36,21,24,3,2,62,2,54,17,26,5,1,39,4,30,6,12,3,0,177,4,120,62,36,3,14,48,73,54,0,13,32,42,30,1,7,22
419132,2010,2010-03-30,Brabourne Stadium,Mumbai,Kings XI Punjab,Punjab Kings,Mumbai Indians,Mumbai Indians,1,true,Mumbai Indians,field,Mumbai Indians,false,163,10,120,62,14,1,37,21,10,1,48,2,36,18,20,5,0,70,2,54,10,22,4,1,45,6,30,9,20,5,0,164,6,117,45,36,1,17,24,73,54,2,16,32,46,27,3,7,24
419132,2010,2010-03-30,Brabourne Stadium,Mumbai,Mumbai Indians,Mumbai Indians,Kings XI Punjab,Punjab Kings,2,false,Mumbai Indians,field,Mumbai Indians,true,164,6,117,80,14,4,40,17,15,0,45,1,36,17,24,6,0,73,2,54,16,32,5,2,46,3,27,7,24,3,2,163,10,120,48,36,2,18,20,70,54,2,10,22,45,30,6,9,20
419133,2010,2010-03-31,MA Chidambaram Stadium,Chennai,Royal Challengers Bangalore,Royal Challengers Bengaluru,Chennai Super Kings,Chennai Super Kings,1,true,Royal Challengers Bengaluru,bat,Chennai Super Kings,false,161,4,120,94,16,5,41,5,4,0,52,1,36,15,36,6,2,65,1,54,16,30,6,1,44,2,30,10,28,4,2,162,5,113,56,36,0,12,36,69,54,2,17,34,37,23,3,6,14
419133,2010,2010-03-31,MA Chidambaram Stadium,Chennai,Chennai Super Kings,Chennai Super Kings,Royal Challengers Bangalore,Royal Challengers Bengaluru,2,false,Royal Challengers Bengaluru,bat,Chennai Super Kings,true,162,5,113,84,9,8,35,10,2,2,56,0,36,12,36,3,4,69,2,54,17,34,4,3,37,3,23,6,14,2,1,161,4,120,52,36,1,15,36,65,54,1,16,30,44,30,2,10,28
419134,2010,2010-03-31,Feroz Shah Kotla,Delhi,Delhi Daredevils,Delhi Capitals,Rajasthan Royals,Rajasthan Royals,1,true,Delhi Capitals,bat,Delhi Capitals,true,188,6,120,104,17,6,33,13,4,5,52,3,36,17,36,6,2,68,1,54,11,24,6,0,68,2,30,5,44,5,4,121,10,106,39,36,4,19,26,68,54,4,25,40,14,16,2,8,6
419134,2010,2010-03-31,Feroz Shah Kotla,Delhi,Rajasthan Royals,Rajasthan Royals,Delhi Daredevils,Delhi Capitals,2,false,Delhi Capitals,bat,Delhi Capitals,false,121,10,106,72,9,6,52,3,3,0,39,4,36,19,26,5,1,68,4,54,25,40,4,4,14,2,16,8,6,0,1,188,6,120,52,36,3,17,36,68,54,1,11,24,68,30,2,5,44
419135,2010,2010-04-01,Eden Gardens,Kolkata,Kolkata Knight Riders,Kolkata Knight Riders,Deccan Chargers,Deccan Chargers,1,true,Kolkata Knight Riders,bat,Kolkata Knight Riders,true,181,6,120,110,17,7,43,14,9,1,46,2,36,18,28,7,0,70,1,54,18,36,6,2,65,3,30,7,46,4,5,157,5,120,59,36,1,15,46,66,54,2,15,28,32,30,2,11,10
419135,2010,2010-04-01,Eden Gardens,Kolkata,Deccan Chargers,Deccan Chargers,Kolkata Knight Riders,Kolkata Knight Riders,2,false,Kolkata Knight Riders,bat,Kolkata Knight Riders,false,157,5,120,84,18,2,41,7,5,0,59,1,36,15,46,10,1,66,2,54,15,28,7,0,32,2,30,11,10,1,1,181,6,120,46,36,2,18,28,70,54,1,18,36,65,30,3,7,46
419136,2010,2010-04-02,"Punjab Cricket Association IS Bindra Stadium, Mohali",Chandigarh,Kings XI Punjab,Punjab Kings,Royal Challengers Bangalore,Royal Challengers Bengaluru,1,true,Punjab Kings,bat,Royal Challengers Bengaluru,false,181,5,120,98,20,3,36,11,7,1,41,1,36,19,32,8,0,78,2,54,14,34,7,1,62,2,30,3,32,5,2,184,4,115,51,36,1,12,28,71,54,1,10,26,62,25,2,3,38
419136,2010,2010-04-02,"Punjab Cricket Association IS Bindra Stadium, Mohali",Chandigarh,Royal Challengers Bangalore,Royal Challengers Bengaluru,Kings XI Punjab,Punjab Kings,2,false,Punjab Kings,bat,Royal Challengers Bengaluru,true,184,4,115,92,17,4,25,10,6,1,51,1,36,12,28,7,0,71,1,54,10,26,5,1,62,2,25,3,38,5,3,181,5,120,41,36,1,19,32,78,54,2,14,34,62,30,2,3,32
419137,2010,2010-04-03,MA Chidambaram Stadium,Chennai,Chennai Super Kings,Chennai Super Kings,Rajasthan Royals,Rajasthan Royals,1,true,Chennai Super Kings,bat,Chennai Super Kings,true,246,5,120,178,19,17,33,6,2,0,66,1,36,13,54,9,3,104,1,54,13,62,5,7,76,3,30,7,62,5,7,223,5,120,62,36,0,14,44,113,54,2,13,86,48,30,3,9,28
419137,2010,2010-04-03,MA Chidambaram Stadium,Chennai,Rajasthan Royals,Rajasthan Royals,Chennai Super Kings,Chennai Super Kings,2,false,Chennai Super Kings,bat,Chennai Super Kings,false,223,5,120,158,20,13,36,15,4,1,62,0,36,14,44,8,2,113,2,54,13,86,8,9,48,3,30,9,28,4,2,246,5,120,66,36,1,13,54,104,54,1,13,62,76,30,3,7,62
419138,2010,2010-04-03,Brabourne Stadium,Mumbai,Mumbai Indians,Mumbai Indians,Deccan Chargers,Deccan Chargers,1,true,Mumbai Indians,bat,Mumbai Indians,true,178,5,120,94,16,5,35,7,5,0,53,0,36,10,24,6,0,61,3,54,20,30,3,3,64,2,30,5,40,7,2,115,10,110,40,36,2,17,22,58,54,4,15,8,17,20,4,11,8
419138,2010,2010-04-03,Brabourne Stadium,Mumbai,Deccan Chargers,Deccan Chargers,Mumbai Indians,Mumbai Indians,2,false,Mumbai Indians,bat,Mumbai Indians,false,115,10,110,38,8,1,43,7,3,1,40,2,36,17,22,4,1,58,4,54,15,8,2,0,17,4,20,11,8,2,0,178,5,120,53,36,0,10,24,61,54,3,20,30,64,30,2,5,40
419139,2010,2010-04-04,Eden Gardens,Kolkata,Kolkata Knight Riders,Kolkata Knight Riders,Kings XI Punjab,Punjab Kings,1,true,Kolkata Knight Riders,bat,Punjab Kings,false,200,3,120,124,16,10,36,13,11,1,53,0,36,17,38,8,1,96,1,54,14,58,4,7,51,2,30,5,28,4,2,204,2,110,69,36,1,5,48,87,54,1,12,50,48,20,0,1,34
419139,2010,2010-04-04,Eden Gardens,Kolkata,Kings XI Punjab,Punjab Kings,Kolkata Knight Riders,Kolkata Knight Riders,2,false,Kolkata Knight Riders,bat,Punjab Kings,true,204,2,110,132,21,8,18,5,2,0,69,1,36,5,48,9,2,87,1,54,12,50,8,3,48,0,20,1,34,4,3,200,3,120,53,36,0,17,38,96,54,1,14,58,51,30,2,5,28
419140,2010,2010-04-04,Feroz Shah Kotla,Delhi,Delhi Daredevils,Delhi Capitals,Royal Challengers Bangalore,Royal Challengers Bengaluru,1,true,Delhi Capitals,bat,Delhi Capitals,true,184,5,120,122,14,11,45,8,2,1,54,2,36,18,44,8,2,71,3,54,20,38,2,5,59,0,30,7,40,4,4,147,9,120,38,36,1,18,22,73,54,3,14,34,36,30,5,8,16
419140,2010,2010-04-04,Feroz Shah Kotla,Delhi,Royal Challengers Bangalore,Royal Challengers Bengaluru,Delhi Daredevils,Delhi Capitals,2,false,Delhi Capitals,bat,Delhi Capitals,false,147,9,120,72,9,6,40,2,0,1,38,1,36,18,22,4,1,73,3,54,14,34,1,5,36,5,30,8,16,4,0,184,5,120,54,36,2,18,44,71,54,3,20,38,59,30,0,7,40
419141,2010,2010-04-05,"Vidarbha Cricket Association Stadium, Jamtha",Nagpur,Rajasthan Royals,Rajasthan Royals,Deccan Chargers,Deccan Chargers,1,true,Rajasthan Royals,bat,Rajasthan Royals,true,159,10,119,80,14,4,45,12,6,0,48,2,36,19,30,3,3,80,2,54,9,30,6,1,31,6,29,17,20,5,0,157,10,119,52,36,2,20,38,66,54,2,18,30,39,29,6,11,22
419141,2010,2010-04-05,"Vidarbha Cricket Association Stadium, Jamtha",Nagpur,Deccan Chargers,Deccan Chargers,Rajasthan Royals,Rajasthan Royals,2,false,Rajasthan Royals,bat,Rajasthan Royals,false,157,10,119,90,15,5,49,10,6,1,52,2,36,20,38,5,3,66,2,54,18,30,6,1,39,6,29,11,22,4,1,159,10,119,48,36,2,19,30,80,54,2,9,30,31,29,6,17,20
419142,2010,2010-04-06,MA Chidambaram Stadium,Chennai,Chennai Super Kings,Chennai Super Kings,Mumbai Indians,Mumbai Indians,1,true,Chennai Super Kings,bat,Chennai Super Kings,true,165,4,120,68,14,2,35,18,15,1,42,1,36,19,22,4,1,82,3,54,11,30,6,1,41,0,30,5,16,4,0,141,9,120,46,36,0,14,28,46,54,7,23,8,49,30,2,10,26
419142,2010,2010-04-06,MA Chidambaram Stadium,Chennai,Mumbai Indians,Mumbai Indians,Chennai Super Kings,Chennai Super Kings,2,false,Chennai Super Kings,bat,Chennai Super Kings,false,141,9,120,62,11,3,47,14,7,2,46,0,36,14,28,7,0,46,7,54,23,8,2,0,49,2,30,10,26,2,3,165,4,120,42,36,1,19,22,82,54,3,11,30,41,30,0,5,16
419143,2010,2010-04-07,Sawai Mansingh Stadium,Jaipur,Kings XI Punjab,Punjab Kings,Rajasthan Royals,Rajasthan Royals,1,true,Punjab Kings,bat,Rajasthan Royals,false,153,6,120,76,13,4,39,9,7,0,52,1,36,15,34,7,1,74,3,54,16,42,6,3,27,2,30,8,0,0,0,157,1,90,70,36,0,13,54,87,54,1,17,56,0,0,0,0,0
419143,2010,2010-04-07,Sawai Mansingh Stadium,Jaipur,Rajasthan Royals,Rajasthan Royals,Kings XI Punjab,Punjab Kings,2,false,Punjab Kings,bat,Rajasthan Royals,true,157,1,90,110,20,5,30,9,4,3,70,0,36,13,54,12,1,87,1,54,17,56,8,4,0,0,0,0,0,0,0,153,6,120,52,36,1,15,34,74,54,3,16,42,27,30,2,8,0
419144,2010,2010-04-07,Eden Gardens,Kolkata,Kolkata Knight Riders,Kolkata Knight Riders,Delhi Daredevils,Delhi Capitals,1,true,Kolkata Knight Riders,bat,Kolkata Knight Riders,true,181,3,120,104,17,6,38,7,6,0,50,0,36,18,36,9,0,76,3,54,12,34,4,3,55,0,30,8,34,4,3,167,8,120,44,36,1,15,28,91,54,3,10,48,32,30,4,10,12
419144,2010,2010-04-07,Eden Gardens,Kolkata,Delhi Daredevils,Delhi Capitals,Kolkata Knight Riders,Kolkata Knight Riders,2,false,Kolkata Knight Riders,bat,Kolkata Knight Riders,false,167,8,120,88,16,4,35,9,4,0,44,1,36,15,28,4,2,91,3,54,10,48,9,2,32,4,30,10,12,3,0,181,3,120,50,36,0,18,36,76,54,3,12,34,55,30,0,8,34
419145,2010,2010-04-08,M Chinnaswamy Stadium,Bengaluru,Royal Challengers Bangalore,Royal Challengers Bengaluru,Deccan Chargers,Deccan Chargers,1,true,Deccan Chargers,field,Deccan Chargers,false,184,6,120,108,15,8,46,15,14,0,46,1,36,20,28,4,2,61,3,54,19,16,4,0,77,2,30,7,64,7,6,186,3,116,32,36,1,20,20,93,54,2,12,54,61,26,0,2,42
419145,2010,2010-04-08,M Chinnaswamy Stadium,Bengaluru,Deccan Chargers,Deccan Chargers,Royal Challengers Bangalore,Royal Challengers Bengaluru,2,false,Deccan Chargers,field,Deccan Chargers,true,186,3,116,116,17,8,34,8,6,0,32,1,36,20,20,5,0,93,2,54,12,54,9,3,61,0,26,2,42,3,5,184,6,120,46,36,1,20,28,61,54,3,19,16,77,30,2,7,64
419146,2010,2010-04-09,"Punjab Cricket Association IS Bindra Stadium, Mohali",Chandigarh,Mumbai Indians,Mumbai Indians,Kings XI Punjab,Punjab Kings,1,true,Mumbai Indians,bat,Punjab Kings,false,154,9,120,72,15,2,33,4,1,0,51,2,36,12,32,8,0,58,3,54,16,18,3,1,45,4,30,5,22,4,1,158,4,116,56,36,1,15,46,60,54,1,18,26,42,26,2,9,26
419146,2010,2010-04-09,"Punjab Cricket Association IS Bindra Stadium, Mohali",Chandigarh,Kings XI Punjab,Punjab Kings,Mumbai Indians,Mumbai Indians,2,false,Mumbai Indians,bat,Punjab Kings,true,158,4,116,98,20,3,42,4,3,0,56,1,36,15,46,10,1,60,1,54,18,26,5,1,42,2,26,9,26,5,1,154,9,120,51,36,2,12,32,58,54,3,16,18,45,30,4,5,22
419147,2010,2010-04-10,"Vidarbha Cricket Association Stadium, Jamtha",Nagpur,Chennai Super Kings,Chennai Super Kings,Deccan Chargers,Deccan Chargers,1,true,Chennai Super Kings,bat,Deccan Chargers,false,138,8,120,54,9,3,41,8,3,0,55,1,36,13,34,7,1,55,3,54,18,16,1,2,28,4,30,10,4,1,0,139,4,115,37,36,2,20,18,65,54,1,23,34,37,25,1,7,16
419147,2010,2010-04-10,"Vidarbha Cricket Association Stadium, Jamtha",Nagpur,Deccan Chargers,Deccan Chargers,Chennai Super Kings,Chennai Super Kings,2,false,Chennai Super Kings,bat,Deccan Chargers,true,139,4,115,68,8,6,50,8,6,0,37,2,36,20,18,3,1,65,1,54,23,34,4,3,37,1,25,7,16,1,2,138,8,120,55,36,1,13,34,55,54,3,18,16,28,30,4,10,4
419148,2010,2010-04-10,M Chinnaswamy Stadium,Bengaluru,Kolkata Knight Riders,Kolkata Knight Riders,Royal Challengers Bangalore,Royal Challengers Bengaluru,1,true,Royal Challengers Bengaluru,field,Royal Challengers Bengaluru,false,160,9,120,100,13,8,52,11,10,0,61,1,36,14,46,7,3,63,3,54,25,36,6,2,36,5,30,13,18,0,3,162,3,103,48,36,1,12,24,72,54,2,16,32,42,13,0,3,38
419148,2010,2010-04-10,M Chinnaswamy Stadium,Bengaluru,Royal Challengers Bangalore,Royal Challengers Bengaluru,Kolkata Knight Riders,Kolkata Knight Riders,2,false,Royal Challengers Bengaluru,field,Royal Challengers Bengaluru,true,162,3,103,94,13,7,31,11,8,0,48,1,36,12,24,6,0,72,2,54,16,32,2,4,42,0,13,3,38,5,3,160,9,120,61,36,1,14,46,63,54,3,25,36,36,30,5,13,18
419149,2010,2010-04-11,Feroz Shah Kotla,Delhi,Delhi Daredevils,Delhi Capitals,Kings XI Punjab,Punjab Kings,1,true,Delhi Capitals,bat,Punjab Kings,false,111,10,118,32,8,0,58,18,16,0,45,3,36,22,24,6,0,36,4,54,29,4,1,0,30,3,28,7,4,1,0,112,3,112,39,36,0,14,22,49,54,2,21,18,24,22,1,10,16
419149,2010,2010-04-11,Feroz Shah Kotla,Delhi,Kings XI Punjab,Punjab Kings,Delhi Daredevils,Delhi Capitals,2,false,Delhi Capitals,bat,Punjab Kings,true,112,3,112,56,11,2,45,6,1,0,39,0,36,14,22,4,1,49,2,54,21,18,3,1,24,1,22,10,16,4,0,111,10,118,45,36,3,22,24,36,54,4,29,4,30,28,3,7,4
419150,2010,2010-04-11,Sawai Mansingh Stadium,Jaipur,Mumbai Indians,Mumbai Indians,Rajasthan Royals,Rajasthan Royals,1,true,Rajasthan Royals,field,Mumbai Indians,true,174,5,120,98,20,3,38,12,8,0,47,3,36,17,32,8,0,59,1,54,14,16,4,0,68,1,30,7,50,8,3,137,8,120,34,36,3,21,18,55,54,4,17,14,48,30,1,8,26
419150,2010,2010-04-11,Sawai Mansingh Stadium,Jaipur,Rajasthan Royals,Rajasthan Royals,Mumbai Indians,Mumbai Indians,2,false,Rajasthan Royals,field,Mumbai Indians,false,137,8,120,58,7,5,46,8,7,0,34,3,36,21,18,3,1,55,4,54,17,14,2,1,48,1,30,8,26,2,3,174,5,120,47,36,3,17,32,59,54,1,14,16,68,30,1,7,50
419151,2010,2010-04-12,"Vidarbha Cricket Association Stadium, Jamtha",Nagpur,Deccan Chargers,Deccan Chargers,Royal Challengers Bangalore,Royal Challengers Bengaluru,1,true,Royal Challengers Bengaluru,field,Deccan Chargers,true,151,6,120,74,11,5,46,9,4,1,35,3,36,20,18,3,1,76,1,54,18,42,6,3,40,2,30,8,14,2,1,138,10,118,38,36,1,20,20,64,54,3,12,22,36,28,6,12,12
419151,2010,2010-04-12,"Vidarbha Cricket Association Stadium, Jamtha",Nagpur,Royal Challengers Bangalore,Royal Challengers Bengaluru,Deccan Chargers,Deccan Chargers,2,false,Royal Challengers Bengaluru,field,Deccan Chargers,false,138,10,118,54,9,3,44,13,9,0,38,1,36,20,20,5,0,64,3,54,12,22,4,1,36,6,28,12,12,0,2,151,6,120,35,36,3,20,18,76,54,1,18,42,40,30,2,8,14
419152,2010,2010-04-13,Brabourne Stadium,Mumbai,Mumbai Indians,Mumbai Indians,Delhi Daredevils,Delhi Capitals,1,true,Mumbai Indians,bat,Mumbai Indians,true,183,4,120,98,14,7,35,10,3,2,44,1,36,17,20,5,0,64,2,54,15,24,3,2,75,1,30,3,54,6,5,144,7,120,69,36,1,8,50,39,54,5,17,0,36,30,1,5,6
419152,2010,2010-04-13,Brabourne Stadium,Mumbai,Delhi Daredevils,Delhi Capitals,Mumbai Indians,Mumbai Indians,2,false,Mumbai Indians,bat,Mumbai Indians,false,144,7,120,56,11,2,30,8,1,1,69,1,36,8,50,11,1,39,5,54,17,0,0,0,36,1,30,5,6,0,1,183,4,120,44,36,1,17,20,64,54,2,15,24,75,30,1,3,54
419153,2010,2010-04-13,MA Chidambaram Stadium,Chennai,Kolkata Knight Riders,Kolkata Knight Riders,Chennai Super Kings,Chennai Super Kings,1,true,Kolkata Knight Riders,bat,Chennai Super Kings,false,139,8,120,66,9,5,56,20,14,0,22,4,36,27,14,2,1,71,1,54,18,28,4,2,46,3,30,11,24,3,2,143,1,81,67,36,1,14,40,76,45,0,13,50,0,0,0,0,0
419153,2010,2010-04-13,MA Chidambaram Stadium,Chennai,Chennai Super Kings,Chennai Super Kings,Kolkata Knight Riders,Kolkata Knight Riders,2,false,Kolkata Knight Riders,bat,Chennai Super Kings,true,143,1,81,90,15,5,27,15,13,0,67,1,36,14,40,10,0,76,0,45,13,50,5,5,0,0,0,0,0,0,0,139,8,120,22,36,4,27,14,71,54,1,18,28,46,30,3,11,24
419154,2010,2010-04-14,Sawai Mansingh Stadium,Jaipur,Rajasthan Royals,Rajasthan Royals,Royal Challengers Bangalore,Royal Challengers Bengaluru,1,true,Rajasthan Royals,bat,Royal Challengers Bengaluru,false,130,6,120,62,14,1,56,8,2,1,30,3,36,22,16,4,0,57,3,54,28,28,7,0,43,0,30,6,18,3,1,132,5,94,59,36,2,19,54,65,54,3,23,36,8,4,0,1,6
419154,2010,2010-04-14,Sawai Mansingh Stadium,Jaipur,Royal Challengers Bangalore,Royal Challengers Bengaluru,Rajasthan Royals,Rajasthan Royals,2,false,Rajasthan Royals,bat,Royal Challengers Bengaluru,true,132,5,94,96,18,4,43,1,0,0,59,2,36,19,54,12,1,65,3,54,23,36,6,2,8,0,4,1,6,0,1,130,6,120,30,36,3,22,16,57,54,3,28,28,43,30,0,6,18
419155,2010,2010-04-15,MA Chidambaram Stadium,Chennai,Chennai Super Kings,Chennai Super Kings,Delhi Daredevils,Delhi Capitals,1,true,Chennai Super Kings,bat,Delhi Capitals,false,112,9,121,46,10,1,62,8,6,2,39,3,36,22,20,5,0,35,4,54,28,8,2,0,38,2,31,12,18,3,1,113,4,112,33,36,3,17,8,47,54,1,24,4,33,22,0,8,20
419155,2010,2010-04-15,MA Chidambaram Stadium,Chennai,Delhi Daredevils,Delhi Capitals,Chennai Super Kings,Chennai Super Kings,2,false,Chennai Super Kings,bat,Delhi Capitals,true,113,4,112,32,8,0,49,13,9,0,33,3,36,17,8,2,0,47,1,54,24,4,1,0,33,0,22,8,20,5,0,112,9,121,39,36,3,22,20,35,54,4,28,8,38,31,2,12,18
419156,2010,2010-04-16,Himachal Pradesh Cricket Association Stadium,Dharamsala,Kings XI Punjab,Punjab Kings,Deccan Chargers,Deccan Chargers,1,true,Deccan Chargers,field,Deccan Chargers,false,174,3,120,116,23,4,48,8,4,1,43,1,36,20,32,8,0,55,1,54,23,26,5,1,76,1,30,5,58,10,3,178,5,115,45,36,1,20,34,86,54,3,17,52,47,25,1,2,24
419156,2010,2010-04-16,Himachal Pradesh Cricket Association Stadium,Dharamsala,Deccan Chargers,Deccan Chargers,Kings XI Punjab,Punjab Kings,2,false,Deccan Chargers,field,Deccan Chargers,true,178,5,115,110,17,7,39,13,7,0,45,1,36,20,34,7,1,86,3,54,17,52,7,4,47,1,25,2,24,3,2,174,3,120,43,36,1,20,32,55,54,1,23,26,76,30,1,5,58
419157,2010,2010-04-17,M Chinnaswamy Stadium,Bengaluru,Mumbai Indians,Mumbai Indians,Royal Challengers Bangalore,Royal Challengers Bengaluru,1,true,Royal Challengers Bengaluru,field,Mumbai Indians,true,191,4,120,116,14,10,40,15,11,0,34,1,36,18,16,4,0,104,1,54,16,66,6,7,53,2,30,6,34,4,3,134,9,120,34,36,2,17,14,64,54,4,12,24,36,30,3,10,20
419157,2010,2010-04-17,M Chinnaswamy Stadium,Bengaluru,Royal Challengers Bangalore,Royal Challengers Bengaluru,Mumbai Indians,Mumbai Indians,2,false,Royal Challengers Bengaluru,field,Mumbai Indians,false,134,9,120,58,10,3,39,5,2,0,34,2,36,17,14,2,1,64,4,54,12,24,3,2,36,3,30,10,20,5,0,191,4,120,34,36,1,18,16,104,54,1,16,66,53,30,2,6,34
419158,2010,2010-04-17,Eden Gardens,Kolkata,Rajasthan Royals,Rajasthan Royals,Kolkata Knight Riders,Kolkata Knight Riders,1,true,Rajasthan Royals,bat,Kolkata Knight Riders,false,132,9,120,68,14,2,48,3,2,0,46,0,36,17,34,7,1,55,5,54,21,26,5,1,31,4,30,10,8,2,0,133,2,97,42,36,2,22,32,76,54,0,17,44,15,7,0,1,10
419158,2010,2010-04-17,Eden Gardens,Kolkata,Kolkata Knight Riders,Kolkata Knight Riders,Rajasthan Royals,Rajasthan Royals,2,false,Rajasthan Royals,bat,Kolkata Knight Riders,true,133,2,97,86,17,3,40,7,7,0,42,2,36,22,32,8,0,76,0,54,17,44,8,2,15,0,7,1,10,1,1,132,9,120,46,36,0,17,34,55,54,5,21,26,31,30,4,10,8
419159,2010,2010-04-18,Himachal Pradesh Cricket Association Stadium,Dharamsala,Kings XI Punjab,Punjab Kings,Chennai Super Kings,Chennai Super Kings,1,true,Chennai Super Kings,field,Chennai Super Kings,false,192,3,120,124,19,8,36,5,3,0,49,1,36,18,36,6,2,82,2,54,14,50,8,3,61,0,30,4,38,5,3,195,4,118,49,36,2,18,38,81,54,1,16,52,65,28,1,2,40
419159,2010,2010-04-18,Himachal Pradesh Cricket Association Stadium,Dharamsala,Chennai Super Kings,Chennai Super Kings,Kings XI Punjab,Punjab Kings,2,false,Chennai Super Kings,field,Chennai Super Kings,true,195,4,118,130,22,7,36,10,4,1,49,2,36,18,38,8,1,81,1,54,16,52,7,4,65,1,28,2,40,7,2,192,3,120,49,36,1,18,36,82,54,2,14,50,61,30,0,4,38
419160,2010,2010-04-18,Feroz Shah Kotla,Delhi,Deccan Chargers,Deccan Chargers,Delhi Daredevils,Delhi Capitals,1,true,Deccan Chargers,bat,Deccan Chargers,true,145,7,120,84,12,6,47,3,1,0,38,2,36,16,22,4,1,79,3,54,20,54,6,5,28,2,30,11,8,2,0,134,7,120,39,36,3,18,28,47,54,3,20,10,48,30,1,8,26
419160,2010,2010-04-18,Feroz Shah Kotla,Delhi,Delhi Daredevils,Delhi Capitals,Deccan Chargers,Deccan Chargers,2,false,Deccan Chargers,bat,Deccan Chargers,false,134,7,120,64,10,4,46,5,2,1,39,3,36,18,28,7,0,47,3,54,20,10,1,1,48,1,30,8,26,2,3,145,7,120,38,36,2,16,22,79,54,3,20,54,28,30,2,11,8
419161,2010,2010-04-19,Eden Gardens,Kolkata,Mumbai Indians,Mumbai Indians,Kolkata Knight Riders,Kolkata Knight Riders,1,true,Mumbai Indians,bat,Kolkata Knight Riders,false,133,8,120,60,12,2,44,6,2,0,42,2,36,15,22,4,1,44,2,54,22,12,3,0,47,4,30,7,26,5,1,135,1,105,44,36,0,20,32,63,54,1,21,28,28,15,0,1,10
419161,2010,2010-04-19,Eden Gardens,Kolkata,Kolkata Knight Riders,Kolkata Knight Riders,Mumbai Indians,Mumbai Indians,2,false,Mumbai Indians,bat,Kolkata Knight Riders,true,135,1,105,70,13,3,42,16,9,5,44,0,36,20,32,5,2,63,1,54,21,28,7,0,28,0,15,1,10,1,1,133,8,120,42,36,2,15,22,44,54,2,22,12,47,30,4,7,26
419162,2010,2010-04-21,Dr DY Patil Sports Academy,Mumbai,Mumbai Indians,Mumbai Indians,Royal Challengers Bangalore,Royal Challengers Bengaluru,1,true,Mumbai Indians,bat,Mumbai Indians,true,184,5,120,98,14,7,40,13,9,2,54,2,36,18,32,8,0,53,2,54,17,14,2,1,77,1,30,5,52,4,6,149,9,120,44,36,1,18,28,74,54,6,16,30,31,30,2,9,8
419162,2010,2010-04-21,Dr DY Patil Sports Academy,Mumbai,Royal Challengers Bangalore,Royal Challengers Bengaluru,Mumbai Indians,Mumbai Indians,2,false,Mumbai Indians,bat,Mumbai Indians,false,149,9,120,66,12,3,43,10,7,1,44,1,36,18,28,7,0,74,6,54,16,30,3,3,31,2,30,9,8,2,0,184,5,120,54,36,2,18,32,53,54,2,17,14,77,30,1,5,52
419163,2010,2010-04-22,Dr DY Patil Sports Academy,Mumbai,Chennai Super Kings,Chennai Super Kings,Deccan Chargers,Deccan Chargers,1,true,Chennai Super Kings,bat,Chennai Super Kings,true,142,7,120,68,11,4,44,16,3,0,39,3,36,20,22,4,1,57,2,54,17,22,4,1,46,2,30,7,24,3,2,104,10,116,23,36,2,25,14,58,54,3,24,20,23,26,5,15,14
419163,2010,2010-04-22,Dr DY Patil Sports Academy,Mumbai,Deccan Chargers,Deccan Chargers,Chennai Super Kings,Chennai Super Kings,2,false,Chennai Super Kings,bat,Chennai Super Kings,false,104,10,116,48,9,2,64,8,6,0,23,2,36,25,14,2,1,58,3,54,24,20,5,0,23,5,26,15,14,2,1,142,7,120,39,36,3,20,22,57,54,2,17,22,46,30,2,7,24
419164,2010,2010-04-24,Dr DY Patil Sports Academy,Mumbai,Deccan Chargers,Deccan Chargers,Royal Challengers Bangalore,Royal Challengers Bengaluru,1,true,Deccan Chargers,bat,Royal Challengers Bengaluru,false,82,10,111,44,8,2,68,4,3,0,27,3,36,24,16,4,0,51,2,54,27,28,4,2,4,5,21,17,0,0,0,86,1,83,33,36,0,20,20,53,47,1,17,28,0,0,0,0,0
419164,2010,2010-04-24,Dr DY Patil Sports Academy,Mumbai,Royal Challengers Bangalore,Royal Challengers Bengaluru,Deccan Chargers,Deccan Chargers,2,false,Deccan Chargers,bat,Royal Challengers Bengaluru,true,86,1,83,48,9,2,37,3,1,0,33,0,36,20,20,5,0,53,1,47,17,28,4,2,0,0,0,0,0,0,0,82,10,111,27,36,3,24,16,51,54,2,27,28,4,21,5,17,0
419165,2010,2010-04-25,Dr DY Patil Sports Academy,Mumbai,Chennai Super Kings,Chennai Super Kings,Mumbai Indians,Mumbai Indians,1,true,Chennai Super Kings,bat,Chennai Super Kings,true,168,5,120,92,11,8,44,11,8,0,40,0,36,19,26,2,3,68,3,54,16,32,5,2,60,2,30,9,34,4,3,146,9,120,33,36,1,20,20,68,54,4,19,34,45,30,4,9,24
419165,2010,2010-04-25,Dr DY Patil Sports Academy,Mumbai,Mumbai Indians,Mumbai Indians,Chennai Super Kings,Chennai Super Kings,2,false,Chennai Super Kings,bat,Chennai Super Kings,false,146,9,120,78,12,5,48,12,5,0,33,1,36,20,20,5,0,68,4,54,19,34,4,3,45,4,30,9,24,3,2,168,5,120,40,36,0,19,26,68,54,3,16,32,60,30,2,9,34
501198,2011,2011-04-08,MA Chidambaram Stadium,Chennai,Chennai Super Kings,Chennai Super Kings,Kolkata Knight Riders,Kolkata Knight Riders,1,true,Chennai Super Kings,bat,Chennai Super Kings,true,153,4,120,80,14,4,35,3,2,0,45,1,36,17,32,8,0,62,1,54,10,22,4,1,46,2,30,8,26,2,3,151,7,120,52,36,0,13,28,59,54,2,15,22,40,30,5,12,24
501198,2011,2011-04-08,MA Chidambaram Stadium,Chennai,Kolkata Knight Riders,Kolkata Knight Riders,Chennai Super Kings,Chennai Super Kings,2,false,Chennai Super Kings,bat,Chennai Super Kings,false,151,7,120,74,14,3,40,8,7,0,52,0,36,13,28,7,0,59,2,54,15,22,4,1,40,5,30,12,24,3,2,153,4,120,45,36,1,17,32,62,54,1,10,22,46,30,2,8,26
501199,2011,2011-04-09,"Rajiv Gandhi International Stadium, Uppal",Hyderabad,Deccan Chargers,Deccan Chargers,Rajasthan Royals,Rajasthan Royals,1,true,Rajasthan Royals,field,Rajasthan Royals,false,137,8,120,70,10,5,50,4,4,0,44,2,36,19,30,6,1,46,3,54,23,10,1,1,47,3,30,8,30,3,3,141,2,113,31,36,1,24,20,62,54,1,16,24,48,23,0,5,34
501199,2011,2011-04-09,"Rajiv Gandhi International Stadium, Uppal",Hyderabad,Rajasthan Royals,Rajasthan Royals,Deccan Chargers,Deccan Chargers,2,false,Rajasthan Royals,field,Rajasthan Royals,true,141,2,113,78,15,3,45,5,1,2,31,1,36,24,20,5,0,62,1,54,16,24,6,0,48,0,23,5,34,4,3,137,8,120,44,36,2,19,30,46,54,3,23,10,47,30,3,8,30
501200,2011,2011-04-09,Nehru Stadium,Kochi,Kochi Tuskers Kerala,Kochi Tuskers Kerala,Royal Challengers Bangalore,Royal Challengers Bengaluru,1,true,Kochi Tuskers Kerala,bat,Royal Challengers Bengaluru,false,161,5,120,82,13,5,39,11,7,1,61,0,36,13,44,5,4,63,2,54,16,20,5,0,37,3,30,10,18,3,1,162,4,112,48,36,2,16,26,70,54,1,21,34,44,22,1,4,30
501200,2011,2011-04-09,Nehru Stadium,Kochi,Royal Challengers Bangalore,Royal Challengers Bengaluru,Kochi Tuskers Kerala,Kochi Tuskers Kerala,2,false,Kochi Tuskers Kerala,bat,Royal Challengers Bengaluru,true,162,4,112,90,12,7,41,13,7,2,48,2,36,16,26,5,1,70,1,54,21,34,4,3,44,1,22,4,30,3,3,161,5,120,61,36,0,13,44,63,54,2,16,20,37,30,3,10,18
501201,2011,2011-04-10,Feroz Shah Kotla,Delhi,Delhi Daredevils,Delhi Capitals,Mumbai Indians,Mumbai Indians,1,true,Delhi Capitals,bat,Mumbai Indians,false,95,10,106,48,9,2,55,4,4,0,38,3,36,22,28,4,2,49,3,54,21,16,4,0,8,4,16,12,4,1,0,99,2,101,31,36,1,16,8,54,54,1,22,22,14,11,0,5,8
501201,2011,2011-04-10,Feroz Shah Kotla,Delhi,Mumbai Indians,Mumbai Indians,Delhi Daredevils,Delhi Capitals,2,false,Delhi Capitals,bat,Mumbai Indians,true,99,2,101,38,8,1,43,11,7,0,31,1,36,16,8,2,0,54,1,54,22,22,4,1,14,0,11,5,8,2,0,95,10,106,38,36,3,22,28,49,54,3,21,16,8,16,4,12,4
501202,2011,2011-04-10,Dr DY Patil Sports Academy,Mumbai,Kings XI Punjab,Punjab Kings,Pune Warriors,Pune Warriors,1,true,Punjab Kings,bat,Pune Warriors,false,112,8,119,54,12,1,64,10,5,1,36,5,35,24,24,6,0,32,1,54,32,8,2,0,44,2,30,8,22,4,1,113,3,79,44,36,1,20,30,69,43,2,16,50,0,0,0,0,0
501202,2011,2011-04-10,Dr DY Patil Sports Academy,Mumbai,Pune Warriors,Pune Warriors,Kings XI Punjab,Punjab Kings,2,false,Punjab Kings,bat,Pune Warriors,true,113,3,79,80,14,4,36,4,3,0,44,1,36,20,30,6,1,69,2,43,16,50,8,3,0,0,0,0,0,0,0,112,8,119,36,35,5,24,24,32,54,1,32,8,44,30,2,8,22
501203,2011,2011-04-11,Eden Gardens,Kolkata,Kolkata Knight Riders,Kolkata Knight Riders,Deccan Chargers,Deccan Chargers,1,true,Kolkata Knight Riders,bat,Kolkata Knight Riders,true,163,4,120,98,20,3,45,10,3,0,46,0,36,14,32,8,0,72,2,54,22,38,5,3,45,2,30,9,28,7,0,154,8,120,30,36,2,20,16,71,54,3,13,36,53,30,3,7,30
501203,2011,2011-04-11,Eden Gardens,Kolkata,Deccan Chargers,Deccan Chargers,Kolkata Knight Riders,Kolkata Knight Riders,2,false,Kolkata Knight Riders,bat,Kolkata Knight Riders,false,154,8,120,82,13,5,40,9,4,0,30,2,36,20,16,4,0,71,3,54,13,36,6,2,53,3,30,7,30,3,3,163,4,120,46,36,0,14,32,72,54,2,22,38,45,30,2,9,28
501204,2011,2011-04-12,Sawai Mansingh Stadium,Jaipur,Delhi Daredevils,Delhi Capitals,Rajasthan Royals,Rajasthan Royals,1,true,Delhi Capitals,bat,Rajasthan Royals,false,151,6,120,92,14,6,56,9,3,2,30,2,36,24,18,3,1,59,2,54,22,28,4,2,62,2,30,10,46,7,3,152,4,111,57,36,1,18,38,64,54,2,21,36,31,21,1,5,14
501204,2011,2011-04-12,Sawai Mansingh Stadium,Jaipur,Rajasthan Royals,Rajasthan Royals,Delhi Daredevils,Delhi Capitals,2,false,Delhi Capitals,bat,Rajasthan Royals,true,152,4,111,88,13,6,44,12,1,2,57,1,36,18,38,8,1,64,2,54,21,36,3,4,31,1,21,5,14,2,1,151,6,120,30,36,2,24,18,59,54,2,22,28,62,30,2,10,46
501205,2011,2011-04-12,M Chinnaswamy Stadium,Bengaluru,Royal Challengers Bangalore,Royal Challengers Bengaluru,Mumbai Indians,Mumbai Indians,1,true,Mumbai Indians,field,Mumbai Indians,false,140,4,120,66,12,3,40,15,4,0,24,2,36,19,8,2,0,67,0,54,11,28,7,0,49,2,30,10,30,3,3,143,1,111,40,36,1,21,28,76,54,0,12,40,27,21,0,7,16
501205,2011,2011-04-12,M Chinnaswamy Stadium,Bengaluru,Mumbai Indians,Mumbai Indians,Royal Challengers Bangalore,Royal Challengers Bengaluru,2,false,Mumbai Indians,field,Mumbai Indians,true,143,1,111,84,18,2,40,3,1,1,40,1,36,21,28,4,2,76,0,54,12,40,10,0,27,0,21,7,16,4,0,140,4,120,24,36,2,19,8,67,54,0,11,28,49,30,2,10,30
501206,2011,2011-04-13,"Punjab Cricket Association IS Bindra Stadium, Mohali",Chandigarh,Chennai Super Kings,Chennai Super Kings,Kings XI Punjab,Punjab Kings,1,true,Punjab Kings,field,Punjab Kings,false,188,4,120,108,18,6,38,5,1,1,31,2,36,23,14,2,1,95,1,54,12,58,10,3,62,1,30,3,36,6,2,193,4,115,65,36,1,9,46,73,54,3,14,40,55,25,0,3,38
501206,2011,2011-04-13,"Punjab Cricket Association IS Bindra Stadium, Mohali",Chandigarh,Kings XI Punjab,Punjab Kings,Chennai Super Kings,Chennai Super Kings,2,false,Punjab Kings,field,Punjab Kings,true,193,4,115,124,25,4,26,1,1,0,65,1,36,9,46,10,1,73,3,54,14,40,7,2,55,0,25,3,38,8,1,188,4,120,31,36,2,23,14,95,54,1,12,58,62,30,1,3,36
501207,2011,2011-04-13,Dr DY Patil Sports Academy,Mumbai,Kochi Tuskers Kerala,Kochi Tuskers Kerala,Pune Warriors,Pune Warriors,1,true,Kochi Tuskers Kerala,bat,Pune Warriors,false,148,8,120,78,12,5,53,11,6,1,37,4,36,21,28,7,0,74,0,54,21,38,2,5,37,4,30,11,12,3,0,151,6,113,44,36,1,18,24,71,54,4,18,32,36,23,1,9,22
501207,2011,2011-04-13,Dr DY Patil Sports Academy,Mumbai,Pune Warriors,Pune Warriors,Kochi Tuskers Kerala,Kochi Tuskers Kerala,2,false,Kochi Tuskers Kerala,bat,Pune Warriors,true,151,6,113,78,12,5,45,11,10,0,44,1,36,18,24,6,0,71,4,54,18,32,5,2,36,1,23,9,22,1,3,148,8,120,37,36,4,21,28,74,54,0,21,38,37,30,4,11,12
501208,2011,2011-04-14,"Rajiv Gandhi International Stadium, Uppal",Hyderabad,Deccan Chargers,Deccan Chargers,Royal Challengers Bangalore,Royal Challengers Bengaluru,1,true,Royal Challengers Bengaluru,field,Deccan Chargers,true,175,5,120,104,17,6,39,7,3,2,41,1,36,18,24,6,0,73,2,54,15,38,5,3,61,2,30,6,42,6,3,142,9,120,28,36,3,22,12,64,54,2,17,24,50,30,4,10,30
501208,2011,2011-04-14,"Rajiv Gandhi International Stadium, Uppal",Hyderabad,Royal Challengers Bangalore,Royal Challengers Bengaluru,Deccan Chargers,Deccan Chargers,2,false,Royal Challengers Bengaluru,field,Deccan Chargers,false,142,9,120,66,12,3,49,8,2,3,28,3,36,22,12,3,0,64,2,54,17,24,6,0,50,4,30,10,30,3,3,175,5,120,41,36,1,18,24,73,54,2,15,38,61,30,2,6,42
501209,2011,2011-04-15,Sawai Mansingh Stadium,Jaipur,Rajasthan Royals,Rajasthan Royals,Kolkata Knight Riders,Kolkata Knight Riders,1,true,Kolkata Knight Riders,field,Kolkata Knight Riders,false,159,4,120,70,10,5,39,19,12,0,31,1,36,22,16,4,0,71,2,54,13,28,4,2,57,1,30,4,26,2,3,160,1,111,62,36,1,14,44,68,54,0,13,28,30,21,0,6,18
501209,2011,2011-04-15,Sawai Mansingh Stadium,Jaipur,Kolkata Knight Riders,Kolkata Knight Riders,Rajasthan Royals,Rajasthan Royals,2,false,Kolkata Knight Riders,field,Kolkata Knight Riders,true,160,1,111,90,18,3,33,4,3,1,62,1,36,14,44,8,2,68,0,54,13,28,7,0,30,0,21,6,18,3,1,159,4,120,31,36,1,22,16,71,54,2,13,28,57,30,1,4,26
501210,2011,2011-04-15,Wankhede Stadium,Mumbai,Mumbai Indians,Mumbai Indians,Kochi Tuskers Kerala,Kochi Tuskers Kerala,1,true,Kochi Tuskers Kerala,field,Kochi Tuskers Kerala,false,182,2,120,106,16,7,38,17,6,0,44,0,36,16,24,6,0,81,1,54,17,48,6,4,57,1,30,5,34,4,3,184,2,114,50,36,0,16,36,84,54,1,16,44,50,24,1,6,36
501210,2011,2011-04-15,Wankhede Stadium,Mumbai,Kochi Tuskers Kerala,Kochi Tuskers Kerala,Mumbai Indians,Mumbai Indians,2,false,Kochi Tuskers Kerala,field,Kochi Tuskers Kerala,true,184,2,114,116,23,4,38,11,8,0,50,0,36,16,36,9,0,84,1,54,16,44,8,2,50,1,24,6,36,6,2,182,2,120,44,36,0,16,24,81,54,1,17,48,57,30,1,5,34
501211,2011,2011-04-16,MA Chidambaram Stadium,Chennai,Chennai Super Kings,Chennai Super Kings,Royal Challengers Bangalore,Royal Challengers Bengaluru,1,true,Chennai Super Kings,bat,Chennai Super Kings,true,183,5,120,110,20,5,32,4,1,0,45,0,36,15,30,6,1,81,2,54,11,42,6,3,57,3,30,6,38,8,1,162,7,120,33,36,3,21,22,79,54,2,12,36,50,30,2,7,24
501211,2011,2011-04-16,MA Chidambaram Stadium,Chennai,Royal Challengers Bangalore,Royal Challengers Bengaluru,Chennai Super Kings,Chennai Super Kings,2,false,Chennai Super Kings,bat,Chennai Super Kings,false,162,7,120,82,13,5,40,9,6,0,33,3,36,21,22,4,1,79,2,54,12,36,6,2,50,2,30,7,24,3,2,183,5,120,45,36,0,15,30,81,54,2,11,42,57,30,3,6,38
501212,2011,2011-04-16,"Rajiv Gandhi International Stadium, Uppal",Hyderabad,Deccan Chargers,Deccan Chargers,Kings XI Punjab,Punjab Kings,1,true,Punjab Kings,field,Punjab Kings,false,165,8,120,86,17,3,34,5,1,1,48,1,36,14,32,8,0,65,3,54,13,26,5,1,52,4,30,7,28,4,2,166,2,106,62,36,0,15,44,77,54,1,21,46,27,16,1,4,18
501212,2011,2011-04-16,"Rajiv Gandhi International Stadium, Uppal",Hyderabad,Kings XI Punjab,Punjab Kings,Deccan Chargers,Deccan Chargers,2,false,Punjab Kings,field,Punjab Kings,true,166,2,106,108,15,8,40,14,5,2,62,0,36,15,44,8,2,77,1,54,21,46,4,5,27,1,16,4,18,3,1,165,8,120,48,36,1,14,32,65,54,3,13,26,52,30,4,7,28
501213,2011,2011-04-17,Dr DY Patil Sports Academy,Mumbai,Pune Warriors,Pune Warriors,Delhi Daredevils,Delhi Capitals,1,true,Delhi Capitals,field,Delhi Capitals,false,187,5,120,118,13,11,46,8,5,1,63,1,36,16,46,7,3,65,3,54,24,36,3,4,59,1,30,6,36,3,4,190,7,116,67,36,0,14,48,61,54,5,21,28,62,26,2,4,42
501213,2011,2011-04-17,Dr DY Patil Sports Academy,Mumbai,Delhi Daredevils,Delhi Capitals,Pune Warriors,Pune Warriors,2,false,Delhi Capitals,field,Delhi Capitals,true,190,7,116,118,16,9,39,10,9,0,67,0,36,14,48,9,2,61,5,54,21,28,4,2,62,2,26,4,42,3,5,187,5,120,63,36,1,16,46,65,54,3,24,36,59,30,1,6,36
501214,2011,2011-04-17,Eden Gardens,Kolkata,Rajasthan Royals,Rajasthan Royals,Kolkata Knight Riders,Kolkata Knight Riders,1,true,Kolkata Knight Riders,field,Kolkata Knight Riders,false,81,10,92,30,6,1,41,5,3,1,36,2,36,18,20,5,0,44,7,54,22,10,1,1,1,1,2,1,0,0,0,85,2,83,26,36,1,19,4,59,47,1,19,30,0,0,0,0,0
501214,2011,2011-04-17,Eden Gardens,Kolkata,Kolkata Knight Riders,Kolkata Knight Riders,Rajasthan Royals,Rajasthan Royals,2,false,Kolkata Knight Riders,field,Kolkata Knight Riders,true,85,2,83,34,7,1,38,11,5,2,26,1,36,19,4,1,0,59,1,47,19,30,6,1,0,0,0,0,0,0,0,81,10,92,36,36,2,18,20,44,54,7,22,10,1,2,1,1,0
501215,2011,2011-04-18,Nehru Stadium,Kochi,Chennai Super Kings,Chennai Super Kings,Kochi Tuskers Kerala,Kochi Tuskers Kerala,1,true,Kochi Tuskers Kerala,field,Kochi Tuskers Kerala,false,131,4,102,78,15,3,39,3,2,0,42,1,36,20,32,8,0,67,2,54,16,30,6,1,22,1,12,3,16,1,2,135,3,90,49,36,1,20,42,86,54,2,15,48,0,0,0,0,0
501215,2011,2011-04-18,Nehru Stadium,Kochi,Kochi Tuskers Kerala,Kochi Tuskers Kerala,Chennai Super Kings,Chennai Super Kings,2,false,Kochi Tuskers Kerala,field,Kochi Tuskers Kerala,true,135,3,90,90,12,7,35,3,2,0,49,1,36,20,42,6,3,86,2,54,15,48,6,4,0,0,0,0,0,0,0,131,4,102,42,36,1,20,32,67,54,2,16,30,22,12,1,3,16
501216,2011,2011-04-19,Feroz Shah Kotla,Delhi,Deccan Chargers,Deccan Chargers,Delhi Daredevils,Delhi Capitals,1,true,Deccan Chargers,bat,Deccan Chargers,true,168,4,120,98,20,3,37,5,2,0,43,1,36,17,28,7,0,86,2,54,13,56,11,2,39,1,30,7,14,2,1,152,7,120,38,36,3,21,28,69,54,2,20,28,45,30,2,6,22
501216,2011,2011-04-19,Feroz Shah Kotla,Delhi,Delhi Daredevils,Delhi Capitals,Deccan Chargers,Deccan Chargers,2,false,Deccan Chargers,bat,Deccan Chargers,false,152,7,120,78,12,5,47,13,6,0,38,3,36,21,28,7,0,69,2,54,20,28,4,2,45,2,30,6,22,1,3,168,4,120,43,36,1,17,28,86,54,2,13,56,39,30,1,7,14
501218,2011,2011-04-20,Wankhede Stadium,Mumbai,Pune Warriors,Pune Warriors,Mumbai Indians,Mumbai Indians,1,true,Pune Warriors,bat,Mumbai Indians,false,118,10,104,64,13,2,51,12,2,4,33,4,36,22,16,4,0,67,3,54,21,34,7,1,18,3,14,8,14,2,1,124,3,120,32,36,1,18,12,57,54,2,16,16,35,30,0,10,18
501218,2011,2011-04-20,Wankhede Stadium,Mumbai,Mumbai Indians,Mumbai Indians,Pune Warriors,Pune Warriors,2,false,Pune Warriors,bat,Mumbai Indians,true,124,3,120,46,10,1,44,10,2,0,32,1,36,18,12,3,0,57,2,54,16,16,4,0,35,0,30,10,18,3,1,118,10,104,33,36,4,22,16,67,54,3,21,34,18,14,3,8,14
501219,2011,2011-04-20,Eden Gardens,Kolkata,Kochi Tuskers Kerala,Kochi Tuskers Kerala,Kolkata Knight Riders,Kolkata Knight Riders,1,true,Kolkata Knight Riders,field,Kochi Tuskers Kerala,true,132,7,120,74,11,5,52,8,3,0,45,0,36,18,34,7,1,55,5,54,23,26,2,3,32,2,30,11,14,2,1,126,9,120,37,36,3,16,14,49,54,2,24,18,40,30,4,8,14
501219,2011,2011-04-20,Eden Gardens,Kolkata,Kolkata Knight Riders,Kolkata Knight Riders,Kochi Tuskers Kerala,Kochi Tuskers Kerala,2,false,Kolkata Knight Riders,field,Kochi Tuskers Kerala,false,126,9,120,46,7,3,48,11,3,0,37,3,36,16,14,2,1,49,2,54,24,18,3,1,40,4,30,8,14,2,1,132,7,120,45,36,0,18,34,55,54,5,23,26,32,30,2,11,14
501220,2011,2011-04-21,"Punjab Cricket Association IS Bindra Stadium, Mohali",Chandigarh,Kings XI Punjab,Punjab Kings,Rajasthan Royals,Rajasthan Royals,1,true,Rajasthan Royals,field,Punjab Kings,true,195,7,120,118,19,7,42,17,7,3,77,1,36,15,54,9,3,92,1,54,13,56,8,4,26,5,30,14,8,2,0,147,7,120,45,36,2,15,28,68,54,3,21,36,34,30,2,8,12
501220,2011,2011-04-21,"Punjab Cricket Association IS Bindra Stadium, Mohali",Chandigarh,Rajasthan Royals,Rajasthan Royals,Kings XI Punjab,Punjab Kings,2,false,Rajasthan Royals,field,Punjab Kings,false,147,7,120,76,16,2,44,2,1,0,45,2,36,15,28,7,0,68,3,54,21,36,6,2,34,2,30,8,12,3,0,195,7,120,77,36,1,15,54,92,54,1,13,56,26,30,5,14,8
501221,2011,2011-04-22,Wankhede Stadium,Mumbai,Mumbai Indians,Mumbai Indians,Chennai Super Kings,Chennai Super Kings,1,true,Chennai Super Kings,field,Mumbai Indians,true,164,4,120,98,14,7,49,14,12,0,40,2,36,22,26,5,1,67,1,54,20,34,7,1,57,1,30,7,38,2,5,156,9,120,44,36,2,18,30,75,54,2,16,40,37,30,5,12,14
501221,2011,2011-04-22,Wankhede Stadium,Mumbai,Chennai Super Kings,Chennai Super Kings,Mumbai Indians,Mumbai Indians,2,false,Chennai Super Kings,field,Mumbai Indians,false,156,9,120,84,15,4,46,10,8,1,44,2,36,18,30,6,1,75,2,54,16,40,7,2,37,5,30,12,14,2,1,164,4,120,40,36,2,22,26,67,54,1,20,34,57,30,1,7,38
501222,2011,2011-04-22,Eden Gardens,Kolkata,Kolkata Knight Riders,Kolkata Knight Riders,Royal Challengers Bangalore,Royal Challengers Bengaluru,1,true,Royal Challengers Bengaluru,field,Royal Challengers Bengaluru,false,171,5,120,84,15,4,39,13,12,1,50,1,36,17,26,5,1,64,1,54,16,26,5,1,57,3,30,6,32,5,2,175,1,109,57,36,0,12,42,95,54,1,17,66,23,19,0,9,16
501222,2011,2011-04-22,Eden Gardens,Kolkata,Royal Challengers Bangalore,Royal Challengers Bengaluru,Kolkata Knight Riders,Kolkata Knight Riders,2,false,Royal Challengers Bengaluru,field,Royal Challengers Bengaluru,true,175,1,109,124,19,8,38,5,5,0,57,0,36,12,42,9,1,95,1,54,17,66,6,7,23,0,19,9,16,4,0,171,5,120,50,36,1,17,26,64,54,1,16,26,57,30,3,6,32
501223,2011,2011-04-23,Feroz Shah Kotla,Delhi,Delhi Daredevils,Delhi Capitals,Kings XI Punjab,Punjab Kings,1,true,Punjab Kings,field,Delhi Capitals,true,231,4,120,152,20,12,32,16,14,0,70,0,36,13,48,9,2,103,2,54,12,70,7,7,58,2,30,7,34,4,3,202,6,120,46,36,1,27,42,101,54,2,10,68,55,30,3,9,40
501223,2011,2011-04-23,Feroz Shah Kotla,Delhi,Kings XI Punjab,Punjab Kings,Delhi Daredevils,Delhi Capitals,2,false,Punjab Kings,field,Delhi Capitals,false,202,6,120,150,21,11,46,5,1,2,46,1,36,27,42,6,3,101,2,54,10,68,11,4,55,3,30,9,40,4,4,231,4,120,70,36,0,13,48,103,54,2,12,70,58,30,2,7,34
501224,2011,2011-04-24,"Rajiv Gandhi International Stadium, Uppal",Hyderabad,Mumbai Indians,Mumbai Indians,Deccan Chargers,Deccan Chargers,1,true,Deccan Chargers,field,Mumbai Indians,true,172,4,120,102,18,5,38,5,2,0,57,1,36,13,42,9,1,45,3,54,21,8,2,0,70,0,30,4,52,7,4,135,8,120,41,36,2,16,24,59,54,4,20,22,35,30,2,11,16
501224,2011,2011-04-24,"Rajiv Gandhi International Stadium, Uppal",Hyderabad,Deccan Chargers,Deccan Chargers,Mumbai Indians,Mumbai Indians,2,false,Deccan Chargers,field,Mumbai Indians,false,135,8,120,62,14,1,47,12,7,0,41,2,36,16,24,6,0,59,4,54,20,22,4,1,35,2,30,11,16,4,0,172,4,120,57,36,1,13,42,45,54,3,21,8,70,30,0,4,52
501225,2011,2011-04-24,Sawai Mansingh Stadium,Jaipur,Kochi Tuskers Kerala,Kochi Tuskers Kerala,Rajasthan Royals,Rajasthan Royals,1,true,Rajasthan Royals,field,Rajasthan Royals,false,109,10,120,32,8,0,50,9,2,1,32,2,36,19,12,3,0,56,1,54,17,16,4,0,21,7,30,14,4,1,0,111,2,85,38,36,0,16,20,73,49,2,17,46,0,0,0,0,0
501225,2011,2011-04-24,Sawai Mansingh Stadium,Jaipur,Rajasthan Royals,Rajasthan Royals,Kochi Tuskers Kerala,Kochi Tuskers Kerala,2,false,Rajasthan Royals,field,Rajasthan Royals,true,111,2,85,66,12,3,33,2,1,0,38,0,36,16,20,5,0,73,2,49,17,46,7,3,0,0,0,0,0,0,0,109,10,120,32,36,2,19,12,56,54,1,17,16,21,30,7,14,4
501226,2011,2011-04-25,MA Chidambaram Stadium,Chennai,Chennai Super Kings,Chennai Super Kings,Pune Warriors,Pune Warriors,1,true,Pune Warriors,field,Chennai Super Kings,true,142,6,120,64,10,4,44,4,3,0,45,0,36,16,26,5,1,54,2,54,19,16,1,2,43,4,30,9,22,4,1,117,9,120,40,36,4,19,22,53,54,1,20,14,24,30,4,11,0
501226,2011,2011-04-25,MA Chidambaram Stadium,Chennai,Pune Warriors,Pune Warriors,Chennai Super Kings,Chennai Super Kings,2,false,Pune Warriors,field,Chennai Super Kings,false,117,9,120,36,6,2,50,7,2,2,40,4,36,19,22,4,1,53,1,54,20,14,2,1,24,4,30,11,0,0,0,142,6,120,45,36,0,16,26,54,54,2,19,16,43,30,4,9,22
501227,2011,2011-04-26,Feroz Shah Kotla,Delhi,Delhi Daredevils,Delhi Capitals,Royal Challengers Bangalore,Royal Challengers Bengaluru,1,true,Royal Challengers Bengaluru,field,Royal Challengers Bengaluru,false,160,6,120,82,13,5,43,13,7,2,42,1,36,15,20,5,0,73,2,54,14,34,7,1,45,3,30,14,28,1,4,161,7,117,65,36,1,14,48,52,54,4,22,26,44,27,2,8,24
501227,2011,2011-04-26,Feroz Shah Kotla,Delhi,Royal Challengers Bangalore,Royal Challengers Bengaluru,Delhi Daredevils,Delhi Capitals,2,false,Royal Challengers Bengaluru,field,Royal Challengers Bengaluru,true,161,7,117,98,17,5,44,18,8,1,65,1,36,14,48,9,2,52,4,54,22,26,5,1,44,2,27,8,24,3,2,160,6,120,42,36,1,15,20,73,54,2,14,34,45,30,3,14,28
501228,2011,2011-04-27,Dr DY Patil Sports Academy,Mumbai,Pune Warriors,Pune Warriors,Chennai Super Kings,Chennai Super Kings,1,true,Pune Warriors,bat,Chennai Super Kings,false,141,6,120,80,11,6,56,5,4,0,37,3,36,20,24,6,0,54,2,54,26,28,4,2,50,1,30,10,28,1,4,145,2,117,28,36,1,20,8,76,54,1,15,38,41,27,0,4,20
501228,2011,2011-04-27,Dr DY Patil Sports Academy,Mumbai,Chennai Super Kings,Chennai Super Kings,Pune Warriors,Pune Warriors,2,false,Pune Warriors,bat,Chennai Super Kings,true,145,2,117,66,9,5,39,8,5,1,28,1,36,20,8,2,0,76,1,54,15,38,5,3,41,0,27,4,20,2,2,141,6,120,37,36,3,20,24,54,54,2,26,28,50,30,1,10,28
501229,2011,2011-04-27,Nehru Stadium,Kochi,Deccan Chargers,Deccan Chargers,Kochi Tuskers Kerala,Kochi Tuskers Kerala,1,true,Kochi Tuskers Kerala,field,Deccan Chargers,true,129,7,120,58,13,1,52,7,3,2,20,3,36,26,4,1,0,70,0,54,19,38,8,1,39,4,30,7,16,4,0,74,10,99,29,36,6,25,20,44,54,1,25,16,1,9,3,8,0
501229,2011,2011-04-27,Nehru Stadium,Kochi,Kochi Tuskers Kerala,Kochi Tuskers Kerala,Deccan Chargers,Deccan Chargers,2,false,Kochi Tuskers Kerala,field,Deccan Chargers,false,74,10,99,36,9,0,58,7,4,0,29,6,36,25,20,5,0,44,1,54,25,16,4,0,1,3,9,8,0,0,0,129,7,120,20,36,3,26,4,70,54,0,19,38,39,30,4,7,16
501230,2011,2011-04-28,Feroz Shah Kotla,Delhi,Kolkata Knight Riders,Kolkata Knight Riders,Delhi Daredevils,Delhi Capitals,1,true,Delhi Capitals,field,Kolkata Knight Riders,true,148,7,120,72,12,4,44,8,6,0,42,1,36,17,28,7,0,63,4,54,21,30,3,3,43,2,30,6,14,2,1,131,9,120,41,36,1,17,26,45,54,5,25,16,45,30,3,11,24
501230,2011,2011-04-28,Feroz Shah Kotla,Delhi,Delhi Daredevils,Delhi Capitals,Kolkata Knight Riders,Kolkata Knight Riders,2,false,Delhi Capitals,field,Kolkata Knight Riders,false,131,9,120,66,9,5,53,7,4,0,41,1,36,17,26,5,1,45,5,54,25,16,1,2,45,3,30,11,24,3,2,148,7,120,42,36,1,17,28,63,54,4,21,30,43,30,2,6,14
501231,2011,2011-04-29,Sawai Mansingh Stadium,Jaipur,Mumbai Indians,Mumbai Indians,Rajasthan Royals,Rajasthan Royals,1,true,Rajasthan Royals,field,Rajasthan Royals,false,94,8,120,28,4,2,57,7,4,0,31,2,36,19,14,2,1,36,2,54,25,4,1,0,27,4,30,13,10,1,1,95,3,109,18,36,1,26,8,55,54,1,27,24,22,19,1,7,8
501231,2011,2011-04-29,Sawai Mansingh Stadium,Jaipur,Rajasthan Royals,Rajasthan Royals,Mumbai Indians,Mumbai Indians,2,false,Rajasthan Royals,field,Rajasthan Royals,true,95,3,109,40,7,2,60,2,1,0,18,1,36,26,8,2,0,55,1,54,27,24,3,2,22,1,19,7,8,2,0,94,8,120,31,36,2,19,14,36,54,2,25,4,27,30,4,13,10
501232,2011,2011-04-29,M Chinnaswamy Stadium,Bengaluru,Royal Challengers Bangalore,Royal Challengers Bengaluru,Pune Warriors,Pune Warriors,1,true,Pune Warriors,field,Royal Challengers Bengaluru,true,181,5,120,112,13,10,40,2,1,0,57,0,36,16,44,5,4,61,2,54,15,24,3,2,63,3,30,9,44,5,4,155,5,120,42,36,1,13,18,66,54,2,18,32,47,30,2,10,30
501232,2011,2011-04-29,M Chinnaswamy Stadium,Bengaluru,Pune Warriors,Pune Warriors,Royal Challengers Bangalore,Royal Challengers Bengaluru,2,false,Pune Warriors,field,Royal Challengers Bengaluru,false,155,5,120,80,11,6,41,9,5,0,42,1,36,13,18,3,1,66,2,54,18,32,5,2,47,2,30,10,30,3,3,181,5,120,57,36,0,16,44,61,54,2,15,24,63,30,3,9,44
501233,2011,2011-04-30,Nehru Stadium,Kochi,Delhi Daredevils,Delhi Capitals,Kochi Tuskers Kerala,Kochi Tuskers Kerala,1,true,Delhi Capitals,bat,Delhi Capitals,true,157,7,120,90,12,7,53,16,6,2,34,2,36,21,16,4,0,60,2,54,22,26,2,3,63,3,30,10,48,6,4,119,10,113,37,36,3,19,20,55,54,2,18,18,27,23,5,9,16
501233,2011,2011-04-30,Nehru Stadium,Kochi,Kochi Tuskers Kerala,Kochi Tuskers Kerala,Delhi Daredevils,Delhi Capitals,2,false,Delhi Capitals,bat,Delhi Capitals,false,119,10,113,54,9,3,46,8,5,0,37,3,36,19,20,5,0,55,2,54,18,18,3,1,27,5,23,9,16,1,2,157,7,120,34,36,2,21,16,60,54,2,22,26,63,30,3,10,48
501234,2011,2011-04-30,Eden Gardens,Kolkata,Kings XI Punjab,Punjab Kings,Kolkata Knight Riders,Kolkata Knight Riders,1,true,Kolkata Knight Riders,field,Kolkata Knight Riders,false,119,6,120,50,11,1,55,6,5,0,40,2,36,20,26,5,1,46,3,54,28,16,4,0,33,1,30,7,8,2,0,120,2,104,45,36,2,17,32,57,54,0,20,16,18,14,0,6,10
501234,2011,2011-04-30,Eden Gardens,Kolkata,Kolkata Knight Riders,Kolkata Knight Riders,Kings XI Punjab,Punjab Kings,2,false,Kolkata Knight Riders,field,Kolkata Knight Riders,true,120,2,104,58,13,1,43,12,11,0,45,2,36,17,32,8,0,57,0,54,20,16,4,0,18,0,14,6,10,1,1,119,6,120,40,36,2,20,26,46,54,3,28,16,33,30,1,7,8
501235,2011,2011-05-01,Sawai Mansingh Stadium,Jaipur,Pune Warriors,Pune Warriors,Rajasthan Royals,Rajasthan Royals,1,true,Rajasthan Royals,field,Rajasthan Royals,false,143,7,120,72,15,2,44,5,2,0,49,1,36,16,36,9,0,53,3,54,20,20,5,0,41,3,30,8,16,1,2,144,4,117,34,36,1,18,14,58,54,3,24,30,52,27,0,3,28
501235,2011,2011-05-01,Sawai Mansingh Stadium,Jaipur,Rajasthan Royals,Rajasthan Royals,Pune Warriors,Pune Warriors,2,false,Rajasthan Royals,field,Rajasthan Royals,true,144,4,117,72,9,6,45,11,1,1,34,1,36,18,14,2,1,58,3,54,24,30,3,3,52,0,27,3,28,4,2,143,7,120,49,36,1,16,36,53,54,3,20,20,41,30,3,8,16
501236,2011,2011-05-01,MA Chidambaram Stadium,Chennai,Chennai Super Kings,Chennai Super Kings,Deccan Chargers,Deccan Chargers,1,true,Chennai Super Kings,bat,Chennai Super Kings,true,165,5,120,88,13,6,40,9,2,2,34,1,36,17,12,3,0,62,1,54,17,28,7,0,69,3,30,6,48,3,6,146,8,120,64,36,0,11,44,54,54,3,23,18,28,30,5,11,8
501236,2011,2011-05-01,MA Chidambaram Stadium,Chennai,Deccan Chargers,Deccan Chargers,Chennai Super Kings,Chennai Super Kings,2,false,Chennai Super Kings,bat,Chennai Super Kings,false,146,8,120,70,10,5,45,5,3,0,64,0,36,11,44,5,4,54,3,54,23,18,3,1,28,5,30,11,8,2,0,165,5,120,34,36,1,17,12,62,54,1,17,28,69,30,3,6,48
501237,2011,2011-05-02,Wankhede Stadium,Mumbai,Mumbai Indians,Mumbai Indians,Kings XI Punjab,Punjab Kings,1,true,Punjab Kings,field,Mumbai Indians,true,159,5,120,92,17,4,40,5,2,0,35,1,36,19,22,4,1,79,1,54,13,42,9,1,45,3,30,8,28,4,2,136,8,120,24,36,1,21,12,77,54,3,11,36,35,30,4,6,12
501237,2011,2011-05-02,Wankhede Stadium,Mumbai,Kings XI Punjab,Punjab Kings,Mumbai Indians,Mumbai Indians,2,false,Punjab Kings,field,Mumbai Indians,false,136,8,120,60,12,2,38,12,1,0,24,1,36,21,12,3,0,77,3,54,11,36,6,2,35,4,30,6,12,3,0,159,5,120,35,36,1,19,22,79,54,1,13,42,45,30,3,8,28
501238,2011,2011-05-02,Feroz Shah Kotla,Delhi,Delhi Daredevils,Delhi Capitals,Kochi Tuskers Kerala,Kochi Tuskers Kerala,1,true,Kochi Tuskers Kerala,field,Kochi Tuskers Kerala,false,140,6,120,76,16,2,47,7,4,1,42,2,36,21,32,5,2,56,2,54,19,20,5,0,42,2,30,7,24,6,0,141,3,90,67,36,1,17,44,74,54,2,18,42,0,0,0,0,0
501238,2011,2011-05-02,Feroz Shah Kotla,Delhi,Kochi Tuskers Kerala,Kochi Tuskers Kerala,Delhi Daredevils,Delhi Capitals,2,false,Kochi Tuskers Kerala,field,Kochi Tuskers Kerala,true,141,3,90,86,17,3,35,18,12,3,67,1,36,17,44,8,2,74,2,54,18,42,9,1,0,0,0,0,0,0,0,140,6,120,42,36,2,21,32,56,54,2,19,20,42,30,2,7,24
501239,2011,2011-05-03,"Rajiv Gandhi International Stadium, Uppal",Hyderabad,Kolkata Knight Riders,Kolkata Knight Riders,Deccan Chargers,Deccan Chargers,1,true,Deccan Chargers,field,Kolkata Knight Riders,true,169,4,120,88,13,6,40,10,4,2,41,1,36,20,26,5,1,69,2,54,16,30,3,3,59,1,30,4,32,5,2,149,6,120,41,36,2,17,20,67,54,2,12,26,41,30,2,6,12
501239,2011,2011-05-03,"Rajiv Gandhi International Stadium, Uppal",Hyderabad,Deccan Chargers,Deccan Chargers,Kolkata Knight Riders,Kolkata Knight Riders,2,false,Deccan Chargers,field,Kolkata Knight Riders,false,149,6,120,58,13,1,35,4,2,1,41,2,36,17,20,5,0,67,2,54,12,26,5,1,41,2,30,6,12,3,0,169,4,120,41,36,1,20,26,69,54,2,16,30,59,30,1,4,32
501240,2011,2011-05-04,MA Chidambaram Stadium,Chennai,Rajasthan Royals,Rajasthan Royals,Chennai Super Kings,Chennai Super Kings,1,true,Rajasthan Royals,bat,Chennai Super Kings,false,147,6,120,72,18,0,44,7,1,1,47,0,36,15,28,7,0,66,3,54,19,36,9,0,34,3,30,10,8,2,0,149,2,112,43,36,1,14,12,75,54,0,12,36,31,22,1,5,12
501240,2011,2011-05-04,MA Chidambaram Stadium,Chennai,Chennai Super Kings,Chennai Super Kings,Rajasthan Royals,Rajasthan Royals,2,false,Rajasthan Royals,bat,Chennai Super Kings,true,149,2,112,60,12,2,31,4,4,0,43,1,36,14,12,3,0,75,0,54,12,36,6,2,31,1,22,5,12,3,0,147,6,120,47,36,0,15,28,66,54,3,19,36,34,30,3,10,8
501241,2011,2011-05-04,Dr DY Patil Sports Academy,Mumbai,Mumbai Indians,Mumbai Indians,Pune Warriors,Pune Warriors,1,true,Pune Warriors,field,Mumbai Indians,true,160,7,120,88,13,6,46,15,3,1,49,1,36,15,28,7,0,48,3,54,22,20,2,2,63,3,30,9,40,4,4,139,7,120,31,36,2,23,16,59,54,2,25,34,49,30,3,7,24
501241,2011,2011-05-04,Dr DY Patil Sports Academy,Mumbai,Pune Warriors,Pune Warriors,Mumbai Indians,Mumbai Indians,2,false,Pune Warriors,field,Mumbai Indians,false,139,7,120,74,8,7,55,10,6,0,31,2,36,23,16,4,0,59,2,54,25,34,4,3,49,3,30,7,24,0,4,160,7,120,49,36,1,15,28,48,54,3,22,20,63,30,3,9,40
501242,2011,2011-05-05,Nehru Stadium,Kochi,Kochi Tuskers Kerala,Kochi Tuskers Kerala,Kolkata Knight Riders,Kolkata Knight Riders,1,true,Kolkata Knight Riders,field,Kochi Tuskers Kerala,true,156,5,120,76,13,4,39,6,3,2,35,2,36,19,20,5,0,63,2,54,15,22,4,1,58,1,30,5,34,4,3,139,7,120,43,36,0,14,24,57,54,3,26,30,39,30,4,8,18
501242,2011,2011-05-05,Nehru Stadium,Kochi,Kolkata Knight Riders,Kolkata Knight Riders,Kochi Tuskers Kerala,Kochi Tuskers Kerala,2,false,Kolkata Knight Riders,field,Kochi Tuskers Kerala,false,139,7,120,72,15,2,48,3,2,0,43,0,36,14,24,6,0,57,3,54,26,30,6,1,39,4,30,8,18,3,1,156,5,120,35,36,2,19,20,63,54,2,15,22,58,30,1,5,34
501243,2011,2011-05-05,"Rajiv Gandhi International Stadium, Uppal",Hyderabad,Deccan Chargers,Deccan Chargers,Delhi Daredevils,Delhi Capitals,1,true,Delhi Capitals,field,Delhi Capitals,false,175,5,120,96,18,4,37,10,4,2,43,1,36,17,32,8,0,82,2,54,17,40,7,2,50,2,30,3,24,3,2,179,6,114,29,36,3,23,12,120,54,1,9,84,30,24,2,8,14
501243,2011,2011-05-05,"Rajiv Gandhi International Stadium, Uppal",Hyderabad,Delhi Daredevils,Delhi Capitals,Deccan Chargers,Deccan Chargers,2,false,Delhi Capitals,field,Delhi Capitals,true,179,6,114,110,17,7,40,10,8,1,29,3,36,23,12,3,0,120,1,54,9,84,12,6,30,2,24,8,14,2,1,175,5,120,43,36,1,17,32,82,54,2,17,40,50,30,2,3,24
501244,2011,2011-05-06,M Chinnaswamy Stadium,Bengaluru,Royal Challengers Bangalore,Royal Challengers Bengaluru,Kings XI Punjab,Punjab Kings,1,true,Punjab Kings,field,Royal Challengers Bengaluru,true,205,6,120,158,23,11,45,6,1,0,48,1,36,21,40,7,2,107,2,54,18,86,11,7,50,3,30,6,32,5,2,120,9,120,38,36,4,16,20,51,54,3,17,16,31,30,2,14,14
501244,2011,2011-05-06,M Chinnaswamy Stadium,Bengaluru,Kings XI Punjab,Punjab Kings,Royal Challengers Bangalore,Royal Challengers Bengaluru,2,false,Punjab Kings,field,Royal Challengers Bengaluru,false,120,9,120,50,11,1,47,5,4,1,38,4,36,16,20,5,0,51,3,54,17,16,4,0,31,2,30,14,14,2,1,205,6,120,48,36,1,21,40,107,54,2,18,86,50,30,3,6,32
501245,2011,2011-05-07,Eden Gardens,Kolkata,Chennai Super Kings,Chennai Super Kings,Kolkata Knight Riders,Kolkata Knight Riders,1,true,Chennai Super Kings,bat,Kolkata Knight Riders,false,114,4,120,36,6,2,46,6,3,0,15,2,36,24,0,0,0,62,1,54,16,26,5,1,37,1,30,6,10,1,1,61,2,60,33,36,2,20,16,28,24,0,6,12,0,0,0,0,0
501245,2011,2011-05-07,Eden Gardens,Kolkata,Kolkata Knight Riders,Kolkata Knight Riders,Chennai Super Kings,Chennai Super Kings,2,false,Chennai Super Kings,bat,Kolkata Knight Riders,true,61,2,60,28,7,0,26,4,3,0,33,2,36,20,16,4,0,28,0,24,6,12,3,0,0,0,0,0,0,0,0,114,4,120,15,36,2,24,0,62,54,1,16,26,37,30,1,6,10
501246,2011,2011-05-07,Wankhede Stadium,Mumbai,Mumbai Indians,Mumbai Indians,Delhi Daredevils,Delhi Capitals,1,true,Delhi Capitals,field,Mumbai Indians,true,178,4,120,114,21,5,41,6,4,0,50,1,36,21,44,11,0,79,1,54,13,40,4,4,49,2,30,7,30,6,1,146,10,119,23,36,4,22,8,76,54,1,20,50,47,29,5,10,28
501246,2011,2011-05-07,Wankhede Stadium,Mumbai,Delhi Daredevils,Delhi Capitals,Mumbai Indians,Mumbai Indians,2,false,Delhi Capitals,field,Mumbai Indians,false,146,10,119,86,20,1,52,9,6,2,23,4,36,22,8,2,0,76,1,54,20,50,11,1,47,5,29,10,28,7,0,178,4,120,50,36,1,21,44,79,54,1,13,40,49,30,2,7,30
501247,2011,2011-05-08,M Chinnaswamy Stadium,Bengaluru,Kochi Tuskers Kerala,Kochi Tuskers Kerala,Royal Challengers Bangalore,Royal Challengers Bengaluru,1,true,Kochi Tuskers Kerala,bat,Royal Challengers Bengaluru,false,125,9,120,48,12,0,51,10,9,1,49,1,36,14,28,7,0,48,4,54,26,16,4,0,28,4,30,11,4,1,0,128,1,79,79,36,1,15,64,49,43,0,18,28,0,0,0,0,0
501247,2011,2011-05-08,M Chinnaswamy Stadium,Bengaluru,Royal Challengers Bangalore,Royal Challengers Bengaluru,Kochi Tuskers Kerala,Kochi Tuskers Kerala,2,false,Kochi Tuskers Kerala,bat,Royal Challengers Bengaluru,true,128,1,79,92,14,6,33,5,2,1,79,1,36,15,64,7,6,49,0,43,18,28,7,0,0,0,0,0,0,0,0,125,9,120,49,36,1,14,28,48,54,4,26,16,28,30,4,11,4
501248,2011,2011-05-08,"Punjab Cricket Association IS Bindra Stadium, Mohali",Chandigarh,Kings XI Punjab,Punjab Kings,Pune Warriors,Pune Warriors,1,true,Punjab Kings,bat,Pune Warriors,false,119,8,120,54,12,1,50,4,0,0,34,1,36,18,20,5,0,62,3,54,18,26,5,1,23,4,30,14,8,2,0,120,5,103,40,36,1,22,32,74,54,2,18,36,6,13,2,9,0
501248,2011,2011-05-08,"Punjab Cricket Association IS Bindra Stadium, Mohali",Chandigarh,Pune Warriors,Pune Warriors,Kings XI Punjab,Punjab Kings,2,false,Punjab Kings,bat,Pune Warriors,true,120,5,103,68,14,2,49,12,6,1,40,1,36,22,32,8,0,74,2,54,18,36,6,2,6,2,13,9,0,0,0,119,8,120,34,36,1,18,20,62,54,3,18,26,23,30,4,14,8
501249,2011,2011-05-09,Sawai Mansingh Stadium,Jaipur,Chennai Super Kings,Chennai Super Kings,Rajasthan Royals,Rajasthan Royals,1,true,Rajasthan Royals,field,Chennai Super Kings,true,196,3,120,112,19,6,32,8,6,0,55,0,36,10,32,8,0,81,2,54,17,46,7,3,60,1,30,5,34,4,3,133,10,117,48,36,2,13,24,66,54,3,18,22,19,27,5,13,4
501249,2011,2011-05-09,Sawai Mansingh Stadium,Jaipur,Rajasthan Royals,Rajasthan Royals,Chennai Super Kings,Chennai Super Kings,2,false,Rajasthan Royals,field,Chennai Super Kings,false,133,10,117,50,11,1,44,5,5,0,48,2,36,13,24,6,0,66,3,54,18,22,4,1,19,5,27,13,4,1,0,196,3,120,55,36,0,10,32,81,54,2,17,46,60,30,1,5,34
501250,2011,2011-05-10,"Rajiv Gandhi International Stadium, Uppal",Hyderabad,Deccan Chargers,Deccan Chargers,Pune Warriors,Pune Warriors,1,true,Deccan Chargers,bat,Pune Warriors,false,136,8,120,56,11,2,34,1,1,0,50,0,36,12,32,5,2,50,4,54,15,12,3,0,36,4,30,7,12,3,0,137,4,110,52,36,0,19,44,60,54,3,28,38,25,20,1,9,16
501250,2011,2011-05-10,"Rajiv Gandhi International Stadium, Uppal",Hyderabad,Pune Warriors,Pune Warriors,Deccan Chargers,Deccan Chargers,2,false,Deccan Chargers,bat,Pune Warriors,true,137,4,110,98,17,5,56,3,2,1,52,0,36,19,44,8,2,60,3,54,28,38,5,3,25,1,20,9,16,4,0,136,8,120,50,36,0,12,32,50,54,4,15,12,36,30,4,7,12
501251,2011,2011-05-10,"Punjab Cricket Association IS Bindra Stadium, Mohali",Chandigarh,Kings XI Punjab,Punjab Kings,Mumbai Indians,Mumbai Indians,1,true,Mumbai Indians,field,Punjab Kings,true,163,8,120,78,15,3,44,22,7,0,39,1,36,19,20,5,0,85,1,54,13,38,8,1,39,6,30,12,20,2,2,87,10,77,33,36,3,22,24,54,41,7,16,28,0,0,0,0,0
501251,2011,2011-05-10,"Punjab Cricket Association IS Bindra Stadium, Mohali",Chandigarh,Mumbai Indians,Mumbai Indians,Kings XI Punjab,Punjab Kings,2,false,Mumbai Indians,field,Punjab Kings,false,87,10,77,52,10,2,38,5,4,0,33,3,36,22,24,6,0,54,7,41,16,28,4,2,0,0,0,0,0,0,0,163,8,120,39,36,1,19,20,85,54,1,13,38,39,30,6,12,20
501252,2011,2011-05-11,Sawai Mansingh Stadium,Jaipur,Rajasthan Royals,Rajasthan Royals,Royal Challengers Bangalore,Royal Challengers Bengaluru,1,true,Royal Challengers Bengaluru,field,Royal Challengers Bengaluru,false,146,6,120,66,12,3,46,11,7,2,43,0,36,20,30,6,1,69,3,54,17,32,5,2,34,3,30,9,4,1,0,151,1,102,66,36,0,13,54,60,54,1,18,28,25,12,0,4,20
501252,2011,2011-05-11,Sawai Mansingh Stadium,Jaipur,Royal Challengers Bangalore,Royal Challengers Bengaluru,Rajasthan Royals,Rajasthan Royals,2,false,Royal Challengers Bengaluru,field,Royal Challengers Bengaluru,true,151,1,102,102,18,5,35,4,2,0,66,0,36,13,54,12,1,60,1,54,18,28,4,2,25,0,12,4,20,2,2,146,6,120,43,36,0,20,30,69,54,3,17,32,34,30,3,9,4
501253,2011,2011-05-12,MA Chidambaram Stadium,Chennai,Chennai Super Kings,Chennai Super Kings,Delhi Daredevils,Delhi Capitals,1,true,Chennai Super Kings,bat,Chennai Super Kings,true,176,4,120,108,15,8,39,4,1,1,42,2,36,20,30,3,3,63,1,54,19,34,7,1,71,1,30,0,44,5,4,158,6,120,52,36,1,17,36,55,54,2,22,20,51,30,3,7,24
501253,2011,2011-05-12,MA Chidambaram Stadium,Chennai,Delhi Daredevils,Delhi Capitals,Chennai Super Kings,Chennai Super Kings,2,false,Chennai Super Kings,bat,Chennai Super Kings,false,158,6,120,80,11,6,46,14,5,0,52,1,36,17,36,6,2,55,2,54,22,20,2,2,51,3,30,7,24,3,2,176,4,120,42,36,2,20,30,63,54,1,19,34,71,30,1,0,44
501254,2011,2011-05-13,Holkar Cricket Stadium,Indore,Kochi Tuskers Kerala,Kochi Tuskers Kerala,Kings XI Punjab,Punjab Kings,1,true,Punjab Kings,field,Punjab Kings,false,178,7,120,90,12,7,41,23,19,0,62,0,36,14,34,7,1,68,3,54,20,32,2,4,48,4,30,7,24,3,2,181,4,113,49,36,2,19,36,96,54,2,20,74,36,23,0,4,18
501254,2011,2011-05-13,Holkar Cricket Stadium,Indore,Kings XI Punjab,Punjab Kings,Kochi Tuskers Kerala,Kochi Tuskers Kerala,2,false,Punjab Kings,field,Punjab Kings,true,181,4,113,128,17,10,43,8,6,0,49,2,36,19,36,6,2,96,2,54,20,74,8,7,36,0,23,4,18,3,1,178,7,120,62,36,0,14,34,68,54,3,20,32,48,30,4,7,24
501255,2011,2011-05-14,M Chinnaswamy Stadium,Bengaluru,Kolkata Knight Riders,Kolkata Knight Riders,Royal Challengers Bangalore,Royal Challengers Bengaluru,1,true,Royal Challengers Bengaluru,field,Royal Challengers Bengaluru,false,89,4,78,46,7,3,35,7,2,0,33,3,36,19,16,4,0,56,1,42,16,30,3,3,0,0,0,0,0,0,0,105,6,74,65,36,2,13,48,40,38,4,18,16,0,0,0,0,0
501255,2011,2011-05-14,M Chinnaswamy Stadium,Bengaluru,Royal Challengers Bangalore,Royal Challengers Bengaluru,Kolkata Knight Riders,Kolkata Knight Riders,2,false,Royal Challengers Bengaluru,field,Royal Challengers Bengaluru,true,105,6,74,64,13,2,31,6,6,0,65,2,36,13,48,9,2,40,4,38,18,16,4,0,0,0,0,0,0,0,0,89,4,78,33,36,3,19,16,56,42,1,16,30,0,0,0,0,0
501256,2011,2011-05-14,Wankhede Stadium,Mumbai,Deccan Chargers,Deccan Chargers,Mumbai Indians,Mumbai Indians,1,true,Deccan Chargers,bat,Deccan Chargers,true,135,6,120,60,9,4,41,7,3,0,32,1,36,18,16,1,2,50,4,54,17,14,2,1,53,1,30,6,30,6,1,125,8,120,26,36,3,23,8,50,54,1,26,16,49,30,4,11,32
501256,2011,2011-05-14,Wankhede Stadium,Mumbai,Mumbai Indians,Mumbai Indians,Deccan Chargers,Deccan Chargers,2,false,Deccan Chargers,bat,Deccan Chargers,false,125,8,120,56,8,4,60,18,8,0,26,3,36,23,8,2,0,50,1,54,26,16,1,2,49,4,30,11,32,5,2,135,6,120,32,36,1,18,16,50,54,4,17,14,53,30,1,6,30
501257,2011,2011-05-15,Himachal Pradesh Cricket Association Stadium,Dharamsala,Kings XI Punjab,Punjab Kings,Delhi Daredevils,Delhi Capitals,1,true,Delhi Capitals,field,Punjab Kings,true,170,6,120,116,20,6,52,9,7,0,43,1,36,20,32,8,0,83,2,54,23,60,6,6,44,3,30,9,24,6,0,141,8,120,42,36,0,23,26,55,54,5,24,30,44,30,3,15,32
501257,2011,2011-05-15,Himachal Pradesh Cricket Association Stadium,Dharamsala,Delhi Daredevils,Delhi Capitals,Kings XI Punjab,Punjab Kings,2,false,Delhi Capitals,field,Punjab Kings,false,141,8,120,88,13,6,62,12,8,0,42,0,36,23,26,2,3,55,5,54,24,30,6,1,44,3,30,15,32,5,2,170,6,120,43,36,1,20,32,83,54,2,23,60,44,30,3,9,24
501258,2011,2011-05-15,Holkar Cricket Stadium,Indore,Rajasthan Royals,Rajasthan Royals,Kochi Tuskers Kerala,Kochi Tuskers Kerala,1,true,Kochi Tuskers Kerala,field,Kochi Tuskers Kerala,false,97,10,111,60,9,4,68,3,2,0,32,3,36,23,22,4,1,55,5,54,30,34,4,3,10,2,21,15,4,1,0,98,2,44,87,36,2,14,70,11,8,0,4,8,0,0,0,0,0
501258,2011,2011-05-15,Holkar Cricket Stadium,Indore,Kochi Tuskers Kerala,Kochi Tuskers Kerala,Rajasthan Royals,Rajasthan Royals,2,false,Kochi Tuskers Kerala,field,Kochi Tuskers Kerala,true,98,2,44,78,9,7,18,9,2,2,87,2,36,14,70,7,7,11,0,8,4,8,2,0,0,0,0,0,0,0,0,97,10,111,32,36,3,23,22,55,54,5,30,34,10,21,2,15,4
501259,2011,2011-05-16,Dr DY Patil Sports Academy,Mumbai,Pune Warriors,Pune Warriors,Deccan Chargers,Deccan Chargers,1,true,Deccan Chargers,field,Deccan Chargers,false,136,9,120,82,10,7,60,3,2,0,39,2,36,21,26,5,1,53,5,54,31,34,4,3,44,2,30,8,22,1,3,138,4,116,57,36,0,14,32,51,54,2,21,18,30,26,2,11,14
501259,2011,2011-05-16,Dr DY Patil Sports Academy,Mumbai,Deccan Chargers,Deccan Chargers,Pune Warriors,Pune Warriors,2,false,Deccan Chargers,field,Deccan Chargers,true,138,4,116,64,10,4,46,9,9,0,57,0,36,14,32,5,2,51,2,54,21,18,3,1,30,2,26,11,14,2,1,136,9,120,39,36,2,21,26,53,54,5,31,34,44,30,2,8,22
501260,2011,2011-05-17,Himachal Pradesh Cricket Association Stadium,Dharamsala,Kings XI Punjab,Punjab Kings,Royal Challengers Bangalore,Royal Challengers Bengaluru,1,true,Punjab Kings,bat,Punjab Kings,true,232,2,120,158,17,15,39,27,4,2,30,1,36,24,18,3,1,143,0,54,9,108,9,12,59,1,30,6,32,5,2,121,10,102,34,36,3,23,20,63,54,5,24,32,24,12,2,4,20
501260,2011,2011-05-17,Himachal Pradesh Cricket Association Stadium,Dharamsala,Royal Challengers Bangalore,Royal Challengers Bengaluru,Kings XI Punjab,Punjab Kings,2,false,Punjab Kings,bat,Punjab Kings,false,121,10,102,72,12,4,51,9,4,0,34,3,36,23,20,5,0,63,5,54,24,32,5,2,24,2,12,4,20,2,2,232,2,120,30,36,1,24,18,143,54,0,9,108,59,30,1,6,32
501261,2011,2011-05-18,MA Chidambaram Stadium,Chennai,Chennai Super Kings,Chennai Super Kings,Kochi Tuskers Kerala,Kochi Tuskers Kerala,1,true,Chennai Super Kings,bat,Chennai Super Kings,true,152,5,120,76,10,6,38,4,2,0,41,2,36,18,28,4,2,60,2,54,14,20,2,2,51,1,30,6,28,4,2,141,5,120,40,36,1,13,16,50,54,2,23,16,51,30,2,4,26
501261,2011,2011-05-18,MA Chidambaram Stadium,Chennai,Kochi Tuskers Kerala,Kochi Tuskers Kerala,Chennai Super Kings,Chennai Super Kings,2,false,Chennai Super Kings,bat,Chennai Super Kings,false,141,5,120,58,10,3,40,9,7,0,40,1,36,13,16,4,0,50,2,54,23,16,4,0,51,2,30,4,26,2,3,152,5,120,41,36,2,18,28,60,54,2,14,20,51,30,1,6,28
501262,2011,2011-05-19,Dr DY Patil Sports Academy,Mumbai,Pune Warriors,Pune Warriors,Kolkata Knight Riders,Kolkata Knight Riders,1,true,Kolkata Knight Riders,field,Kolkata Knight Riders,false,118,7,120,46,10,1,54,12,8,1,29,2,36,21,16,4,0,52,3,54,25,18,3,1,37,2,30,8,12,3,0,119,3,100,44,36,1,19,22,70,54,1,18,38,5,10,1,7,0
501262,2011,2011-05-19,Dr DY Patil Sports Academy,Mumbai,Kolkata Knight Riders,Kolkata Knight Riders,Pune Warriors,Pune Warriors,2,false,Kolkata Knight Riders,field,Kolkata Knight Riders,true,119,3,100,60,12,2,44,5,3,1,44,1,36,19,22,4,1,70,1,54,18,38,8,1,5,1,10,7,0,0,0,118,7,120,29,36,2,21,16,52,54,3,25,18,37,30,2,8,12
501263,2011,2011-05-20,Wankhede Stadium,Mumbai,Mumbai Indians,Mumbai Indians,Rajasthan Royals,Rajasthan Royals,1,true,Mumbai Indians,bat,Rajasthan Royals,false,133,5,120,58,13,1,44,5,3,0,26,2,36,20,12,3,0,68,1,54,17,30,6,1,39,2,30,7,16,4,0,134,0,79,52,36,0,16,38,82,43,0,10,58,0,0,0,0,0
501263,2011,2011-05-20,Wankhede Stadium,Mumbai,Rajasthan Royals,Rajasthan Royals,Mumbai Indians,Mumbai Indians,2,false,Mumbai Indians,bat,Rajasthan Royals,true,134,0,79,96,15,6,26,2,2,0,52,0,36,16,38,5,3,82,0,43,10,58,10,3,0,0,0,0,0,0,0,133,5,120,26,36,2,20,12,68,54,1,17,30,39,30,2,7,16
501264,2011,2011-05-21,Himachal Pradesh Cricket Association Stadium,Dharamsala,Deccan Chargers,Deccan Chargers,Kings XI Punjab,Punjab Kings,1,true,Punjab Kings,field,Deccan Chargers,true,198,2,120,100,19,4,26,16,8,0,58,0,36,12,32,8,0,89,1,54,11,42,6,3,51,1,30,3,26,5,1,116,10,114,45,36,2,22,38,54,54,3,22,22,17,24,5,18,12
501264,2011,2011-05-21,Himachal Pradesh Cricket Association Stadium,Dharamsala,Kings XI Punjab,Punjab Kings,Deccan Chargers,Deccan Chargers,2,false,Punjab Kings,field,Deccan Chargers,false,116,10,114,72,12,4,62,4,2,0,45,2,36,22,38,8,1,54,3,54,22,22,4,1,17,5,24,18,12,0,2,198,2,120,58,36,0,12,32,89,54,1,11,42,51,30,1,3,26
501265,2011,2011-05-21,Feroz Shah Kotla,Delhi,Delhi Daredevils,Delhi Capitals,,,1,true,Delhi Capitals,bat,Unknown,false,56,3,61,24,3,2,29,5,1,1,33,2,36,20,20,2,2,23,1,25,9,4,1,0,0,0,0,0,0,0,0,,,,,,,,,,,,,,,,,,
501266,2011,2011-05-22,M Chinnaswamy Stadium,Bengaluru,Chennai Super Kings,Chennai Super Kings,Royal Challengers Bangalore,Royal Challengers Bengaluru,1,true,Royal Challengers Bengaluru,field,Royal Challengers Bengaluru,false,128,8,120,70,7,7,61,10,6,0,23,4,36,26,12,3,0,56,1,54,26,26,2,3,49,3,30,9,32,2,4,129,2,108,44,36,1,18,32,60,54,1,23,30,25,18,0,7,14
501266,2011,2011-05-22,M Chinnaswamy Stadium,Bengaluru,Royal Challengers Bangalore,Royal Challengers Bengaluru,Chennai Super Kings,Chennai Super Kings,2,false,Royal Challengers Bengaluru,field,Royal Challengers Bengaluru,true,129,2,108,76,10,6,48,10,8,0,44,1,36,18,32,5,2,60,1,54,23,30,3,3,25,0,18,7,14,2,1,128,8,120,23,36,4,26,12,56,54,1,26,26,49,30,3,9,32
501267,2011,2011-05-22,Eden Gardens,Kolkata,Kolkata Knight Riders,Kolkata Knight Riders,Mumbai Indians,Mumbai Indians,1,true,Mumbai Indians,field,Mumbai Indians,false,175,7,120,106,16,7,35,6,3,0,46,2,36,17,32,5,2,75,1,54,9,38,8,1,54,4,30,9,36,3,4,178,5,120,54,36,1,15,36,56,54,3,18,20,68,30,1,4,42
501267,2011,2011-05-22,Eden Gardens,Kolkata,Mumbai Indians,Mumbai Indians,Kolkata Knight Riders,Kolkata Knight Riders,2,false,Mumbai Indians,field,Mumbai Indians,true,178,5,120,98,20,3,37,16,7,0,54,1,36,15,36,9,0,56,3,54,18,20,5,0,68,1,30,4,42,6,3,175,7,120,46,36,2,17,32,75,54,1,9,38,54,30,4,9,36
501268,2011,2011-05-24,Wankhede Stadium,Mumbai,Royal Challengers Bangalore,Royal Challengers Bengaluru,Chennai Super Kings,Chennai Super Kings,1,true,Chennai Super Kings,field,Chennai Super Kings,false,175,4,120,94,13,7,40,14,5,0,44,1,36,18,26,5,1,78,2,54,16,38,5,3,53,1,30,6,30,3,3,177,4,118,25,36,2,26,16,85,54,1,15,50,67,28,1,4,50
501268,2011,2011-05-24,Wankhede Stadium,Mumbai,Chennai Super Kings,Chennai Super Kings,Royal Challengers Bangalore,Royal Challengers Bengaluru,2,false,Chennai Super Kings,field,Chennai Super Kings,true,177,4,118,116,14,10,45,8,4,2,25,2,36,26,16,4,0,85,1,54,15,50,8,3,67,1,28,4,50,2,7,175,4,120,44,36,1,18,26,78,54,2,16,38,53,30,1,6,30
501269,2011,2011-05-25,Wankhede Stadium,Mumbai,Kolkata Knight Riders,Kolkata Knight Riders,Mumbai Indians,Mumbai Indians,1,true,Mumbai Indians,field,Mumbai Indians,false,147,7,120,78,15,3,45,6,4,0,25,4,36,23,12,3,0,77,1,54,18,48,9,2,45,2,30,4,18,3,1,148,6,116,62,36,0,11,44,58,54,4,25,32,28,26,2,11,14
501269,2011,2011-05-25,Wankhede Stadium,Mumbai,Mumbai Indians,Mumbai Indians,Kolkata Knight Riders,Kolkata Knight Riders,2,false,Mumbai Indians,field,Mumbai Indians,true,148,6,116,90,18,3,47,4,1,0,62,0,36,11,44,11,0,58,4,54,25,32,5,2,28,2,26,11,14,2,1,147,7,120,25,36,4,23,12,77,54,1,18,48,45,30,2,4,18
501270,2011,2011-05-27,MA Chidambaram Stadium,Chennai,Royal Challengers Bangalore,Royal Challengers Bengaluru,Mumbai Indians,Mumbai Indians,1,true,Mumbai Indians,field,Royal Challengers Bengaluru,true,185,4,120,100,13,8,36,14,13,1,68,0,36,17,52,10,2,82,2,54,11,42,3,5,35,2,30,8,6,0,1,142,8,120,52,36,2,15,38,51,54,5,21,18,39,30,1,11,20
501270,2011,2011-05-27,MA Chidambaram Stadium,Chennai,Mumbai Indians,Mumbai Indians,Royal Challengers Bangalore,Royal Challengers Bengaluru,2,false,Mumbai Indians,field,Royal Challengers Bengaluru,false,142,8,120,76,13,4,47,4,2,0,52,2,36,15,38,8,1,51,5,54,21,18,3,1,39,1,30,11,20,2,2,185,4,120,68,36,0,17,52,82,54,2,11,42,35,30,2,8,6
501271,2011,2011-05-28,MA Chidambaram Stadium,Chennai,Chennai Super Kings,Chennai Super Kings,Royal Challengers Bangalore,Royal Challengers Bengaluru,1,true,Chennai Super Kings,bat,Chennai Super Kings,true,205,5,120,106,7,13,30,9,2,0,56,0,36,10,24,0,4,105,1,54,8,58,7,5,44,4,30,12,24,0,4,147,8,120,47,36,2,12,24,60,54,5,20,24,40,30,1,10,20
501271,2011,2011-05-28,MA Chidambaram Stadium,Chennai,Royal Challengers Bangalore,Royal Challengers Bengaluru,Chennai Super Kings,Chennai Super Kings,2,false,Chennai Super Kings,bat,Chennai Super Kings,false,147,8,120,68,11,4,42,6,1,1,47,2,36,12,24,6,0,60,5,54,20,24,3,2,40,1,30,10,20,2,2,205,5,120,56,36,0,10,24,105,54,1,8,58,44,30,4,12,24
548306,2012,2012-04-04,MA Chidambaram Stadium,Chennai,Chennai Super Kings,Chennai Super Kings,Mumbai Indians,Mumbai Indians,1,true,Mumbai Indians,field,Mumbai Indians,false,112,10,119,30,6,1,46,12,7,0,42,2,36,14,10,1,1,53,3,54,20,20,5,0,17,5,29,12,0,0,0,115,3,101,53,36,0,16,40,47,54,3,22,16,15,11,0,5,10
548306,2012,2012-04-04,MA Chidambaram Stadium,Chennai,Mumbai Indians,Mumbai Indians,Chennai Super Kings,Chennai Super Kings,2,false,Mumbai Indians,field,Mumbai Indians,true,115,3,101,66,9,5,43,6,3,0,53,0,36,16,40,7,2,47,3,54,22,16,1,2,15,0,11,5,10,1,1,112,10,119,42,36,2,14,10,53,54,3,20,20,17,29,5,12,0
548307,2012,2012-04-05,Eden Gardens,Kolkata,Kolkata Knight Riders,Kolkata Knight Riders,Delhi Daredevils,Delhi Capitals,1,true,Delhi Capitals,field,Delhi Capitals,false,97,9,72,54,6,5,27,7,2,0,46,4,36,17,26,5,1,51,5,36,10,28,1,4,0,0,0,0,0,0,0,100,2,67,48,36,0,11,26,52,31,2,6,30,0,0,0,0,0
548307,2012,2012-04-05,Eden Gardens,Kolkata,Delhi Daredevils,Delhi Capitals,Kolkata Knight Riders,Kolkata Knight Riders,2,false,Delhi Capitals,field,Delhi Capitals,true,100,2,67,56,8,4,17,5,1,0,48,0,36,11,26,5,1,52,2,31,6,30,3,3,0,0,0,0,0,0,0,97,9,72,46,36,4,17,26,51,36,5,10,28,0,0,0,0,0
548308,2012,2012-04-06,Wankhede Stadium,Mumbai,Pune Warriors,Pune Warriors,Mumbai Indians,Mumbai Indians,1,true,Mumbai Indians,field,Pune Warriors,true,129,9,120,50,11,1,45,8,3,0,30,3,36,19,12,3,0,61,1,54,15,16,4,0,38,5,30,11,22,4,1,101,9,120,27,36,3,24,14,47,54,2,24,18,27,30,4,13,12
548308,2012,2012-04-06,Wankhede Stadium,Mumbai,Mumbai Indians,Mumbai Indians,Pune Warriors,Pune Warriors,2,false,Mumbai Indians,field,Pune Warriors,false,101,9,120,44,8,2,61,5,4,0,27,3,36,24,14,2,1,47,2,54,24,18,3,1,27,4,30,13,12,3,0,129,9,120,30,36,3,19,12,61,54,1,15,16,38,30,5,11,22
548309,2012,2012-04-06,Sawai Mansingh Stadium,Jaipur,Rajasthan Royals,Rajasthan Royals,Kings XI Punjab,Punjab Kings,1,true,Punjab Kings,field,Rajasthan Royals,true,191,4,120,110,23,3,35,19,11,0,57,0,36,11,36,9,0,70,2,54,19,30,6,1,64,2,30,5,44,8,2,160,9,120,45,36,2,15,26,72,54,3,14,34,43,30,4,7,20
548309,2012,2012-04-06,Sawai Mansingh Stadium,Jaipur,Kings XI Punjab,Punjab Kings,Rajasthan Royals,Rajasthan Royals,2,false,Punjab Kings,field,Rajasthan Royals,false,160,9,120,80,14,4,36,6,1,1,45,2,36,15,26,5,1,72,3,54,14,34,7,1,43,4,30,7,20,2,2,191,4,120,57,36,0,11,36,70,54,2,19,30,64,30,2,5,44
548310,2012,2012-04-07,M Chinnaswamy Stadium,Bengaluru,Royal Challengers Bangalore,Royal Challengers Bengaluru,Delhi Daredevils,Delhi Capitals,1,true,Delhi Capitals,field,Royal Challengers Bengaluru,true,157,8,120,86,14,5,42,6,2,0,46,2,36,18,32,5,2,62,4,54,20,28,4,2,49,2,30,4,26,5,1,137,7,120,46,36,1,18,34,45,54,4,22,8,46,30,2,5,22
548310,2012,2012-04-07,M Chinnaswamy Stadium,Bengaluru,Delhi Daredevils,Delhi Capitals,Royal Challengers Bangalore,Royal Challengers Bengaluru,2,false,Delhi Capitals,field,Royal Challengers Bengaluru,false,137,7,120,64,13,2,45,4,2,0,46,1,36,18,34,7,1,45,4,54,22,8,2,0,46,2,30,5,22,4,1,157,8,120,46,36,2,18,32,62,54,4,20,28,49,30,2,4,26
548311,2012,2012-04-07,Dr Y.S. Rajasekhara Reddy ACA-VDCA Cricket Stadium,Visakhapatnam,Chennai Super Kings,Chennai Super Kings,Deccan Chargers,Deccan Chargers,1,true,Deccan Chargers,field,Chennai Super Kings,true,193,6,120,112,10,12,38,11,7,1,44,2,36,17,28,4,2,77,3,54,17,40,4,4,72,1,30,4,44,2,6,119,10,103,45,36,1,16,28,56,54,7,22,28,18,13,2,5,12
548311,2012,2012-04-07,Dr Y.S. Rajasekhara Reddy ACA-VDCA Cricket Stadium,Visakhapatnam,Deccan Chargers,Deccan Chargers,Chennai Super Kings,Chennai Super Kings,2,false,Deccan Chargers,field,Chennai Super Kings,false,119,10,103,68,11,4,43,4,3,0,45,1,36,16,28,7,0,56,7,54,22,28,4,2,18,2,13,5,12,0,2,193,6,120,44,36,2,17,28,77,54,3,17,40,72,30,1,4,44
548312,2012,2012-04-08,Sawai Mansingh Stadium,Jaipur,Rajasthan Royals,Rajasthan Royals,Kolkata Knight Riders,Kolkata Knight Riders,1,true,Kolkata Knight Riders,field,Rajasthan Royals,true,164,5,120,88,13,6,42,3,2,1,37,1,36,20,24,3,2,79,2,54,13,38,5,3,48,2,30,9,26,5,1,142,10,120,27,36,4,18,6,67,54,3,19,32,48,30,3,10,32
548312,2012,2012-04-08,Sawai Mansingh Stadium,Jaipur,Kolkata Knight Riders,Kolkata Knight Riders,Rajasthan Royals,Rajasthan Royals,2,false,Kolkata Knight Riders,field,Rajasthan Royals,false,142,10,120,70,10,5,47,7,5,0,27,4,36,18,6,0,1,67,3,54,19,32,5,2,48,3,30,10,32,5,2,164,5,120,37,36,1,20,24,79,54,2,13,38,48,30,2,9,26
548313,2012,2012-04-08,Subrata Roy Sahara Stadium,Pune,Pune Warriors,Pune Warriors,Kings XI Punjab,Punjab Kings,1,true,Pune Warriors,bat,Pune Warriors,true,166,6,120,88,10,8,42,12,3,2,38,2,36,16,16,4,0,75,1,54,15,40,4,4,53,3,30,11,32,2,4,144,8,120,19,36,2,23,8,80,54,3,14,36,45,30,3,8,24
548313,2012,2012-04-08,Subrata Roy Sahara Stadium,Pune,Kings XI Punjab,Punjab Kings,Pune Warriors,Pune Warriors,2,false,Pune Warriors,bat,Pune Warriors,false,144,8,120,68,11,4,45,11,4,1,19,2,36,23,8,2,0,80,3,54,14,36,6,2,45,3,30,8,24,3,2,166,6,120,38,36,2,16,16,75,54,1,15,40,53,30,3,11,32
548314,2012,2012-04-09,Dr Y.S. Rajasekhara Reddy ACA-VDCA Cricket Stadium,Visakhapatnam,Deccan Chargers,Deccan Chargers,Mumbai Indians,Mumbai Indians,1,true,Deccan Chargers,bat,Mumbai Indians,false,138,9,120,72,6,8,48,5,4,0,45,2,36,18,32,2,4,51,2,54,21,20,2,2,42,5,30,9,20,2,2,142,5,120,29,36,2,22,18,56,54,1,18,24,57,30,2,6,38
548314,2012,2012-04-09,Dr Y.S. Rajasekhara Reddy ACA-VDCA Cricket Stadium,Visakhapatnam,Mumbai Indians,Mumbai Indians,Deccan Chargers,Deccan Chargers,2,false,Deccan Chargers,bat,Mumbai Indians,true,142,5,120,80,8,8,46,4,0,0,29,2,36,22,18,3,1,56,1,54,18,24,3,2,57,2,30,6,38,2,5,138,9,120,45,36,2,18,32,51,54,2,21,20,42,30,5,9,20
548315,2012,2012-04-10,M Chinnaswamy Stadium,Bengaluru,Kolkata Knight Riders,Kolkata Knight Riders,Royal Challengers Bangalore,Royal Challengers Bengaluru,1,true,Royal Challengers Bengaluru,field,Kolkata Knight Riders,true,165,8,120,96,15,6,43,6,2,0,60,0,36,15,48,9,2,68,3,54,17,34,4,3,37,5,30,11,14,2,1,123,9,120,20,36,3,27,14,61,54,4,15,22,42,30,2,7,14
548315,2012,2012-04-10,M Chinnaswamy Stadium,Bengaluru,Royal Challengers Bangalore,Royal Challengers Bengaluru,Kolkata Knight Riders,Kolkata Knight Riders,2,false,Royal Challengers Bengaluru,field,Kolkata Knight Riders,false,123,9,120,50,8,3,49,10,8,0,20,3,36,27,14,2,1,61,4,54,15,22,4,1,42,2,30,7,14,2,1,165,8,120,60,36,0,15,48,68,54,3,17,34,37,30,5,11,14
548316,2012,2012-04-10,Feroz Shah Kotla,Delhi,Chennai Super Kings,Chennai Super Kings,Delhi Daredevils,Delhi Capitals,1,true,Delhi Capitals,field,Delhi Capitals,false,110,8,120,46,7,3,58,6,4,0,41,2,36,22,28,4,2,39,3,54,27,10,1,1,30,3,30,9,8,2,0,111,2,80,50,36,2,14,34,61,44,0,11,28,0,0,0,0,0
548316,2012,2012-04-10,Feroz Shah Kotla,Delhi,Delhi Daredevils,Delhi Capitals,Chennai Super Kings,Chennai Super Kings,2,false,Delhi Capitals,field,Delhi Capitals,true,111,2,80,62,11,3,25,1,0,0,50,2,36,14,34,7,1,61,0,44,11,28,4,2,0,0,0,0,0,0,0,110,8,120,41,36,2,22,28,39,54,3,27,10,30,30,3,9,8
548317,2012,2012-04-11,Wankhede Stadium,Mumbai,Mumbai Indians,Mumbai Indians,Rajasthan Royals,Rajasthan Royals,1,true,Rajasthan Royals,field,Mumbai Indians,true,197,6,120,128,14,12,33,6,0,0,54,1,36,14,38,5,3,83,2,54,13,48,6,4,60,3,30,6,42,3,5,170,10,118,44,36,2,17,26,92,54,3,17,62,34,28,5,14,20
548317,2012,2012-04-11,Wankhede Stadium,Mumbai,Rajasthan Royals,Rajasthan Royals,Mumbai Indians,Mumbai Indians,2,false,Rajasthan Royals,field,Mumbai Indians,false,170,10,118,108,12,10,48,4,2,1,44,2,36,17,26,2,3,92,3,54,17,62,8,5,34,5,28,14,20,2,2,197,6,120,54,36,1,14,38,83,54,2,13,48,60,30,3,6,42
548318,2012,2012-04-12,MA Chidambaram Stadium,Chennai,Royal Challengers Bangalore,Royal Challengers Bengaluru,Chennai Super Kings,Chennai Super Kings,1,true,Royal Challengers Bengaluru,bat,Chennai Super Kings,false,205,8,120,128,14,12,38,16,14,0,56,1,36,15,38,5,3,93,0,54,15,56,5,6,56,7,30,8,34,4,3,208,5,120,52,36,0,13,36,79,54,3,15,40,77,30,2,5,50
548318,2012,2012-04-12,MA Chidambaram Stadium,Chennai,Chennai Super Kings,Chennai Super Kings,Royal Challengers Bangalore,Royal Challengers Bengaluru,2,false,Royal Challengers Bengaluru,bat,Chennai Super Kings,true,208,5,120,126,15,11,33,5,2,2,52,0,36,13,36,6,2,79,3,54,15,40,4,4,77,2,30,5,50,5,5,205,8,120,56,36,1,15,38,93,54,0,15,56,56,30,7,8,34
548319,2012,2012-04-12,"Punjab Cricket Association IS Bindra Stadium, Mohali",Chandigarh,Pune Warriors,Pune Warriors,Kings XI Punjab,Punjab Kings,1,true,Punjab Kings,field,Punjab Kings,false,115,10,114,52,10,2,54,12,5,0,29,3,36,22,16,4,0,67,2,54,19,30,6,1,19,5,24,13,6,0,1,116,3,106,38,36,1,20,28,50,54,2,24,20,28,16,0,4,14
548319,2012,2012-04-12,"Punjab Cricket Association IS Bindra Stadium, Mohali",Chandigarh,Kings XI Punjab,Punjab Kings,Pune Warriors,Pune Warriors,2,false,Punjab Kings,field,Punjab Kings,true,116,3,106,62,14,1,48,0,0,0,38,1,36,20,28,7,0,50,2,54,24,20,5,0,28,0,16,4,14,2,1,115,10,114,29,36,3,22,16,67,54,2,19,30,19,24,5,13,6
548320,2012,2012-04-13,Eden Gardens,Kolkata,Rajasthan Royals,Rajasthan Royals,Kolkata Knight Riders,Kolkata Knight Riders,1,true,Rajasthan Royals,bat,Kolkata Knight Riders,false,131,5,120,64,13,2,52,10,9,0,45,0,36,16,32,8,0,40,3,54,26,8,2,0,46,2,30,10,24,3,2,137,5,116,36,36,1,17,20,59,54,2,22,18,42,26,2,7,24
548320,2012,2012-04-13,Eden Gardens,Kolkata,Kolkata Knight Riders,Kolkata Knight Riders,Rajasthan Royals,Rajasthan Royals,2,false,Rajasthan Royals,bat,Kolkata Knight Riders,true,137,5,116,62,11,3,46,12,6,0,36,1,36,17,20,5,0,59,2,54,22,18,3,1,42,2,26,7,24,3,2,131,5,120,45,36,0,16,32,40,54,3,26,8,46,30,2,10,24
548322,2012,2012-04-14,Subrata Roy Sahara Stadium,Pune,Chennai Super Kings,Chennai Super Kings,Pune Warriors,Pune Warriors,1,true,Chennai Super Kings,bat,Pune Warriors,false,155,5,120,76,13,4,36,6,3,2,43,0,36,17,28,4,2,71,3,54,13,30,6,1,41,2,30,6,18,3,1,156,3,116,56,36,1,10,30,50,54,2,18,14,50,26,0,6,34
548322,2012,2012-04-14,Subrata Roy Sahara Stadium,Pune,Pune Warriors,Pune Warriors,Chennai Super Kings,Chennai Super Kings,2,false,Chennai Super Kings,bat,Pune Warriors,true,156,3,116,78,12,5,34,5,3,0,56,1,36,10,30,6,1,50,2,54,18,14,2,1,50,0,26,6,34,4,3,155,5,120,43,36,0,17,28,71,54,3,13,30,41,30,2,6,18
548323,2012,2012-04-15,Eden Gardens,Kolkata,Kings XI Punjab,Punjab Kings,Kolkata Knight Riders,Kolkata Knight Riders,1,true,Kolkata Knight Riders,field,Punjab Kings,true,134,9,120,58,7,5,45,7,1,0,26,2,36,17,8,2,0,61,2,54,18,20,2,2,47,5,30,10,30,3,3,132,7,120,48,36,2,14,26,46,54,4,20,10,38,30,1,6,16
548323,2012,2012-04-15,Eden Gardens,Kolkata,Kolkata Knight Riders,Kolkata Knight Riders,Kings XI Punjab,Punjab Kings,2,false,Kolkata Knight Riders,field,Punjab Kings,false,132,7,120,52,10,2,40,9,2,0,48,2,36,14,26,5,1,46,4,54,20,10,1,1,38,1,30,6,16,4,0,134,9,120,26,36,2,17,8,61,54,2,18,20,47,30,5,10,30
548324,2012,2012-04-15,M Chinnaswamy Stadium,Bengaluru,Rajasthan Royals,Rajasthan Royals,Royal Challengers Bangalore,Royal Challengers Bengaluru,1,true,Rajasthan Royals,bat,Rajasthan Royals,true,195,2,120,136,19,10,39,6,1,0,43,0,36,19,32,5,2,70,1,54,16,40,7,2,82,1,30,4,64,7,6,136,10,119,54,36,2,20,44,51,54,4,15,10,31,29,4,15,16
548324,2012,2012-04-15,M Chinnaswamy Stadium,Bengaluru,Royal Challengers Bangalore,Royal Challengers Bengaluru,Rajasthan Royals,Rajasthan Royals,2,false,Rajasthan Royals,bat,Rajasthan Royals,false,136,10,119,70,10,5,50,3,2,0,54,2,36,20,44,5,4,51,4,54,15,10,1,1,31,4,29,15,16,4,0,195,2,120,43,36,0,19,32,70,54,1,16,40,82,30,1,4,64
548325,2012,2012-04-16,Wankhede Stadium,Mumbai,Mumbai Indians,Mumbai Indians,Delhi Daredevils,Delhi Capitals,1,true,Delhi Capitals,field,Delhi Capitals,false,92,10,116,46,10,1,65,9,3,2,23,2,36,23,12,3,0,56,5,54,23,30,6,1,13,3,26,19,4,1,0,93,3,89,41,36,1,21,22,52,53,2,19,12,0,0,0,0,0
548325,2012,2012-04-16,Wankhede Stadium,Mumbai,Delhi Daredevils,Delhi Capitals,Mumbai Indians,Mumbai Indians,2,false,Delhi Capitals,field,Delhi Capitals,true,93,3,89,34,7,1,40,11,6,0,41,1,36,21,22,4,1,52,2,53,19,12,3,0,0,0,0,0,0,0,0,92,10,116,23,36,2,23,12,56,54,5,23,30,13,26,3,19,4
548326,2012,2012-04-17,Sawai Mansingh Stadium,Jaipur,Deccan Chargers,Deccan Chargers,Rajasthan Royals,Rajasthan Royals,1,true,Deccan Chargers,bat,Rajasthan Royals,false,196,2,120,114,18,7,35,13,11,0,57,0,36,12,32,8,0,62,2,54,18,26,5,1,77,0,30,5,56,5,6,197,5,118,62,36,1,13,46,72,54,2,13,34,63,28,2,3,44
548326,2012,2012-04-17,Sawai Mansingh Stadium,Jaipur,Rajasthan Royals,Rajasthan Royals,Deccan Chargers,Deccan Chargers,2,false,Deccan Chargers,bat,Rajasthan Royals,true,197,5,118,124,22,6,29,6,5,1,62,1,36,13,46,10,1,72,2,54,13,34,4,3,63,2,28,3,44,8,2,196,2,120,57,36,0,12,32,62,54,2,18,26,77,30,0,5,56
548327,2012,2012-04-17,M Chinnaswamy Stadium,Bengaluru,Pune Warriors,Pune Warriors,Royal Challengers Bangalore,Royal Challengers Bengaluru,1,true,Pune Warriors,bat,Royal Challengers Bengaluru,false,182,6,120,102,15,7,30,7,3,0,58,0,36,12,40,7,2,76,3,54,11,36,6,2,48,3,30,7,26,2,3,186,4,120,42,36,2,19,26,75,54,1,15,42,69,30,1,4,48
548327,2012,2012-04-17,M Chinnaswamy Stadium,Bengaluru,Royal Challengers Bangalore,Royal Challengers Bengaluru,Pune Warriors,Pune Warriors,2,false,Pune Warriors,bat,Royal Challengers Bengaluru,true,186,4,120,116,8,14,38,7,3,2,42,2,36,19,26,2,3,75,1,54,15,42,3,5,69,1,30,4,48,3,6,182,6,120,58,36,0,12,40,76,54,3,11,36,48,30,3,7,26
548328,2012,2012-04-18,"Punjab Cricket Association IS Bindra Stadium, Mohali",Chandigarh,Kings XI Punjab,Punjab Kings,Kolkata Knight Riders,Kolkata Knight Riders,1,true,Punjab Kings,bat,Kolkata Knight Riders,false,124,7,120,42,9,1,39,3,2,0,45,1,36,11,20,5,0,44,3,54,22,12,3,0,35,3,30,6,10,1,1,127,2,99,53,36,1,14,34,54,54,1,20,18,20,9,0,2,14
548328,2012,2012-04-18,"Punjab Cricket Association IS Bindra Stadium, Mohali",Chandigarh,Kolkata Knight Riders,Kolkata Knight Riders,Kings XI Punjab,Punjab Kings,2,false,Punjab Kings,bat,Kolkata Knight Riders,true,127,2,99,66,12,3,36,5,1,0,53,1,36,14,34,7,1,54,1,54,20,18,3,1,20,0,9,2,14,2,1,124,7,120,45,36,1,11,20,44,54,3,22,12,35,30,3,6,10
548321,2012,2012-04-19,Feroz Shah Kotla,Delhi,Deccan Chargers,Deccan Chargers,Delhi Daredevils,Delhi Capitals,1,true,Deccan Chargers,bat,Delhi Capitals,false,157,8,120,78,15,3,39,6,5,1,50,1,36,13,30,6,1,70,3,54,14,30,6,1,37,4,30,12,18,3,1,162,5,115,34,36,3,19,20,81,54,2,22,52,47,25,0,4,30
548321,2012,2012-04-19,Feroz Shah Kotla,Delhi,Delhi Daredevils,Delhi Capitals,Deccan Chargers,Deccan Chargers,2,false,Deccan Chargers,bat,Delhi Capitals,true,162,5,115,102,12,9,45,4,4,0,34,3,36,19,20,5,0,81,2,54,22,52,4,6,47,0,25,4,30,3,3,157,8,120,50,36,1,13,30,70,54,3,14,30,37,30,4,12,18
548330,2012,2012-04-19,MA Chidambaram Stadium,Chennai,Chennai Super Kings,Chennai Super Kings,Pune Warriors,Pune Warriors,1,true,Pune Warriors,field,Chennai Super Kings,true,164,5,120,90,15,5,41,2,0,1,42,0,36,18,26,5,1,73,0,54,13,34,7,1,49,5,30,10,30,3,3,151,7,120,53,36,2,19,38,54,54,3,18,14,44,30,2,4,4
548330,2012,2012-04-19,MA Chidambaram Stadium,Chennai,Pune Warriors,Pune Warriors,Chennai Super Kings,Chennai Super Kings,2,false,Pune Warriors,field,Chennai Super Kings,false,151,7,120,56,11,2,41,15,7,1,53,2,36,19,38,8,1,54,3,54,18,14,2,1,44,2,30,4,4,1,0,164,5,120,42,36,0,18,26,73,54,0,13,34,49,30,5,10,30
548331,2012,2012-04-20,"Punjab Cricket Association IS Bindra Stadium, Mohali",Chandigarh,Kings XI Punjab,Punjab Kings,Royal Challengers Bangalore,Royal Challengers Bengaluru,1,true,Royal Challengers Bengaluru,field,Royal Challengers Bengaluru,false,163,6,120,70,13,3,33,8,3,0,41,2,36,18,24,6,0,64,3,54,13,18,3,1,58,1,30,2,28,4,2,166,5,117,36,36,3,21,20,80,54,0,11,36,50,27,2,8,32
548331,2012,2012-04-20,"Punjab Cricket Association IS Bindra Stadium, Mohali",Chandigarh,Royal Challengers Bangalore,Royal Challengers Bengaluru,Kings XI Punjab,Punjab Kings,2,false,Royal Challengers Bengaluru,field,Royal Challengers Bengaluru,true,166,5,117,88,16,4,40,8,7,1,36,3,36,21,20,5,0,80,0,54,11,36,6,2,50,2,27,8,32,5,2,163,6,120,41,36,2,18,24,64,54,3,13,18,58,30,1,2,28
548332,2012,2012-04-21,MA Chidambaram Stadium,Chennai,Rajasthan Royals,Rajasthan Royals,Chennai Super Kings,Chennai Super Kings,1,true,Rajasthan Royals,bat,Chennai Super Kings,false,146,4,120,78,12,5,55,14,11,0,41,1,36,20,30,6,1,66,1,54,23,24,3,2,39,2,30,12,24,3,2,147,3,120,45,36,0,15,28,59,54,1,12,20,43,30,2,5,12
548332,2012,2012-04-21,MA Chidambaram Stadium,Chennai,Chennai Super Kings,Chennai Super Kings,Rajasthan Royals,Rajasthan Royals,2,false,Rajasthan Royals,bat,Chennai Super Kings,true,147,3,120,60,12,2,32,2,1,0,45,0,36,15,28,7,0,59,1,54,12,20,2,2,43,2,30,5,12,3,0,146,4,120,41,36,1,20,30,66,54,1,23,24,39,30,2,12,24
548333,2012,2012-04-21,Feroz Shah Kotla,Delhi,Pune Warriors,Pune Warriors,Delhi Daredevils,Delhi Capitals,1,true,Delhi Capitals,field,Pune Warriors,true,192,3,120,118,19,7,38,15,10,1,52,1,36,16,36,6,2,73,1,54,16,34,7,1,67,1,30,6,48,6,4,172,7,120,49,36,1,17,36,82,54,4,12,44,41,30,2,8,22
548333,2012,2012-04-21,Feroz Shah Kotla,Delhi,Delhi Daredevils,Delhi Capitals,Pune Warriors,Pune Warriors,2,false,Delhi Capitals,field,Pune Warriors,false,172,7,120,102,12,9,37,5,3,0,49,1,36,17,36,3,4,82,4,54,12,44,5,4,41,2,30,8,22,4,1,192,3,120,52,36,1,16,36,73,54,1,16,34,67,30,1,6,48
548334,2012,2012-04-22,Wankhede Stadium,Mumbai,Mumbai Indians,Mumbai Indians,Kings XI Punjab,Punjab Kings,1,true,Mumbai Indians,bat,Punjab Kings,false,163,6,120,88,16,4,38,6,5,0,39,0,36,17,24,6,0,90,2,54,11,52,7,4,34,4,30,10,12,3,0,164,4,117,48,36,0,14,32,71,54,2,13,30,45,27,2,8,22
548334,2012,2012-04-22,Wankhede Stadium,Mumbai,Kings XI Punjab,Punjab Kings,Mumbai Indians,Mumbai Indians,2,false,Mumbai Indians,bat,Punjab Kings,true,164,4,117,84,15,4,35,6,6,0,48,0,36,14,32,8,0,71,2,54,13,30,6,1,45,2,27,8,22,1,3,163,6,120,39,36,0,17,24,90,54,2,11,52,34,30,4,10,12
548335,2012,2012-04-22,Barabati Stadium,Cuttack,Deccan Chargers,Deccan Chargers,Kolkata Knight Riders,Kolkata Knight Riders,1,true,Kolkata Knight Riders,field,Kolkata Knight Riders,false,126,7,120,48,9,2,41,3,0,1,39,1,36,15,22,4,1,59,2,54,14,16,4,0,28,4,30,12,10,1,1,127,5,114,42,36,1,19,28,55,54,3,19,14,30,24,1,7,12
548335,2012,2012-04-22,Barabati Stadium,Cuttack,Kolkata Knight Riders,Kolkata Knight Riders,Deccan Chargers,Deccan Chargers,2,false,Kolkata Knight Riders,field,Kolkata Knight Riders,true,127,5,114,54,12,1,45,9,7,0,42,1,36,19,28,7,0,55,3,54,19,14,2,1,30,1,24,7,12,3,0,126,7,120,39,36,1,15,22,59,54,2,14,16,28,30,4,12,10
548336,2012,2012-04-23,Sawai Mansingh Stadium,Jaipur,Royal Challengers Bangalore,Royal Challengers Bengaluru,Rajasthan Royals,Rajasthan Royals,1,true,Rajasthan Royals,field,Royal Challengers Bengaluru,true,189,3,120,104,17,6,40,19,7,2,37,1,36,16,20,5,0,70,2,54,22,32,5,2,82,0,30,2,52,7,4,143,7,120,48,36,0,13,24,55,54,5,25,22,40,30,2,8,20
548336,2012,2012-04-23,Sawai Mansingh Stadium,Jaipur,Rajasthan Royals,Rajasthan Royals,Royal Challengers Bangalore,Royal Challengers Bengaluru,2,false,Rajasthan Royals,field,Royal Challengers Bengaluru,false,143,7,120,66,15,1,46,10,5,0,48,0,36,13,24,6,0,55,5,54,25,22,4,1,40,2,30,8,20,5,0,189,3,120,37,36,1,16,20,70,54,2,22,32,82,30,0,2,52
548337,2012,2012-04-24,Subrata Roy Sahara Stadium,Pune,Pune Warriors,Pune Warriors,Delhi Daredevils,Delhi Capitals,1,true,Pune Warriors,bat,Delhi Capitals,false,146,2,120,70,13,3,40,5,0,0,28,2,36,20,14,2,1,67,0,54,15,32,5,2,51,0,30,5,24,6,0,148,2,96,61,36,1,12,44,73,54,1,13,32,14,6,0,0,10
548337,2012,2012-04-24,Subrata Roy Sahara Stadium,Pune,Delhi Daredevils,Delhi Capitals,Pune Warriors,Pune Warriors,2,false,Pune Warriors,bat,Delhi Capitals,true,148,2,96,86,14,5,25,7,2,0,61,1,36,12,44,8,2,73,1,54,13,32,5,2,14,0,6,0,10,1,1,146,2,120,28,36,2,20,14,67,54,0,15,32,51,30,0,5,24
548339,2012,2012-04-25,"Punjab Cricket Association IS Bindra Stadium, Mohali",Chandigarh,Kings XI Punjab,Punjab Kings,Mumbai Indians,Mumbai Indians,1,true,Punjab Kings,bat,Mumbai Indians,false,168,3,120,90,12,7,43,10,9,1,44,1,36,16,28,7,0,56,2,54,22,14,2,1,68,0,30,5,48,3,6,171,6,119,40,36,0,12,16,66,54,4,17,28,65,29,2,5,44
548339,2012,2012-04-25,"Punjab Cricket Association IS Bindra Stadium, Mohali",Chandigarh,Mumbai Indians,Mumbai Indians,Kings XI Punjab,Punjab Kings,2,false,Punjab Kings,bat,Mumbai Indians,true,171,6,119,88,13,6,34,9,4,1,40,0,36,12,16,4,0,66,4,54,17,28,4,2,65,2,29,5,44,5,4,168,3,120,44,36,1,16,28,56,54,2,22,14,68,30,0,5,48
548341,2012,2012-04-26,Subrata Roy Sahara Stadium,Pune,Deccan Chargers,Deccan Chargers,Pune Warriors,Pune Warriors,1,true,Deccan Chargers,bat,Deccan Chargers,true,177,4,120,92,11,8,30,11,2,0,50,2,36,13,32,5,2,72,1,54,14,32,5,2,55,1,30,3,28,1,4,159,7,120,44,36,2,17,28,57,54,3,21,28,58,30,2,6,34
548341,2012,2012-04-26,Subrata Roy Sahara Stadium,Pune,Pune Warriors,Pune Warriors,Deccan Chargers,Deccan Chargers,2,false,Deccan Chargers,bat,Deccan Chargers,false,159,7,120,90,9,9,44,9,5,1,44,2,36,17,28,4,2,57,3,54,21,28,4,2,58,2,30,6,34,1,5,177,4,120,50,36,2,13,32,72,54,1,14,32,55,30,1,3,28
548342,2012,2012-04-27,Feroz Shah Kotla,Delhi,Delhi Daredevils,Delhi Capitals,Mumbai Indians,Mumbai Indians,1,true,Mumbai Indians,field,Delhi Capitals,true,207,5,120,142,22,9,39,9,7,0,54,0,36,14,38,8,1,99,1,54,15,64,10,4,54,4,30,10,40,4,4,170,9,120,49,36,3,19,40,90,54,1,11,52,31,30,5,10,12
548342,2012,2012-04-27,Feroz Shah Kotla,Delhi,Mumbai Indians,Mumbai Indians,Delhi Daredevils,Delhi Capitals,2,false,Mumbai Indians,field,Delhi Capitals,false,170,9,120,104,17,6,40,4,4,0,49,3,36,19,40,7,2,90,1,54,11,52,7,4,31,5,30,10,12,3,0,207,5,120,54,36,0,14,38,99,54,1,15,64,54,30,4,10,40
548343,2012,2012-04-28,MA Chidambaram Stadium,Chennai,Kings XI Punjab,Punjab Kings,Chennai Super Kings,Chennai Super Kings,1,true,Punjab Kings,bat,Punjab Kings,true,156,8,120,80,14,4,43,5,5,0,43,0,36,19,26,5,1,78,2,54,11,38,5,3,35,6,30,13,16,4,0,149,8,120,48,36,1,18,36,51,54,5,24,18,50,30,2,3,20
548343,2012,2012-04-28,MA Chidambaram Stadium,Chennai,Chennai Super Kings,Chennai Super Kings,Kings XI Punjab,Punjab Kings,2,false,Punjab Kings,bat,Punjab Kings,false,149,8,120,74,11,5,45,6,3,0,48,1,36,18,36,6,2,51,5,54,24,18,3,1,50,2,30,3,20,2,2,156,8,120,43,36,0,19,26,78,54,2,11,38,35,30,6,13,16
548344,2012,2012-04-28,Eden Gardens,Kolkata,Kolkata Knight Riders,Kolkata Knight Riders,Royal Challengers Bangalore,Royal Challengers Bengaluru,1,true,Kolkata Knight Riders,bat,Kolkata Knight Riders,true,190,4,120,126,18,9,40,5,4,0,46,0,36,17,28,7,0,88,1,54,17,62,11,3,56,3,30,6,36,0,6,143,6,120,35,36,3,21,22,52,54,1,24,24,56,30,2,9,44
548344,2012,2012-04-28,Eden Gardens,Kolkata,Royal Challengers Bangalore,Royal Challengers Bengaluru,Kolkata Knight Riders,Kolkata Knight Riders,2,false,Kolkata Knight Riders,bat,Kolkata Knight Riders,false,143,6,120,90,12,7,54,5,2,1,35,3,36,21,22,4,1,52,1,54,24,24,3,2,56,2,30,9,44,5,4,190,4,120,46,36,0,17,28,88,54,1,17,62,56,30,3,6,36
548345,2012,2012-04-29,Feroz Shah Kotla,Delhi,Delhi Daredevils,Delhi Capitals,Rajasthan Royals,Rajasthan Royals,1,true,Delhi Capitals,bat,Delhi Capitals,true,152,6,120,82,13,5,43,8,3,0,42,2,36,17,26,5,1,63,2,54,17,26,5,1,47,2,30,9,30,3,3,151,3,120,40,36,0,19,28,68,54,1,9,20,43,30,2,9,26
548345,2012,2012-04-29,Feroz Shah Kotla,Delhi,Rajasthan Royals,Rajasthan Royals,Delhi Daredevils,Delhi Capitals,2,false,Delhi Capitals,bat,Delhi Capitals,false,151,3,120,74,17,1,37,4,4,0,40,0,36,19,28,7,0,68,1,54,9,20,5,0,43,2,30,9,26,5,1,152,6,120,42,36,2,17,26,63,54,2,17,26,47,30,2,9,30
548346,2012,2012-04-29,Wankhede Stadium,Mumbai,Deccan Chargers,Deccan Chargers,Mumbai Indians,Mumbai Indians,1,true,Mumbai Indians,field,Mumbai Indians,false,100,10,112,44,8,2,58,5,3,0,38,1,36,17,18,3,1,44,5,54,29,18,3,1,18,4,22,12,8,2,0,101,5,109,31,36,2,22,12,46,54,2,25,14,24,19,1,7,8
548346,2012,2012-04-29,Wankhede Stadium,Mumbai,Mumbai Indians,Mumbai Indians,Deccan Chargers,Deccan Chargers,2,false,Mumbai Indians,field,Mumbai Indians,true,101,5,109,34,7,1,54,10,9,0,31,2,36,22,12,3,0,46,2,54,25,14,2,1,24,1,19,7,8,2,0,100,10,112,38,36,1,17,18,44,54,5,29,18,18,22,4,12,8
548347,2012,2012-04-30,MA Chidambaram Stadium,Chennai,Chennai Super Kings,Chennai Super Kings,Kolkata Knight Riders,Kolkata Knight Riders,1,true,Chennai Super Kings,bat,Kolkata Knight Riders,false,139,5,120,44,8,2,38,6,3,0,43,2,36,18,24,3,2,55,2,54,15,12,3,0,41,1,30,5,8,2,0,140,5,118,37,36,1,19,18,66,54,1,11,22,37,28,3,5,12
548347,2012,2012-04-30,MA Chidambaram Stadium,Chennai,Kolkata Knight Riders,Kolkata Knight Riders,Chennai Super Kings,Chennai Super Kings,2,false,Chennai Super Kings,bat,Kolkata Knight Riders,true,140,5,118,52,10,2,35,13,8,1,37,1,36,19,18,3,1,66,1,54,11,22,4,1,37,3,28,5,12,3,0,139,5,120,43,36,2,18,24,55,54,2,15,12,41,30,1,5,8
548348,2012,2012-05-01,Barabati Stadium,Cuttack,Deccan Chargers,Deccan Chargers,Pune Warriors,Pune Warriors,1,true,Deccan Chargers,bat,Deccan Chargers,true,186,4,120,100,16,6,30,11,0,1,33,2,36,18,16,4,0,77,0,54,8,34,7,1,76,2,30,4,50,5,5,173,5,120,48,36,1,17,36,68,54,2,18,32,57,30,2,5,26
548348,2012,2012-05-01,Barabati Stadium,Cuttack,Pune Warriors,Pune Warriors,Deccan Chargers,Deccan Chargers,2,false,Deccan Chargers,bat,Deccan Chargers,false,173,5,120,94,16,5,40,6,3,2,48,1,36,17,36,9,0,68,2,54,18,32,5,2,57,2,30,5,26,2,3,186,4,120,33,36,2,18,16,77,54,0,8,34,76,30,2,4,50
548349,2012,2012-05-01,Sawai Mansingh Stadium,Jaipur,Rajasthan Royals,Rajasthan Royals,Delhi Daredevils,Delhi Capitals,1,true,Rajasthan Royals,bat,Delhi Capitals,false,141,6,120,70,16,1,41,5,3,0,56,0,36,12,40,10,0,48,5,54,22,14,2,1,37,1,30,7,16,4,0,144,4,92,61,36,1,13,44,73,54,3,17,36,10,2,0,0,10
548349,2012,2012-05-01,Sawai Mansingh Stadium,Jaipur,Delhi Daredevils,Delhi Capitals,Rajasthan Royals,Rajasthan Royals,2,false,Rajasthan Royals,bat,Delhi Capitals,true,144,4,92,90,18,3,30,9,1,0,61,1,36,13,44,11,0,73,3,54,17,36,6,2,10,0,2,0,10,1,1,141,6,120,56,36,0,12,40,48,54,5,22,14,37,30,1,7,16
548350,2012,2012-05-02,M Chinnaswamy Stadium,Bengaluru,Royal Challengers Bangalore,Royal Challengers Bengaluru,Kings XI Punjab,Punjab Kings,1,true,Punjab Kings,field,Punjab Kings,false,158,5,120,92,11,8,44,6,5,0,33,1,36,20,22,4,1,89,0,54,13,52,4,6,36,4,30,11,18,3,1,163,6,119,53,36,1,14,34,79,54,1,13,40,31,29,4,14,18
548350,2012,2012-05-02,M Chinnaswamy Stadium,Bengaluru,Kings XI Punjab,Punjab Kings,Royal Challengers Bangalore,Royal Challengers Bengaluru,2,false,Punjab Kings,field,Punjab Kings,true,163,6,119,92,14,6,41,4,2,0,53,1,36,14,34,7,1,79,1,54,13,40,7,2,31,4,29,14,18,0,3,158,5,120,33,36,1,20,22,89,54,0,13,52,36,30,4,11,18
548351,2012,2012-05-03,Subrata Roy Sahara Stadium,Pune,Mumbai Indians,Mumbai Indians,Pune Warriors,Pune Warriors,1,true,Mumbai Indians,bat,Mumbai Indians,true,120,9,120,52,10,2,50,11,5,2,42,0,36,19,30,6,1,50,5,54,17,8,2,0,28,4,30,14,14,2,1,119,6,120,37,36,1,21,26,39,54,3,28,12,43,30,2,6,16
548351,2012,2012-05-03,Subrata Roy Sahara Stadium,Pune,Pune Warriors,Pune Warriors,Mumbai Indians,Mumbai Indians,2,false,Mumbai Indians,bat,Mumbai Indians,false,119,6,120,54,12,1,55,6,6,0,37,1,36,21,26,5,1,39,3,54,28,12,3,0,43,2,30,6,16,4,0,120,9,120,42,36,0,19,30,50,54,5,17,8,28,30,4,14,14
548352,2012,2012-05-04,MA Chidambaram Stadium,Chennai,Chennai Super Kings,Chennai Super Kings,Deccan Chargers,Deccan Chargers,1,true,Chennai Super Kings,bat,Chennai Super Kings,true,160,6,120,60,9,4,36,8,2,1,56,1,36,15,36,6,2,68,3,54,13,14,2,1,36,2,30,8,10,1,1,150,5,120,47,36,1,12,24,55,54,2,19,22,48,30,2,6,28
548352,2012,2012-05-04,MA Chidambaram Stadium,Chennai,Deccan Chargers,Deccan Chargers,Chennai Super Kings,Chennai Super Kings,2,false,Chennai Super Kings,bat,Chennai Super Kings,false,150,5,120,74,14,3,37,4,2,0,47,1,36,12,24,6,0,55,2,54,19,22,4,1,48,2,30,6,28,4,2,160,6,120,56,36,1,15,36,68,54,3,13,14,36,30,2,8,10
548353,2012,2012-05-05,Eden Gardens,Kolkata,Kolkata Knight Riders,Kolkata Knight Riders,Pune Warriors,Pune Warriors,1,true,Kolkata Knight Riders,bat,Kolkata Knight Riders,true,150,5,120,60,9,4,43,19,12,1,68,0,36,12,38,5,3,53,2,54,19,16,4,0,29,3,30,12,6,0,1,143,8,120,45,36,2,12,20,64,54,3,20,30,34,30,3,11,18
548353,2012,2012-05-05,Eden Gardens,Kolkata,Pune Warriors,Pune Warriors,Kolkata Knight Riders,Kolkata Knight Riders,2,false,Kolkata Knight Riders,bat,Kolkata Knight Riders,false,143,8,120,68,11,4,43,10,5,1,45,2,36,12,20,5,0,64,3,54,20,30,3,3,34,3,30,11,18,3,1,150,5,120,68,36,0,12,38,53,54,2,19,16,29,30,3,12,6
548354,2012,2012-05-05,"Punjab Cricket Association IS Bindra Stadium, Mohali",Chandigarh,Rajasthan Royals,Rajasthan Royals,Kings XI Punjab,Punjab Kings,1,true,Rajasthan Royals,bat,Rajasthan Royals,true,177,6,120,108,18,6,42,6,3,1,64,1,36,11,46,10,1,62,2,54,23,34,4,3,51,3,30,8,28,4,2,134,8,120,33,36,2,20,18,64,54,3,23,36,37,30,3,10,16
548354,2012,2012-05-05,"Punjab Cricket Association IS Bindra Stadium, Mohali",Chandigarh,Kings XI Punjab,Punjab Kings,Rajasthan Royals,Rajasthan Royals,2,false,Rajasthan Royals,bat,Rajasthan Royals,false,134,8,120,70,13,3,53,12,6,1,33,2,36,20,18,3,1,64,3,54,23,36,6,2,37,3,30,10,16,4,0,177,6,120,64,36,1,11,46,62,54,2,23,34,51,30,3,8,28
548355,2012,2012-05-06,Wankhede Stadium,Mumbai,Chennai Super Kings,Chennai Super Kings,Mumbai Indians,Mumbai Indians,1,true,Mumbai Indians,field,Mumbai Indians,false,173,8,120,100,13,8,42,9,5,0,52,1,36,16,34,4,3,71,2,54,18,36,6,2,50,5,30,8,30,3,3,174,8,120,46,36,1,19,34,85,54,0,12,52,43,30,7,11,28
548355,2012,2012-05-06,Wankhede Stadium,Mumbai,Mumbai Indians,Mumbai Indians,Chennai Super Kings,Chennai Super Kings,2,false,Mumbai Indians,field,Mumbai Indians,true,174,8,120,114,21,5,42,3,3,0,46,1,36,19,34,7,1,85,0,54,12,52,10,2,43,7,30,11,28,4,2,173,8,120,52,36,1,16,34,71,54,2,18,36,50,30,5,8,30
548356,2012,2012-05-06,M Chinnaswamy Stadium,Bengaluru,Deccan Chargers,Deccan Chargers,Royal Challengers Bangalore,Royal Challengers Bengaluru,1,true,Royal Challengers Bengaluru,field,Royal Challengers Bengaluru,false,181,2,120,114,15,9,39,6,3,0,46,0,36,15,30,6,1,71,1,54,19,40,4,4,64,1,30,5,44,5,4,185,5,113,46,36,0,14,30,67,54,3,21,30,72,23,2,2,62
548356,2012,2012-05-06,M Chinnaswamy Stadium,Bengaluru,Royal Challengers Bangalore,Royal Challengers Bengaluru,Deccan Chargers,Deccan Chargers,2,false,Royal Challengers Bengaluru,field,Royal Challengers Bengaluru,true,185,5,113,122,17,9,37,6,4,0,46,0,36,14,30,6,1,67,3,54,21,30,3,3,72,2,23,2,62,8,5,181,2,120,46,36,0,15,30,71,54,1,19,40,64,30,1,5,44
548357,2012,2012-05-07,Feroz Shah Kotla,Delhi,Delhi Daredevils,Delhi Capitals,Kolkata Knight Riders,Kolkata Knight Riders,1,true,Delhi Capitals,bat,Kolkata Knight Riders,false,153,9,120,76,13,4,45,14,11,0,50,2,36,15,32,5,2,58,2,54,20,22,4,1,45,5,30,10,22,4,1,154,4,112,60,36,0,13,38,68,54,1,14,24,26,22,3,8,0
548357,2012,2012-05-07,Feroz Shah Kotla,Delhi,Kolkata Knight Riders,Kolkata Knight Riders,Delhi Daredevils,Delhi Capitals,2,false,Delhi Capitals,bat,Kolkata Knight Riders,true,154,4,112,62,14,1,35,16,7,0,60,0,36,13,38,8,1,68,1,54,14,24,6,0,26,3,22,8,0,0,0,153,9,120,50,36,2,15,32,58,54,2,20,22,45,30,5,10,22
548358,2012,2012-05-08,Subrata Roy Sahara Stadium,Pune,Pune Warriors,Pune Warriors,Rajasthan Royals,Rajasthan Royals,1,true,Pune Warriors,bat,Rajasthan Royals,false,125,6,120,32,5,2,38,10,3,0,35,1,36,15,8,2,0,56,3,54,17,16,1,2,34,2,30,6,8,2,0,126,3,98,49,36,2,17,36,63,54,1,17,32,14,8,0,1,8
548358,2012,2012-05-08,Subrata Roy Sahara Stadium,Pune,Rajasthan Royals,Rajasthan Royals,Pune Warriors,Pune Warriors,2,false,Pune Warriors,bat,Rajasthan Royals,true,126,3,98,76,13,4,35,0,0,0,49,2,36,17,36,6,2,63,1,54,17,32,5,2,14,0,8,1,8,2,0,125,6,120,35,36,1,15,8,56,54,3,17,16,34,30,2,6,8
548359,2012,2012-05-08,"Rajiv Gandhi International Stadium, Uppal",Hyderabad,Kings XI Punjab,Punjab Kings,Deccan Chargers,Deccan Chargers,1,true,Deccan Chargers,field,Punjab Kings,true,170,5,120,98,17,5,41,7,5,0,51,0,36,13,30,6,1,78,3,54,20,46,7,3,41,2,30,8,22,4,1,145,8,120,40,36,2,16,14,59,54,3,21,24,46,30,3,7,26
548359,2012,2012-05-08,"Rajiv Gandhi International Stadium, Uppal",Hyderabad,Deccan Chargers,Deccan Chargers,Kings XI Punjab,Punjab Kings,2,false,Deccan Chargers,field,Punjab Kings,false,145,8,120,64,10,4,44,12,7,0,40,2,36,16,14,2,1,59,3,54,21,24,3,2,46,3,30,7,26,5,1,170,5,120,51,36,0,13,30,78,54,3,20,46,41,30,2,8,22
548360,2012,2012-05-09,Wankhede Stadium,Mumbai,Mumbai Indians,Mumbai Indians,Royal Challengers Bangalore,Royal Challengers Bengaluru,1,true,Royal Challengers Bengaluru,field,Royal Challengers Bengaluru,false,141,6,120,66,12,3,48,7,2,0,25,2,36,25,12,3,0,70,2,54,16,30,6,1,46,2,30,7,24,3,2,142,1,108,35,36,0,21,26,76,54,1,18,42,31,18,0,2,16
548360,2012,2012-05-09,Wankhede Stadium,Mumbai,Royal Challengers Bangalore,Royal Challengers Bengaluru,Mumbai Indians,Mumbai Indians,2,false,Royal Challengers Bengaluru,field,Royal Challengers Bengaluru,true,142,1,108,84,9,8,41,5,2,1,35,0,36,21,26,5,1,76,1,54,18,42,3,5,31,0,18,2,16,1,2,141,6,120,25,36,2,25,12,70,54,2,16,30,46,30,2,7,24
548329,2012,2012-05-10,"Rajiv Gandhi International Stadium, Uppal",Hyderabad,Deccan Chargers,Deccan Chargers,Delhi Daredevils,Delhi Capitals,1,true,Deccan Chargers,bat,Delhi Capitals,false,187,4,120,134,23,7,42,2,1,0,33,2,36,24,28,7,0,94,0,54,14,68,11,4,60,2,30,4,38,5,3,193,1,100,64,36,1,17,50,103,54,0,13,52,26,10,0,3,22
548329,2012,2012-05-10,"Rajiv Gandhi International Stadium, Uppal",Hyderabad,Delhi Daredevils,Delhi Capitals,Deccan Chargers,Deccan Chargers,2,false,Deccan Chargers,bat,Delhi Capitals,true,193,1,100,124,13,12,33,16,2,2,64,1,36,17,50,8,3,103,0,54,13,52,4,6,26,0,10,3,22,1,3,187,4,120,33,36,2,24,28,94,54,0,14,68,60,30,2,4,38
548361,2012,2012-05-10,Sawai Mansingh Stadium,Jaipur,Rajasthan Royals,Rajasthan Royals,Chennai Super Kings,Chennai Super Kings,1,true,Chennai Super Kings,field,Chennai Super Kings,false,126,6,120,60,12,2,54,12,6,0,28,2,36,24,16,4,0,61,2,54,19,22,4,1,37,2,30,11,22,4,1,127,6,109,36,36,2,24,24,41,54,2,27,14,50,19,2,5,36
548361,2012,2012-05-10,Sawai Mansingh Stadium,Jaipur,Chennai Super Kings,Chennai Super Kings,Rajasthan Royals,Rajasthan Royals,2,false,Chennai Super Kings,field,Chennai Super Kings,true,127,6,109,74,11,5,56,13,12,1,36,2,36,24,24,6,0,41,2,54,27,14,2,1,50,2,19,5,36,3,4,126,6,120,28,36,2,24,16,61,54,2,19,22,37,30,2,11,22
548362,2012,2012-05-11,Subrata Roy Sahara Stadium,Pune,Royal Challengers Bangalore,Royal Challengers Bengaluru,Pune Warriors,Pune Warriors,1,true,Pune Warriors,field,Royal Challengers Bengaluru,true,173,3,120,106,13,9,44,9,4,1,66,0,36,14,48,3,6,63,2,54,23,38,8,1,44,1,30,7,20,2,2,138,9,120,50,36,3,15,32,55,54,3,22,26,33,30,3,8,10
548362,2012,2012-05-11,Subrata Roy Sahara Stadium,Pune,Pune Warriors,Pune Warriors,Royal Challengers Bangalore,Royal Challengers Bengaluru,2,false,Pune Warriors,field,Royal Challengers Bengaluru,false,138,9,120,68,14,2,45,4,1,0,50,3,36,15,32,8,0,55,3,54,22,26,5,1,33,3,30,8,10,1,1,173,3,120,66,36,0,14,48,63,54,2,23,38,44,30,1,7,20
548363,2012,2012-05-12,Eden Gardens,Kolkata,Mumbai Indians,Mumbai Indians,Kolkata Knight Riders,Kolkata Knight Riders,1,true,Mumbai Indians,bat,Mumbai Indians,true,182,1,120,118,19,7,39,5,3,0,49,1,36,20,40,7,2,83,0,54,13,46,7,3,50,0,30,6,32,5,2,155,4,120,32,36,2,17,16,74,54,1,15,38,49,30,1,3,26
548363,2012,2012-05-12,Eden Gardens,Kolkata,Kolkata Knight Riders,Kolkata Knight Riders,Mumbai Indians,Mumbai Indians,2,false,Mumbai Indians,bat,Mumbai Indians,false,155,4,120,80,14,4,35,4,1,1,32,2,36,17,16,4,0,74,1,54,15,38,5,3,49,1,30,3,26,5,1,182,1,120,49,36,1,20,40,83,54,0,13,46,50,30,0,6,32
548364,2012,2012-05-12,MA Chidambaram Stadium,Chennai,Delhi Daredevils,Delhi Capitals,Chennai Super Kings,Chennai Super Kings,1,true,Chennai Super Kings,field,Chennai Super Kings,false,114,5,120,34,4,3,48,7,5,0,27,4,36,22,12,3,0,51,1,54,16,12,0,2,36,0,30,10,10,1,1,115,1,92,45,36,0,20,30,67,54,1,21,38,3,2,0,1,0
548364,2012,2012-05-12,MA Chidambaram Stadium,Chennai,Chennai Super Kings,Chennai Super Kings,Delhi Daredevils,Delhi Capitals,2,false,Chennai Super Kings,field,Chennai Super Kings,true,115,1,92,68,11,4,42,1,1,0,45,0,36,20,30,6,1,67,1,54,21,38,5,3,3,0,2,1,0,0,0,114,5,120,27,36,4,22,12,51,54,1,16,12,36,30,0,10,10
548365,2012,2012-05-13,Sawai Mansingh Stadium,Jaipur,Rajasthan Royals,Rajasthan Royals,Pune Warriors,Pune Warriors,1,true,Rajasthan Royals,bat,Rajasthan Royals,true,170,4,120,96,18,4,42,3,3,0,45,1,36,19,34,7,1,81,1,54,17,46,7,3,44,2,30,6,16,4,0,125,9,120,33,36,4,20,20,64,54,2,14,24,28,30,3,9,4
548365,2012,2012-05-13,Sawai Mansingh Stadium,Jaipur,Pune Warriors,Pune Warriors,Rajasthan Royals,Rajasthan Royals,2,false,Rajasthan Royals,bat,Rajasthan Royals,false,125,9,120,48,12,0,43,4,1,1,33,4,36,20,20,5,0,64,2,54,14,24,6,0,28,3,30,9,4,1,0,170,4,120,45,36,1,19,34,81,54,1,17,46,44,30,2,6,16
548366,2012,2012-05-13,"Punjab Cricket Association IS Bindra Stadium, Mohali",Chandigarh,Deccan Chargers,Deccan Chargers,Kings XI Punjab,Punjab Kings,1,true,Deccan Chargers,bat,Punjab Kings,false,190,4,120,96,15,6,29,9,2,1,47,1,36,13,22,4,1,79,1,54,13,36,6,2,64,2,30,3,38,5,3,194,6,120,44,36,2,17,30,86,54,2,16,50,64,30,2,5,42
548366,2012,2012-05-13,"Punjab Cricket Association IS Bindra Stadium, Mohali",Chandigarh,Kings XI Punjab,Punjab Kings,Deccan Chargers,Deccan Chargers,2,false,Deccan Chargers,bat,Punjab Kings,true,194,6,120,122,20,7,38,8,2,0,44,2,36,17,30,6,1,86,2,54,16,50,8,3,64,2,30,5,42,6,3,190,4,120,47,36,1,13,22,79,54,1,13,36,64,30,2,3,38
548367,2012,2012-05-14,M Chinnaswamy Stadium,Bengaluru,Royal Challengers Bangalore,Royal Challengers Bengaluru,Mumbai Indians,Mumbai Indians,1,true,Mumbai Indians,field,Mumbai Indians,false,171,6,120,96,12,8,48,14,9,3,40,2,36,22,20,2,2,67,2,54,20,32,5,2,64,2,30,6,44,5,4,173,5,118,32,36,3,22,16,74,54,2,18,42,67,28,0,2,48
548367,2012,2012-05-14,M Chinnaswamy Stadium,Bengaluru,Mumbai Indians,Mumbai Indians,Royal Challengers Bangalore,Royal Challengers Bengaluru,2,false,Mumbai Indians,field,Mumbai Indians,true,173,5,118,106,16,7,42,11,7,0,32,3,36,22,16,4,0,74,2,54,18,42,6,3,67,0,28,2,48,6,4,171,6,120,40,36,2,22,20,67,54,2,20,32,64,30,2,6,44
548368,2012,2012-05-14,Eden Gardens,Kolkata,Kolkata Knight Riders,Kolkata Knight Riders,Chennai Super Kings,Chennai Super Kings,1,true,Chennai Super Kings,field,Chennai Super Kings,false,158,6,120,94,13,7,39,3,1,0,50,0,36,16,36,6,2,62,3,54,17,32,5,2,46,3,30,6,26,2,3,160,5,120,51,36,0,19,38,64,54,3,18,32,45,30,2,7,24
548368,2012,2012-05-14,Eden Gardens,Kolkata,Chennai Super Kings,Chennai Super Kings,Kolkata Knight Riders,Kolkata Knight Riders,2,false,Chennai Super Kings,field,Chennai Super Kings,true,160,5,120,94,13,7,44,5,1,0,51,0,36,19,38,5,3,64,3,54,18,32,5,2,45,2,30,7,24,3,2,158,6,120,50,36,0,16,36,62,54,3,17,32,46,30,3,6,26
548369,2012,2012-05-15,Feroz Shah Kotla,Delhi,Kings XI Punjab,Punjab Kings,Delhi Daredevils,Delhi Capitals,1,true,Punjab Kings,bat,Delhi Capitals,false,136,8,120,82,19,1,53,4,1,0,47,2,36,18,36,9,0,52,4,54,25,28,7,0,37,2,30,10,18,3,1,140,5,114,37,36,4,20,26,66,54,1,18,36,37,24,0,9,28
548369,2012,2012-05-15,Feroz Shah Kotla,Delhi,Delhi Daredevils,Delhi Capitals,Kings XI Punjab,Punjab Kings,2,false,Punjab Kings,bat,Delhi Capitals,true,140,5,114,90,18,3,47,2,1,0,37,4,36,20,26,5,1,66,1,54,18,36,6,2,37,0,24,9,28,7,0,136,8,120,47,36,2,18,36,52,54,4,25,28,37,30,2,10,18
548370,2012,2012-05-16,Wankhede Stadium,Mumbai,Kolkata Knight Riders,Kolkata Knight Riders,Mumbai Indians,Mumbai Indians,1,true,Mumbai Indians,field,Kolkata Knight Riders,true,140,7,120,66,12,3,47,14,7,1,32,2,36,20,18,3,1,62,3,54,17,24,3,2,46,2,30,10,24,6,0,108,10,115,26,36,1,24,12,54,54,2,25,28,28,25,7,10,14
548370,2012,2012-05-16,Wankhede Stadium,Mumbai,Mumbai Indians,Mumbai Indians,Kolkata Knight Riders,Kolkata Knight Riders,2,false,Mumbai Indians,field,Kolkata Knight Riders,false,108,10,115,54,9,3,59,4,2,0,26,1,36,24,12,3,0,54,2,54,25,28,4,2,28,7,25,10,14,2,1,140,7,120,32,36,2,20,18,62,54,3,17,24,46,30,2,10,24
548371,2012,2012-05-17,Himachal Pradesh Cricket Association Stadium,Dharamsala,Chennai Super Kings,Chennai Super Kings,Kings XI Punjab,Punjab Kings,1,true,Punjab Kings,field,Punjab Kings,false,120,7,120,72,9,6,63,4,1,0,25,2,36,24,16,4,0,52,2,54,29,30,3,3,43,3,30,10,26,2,3,123,4,99,43,36,0,19,32,71,54,3,21,44,9,9,1,6,8
548371,2012,2012-05-17,Himachal Pradesh Cricket Association Stadium,Dharamsala,Kings XI Punjab,Punjab Kings,Chennai Super Kings,Chennai Super Kings,2,false,Punjab Kings,field,Punjab Kings,true,123,4,99,84,18,2,46,5,2,0,43,0,36,19,32,8,0,71,3,54,21,44,8,2,9,1,9,6,8,2,0,120,7,120,25,36,2,24,16,52,54,2,29,30,43,30,3,10,26
548372,2012,2012-05-17,Feroz Shah Kotla,Delhi,Royal Challengers Bangalore,Royal Challengers Bengaluru,Delhi Daredevils,Delhi Capitals,1,true,Delhi Capitals,field,Royal Challengers Bengaluru,true,215,1,120,156,18,14,39,4,2,2,42,1,36,22,32,8,0,95,0,54,12,64,7,6,78,0,30,5,60,3,8,194,9,120,51,36,2,14,36,98,54,2,9,58,45,30,5,11,26
548372,2012,2012-05-17,Feroz Shah Kotla,Delhi,Delhi Daredevils,Delhi Capitals,Royal Challengers Bangalore,Royal Challengers Bengaluru,2,false,Delhi Capitals,field,Royal Challengers Bengaluru,false,194,9,120,120,18,8,34,7,4,0,51,2,36,14,36,6,2,98,2,54,9,58,10,3,45,5,30,11,26,2,3,215,1,120,42,36,1,22,32,95,54,0,12,64,78,30,0,5,60
548373,2012,2012-05-18,"Rajiv Gandhi International Stadium, Uppal",Hyderabad,Rajasthan Royals,Rajasthan Royals,Deccan Chargers,Deccan Chargers,1,true,Rajasthan Royals,bat,Deccan Chargers,false,126,8,120,52,10,2,47,7,3,1,41,1,36,18,30,6,1,52,3,54,19,12,3,0,33,4,30,10,10,1,1,128,5,112,58,36,0,15,38,41,54,3,27,8,29,22,2,6,12
548373,2012,2012-05-18,"Rajiv Gandhi International Stadium, Uppal",Hyderabad,Deccan Chargers,Deccan Chargers,Rajasthan Royals,Rajasthan Royals,2,false,Rajasthan Royals,bat,Deccan Chargers,true,128,5,112,58,10,3,48,9,8,0,58,0,36,15,38,5,3,41,3,54,27,8,2,0,29,2,22,6,12,3,0,126,8,120,41,36,1,18,30,52,54,3,19,12,33,30,4,10,10
548374,2012,2012-05-19,Himachal Pradesh Cricket Association Stadium,Dharamsala,Kings XI Punjab,Punjab Kings,Delhi Daredevils,Delhi Capitals,1,true,Delhi Capitals,field,Delhi Capitals,false,141,8,120,88,16,4,58,8,7,0,20,4,36,27,8,2,0,64,1,54,22,38,8,1,57,3,30,9,42,6,3,145,4,110,44,36,0,24,30,74,54,3,25,50,27,20,1,11,22
548374,2012,2012-05-19,Himachal Pradesh Cricket Association Stadium,Dharamsala,Delhi Daredevils,Delhi Capitals,Kings XI Punjab,Punjab Kings,2,false,Delhi Capitals,field,Delhi Capitals,true,145,4,110,102,15,7,60,9,7,0,44,0,36,24,30,3,3,74,3,54,25,50,8,3,27,1,20,11,22,4,1,141,8,120,20,36,4,27,8,64,54,1,22,38,57,30,3,9,42
548375,2012,2012-05-19,Subrata Roy Sahara Stadium,Pune,Kolkata Knight Riders,Kolkata Knight Riders,Pune Warriors,Pune Warriors,1,true,Kolkata Knight Riders,bat,Kolkata Knight Riders,true,136,4,120,60,12,2,45,7,0,2,27,1,36,22,16,4,0,74,1,54,15,36,6,2,35,2,30,8,8,2,0,102,8,120,40,36,1,16,16,42,54,3,20,0,20,30,4,11,0
548375,2012,2012-05-19,Subrata Roy Sahara Stadium,Pune,Pune Warriors,Pune Warriors,Kolkata Knight Riders,Kolkata Knight Riders,2,false,Kolkata Knight Riders,bat,Kolkata Knight Riders,false,102,8,120,16,1,2,47,10,7,0,40,1,36,16,16,1,2,42,3,54,20,0,0,0,20,4,30,11,0,0,0,136,4,120,27,36,1,22,16,74,54,1,15,36,35,30,2,8,8
548376,2012,2012-05-20,"Rajiv Gandhi International Stadium, Uppal",Hyderabad,Deccan Chargers,Deccan Chargers,Royal Challengers Bangalore,Royal Challengers Bengaluru,1,true,Royal Challengers Bengaluru,field,Deccan Chargers,true,132,7,120,58,7,5,49,10,4,0,23,3,36,22,8,2,0,52,1,54,19,16,4,0,57,3,30,8,34,1,5,123,9,120,40,36,2,22,28,49,54,2,25,22,34,30,5,11,14
548376,2012,2012-05-20,"Rajiv Gandhi International Stadium, Uppal",Hyderabad,Royal Challengers Bangalore,Royal Challengers Bengaluru,Deccan Chargers,Deccan Chargers,2,false,Royal Challengers Bengaluru,field,Deccan Chargers,false,123,9,120,64,7,6,58,3,3,0,40,2,36,22,28,4,2,49,2,54,25,22,1,3,34,5,30,11,14,2,1,132,7,120,23,36,3,22,8,52,54,1,19,16,57,30,3,8,34
548377,2012,2012-05-20,Sawai Mansingh Stadium,Jaipur,Rajasthan Royals,Rajasthan Royals,Mumbai Indians,Mumbai Indians,1,true,Rajasthan Royals,bat,Mumbai Indians,false,162,6,120,88,13,6,50,14,11,2,31,2,36,22,16,4,0,75,2,54,23,48,6,4,56,2,30,5,24,3,2,163,0,108,44,36,0,20,30,96,54,0,11,44,23,18,0,4,8
548377,2012,2012-05-20,Sawai Mansingh Stadium,Jaipur,Mumbai Indians,Mumbai Indians,Rajasthan Royals,Rajasthan Royals,2,false,Rajasthan Royals,bat,Mumbai Indians,true,163,0,108,82,16,3,35,18,15,1,44,0,36,20,30,6,1,96,0,54,11,44,8,2,23,0,18,4,8,2,0,162,6,120,31,36,2,22,16,75,54,2,23,48,56,30,2,5,24
548378,2012,2012-05-22,Subrata Roy Sahara Stadium,Pune,Kolkata Knight Riders,Kolkata Knight Riders,Delhi Daredevils,Delhi Capitals,1,true,Kolkata Knight Riders,bat,Kolkata Knight Riders,true,162,4,120,92,14,6,40,4,2,0,48,1,36,14,32,5,2,51,2,54,19,14,2,1,63,1,30,7,46,7,3,144,8,120,49,36,2,16,28,60,54,2,18,28,35,30,4,12,18
548378,2012,2012-05-22,Subrata Roy Sahara Stadium,Pune,Delhi Daredevils,Delhi Capitals,Kolkata Knight Riders,Kolkata Knight Riders,2,false,Kolkata Knight Riders,bat,Kolkata Knight Riders,false,144,8,120,74,14,3,46,14,5,0,49,2,36,16,28,4,2,60,2,54,18,28,7,0,35,4,30,12,18,3,1,162,4,120,48,36,1,14,32,51,54,2,19,14,63,30,1,7,46
548379,2012,2012-05-23,M Chinnaswamy Stadium,Bengaluru,Chennai Super Kings,Chennai Super Kings,Mumbai Indians,Mumbai Indians,1,true,Mumbai Indians,field,Chennai Super Kings,true,187,5,120,128,23,6,43,5,3,0,30,2,36,23,20,5,0,84,2,54,18,58,10,3,73,1,30,2,50,8,3,149,9,120,54,36,1,17,40,58,54,6,19,24,37,30,2,12,22
548379,2012,2012-05-23,M Chinnaswamy Stadium,Bengaluru,Mumbai Indians,Mumbai Indians,Chennai Super Kings,Chennai Super Kings,2,false,Mumbai Indians,field,Chennai Super Kings,false,149,9,120,86,14,5,48,11,5,1,54,1,36,17,40,7,2,58,6,54,19,24,3,2,37,2,30,12,22,4,1,187,5,120,30,36,2,23,20,84,54,2,18,58,73,30,1,2,50
548380,2012,2012-05-25,MA Chidambaram Stadium,Chennai,Chennai Super Kings,Chennai Super Kings,Delhi Daredevils,Delhi Capitals,1,true,Delhi Capitals,field,Chennai Super Kings,true,222,5,120,150,24,9,29,6,5,0,52,0,36,14,36,9,0,110,2,54,10,78,9,7,60,3,30,5,36,6,2,136,10,101,46,36,2,12,26,82,54,5,16,38,8,11,3,8,6
548380,2012,2012-05-25,MA Chidambaram Stadium,Chennai,Delhi Daredevils,Delhi Capitals,Chennai Super Kings,Chennai Super Kings,2,false,Delhi Capitals,field,Chennai Super Kings,false,136,10,101,70,7,7,36,11,7,0,46,2,36,12,26,5,1,82,5,54,16,38,2,5,8,3,11,8,6,0,1,222,5,120,52,36,0,14,36,110,54,2,10,78,60,30,3,5,36
548381,2012,2012-05-27,MA Chidambaram Stadium,Chennai,Chennai Super Kings,Chennai Super Kings,Kolkata Knight Riders,Kolkata Knight Riders,1,true,Chennai Super Kings,bat,Kolkata Knight Riders,false,190,3,120,100,13,8,31,7,2,2,54,0,36,13,34,4,3,82,1,54,13,40,7,2,54,2,30,5,26,2,3,192,5,118,56,36,1,13,36,85,54,1,10,42,51,28,3,6,30
548381,2012,2012-05-27,MA Chidambaram Stadium,Chennai,Kolkata Knight Riders,Kolkata Knight Riders,Chennai Super Kings,Chennai Super Kings,2,false,Chennai Super Kings,bat,Kolkata Knight Riders,true,192,5,118,108,18,6,29,8,6,1,56,1,36,13,36,6,2,85,1,54,10,42,6,3,51,3,28,6,30,6,1,190,3,120,54,36,0,13,34,82,54,1,13,40,54,30,2,5,26
597998,2013,2013-04-03,Eden Gardens,Kolkata,Delhi Daredevils,Delhi Capitals,Kolkata Knight Riders,Kolkata Knight Riders,1,true,Kolkata Knight Riders,field,Kolkata Knight Riders,false,128,10,120,66,15,1,53,5,4,0,45,2,36,17,28,7,0,51,3,54,21,20,5,0,32,5,30,15,18,3,1,129,4,112,46,36,1,20,38,54,54,3,21,24,29,22,0,4,6
597998,2013,2013-04-03,Eden Gardens,Kolkata,Kolkata Knight Riders,Kolkata Knight Riders,Delhi Daredevils,Delhi Capitals,2,false,Kolkata Knight Riders,field,Kolkata Knight Riders,true,129,4,112,68,14,2,45,6,3,0,46,1,36,20,38,8,1,54,3,54,21,24,6,0,29,0,22,4,6,0,1,128,10,120,45,36,2,17,28,51,54,3,21,20,32,30,5,15,18
597999,2013,2013-04-04,M Chinnaswamy Stadium,Bengaluru,Royal Challengers Bangalore,Royal Challengers Bengaluru,Mumbai Indians,Mumbai Indians,1,true,Mumbai Indians,field,Royal Challengers Bengaluru,true,156,5,120,108,18,6,60,16,5,0,31,2,36,24,22,4,1,69,3,54,26,44,8,2,56,0,30,10,42,6,3,154,5,120,38,36,0,16,18,58,54,3,18,20,58,30,2,5,36
597999,2013,2013-04-04,M Chinnaswamy Stadium,Bengaluru,Mumbai Indians,Mumbai Indians,Royal Challengers Bangalore,Royal Challengers Bengaluru,2,false,Mumbai Indians,field,Royal Challengers Bengaluru,false,154,5,120,74,11,5,39,8,2,1,38,0,36,16,18,3,1,58,3,54,18,20,5,0,58,2,30,5,36,3,4,156,5,120,31,36,2,24,22,69,54,3,26,44,56,30,0,10,42
598000,2013,2013-04-05,"Rajiv Gandhi International Stadium, Uppal",Hyderabad,Sunrisers Hyderabad,Sunrisers Hyderabad,Pune Warriors,Pune Warriors,1,true,Pune Warriors,field,Sunrisers Hyderabad,true,126,6,120,54,12,1,46,3,2,0,38,1,36,17,20,5,0,49,3,54,20,16,4,0,39,2,30,9,18,3,1,104,10,113,27,36,0,21,6,51,54,4,25,20,26,23,6,8,10
598000,2013,2013-04-05,"Rajiv Gandhi International Stadium, Uppal",Hyderabad,Pune Warriors,Pune Warriors,Sunrisers Hyderabad,Sunrisers Hyderabad,2,false,Pune Warriors,field,Sunrisers Hyderabad,false,104,10,113,36,6,2,54,2,2,0,27,0,36,21,6,0,1,51,4,54,25,20,5,0,26,6,23,8,10,1,1,126,6,120,38,36,1,17,20,49,54,3,20,16,39,30,2,9,18
598001,2013,2013-04-06,Feroz Shah Kotla,Delhi,Rajasthan Royals,Rajasthan Royals,Delhi Daredevils,Delhi Capitals,1,true,Rajasthan Royals,bat,Rajasthan Royals,true,165,7,120,86,14,5,37,9,6,0,45,1,36,16,24,6,0,82,1,54,9,42,6,3,38,5,30,12,20,2,2,160,6,120,39,36,1,17,22,81,54,1,11,32,40,30,4,8,16
598001,2013,2013-04-06,Feroz Shah Kotla,Delhi,Delhi Daredevils,Delhi Capitals,Rajasthan Royals,Rajasthan Royals,2,false,Rajasthan Royals,bat,Rajasthan Royals,false,160,6,120,70,13,3,36,11,6,0,39,1,36,17,22,4,1,81,1,54,11,32,8,0,40,4,30,8,16,1,2,165,7,120,45,36,1,16,24,82,54,1,9,42,38,30,5,12,20
598002,2013,2013-04-06,MA Chidambaram Stadium,Chennai,Mumbai Indians,Mumbai Indians,Chennai Super Kings,Chennai Super Kings,1,true,Mumbai Indians,bat,Mumbai Indians,true,148,6,120,82,10,7,49,9,6,0,41,2,36,13,18,3,1,55,4,54,24,26,5,1,52,0,30,12,38,2,5,139,9,120,36,36,2,21,16,57,54,3,19,22,46,30,4,14,30
598002,2013,2013-04-06,MA Chidambaram Stadium,Chennai,Chennai Super Kings,Chennai Super Kings,Mumbai Indians,Mumbai Indians,2,false,Mumbai Indians,bat,Mumbai Indians,false,139,9,120,68,11,4,54,7,6,0,36,2,36,21,16,4,0,57,3,54,19,22,4,1,46,4,30,14,30,3,3,148,6,120,41,36,2,13,18,55,54,4,24,26,52,30,0,12,38
598003,2013,2013-04-07,Subrata Roy Sahara Stadium,Pune,Pune Warriors,Pune Warriors,Kings XI Punjab,Punjab Kings,1,true,Pune Warriors,bat,Punjab Kings,false,99,9,120,46,10,1,61,3,1,0,24,2,36,21,12,3,0,40,4,54,27,12,3,0,35,3,30,13,22,4,1,100,2,74,56,36,1,14,42,44,38,1,15,20,0,0,0,0,0
598003,2013,2013-04-07,Subrata Roy Sahara Stadium,Pune,Kings XI Punjab,Punjab Kings,Pune Warriors,Pune Warriors,2,false,Pune Warriors,bat,Punjab Kings,true,100,2,74,62,14,1,29,3,2,1,56,1,36,14,42,9,1,44,1,38,15,20,5,0,0,0,0,0,0,0,0,99,9,120,24,36,2,21,12,40,54,4,27,12,35,30,3,13,22
598004,2013,2013-04-07,"Rajiv Gandhi International Stadium, Uppal",Hyderabad,Royal Challengers Bangalore,Royal Challengers Bengaluru,Sunrisers Hyderabad,Sunrisers Hyderabad,1,true,Royal Challengers Bengaluru,bat,Unknown,false,130,8,120,50,11,1,50,8,7,0,40,2,36,18,12,3,0,54,2,54,21,22,4,1,36,4,30,11,16,4,0,130,7,120,37,36,2,14,12,54,54,2,16,8,39,30,3,7,14
598004,2013,2013-04-07,"Rajiv Gandhi International Stadium, Uppal",Hyderabad,Sunrisers Hyderabad,Sunrisers Hyderabad,Royal Challengers Bangalore,Royal Challengers Bengaluru,2,false,Royal Challengers Bengaluru,bat,Unknown,false,130,7,120,34,7,1,37,16,6,0,37,2,36,14,12,3,0,54,2,54,16,8,2,0,39,3,30,7,14,2,1,130,8,120,40,36,2,18,12,54,54,2,21,22,36,30,4,11,16
598004,2013,2013-04-07,"Rajiv Gandhi International Stadium, Uppal",Hyderabad,Sunrisers Hyderabad,Sunrisers Hyderabad,Royal Challengers Bangalore,Royal Challengers Bengaluru,3,false,Royal Challengers Bengaluru,bat,Unknown,false,20,0,6,12,0,2,0,1,0,1,20,0,6,0,12,0,2,0,0,0,0,0,0,0,0,0,0,0,0,0,0,130,8,120,40,36,2,18,12,54,54,2,21,22,36,30,4,11,16
598004,2013,2013-04-07,"Rajiv Gandhi International Stadium, Uppal",Hyderabad,Royal Challengers Bangalore,Royal Challengers Bengaluru,Royal Challengers Bangalore,Royal Challengers Bengaluru,4,false,Royal Challengers Bengaluru,bat,Unknown,false,15,0,6,10,1,1,0,0,0,0,15,0,6,0,10,1,1,0,0,0,0,0,0,0,0,0,0,0,0,0,0,130,8,120,40,36,2,18,12,54,54,2,21,22,36,30,4,11,16
598005,2013,2013-04-08,Sawai Mansingh Stadium,Jaipur,Rajasthan Royals,Rajasthan Royals,Kolkata Knight Riders,Kolkata Knight Riders,1,true,Kolkata Knight Riders,field,Rajasthan Royals,true,144,6,120,80,17,2,47,9,1,1,35,1,36,20,20,5,0,65,2,54,19,38,8,1,44,3,30,8,22,4,1,125,10,114,40,36,2,16,14,59,54,5,29,32,26,24,3,10,10
598005,2013,2013-04-08,Sawai Mansingh Stadium,Jaipur,Kolkata Knight Riders,Kolkata Knight Riders,Rajasthan Royals,Rajasthan Royals,2,false,Kolkata Knight Riders,field,Rajasthan Royals,false,125,10,114,56,8,4,55,11,6,0,40,2,36,16,14,2,1,59,5,54,29,32,5,2,26,3,24,10,10,1,1,144,6,120,35,36,1,20,20,65,54,2,19,38,44,30,3,8,22
598006,2013,2013-04-09,Wankhede Stadium,Mumbai,Mumbai Indians,Mumbai Indians,Delhi Daredevils,Delhi Capitals,1,true,Mumbai Indians,bat,Mumbai Indians,true,209,5,120,144,21,10,35,10,3,1,38,2,36,20,26,5,1,100,1,54,11,66,12,3,71,2,30,4,52,4,6,165,9,120,46,36,2,16,30,80,54,3,13,34,39,30,4,11,26
598006,2013,2013-04-09,Wankhede Stadium,Mumbai,Delhi Daredevils,Delhi Capitals,Mumbai Indians,Mumbai Indians,2,false,Mumbai Indians,bat,Mumbai Indians,false,165,9,120,90,15,5,40,10,8,0,46,2,36,16,30,6,1,80,3,54,13,34,4,3,39,4,30,11,26,5,1,209,5,120,38,36,2,20,26,100,54,1,11,66,71,30,2,4,52
598048,2013,2013-04-09,M Chinnaswamy Stadium,Bengaluru,Sunrisers Hyderabad,Sunrisers Hyderabad,Royal Challengers Bangalore,Royal Challengers Bengaluru,1,true,Sunrisers Hyderabad,bat,Royal Challengers Bengaluru,false,161,6,120,82,10,7,39,5,4,1,40,1,36,16,24,6,0,58,2,54,18,20,2,2,63,3,30,5,38,2,5,162,3,106,47,36,1,20,36,70,54,2,18,38,45,16,0,4,36
598048,2013,2013-04-09,M Chinnaswamy Stadium,Bengaluru,Royal Challengers Bangalore,Royal Challengers Bengaluru,Sunrisers Hyderabad,Sunrisers Hyderabad,2,false,Sunrisers Hyderabad,bat,Royal Challengers Bengaluru,true,162,3,106,110,17,7,42,5,4,0,47,1,36,20,36,6,2,70,2,54,18,38,5,3,45,0,16,4,36,6,2,161,6,120,40,36,1,16,24,58,54,2,18,20,63,30,3,5,38
598007,2013,2013-04-10,"Punjab Cricket Association IS Bindra Stadium, Mohali",Chandigarh,Kings XI Punjab,Punjab Kings,Chennai Super Kings,Chennai Super Kings,1,true,Chennai Super Kings,field,Chennai Super Kings,false,138,10,119,66,15,1,45,8,2,0,43,2,36,17,28,7,0,73,2,54,13,30,6,1,22,6,29,15,8,2,0,139,0,104,38,36,0,18,20,65,54,0,15,28,36,14,0,1,26
598007,2013,2013-04-10,"Punjab Cricket Association IS Bindra Stadium, Mohali",Chandigarh,Chennai Super Kings,Chennai Super Kings,Kings XI Punjab,Punjab Kings,2,false,Chennai Super Kings,field,Chennai Super Kings,true,139,0,104,74,14,3,34,3,2,0,38,0,36,18,20,5,0,65,0,54,15,28,7,0,36,0,14,1,26,2,3,138,10,119,43,36,2,17,28,73,54,2,13,30,22,29,6,15,8
598008,2013,2013-04-11,M Chinnaswamy Stadium,Bengaluru,Kolkata Knight Riders,Kolkata Knight Riders,Royal Challengers Bangalore,Royal Challengers Bengaluru,1,true,Royal Challengers Bengaluru,field,Royal Challengers Bengaluru,false,154,8,120,80,17,2,43,6,2,1,44,1,36,18,28,7,0,69,2,54,13,34,7,1,41,5,30,12,18,3,1,158,2,105,43,36,1,22,34,74,54,1,25,48,41,15,0,6,34
598008,2013,2013-04-11,M Chinnaswamy Stadium,Bengaluru,Royal Challengers Bangalore,Royal Challengers Bengaluru,Kolkata Knight Riders,Kolkata Knight Riders,2,false,Royal Challengers Bengaluru,field,Royal Challengers Bengaluru,true,158,2,105,116,11,12,53,10,8,2,43,1,36,22,34,4,3,74,1,54,25,48,6,4,41,0,15,6,34,1,5,154,8,120,44,36,1,18,28,69,54,2,13,34,41,30,5,12,18
598009,2013,2013-04-11,Subrata Roy Sahara Stadium,Pune,Rajasthan Royals,Rajasthan Royals,Pune Warriors,Pune Warriors,1,true,Rajasthan Royals,bat,Pune Warriors,false,145,5,120,74,17,1,41,7,3,1,44,1,36,16,28,7,0,58,3,54,17,24,6,0,43,1,30,8,22,4,1,148,3,112,64,36,1,14,48,53,54,1,25,24,31,22,1,8,20
598009,2013,2013-04-11,Subrata Roy Sahara Stadium,Pune,Pune Warriors,Pune Warriors,Rajasthan Royals,Rajasthan Royals,2,false,Rajasthan Royals,bat,Pune Warriors,true,148,3,112,92,11,8,47,6,3,1,64,1,36,14,48,6,4,53,1,54,25,24,3,2,31,1,22,8,20,2,2,145,5,120,44,36,1,16,28,58,54,3,17,24,43,30,1,8,22
598010,2013,2013-04-12,Feroz Shah Kotla,Delhi,Delhi Daredevils,Delhi Capitals,Sunrisers Hyderabad,Sunrisers Hyderabad,1,true,Delhi Capitals,bat,Sunrisers Hyderabad,false,114,8,120,46,7,3,54,7,4,1,29,3,36,22,18,3,1,43,2,54,23,8,2,0,42,3,30,9,20,2,2,115,7,116,38,36,1,22,28,38,54,4,26,10,39,26,2,8,20
598010,2013,2013-04-12,Feroz Shah Kotla,Delhi,Sunrisers Hyderabad,Sunrisers Hyderabad,Delhi Daredevils,Delhi Capitals,2,false,Delhi Capitals,bat,Sunrisers Hyderabad,true,115,7,116,58,13,1,56,3,1,1,38,1,36,22,28,7,0,38,4,54,26,10,1,1,39,2,26,8,20,5,0,114,8,120,29,36,3,22,18,43,54,2,23,8,42,30,3,9,20
598011,2013,2013-04-13,Wankhede Stadium,Mumbai,Mumbai Indians,Mumbai Indians,Pune Warriors,Pune Warriors,1,true,Mumbai Indians,bat,Mumbai Indians,true,183,3,120,116,17,8,41,3,2,1,48,0,36,19,38,8,1,67,2,54,15,30,6,1,68,1,30,7,48,3,6,142,8,120,40,36,4,20,28,78,54,2,15,38,24,30,2,14,8
598011,2013,2013-04-13,Wankhede Stadium,Mumbai,Pune Warriors,Pune Warriors,Mumbai Indians,Mumbai Indians,2,false,Mumbai Indians,bat,Mumbai Indians,false,142,8,120,74,11,5,49,5,4,0,40,4,36,20,28,7,0,78,2,54,15,38,2,5,24,2,30,14,8,2,0,183,3,120,48,36,0,19,38,67,54,2,15,30,68,30,1,7,48
598012,2013,2013-04-13,MA Chidambaram Stadium,Chennai,Royal Challengers Bangalore,Royal Challengers Bengaluru,Chennai Super Kings,Chennai Super Kings,1,true,Chennai Super Kings,field,Chennai Super Kings,false,165,6,120,76,13,4,42,8,6,1,33,1,36,21,20,5,0,82,1,54,11,36,6,2,50,4,30,10,20,2,2,166,6,119,31,36,2,21,16,70,54,2,13,26,65,29,2,5,34
598012,2013,2013-04-13,MA Chidambaram Stadium,Chennai,Chennai Super Kings,Chennai Super Kings,Royal Challengers Bangalore,Royal Challengers Bengaluru,2,false,Chennai Super Kings,field,Chennai Super Kings,true,166,6,119,76,13,4,39,8,4,3,31,2,36,21,16,4,0,70,2,54,13,26,5,1,65,2,29,5,34,4,3,165,6,120,33,36,1,21,20,82,54,1,11,36,50,30,4,10,20
598013,2013,2013-04-14,Eden Gardens,Kolkata,Kolkata Knight Riders,Kolkata Knight Riders,Sunrisers Hyderabad,Sunrisers Hyderabad,1,true,Kolkata Knight Riders,bat,Kolkata Knight Riders,true,180,4,120,112,22,4,39,8,4,0,48,0,36,13,28,7,0,61,2,54,22,34,7,1,71,2,30,4,50,8,3,132,7,120,39,36,0,9,14,65,54,3,16,28,28,30,4,10,4
598013,2013,2013-04-14,Eden Gardens,Kolkata,Sunrisers Hyderabad,Sunrisers Hyderabad,Kolkata Knight Riders,Kolkata Knight Riders,2,false,Kolkata Knight Riders,bat,Kolkata Knight Riders,false,132,7,120,46,7,3,35,12,5,0,39,0,36,9,14,2,1,65,3,54,16,28,4,2,28,4,30,10,4,1,0,180,4,120,48,36,0,13,28,61,54,2,22,34,71,30,2,4,50
598014,2013,2013-04-14,Sawai Mansingh Stadium,Jaipur,Kings XI Punjab,Punjab Kings,Rajasthan Royals,Rajasthan Royals,1,true,Rajasthan Royals,field,Rajasthan Royals,false,124,10,113,60,12,2,52,10,7,1,34,3,36,21,18,3,1,54,3,54,21,20,5,0,36,4,23,10,22,4,1,126,4,116,48,36,1,18,32,46,54,3,26,20,32,26,0,9,16
598014,2013,2013-04-14,Sawai Mansingh Stadium,Jaipur,Rajasthan Royals,Rajasthan Royals,Kings XI Punjab,Punjab Kings,2,false,Rajasthan Royals,field,Rajasthan Royals,true,126,4,116,68,17,0,53,9,3,0,48,1,36,18,32,8,0,46,3,54,26,20,5,0,32,0,26,9,16,4,0,124,10,113,34,36,3,21,18,54,54,3,21,20,36,23,4,10,22
598015,2013,2013-04-15,MA Chidambaram Stadium,Chennai,Pune Warriors,Pune Warriors,Chennai Super Kings,Chennai Super Kings,1,true,Pune Warriors,bat,Pune Warriors,true,159,5,120,94,16,5,41,8,2,0,48,0,36,16,36,9,0,58,2,54,16,24,3,2,53,3,30,9,34,4,3,135,8,120,38,36,2,17,22,61,54,3,17,22,36,30,3,10,14
598015,2013,2013-04-15,MA Chidambaram Stadium,Chennai,Chennai Super Kings,Chennai Super Kings,Pune Warriors,Pune Warriors,2,false,Pune Warriors,bat,Pune Warriors,false,135,8,120,58,10,3,44,2,2,0,38,2,36,17,22,4,1,61,3,54,17,22,4,1,36,3,30,10,14,2,1,159,5,120,48,36,0,16,36,58,54,2,16,24,53,30,3,9,34
598016,2013,2013-04-16,"Punjab Cricket Association IS Bindra Stadium, Mohali",Chandigarh,Kings XI Punjab,Punjab Kings,Kolkata Knight Riders,Kolkata Knight Riders,1,true,Kolkata Knight Riders,field,Punjab Kings,true,157,9,120,82,16,3,39,6,3,0,35,1,36,20,24,6,0,64,5,54,10,16,4,0,58,3,30,9,42,6,3,153,9,120,45,36,2,17,28,71,54,2,15,32,37,30,5,14,20
598016,2013,2013-04-16,"Punjab Cricket Association IS Bindra Stadium, Mohali",Chandigarh,Kolkata Knight Riders,Kolkata Knight Riders,Kings XI Punjab,Punjab Kings,2,false,Kolkata Knight Riders,field,Punjab Kings,false,153,9,120,80,17,2,46,12,5,0,45,2,36,17,28,7,0,71,2,54,15,32,8,0,37,5,30,14,20,2,2,157,9,120,35,36,1,20,24,64,54,5,10,16,58,30,3,9,42
598017,2013,2013-04-16,M Chinnaswamy Stadium,Bengaluru,Delhi Daredevils,Delhi Capitals,Royal Challengers Bangalore,Royal Challengers Bengaluru,1,true,Royal Challengers Bengaluru,field,Unknown,false,152,5,120,80,17,2,46,5,3,1,43,1,36,19,28,7,0,51,3,54,23,20,5,0,58,1,30,4,32,5,2,152,7,120,48,36,2,20,34,78,54,0,13,38,26,30,5,13,6
598017,2013,2013-04-16,M Chinnaswamy Stadium,Bengaluru,Royal Challengers Bangalore,Royal Challengers Bengaluru,Delhi Daredevils,Delhi Capitals,2,false,Royal Challengers Bengaluru,field,Unknown,false,152,7,120,78,12,5,46,4,2,0,48,2,36,20,34,4,3,78,0,54,13,38,8,1,26,5,30,13,6,0,1,152,5,120,43,36,1,19,28,51,54,3,23,20,58,30,1,4,32
598017,2013,2013-04-16,M Chinnaswamy Stadium,Bengaluru,Royal Challengers Bangalore,Royal Challengers Bengaluru,Delhi Daredevils,Delhi Capitals,3,false,Royal Challengers Bengaluru,field,Unknown,false,15,0,6,12,0,2,1,0,0,0,15,0,6,1,12,0,2,0,0,0,0,0,0,0,0,0,0,0,0,0,0,152,5,120,43,36,1,19,28,51,54,3,23,20,58,30,1,4,32
598017,2013,2013-04-16,M Chinnaswamy Stadium,Bengaluru,Delhi Daredevils,Delhi Capitals,Delhi Daredevils,Delhi Capitals,4,false,Royal Challengers Bengaluru,field,Unknown,false,11,2,6,10,1,1,3,0,0,0,11,2,6,3,10,1,1,0,0,0,0,0,0,0,0,0,0,0,0,0,0,152,5,120,43,36,1,19,28,51,54,3,23,20,58,30,1,4,32
598018,2013,2013-04-17,Maharashtra Cricket Association Stadium,Pune,Sunrisers Hyderabad,Sunrisers Hyderabad,Pune Warriors,Pune Warriors,1,true,Pune Warriors,field,Sunrisers Hyderabad,true,119,8,120,48,9,2,50,5,5,0,25,4,36,24,12,3,0,50,3,54,22,18,3,1,44,1,30,4,18,3,1,108,10,114,41,36,2,20,28,46,54,2,20,8,21,24,6,14,14
598018,2013,2013-04-17,Maharashtra Cricket Association Stadium,Pune,Pune Warriors,Pune Warriors,Sunrisers Hyderabad,Sunrisers Hyderabad,2,false,Pune Warriors,field,Sunrisers Hyderabad,false,108,10,114,50,11,1,54,0,0,0,41,2,36,20,28,7,0,46,2,54,20,8,2,0,21,6,24,14,14,2,1,119,8,120,25,36,4,24,12,50,54,3,22,18,44,30,1,4,18
598019,2013,2013-04-17,Sawai Mansingh Stadium,Jaipur,Rajasthan Royals,Rajasthan Royals,Mumbai Indians,Mumbai Indians,1,true,Rajasthan Royals,bat,Rajasthan Royals,true,179,3,120,98,17,5,38,15,6,2,58,0,36,17,44,8,2,67,2,54,19,26,5,1,54,1,30,2,28,4,2,92,10,110,26,36,2,19,8,45,54,5,24,12,21,20,3,10,12
598019,2013,2013-04-17,Sawai Mansingh Stadium,Jaipur,Mumbai Indians,Mumbai Indians,Rajasthan Royals,Rajasthan Royals,2,false,Rajasthan Royals,bat,Rajasthan Royals,false,92,10,110,32,8,0,53,7,3,0,26,2,36,19,8,2,0,45,5,54,24,12,3,0,21,3,20,10,12,3,0,179,3,120,58,36,0,17,44,67,54,2,19,26,54,30,1,2,28
598020,2013,2013-04-18,Feroz Shah Kotla,Delhi,Chennai Super Kings,Chennai Super Kings,Delhi Daredevils,Delhi Capitals,1,true,Chennai Super Kings,bat,Chennai Super Kings,true,169,4,120,94,19,3,38,9,5,0,39,1,36,18,24,6,0,77,1,54,14,40,7,2,53,2,30,6,30,6,1,83,10,105,32,36,4,22,14,48,54,3,18,12,3,15,3,13,0
598020,2013,2013-04-18,Feroz Shah Kotla,Delhi,Delhi Daredevils,Delhi Capitals,Chennai Super Kings,Chennai Super Kings,2,false,Chennai Super Kings,bat,Chennai Super Kings,false,83,10,105,26,5,1,53,4,4,0,32,4,36,22,14,2,1,48,3,54,18,12,3,0,3,3,15,13,0,0,0,169,4,120,39,36,1,18,24,77,54,1,14,40,53,30,2,6,30
598021,2013,2013-04-19,"Rajiv Gandhi International Stadium, Uppal",Hyderabad,Kings XI Punjab,Punjab Kings,Sunrisers Hyderabad,Sunrisers Hyderabad,1,true,Punjab Kings,bat,Sunrisers Hyderabad,false,123,9,120,60,9,4,55,7,2,0,36,1,36,19,20,5,0,56,3,54,25,26,2,3,31,5,30,11,14,2,1,127,5,113,33,36,1,16,8,54,54,2,20,24,40,23,2,8,26
598021,2013,2013-04-19,"Rajiv Gandhi International Stadium, Uppal",Hyderabad,Sunrisers Hyderabad,Sunrisers Hyderabad,Kings XI Punjab,Punjab Kings,2,false,Punjab Kings,bat,Sunrisers Hyderabad,true,127,5,113,58,10,3,44,6,1,0,33,1,36,16,8,2,0,54,2,54,20,24,6,0,40,2,23,8,26,2,3,123,9,120,36,36,1,19,20,56,54,3,25,26,31,30,5,11,14
598022,2013,2013-04-20,Eden Gardens,Kolkata,Kolkata Knight Riders,Kolkata Knight Riders,Chennai Super Kings,Chennai Super Kings,1,true,Kolkata Knight Riders,bat,Chennai Super Kings,false,119,9,120,64,10,4,57,4,1,0,47,1,36,14,32,8,0,42,5,54,29,16,1,2,30,3,30,14,16,1,2,124,6,115,27,36,1,22,16,43,54,3,18,4,54,25,2,4,40
598022,2013,2013-04-20,Eden Gardens,Kolkata,Chennai Super Kings,Chennai Super Kings,Kolkata Knight Riders,Kolkata Knight Riders,2,false,Kolkata Knight Riders,bat,Chennai Super Kings,true,124,6,115,60,9,4,44,6,1,0,27,1,36,22,16,4,0,43,3,54,18,4,1,0,54,2,25,4,40,4,4,119,9,120,47,36,1,14,32,42,54,5,29,16,30,30,3,14,16
598023,2013,2013-04-20,M Chinnaswamy Stadium,Bengaluru,Rajasthan Royals,Rajasthan Royals,Royal Challengers Bangalore,Royal Challengers Bengaluru,1,true,Royal Challengers Bengaluru,field,Royal Challengers Bengaluru,false,117,10,118,68,14,2,59,0,0,0,31,2,36,25,26,5,1,70,2,54,17,38,8,1,16,6,28,17,4,1,0,123,3,107,48,36,0,17,28,50,54,3,27,18,25,17,0,4,14
598023,2013,2013-04-20,M Chinnaswamy Stadium,Bengaluru,Royal Challengers Bangalore,Royal Challengers Bengaluru,Rajasthan Royals,Rajasthan Royals,2,false,Royal Challengers Bengaluru,field,Royal Challengers Bengaluru,true,123,3,107,60,12,2,48,16,11,0,48,0,36,17,28,7,0,50,3,54,27,18,3,1,25,0,17,4,14,2,1,117,10,118,31,36,2,25,26,70,54,2,17,38,16,28,6,17,4
598024,2013,2013-04-21,Feroz Shah Kotla,Delhi,Mumbai Indians,Mumbai Indians,Delhi Daredevils,Delhi Capitals,1,true,Mumbai Indians,bat,Delhi Capitals,false,161,4,120,92,11,8,41,3,2,0,24,2,36,21,12,3,0,83,0,54,12,46,7,3,54,2,30,8,34,1,5,165,1,102,60,36,0,14,46,84,54,0,10,48,21,12,1,2,12
598024,2013,2013-04-21,Feroz Shah Kotla,Delhi,Delhi Daredevils,Delhi Capitals,Mumbai Indians,Mumbai Indians,2,false,Mumbai Indians,bat,Delhi Capitals,true,165,1,102,106,22,3,26,4,1,3,60,0,36,14,46,10,1,84,0,54,10,48,9,2,21,1,12,2,12,3,0,161,4,120,24,36,2,21,12,83,54,0,12,46,54,30,2,8,34
598025,2013,2013-04-21,"Punjab Cricket Association IS Bindra Stadium, Mohali",Chandigarh,Pune Warriors,Pune Warriors,Kings XI Punjab,Punjab Kings,1,true,Punjab Kings,field,Punjab Kings,false,185,4,120,116,20,6,41,8,4,0,48,0,36,16,26,5,1,76,1,54,18,48,9,2,61,3,30,7,42,6,3,186,3,119,55,36,2,13,32,74,54,1,13,32,57,29,0,2,30
598025,2013,2013-04-21,"Punjab Cricket Association IS Bindra Stadium, Mohali",Chandigarh,Kings XI Punjab,Punjab Kings,Pune Warriors,Pune Warriors,2,false,Punjab Kings,field,Punjab Kings,true,186,3,119,94,16,5,28,3,1,0,55,2,36,13,32,8,0,74,1,54,13,32,5,2,57,0,29,2,30,3,3,185,4,120,48,36,0,16,26,76,54,1,18,48,61,30,3,7,42
598026,2013,2013-04-22,MA Chidambaram Stadium,Chennai,Rajasthan Royals,Rajasthan Royals,Chennai Super Kings,Chennai Super Kings,1,true,Rajasthan Royals,bat,Chennai Super Kings,false,185,4,120,90,12,7,30,10,6,1,55,0,36,11,32,5,2,76,3,54,13,32,5,2,54,1,30,6,26,2,3,186,5,119,58,36,1,9,40,82,54,1,5,34,46,29,3,7,22
598026,2013,2013-04-22,MA Chidambaram Stadium,Chennai,Chennai Super Kings,Chennai Super Kings,Rajasthan Royals,Rajasthan Royals,2,false,Rajasthan Royals,bat,Chennai Super Kings,true,186,5,119,96,18,4,21,7,3,0,58,1,36,9,40,7,2,82,1,54,5,34,7,1,46,3,29,7,22,4,1,185,4,120,55,36,0,11,32,76,54,3,13,32,54,30,1,6,26
598027,2013,2013-04-23,M Chinnaswamy Stadium,Bengaluru,Royal Challengers Bangalore,Royal Challengers Bengaluru,Pune Warriors,Pune Warriors,1,true,Pune Warriors,field,Royal Challengers Bengaluru,true,263,5,120,210,21,21,37,11,6,2,62,0,36,22,56,8,4,134,1,54,9,104,8,12,67,4,30,6,50,5,5,133,9,120,43,36,4,19,30,68,54,1,18,36,22,30,4,18,12
598027,2013,2013-04-23,M Chinnaswamy Stadium,Bengaluru,Pune Warriors,Pune Warriors,Royal Challengers Bangalore,Royal Challengers Bengaluru,2,false,Pune Warriors,field,Royal Challengers Bengaluru,false,133,9,120,78,15,3,55,4,3,0,43,4,36,19,30,6,1,68,1,54,18,36,6,2,22,4,30,18,12,3,0,263,5,120,62,36,0,22,56,134,54,1,9,104,67,30,4,6,50
598059,2013,2013-04-23,Feroz Shah Kotla,Delhi,Delhi Daredevils,Delhi Capitals,Kings XI Punjab,Punjab Kings,1,true,Punjab Kings,field,Punjab Kings,false,120,7,120,52,10,2,49,7,3,0,40,2,36,19,26,5,1,50,4,54,20,18,3,1,30,1,30,10,8,2,0,121,5,102,56,36,3,15,40,45,54,1,23,12,20,12,1,4,14
598059,2013,2013-04-23,Feroz Shah Kotla,Delhi,Kings XI Punjab,Punjab Kings,Delhi Daredevils,Delhi Capitals,2,false,Punjab Kings,field,Punjab Kings,true,121,5,102,66,15,1,42,6,2,0,56,3,36,15,40,10,0,45,1,54,23,12,3,0,20,1,12,4,14,2,1,120,7,120,40,36,2,19,26,50,54,4,20,18,30,30,1,10,8
598029,2013,2013-04-24,Eden Gardens,Kolkata,Kolkata Knight Riders,Kolkata Knight Riders,Mumbai Indians,Mumbai Indians,1,true,Kolkata Knight Riders,bat,Mumbai Indians,false,159,6,120,88,16,4,45,6,1,1,61,1,36,14,44,8,2,51,2,54,22,16,4,0,47,3,30,9,28,4,2,162,5,119,42,36,1,18,24,74,54,2,15,42,46,29,2,5,20
598029,2013,2013-04-24,Eden Gardens,Kolkata,Mumbai Indians,Mumbai Indians,Kolkata Knight Riders,Kolkata Knight Riders,2,false,Kolkata Knight Riders,bat,Mumbai Indians,true,162,5,119,86,8,9,38,4,0,0,42,1,36,18,24,3,2,74,2,54,15,42,3,5,46,2,29,5,20,2,2,159,6,120,61,36,1,14,44,51,54,2,22,16,47,30,3,9,28
598030,2013,2013-04-25,MA Chidambaram Stadium,Chennai,Sunrisers Hyderabad,Sunrisers Hyderabad,Chennai Super Kings,Chennai Super Kings,1,true,Sunrisers Hyderabad,bat,Chennai Super Kings,false,159,6,120,92,17,4,48,8,3,0,40,3,36,18,20,5,0,56,1,54,22,26,5,1,63,2,30,8,46,7,3,160,5,118,58,36,0,12,36,56,54,3,23,24,46,28,2,14,36
598030,2013,2013-04-25,MA Chidambaram Stadium,Chennai,Chennai Super Kings,Chennai Super Kings,Sunrisers Hyderabad,Sunrisers Hyderabad,2,false,Sunrisers Hyderabad,bat,Chennai Super Kings,true,160,5,118,96,15,6,49,6,4,1,58,0,36,12,36,6,2,56,3,54,23,24,6,0,46,2,28,14,36,3,4,159,6,120,40,36,3,18,20,56,54,1,22,26,63,30,2,8,46
598031,2013,2013-04-26,Eden Gardens,Kolkata,Kings XI Punjab,Punjab Kings,Kolkata Knight Riders,Kolkata Knight Riders,1,true,Punjab Kings,bat,Kolkata Knight Riders,false,149,6,120,84,15,4,43,5,0,0,45,0,36,17,32,8,0,66,4,54,17,32,5,2,38,2,30,9,20,2,2,150,4,110,45,36,2,19,36,73,54,1,21,40,32,20,1,8,22
598031,2013,2013-04-26,Eden Gardens,Kolkata,Kolkata Knight Riders,Kolkata Knight Riders,Kings XI Punjab,Punjab Kings,2,false,Punjab Kings,bat,Kolkata Knight Riders,true,150,4,110,98,14,7,48,12,2,1,45,2,36,19,36,6,2,73,1,54,21,40,7,2,32,1,20,8,22,1,3,149,6,120,45,36,0,17,32,66,54,4,17,32,38,30,2,9,20
598032,2013,2013-04-27,Sawai Mansingh Stadium,Jaipur,Sunrisers Hyderabad,Sunrisers Hyderabad,Rajasthan Royals,Rajasthan Royals,1,true,Sunrisers Hyderabad,bat,Rajasthan Royals,false,144,9,120,76,16,2,56,11,9,0,29,5,36,25,20,5,0,63,2,54,23,26,5,1,52,2,30,8,30,6,1,146,2,107,30,36,1,22,20,79,54,1,16,50,37,17,0,5,32
598032,2013,2013-04-27,Sawai Mansingh Stadium,Jaipur,Rajasthan Royals,Rajasthan Royals,Sunrisers Hyderabad,Sunrisers Hyderabad,2,false,Sunrisers Hyderabad,bat,Rajasthan Royals,true,146,2,107,102,18,5,43,2,1,0,30,1,36,22,20,5,0,79,1,54,16,50,8,3,37,0,17,5,32,5,2,144,9,120,29,36,5,25,20,63,54,2,23,26,52,30,2,8,30
598033,2013,2013-04-27,Wankhede Stadium,Mumbai,Mumbai Indians,Mumbai Indians,Royal Challengers Bangalore,Royal Challengers Bengaluru,1,true,Mumbai Indians,bat,Mumbai Indians,true,194,7,120,120,18,8,37,9,3,0,52,1,36,15,32,8,0,91,2,54,11,52,4,6,51,4,30,11,36,6,2,136,7,120,35,36,1,23,22,59,54,6,21,20,42,30,0,11,24
598033,2013,2013-04-27,Wankhede Stadium,Mumbai,Royal Challengers Bangalore,Royal Challengers Bengaluru,Mumbai Indians,Mumbai Indians,2,false,Mumbai Indians,bat,Mumbai Indians,false,136,7,120,66,12,3,55,11,5,1,35,1,36,23,22,4,1,59,6,54,21,20,2,2,42,0,30,11,24,6,0,194,7,120,52,36,1,15,32,91,54,2,11,52,51,30,4,11,36
598034,2013,2013-04-28,MA Chidambaram Stadium,Chennai,Chennai Super Kings,Chennai Super Kings,Kolkata Knight Riders,Kolkata Knight Riders,1,true,Kolkata Knight Riders,field,Chennai Super Kings,true,200,3,120,116,20,6,27,3,2,0,67,0,36,15,52,10,2,84,1,54,9,42,6,3,49,2,30,3,22,4,1,186,4,120,63,36,2,15,40,63,54,1,16,28,60,30,1,7,42
598034,2013,2013-04-28,MA Chidambaram Stadium,Chennai,Kolkata Knight Riders,Kolkata Knight Riders,Chennai Super Kings,Chennai Super Kings,2,false,Kolkata Knight Riders,field,Chennai Super Kings,false,186,4,120,110,20,5,38,20,11,1,63,2,36,15,40,10,0,63,1,54,16,28,4,2,60,1,30,7,42,6,3,200,3,120,67,36,0,15,52,84,54,1,9,42,49,30,2,3,22
598035,2013,2013-04-28,Shaheed Veer Narayan Singh International Stadium,Raipur,Delhi Daredevils,Delhi Capitals,Pune Warriors,Pune Warriors,1,true,Pune Warriors,field,Delhi Capitals,true,164,5,120,96,12,8,51,14,12,0,37,1,36,24,22,4,1,64,3,54,19,28,4,2,63,1,30,8,46,4,5,149,4,120,43,36,0,16,20,67,54,2,21,36,39,30,2,11,22
598035,2013,2013-04-28,Shaheed Veer Narayan Singh International Stadium,Raipur,Pune Warriors,Pune Warriors,Delhi Daredevils,Delhi Capitals,2,false,Pune Warriors,field,Delhi Capitals,false,149,4,120,78,18,1,48,6,3,0,43,0,36,16,20,5,0,67,2,54,21,36,9,0,39,2,30,11,22,4,1,164,5,120,37,36,1,24,22,64,54,3,19,28,63,30,1,8,46
598036,2013,2013-04-29,Sawai Mansingh Stadium,Jaipur,Royal Challengers Bangalore,Royal Challengers Bengaluru,Rajasthan Royals,Rajasthan Royals,1,true,Rajasthan Royals,field,Rajasthan Royals,false,171,6,120,90,15,5,40,10,3,2,55,1,36,14,34,7,1,61,2,54,17,24,6,0,55,3,30,9,32,2,4,173,6,119,45,36,1,19,32,75,54,2,14,36,53,29,3,3,26
598036,2013,2013-04-29,Sawai Mansingh Stadium,Jaipur,Rajasthan Royals,Rajasthan Royals,Royal Challengers Bangalore,Royal Challengers Bengaluru,2,false,Rajasthan Royals,field,Rajasthan Royals,true,173,6,119,94,16,5,36,5,2,0,45,1,36,19,32,8,0,75,2,54,14,36,6,2,53,3,29,3,26,2,3,171,6,120,55,36,1,14,34,61,54,2,17,24,55,30,3,9,32
598037,2013,2013-04-29,Wankhede Stadium,Mumbai,Mumbai Indians,Mumbai Indians,Kings XI Punjab,Punjab Kings,1,true,Mumbai Indians,bat,Mumbai Indians,true,174,3,120,110,14,9,44,8,4,1,36,1,36,19,18,3,1,66,2,54,19,36,6,2,72,0,30,6,56,5,6,170,10,120,55,36,2,14,38,63,54,5,20,26,52,30,3,13,34
598037,2013,2013-04-29,Wankhede Stadium,Mumbai,Kings XI Punjab,Punjab Kings,Mumbai Indians,Mumbai Indians,2,false,Mumbai Indians,bat,Mumbai Indians,false,170,10,120,98,11,9,47,13,5,1,55,2,36,14,38,8,1,63,5,54,20,26,2,3,52,3,30,13,34,1,5,174,3,120,36,36,1,19,18,66,54,2,19,36,72,30,0,6,56
598038,2013,2013-04-30,Subrata Roy Sahara Stadium,Pune,Chennai Super Kings,Chennai Super Kings,Pune Warriors,Pune Warriors,1,true,Chennai Super Kings,bat,Chennai Super Kings,true,164,3,120,82,13,5,33,4,2,0,29,2,36,21,18,3,1,73,0,54,8,22,4,1,62,1,30,4,42,6,3,127,9,120,46,36,4,19,32,47,54,3,26,18,34,30,2,10,10
598038,2013,2013-04-30,Subrata Roy Sahara Stadium,Pune,Pune Warriors,Pune Warriors,Chennai Super Kings,Chennai Super Kings,2,false,Chennai Super Kings,bat,Chennai Super Kings,false,127,9,120,60,9,4,55,6,4,1,46,4,36,19,32,5,2,47,3,54,26,18,3,1,34,2,30,10,10,1,1,164,3,120,29,36,2,21,18,73,54,0,8,22,62,30,1,4,42
598039,2013,2013-05-01,"Rajiv Gandhi International Stadium, Uppal",Hyderabad,Mumbai Indians,Mumbai Indians,Sunrisers Hyderabad,Sunrisers Hyderabad,1,true,Mumbai Indians,bat,Sunrisers Hyderabad,false,129,4,120,60,12,2,52,7,4,2,41,2,36,21,26,5,1,48,2,54,22,14,2,1,40,0,30,9,20,5,0,130,3,108,36,36,1,20,24,70,54,1,15,34,24,18,1,7,8
598039,2013,2013-05-01,"Rajiv Gandhi International Stadium, Uppal",Hyderabad,Sunrisers Hyderabad,Sunrisers Hyderabad,Mumbai Indians,Mumbai Indians,2,false,Mumbai Indians,bat,Sunrisers Hyderabad,true,130,3,108,66,15,1,42,3,2,1,36,1,36,20,24,6,0,70,1,54,15,34,7,1,24,1,18,7,8,2,0,129,4,120,41,36,2,21,26,48,54,2,22,14,40,30,0,9,20
598040,2013,2013-05-01,Shaheed Veer Narayan Singh International Stadium,Raipur,Kolkata Knight Riders,Kolkata Knight Riders,Delhi Daredevils,Delhi Capitals,1,true,Kolkata Knight Riders,bat,Delhi Capitals,false,136,7,120,80,14,4,60,7,5,0,37,3,36,23,26,5,1,46,2,54,28,22,4,1,53,2,30,9,32,5,2,137,3,107,34,36,2,19,20,66,54,0,20,32,37,17,1,3,24
598040,2013,2013-05-01,Shaheed Veer Narayan Singh International Stadium,Raipur,Delhi Daredevils,Delhi Capitals,Kolkata Knight Riders,Kolkata Knight Riders,2,false,Kolkata Knight Riders,bat,Delhi Capitals,true,137,3,107,76,13,4,42,2,1,0,34,2,36,19,20,5,0,66,0,54,20,32,5,2,37,1,17,3,24,3,2,136,7,120,37,36,3,23,26,46,54,2,28,22,53,30,2,9,32
598041,2013,2013-05-02,MA Chidambaram Stadium,Chennai,Chennai Super Kings,Chennai Super Kings,Kings XI Punjab,Punjab Kings,1,true,Chennai Super Kings,bat,Chennai Super Kings,true,186,4,120,104,14,8,32,3,2,0,36,1,36,18,18,3,1,80,2,54,11,40,7,2,70,1,30,3,46,4,5,171,6,120,36,36,2,16,20,86,54,1,11,52,49,30,3,7,30
598041,2013,2013-05-02,MA Chidambaram Stadium,Chennai,Kings XI Punjab,Punjab Kings,Chennai Super Kings,Chennai Super Kings,2,false,Chennai Super Kings,bat,Chennai Super Kings,false,171,6,120,102,18,5,34,3,0,0,36,2,36,16,20,5,0,86,1,54,11,52,7,4,49,3,30,7,30,6,1,186,4,120,36,36,1,18,18,80,54,2,11,40,70,30,1,3,46
598042,2013,2013-05-02,Subrata Roy Sahara Stadium,Pune,Royal Challengers Bangalore,Royal Challengers Bengaluru,Pune Warriors,Pune Warriors,1,true,Royal Challengers Bengaluru,bat,Royal Challengers Bengaluru,true,187,3,120,104,17,6,36,12,11,0,30,0,36,18,12,3,0,89,2,54,11,38,5,3,68,1,30,7,54,9,3,170,9,120,39,36,1,13,18,83,54,3,20,52,48,30,5,10,32
598042,2013,2013-05-02,Subrata Roy Sahara Stadium,Pune,Pune Warriors,Pune Warriors,Royal Challengers Bangalore,Royal Challengers Bengaluru,2,false,Royal Challengers Bengaluru,bat,Royal Challengers Bengaluru,false,170,9,120,102,9,11,43,6,4,0,39,1,36,13,18,3,1,83,3,54,20,52,4,6,48,5,30,10,32,2,4,187,3,120,30,36,0,18,12,89,54,2,11,38,68,30,1,7,54
598043,2013,2013-05-03,Eden Gardens,Kolkata,Rajasthan Royals,Rajasthan Royals,Kolkata Knight Riders,Kolkata Knight Riders,1,true,Rajasthan Royals,bat,Kolkata Knight Riders,false,132,6,120,56,11,2,43,7,5,1,34,2,36,18,16,4,0,68,2,54,16,32,5,2,30,2,30,9,8,2,0,133,2,104,48,36,1,17,26,66,54,1,19,32,19,14,0,4,12
598043,2013,2013-05-03,Eden Gardens,Kolkata,Kolkata Knight Riders,Kolkata Knight Riders,Rajasthan Royals,Rajasthan Royals,2,false,Rajasthan Royals,bat,Kolkata Knight Riders,true,133,2,104,70,10,5,40,10,5,0,48,1,36,17,26,5,1,66,1,54,19,32,2,4,19,0,14,4,12,3,0,132,6,120,34,36,2,18,16,68,54,2,16,32,30,30,2,9,8
598044,2013,2013-05-04,"Rajiv Gandhi International Stadium, Uppal",Hyderabad,Delhi Daredevils,Delhi Capitals,Sunrisers Hyderabad,Sunrisers Hyderabad,1,true,Delhi Capitals,bat,Sunrisers Hyderabad,false,80,10,115,22,4,1,66,6,3,1,26,1,36,25,14,2,1,44,5,54,24,8,2,0,10,4,25,17,0,0,0,81,4,83,41,36,2,16,24,40,47,2,23,14,0,0,0,0,0
598044,2013,2013-05-04,"Rajiv Gandhi International Stadium, Uppal",Hyderabad,Sunrisers Hyderabad,Sunrisers Hyderabad,Delhi Daredevils,Delhi Capitals,2,false,Delhi Capitals,bat,Sunrisers Hyderabad,true,81,4,83,38,8,1,39,3,3,0,41,2,36,16,24,6,0,40,2,47,23,14,2,1,0,0,0,0,0,0,0,80,10,115,26,36,1,25,14,44,54,5,24,8,10,25,4,17,0
598046,2013,2013-05-05,Wankhede Stadium,Mumbai,Mumbai Indians,Mumbai Indians,Chennai Super Kings,Chennai Super Kings,1,true,Mumbai Indians,bat,Mumbai Indians,true,139,5,120,80,11,6,57,4,4,0,32,0,36,24,18,3,1,50,4,54,25,24,3,2,57,1,30,8,38,5,3,79,10,92,32,36,4,21,18,46,54,5,29,12,1,2,1,1,0
598046,2013,2013-05-05,Wankhede Stadium,Mumbai,Chennai Super Kings,Chennai Super Kings,Mumbai Indians,Mumbai Indians,2,false,Mumbai Indians,bat,Mumbai Indians,false,79,10,92,30,6,1,51,9,8,0,32,4,36,21,18,3,1,46,5,54,29,12,3,0,1,1,2,1,0,0,0,139,5,120,32,36,0,24,18,50,54,4,25,24,57,30,1,8,38
598047,2013,2013-05-05,Sawai Mansingh Stadium,Jaipur,Pune Warriors,Pune Warriors,Rajasthan Royals,Rajasthan Royals,1,true,Pune Warriors,bat,Rajasthan Royals,false,178,4,120,110,20,5,50,11,11,0,61,0,36,13,40,10,0,64,2,54,28,36,6,2,53,2,30,9,34,4,3,182,5,119,53,36,0,17,42,75,54,2,13,36,54,29,3,6,32
598047,2013,2013-05-05,Sawai Mansingh Stadium,Jaipur,Rajasthan Royals,Rajasthan Royals,Pune Warriors,Pune Warriors,2,false,Pune Warriors,bat,Rajasthan Royals,true,182,5,119,110,20,5,36,3,3,0,53,0,36,17,42,9,1,75,2,54,13,36,6,2,54,3,29,6,32,5,2,178,4,120,61,36,0,13,40,64,54,2,28,36,53,30,2,9,34
598064,2013,2013-05-06,"Punjab Cricket Association IS Bindra Stadium, Mohali",Chandigarh,Royal Challengers Bangalore,Royal Challengers Bengaluru,Kings XI Punjab,Punjab Kings,1,true,Punjab Kings,field,Punjab Kings,false,190,3,120,120,21,6,41,10,4,1,58,0,36,15,44,8,2,75,1,54,18,34,7,1,57,2,30,8,42,6,3,194,4,108,41,36,2,18,28,97,54,2,12,52,56,18,0,1,40
598064,2013,2013-05-06,"Punjab Cricket Association IS Bindra Stadium, Mohali",Chandigarh,Kings XI Punjab,Punjab Kings,Royal Challengers Bangalore,Royal Challengers Bengaluru,2,false,Punjab Kings,field,Punjab Kings,true,194,4,108,120,18,8,31,11,4,1,41,2,36,18,28,7,0,97,2,54,12,52,7,4,56,0,18,1,40,4,4,190,3,120,58,36,0,15,44,75,54,1,18,34,57,30,2,8,42
598049,2013,2013-05-07,Sawai Mansingh Stadium,Jaipur,Delhi Daredevils,Delhi Capitals,Rajasthan Royals,Rajasthan Royals,1,true,Delhi Capitals,bat,Rajasthan Royals,false,154,4,120,88,19,2,49,7,5,0,42,2,36,20,28,7,0,59,2,54,22,30,6,1,53,0,30,7,30,6,1,155,1,107,49,36,0,18,28,77,54,1,9,28,29,17,0,2,16
598049,2013,2013-05-07,Sawai Mansingh Stadium,Jaipur,Rajasthan Royals,Rajasthan Royals,Delhi Daredevils,Delhi Capitals,2,false,Delhi Capitals,bat,Rajasthan Royals,true,155,1,107,72,15,2,29,11,9,0,49,0,36,18,28,7,0,77,1,54,9,28,7,0,29,0,17,2,16,1,2,154,4,120,42,36,2,20,28,59,54,2,22,30,53,30,0,7,30
598050,2013,2013-05-07,Wankhede Stadium,Mumbai,Mumbai Indians,Mumbai Indians,Kolkata Knight Riders,Kolkata Knight Riders,1,true,Mumbai Indians,bat,Mumbai Indians,true,170,6,120,104,20,4,47,11,10,0,41,0,36,20,28,7,0,65,2,54,18,32,8,0,64,4,30,9,44,5,4,105,10,110,38,36,1,19,26,54,54,6,27,30,13,20,3,9,0
598050,2013,2013-05-07,Wankhede Stadium,Mumbai,Kolkata Knight Riders,Kolkata Knight Riders,Mumbai Indians,Mumbai Indians,2,false,Mumbai Indians,bat,Mumbai Indians,false,105,10,110,56,8,4,55,9,0,0,38,1,36,19,26,5,1,54,6,54,27,30,3,3,13,3,20,9,0,0,0,170,6,120,41,36,0,20,28,65,54,2,18,32,64,30,4,9,44
598051,2013,2013-05-08,"Rajiv Gandhi International Stadium, Uppal",Hyderabad,Chennai Super Kings,Chennai Super Kings,Sunrisers Hyderabad,Sunrisers Hyderabad,1,true,Sunrisers Hyderabad,field,Chennai Super Kings,true,223,3,120,144,21,10,33,10,5,3,50,1,36,19,38,5,3,86,0,54,10,44,5,4,87,2,30,4,62,11,3,146,8,120,49,36,2,16,30,60,54,4,20,30,37,30,2,12,20
598051,2013,2013-05-08,"Rajiv Gandhi International Stadium, Uppal",Hyderabad,Sunrisers Hyderabad,Sunrisers Hyderabad,Chennai Super Kings,Chennai Super Kings,2,false,Sunrisers Hyderabad,field,Chennai Super Kings,false,146,8,120,80,11,6,48,4,4,0,49,2,36,16,30,6,1,60,4,54,20,30,3,3,37,2,30,12,20,2,2,223,3,120,50,36,1,19,38,86,54,0,10,44,87,30,2,4,62
598052,2013,2013-05-09,"Punjab Cricket Association IS Bindra Stadium, Mohali",Chandigarh,Kings XI Punjab,Punjab Kings,Rajasthan Royals,Rajasthan Royals,1,true,Rajasthan Royals,field,Rajasthan Royals,false,145,6,120,60,12,2,40,9,3,0,37,1,36,18,24,6,0,70,2,54,15,26,5,1,38,3,30,7,10,1,1,147,2,114,38,36,1,16,24,67,54,1,17,30,42,24,0,6,24
598052,2013,2013-05-09,"Punjab Cricket Association IS Bindra Stadium, Mohali",Chandigarh,Rajasthan Royals,Rajasthan Royals,Kings XI Punjab,Punjab Kings,2,false,Rajasthan Royals,field,Rajasthan Royals,true,147,2,114,78,12,5,39,6,5,0,38,1,36,16,24,6,0,67,1,54,17,30,3,3,42,0,24,6,24,3,2,145,6,120,37,36,1,18,24,70,54,2,15,26,38,30,3,7,10
598053,2013,2013-05-09,Subrata Roy Sahara Stadium,Pune,Kolkata Knight Riders,Kolkata Knight Riders,Pune Warriors,Pune Warriors,1,true,Kolkata Knight Riders,bat,Kolkata Knight Riders,true,152,6,120,72,15,2,43,11,4,0,50,1,36,14,32,8,0,46,3,54,23,4,1,0,56,2,30,6,36,6,2,106,10,117,34,36,2,18,16,46,54,3,21,12,26,27,5,11,12
598053,2013,2013-05-09,Subrata Roy Sahara Stadium,Pune,Pune Warriors,Pune Warriors,Kolkata Knight Riders,Kolkata Knight Riders,2,false,Kolkata Knight Riders,bat,Kolkata Knight Riders,false,106,10,117,40,4,4,50,4,3,1,34,2,36,18,16,4,0,46,3,54,21,12,0,2,26,5,27,11,12,0,2,152,6,120,50,36,1,14,32,46,54,3,23,4,56,30,2,6,36
598054,2013,2013-05-10,Feroz Shah Kotla,Delhi,Royal Challengers Bangalore,Royal Challengers Bengaluru,Delhi Daredevils,Delhi Capitals,1,true,Delhi Capitals,field,Royal Challengers Bengaluru,true,183,4,120,112,19,6,38,5,4,1,40,2,36,21,28,7,0,59,1,54,16,20,5,0,84,1,30,1,64,7,6,179,7,120,49,36,2,19,40,74,54,2,16,34,56,30,3,7,36
598054,2013,2013-05-10,Feroz Shah Kotla,Delhi,Delhi Daredevils,Delhi Capitals,Royal Challengers Bangalore,Royal Challengers Bengaluru,2,false,Delhi Capitals,field,Royal Challengers Bengaluru,false,179,7,120,110,23,3,42,11,4,1,49,2,36,19,40,10,0,74,2,54,16,34,7,1,56,3,30,7,36,6,2,183,4,120,40,36,2,21,28,59,54,1,16,20,84,30,1,1,64
598055,2013,2013-05-11,Subrata Roy Sahara Stadium,Pune,Pune Warriors,Pune Warriors,Mumbai Indians,Mumbai Indians,1,true,Pune Warriors,bat,Mumbai Indians,false,112,8,120,38,5,3,48,4,0,1,36,2,36,19,20,5,0,52,3,54,20,18,0,3,24,3,30,9,0,0,0,116,5,113,37,36,2,21,22,46,54,1,21,14,33,23,2,10,26
598055,2013,2013-05-11,Subrata Roy Sahara Stadium,Pune,Mumbai Indians,Mumbai Indians,Pune Warriors,Pune Warriors,2,false,Pune Warriors,bat,Mumbai Indians,true,116,5,113,62,11,3,52,4,4,0,37,2,36,21,22,4,1,46,1,54,21,14,2,1,33,2,23,10,26,5,1,112,8,120,36,36,2,19,20,52,54,3,20,18,24,30,3,9,0
598056,2013,2013-05-11,"Punjab Cricket Association IS Bindra Stadium, Mohali",Chandigarh,Sunrisers Hyderabad,Sunrisers Hyderabad,Kings XI Punjab,Punjab Kings,1,true,Punjab Kings,field,Sunrisers Hyderabad,true,150,7,120,86,14,5,48,4,1,0,37,2,36,21,26,5,1,61,4,54,21,30,6,1,52,1,30,6,30,3,3,120,9,120,41,36,1,18,28,52,54,3,31,24,27,30,5,11,6
598056,2013,2013-05-11,"Punjab Cricket Association IS Bindra Stadium, Mohali",Chandigarh,Kings XI Punjab,Punjab Kings,Sunrisers Hyderabad,Sunrisers Hyderabad,2,false,Punjab Kings,field,Sunrisers Hyderabad,false,120,9,120,58,10,3,60,8,2,0,41,1,36,18,28,7,0,52,3,54,31,24,3,2,27,5,30,11,6,0,1,150,7,120,37,36,2,21,26,61,54,4,21,30,52,30,1,6,30
598057,2013,2013-05-12,JSCA International Stadium Complex,Ranchi,Royal Challengers Bangalore,Royal Challengers Bengaluru,Kolkata Knight Riders,Kolkata Knight Riders,1,true,Kolkata Knight Riders,field,Kolkata Knight Riders,false,115,9,120,32,5,2,44,3,1,0,22,1,36,21,8,2,0,62,2,54,10,14,2,1,31,6,30,13,10,1,1,116,5,116,31,36,2,22,16,54,54,1,24,22,31,26,2,12,20
598057,2013,2013-05-12,JSCA International Stadium Complex,Ranchi,Kolkata Knight Riders,Kolkata Knight Riders,Royal Challengers Bangalore,Royal Challengers Bengaluru,2,false,Kolkata Knight Riders,field,Kolkata Knight Riders,true,116,5,116,58,13,1,58,5,4,0,31,2,36,22,16,4,0,54,1,54,24,22,4,1,31,2,26,12,20,5,0,115,9,120,22,36,1,21,8,62,54,2,10,14,31,30,6,13,10
598058,2013,2013-05-12,Sawai Mansingh Stadium,Jaipur,Chennai Super Kings,Chennai Super Kings,Rajasthan Royals,Rajasthan Royals,1,true,Rajasthan Royals,field,Rajasthan Royals,false,141,4,120,64,16,0,49,8,3,0,37,0,36,20,20,5,0,63,3,54,19,24,6,0,41,1,30,10,20,5,0,144,5,103,24,36,3,25,12,106,54,1,15,76,14,13,1,7,10
598058,2013,2013-05-12,Sawai Mansingh Stadium,Jaipur,Rajasthan Royals,Rajasthan Royals,Chennai Super Kings,Chennai Super Kings,2,false,Rajasthan Royals,field,Rajasthan Royals,true,144,5,103,98,11,9,47,1,1,0,24,3,36,25,12,3,0,106,1,54,15,76,7,8,14,1,13,7,10,1,1,141,4,120,37,36,0,20,20,63,54,3,19,24,41,30,1,10,20
598060,2013,2013-05-13,Wankhede Stadium,Mumbai,Sunrisers Hyderabad,Sunrisers Hyderabad,Mumbai Indians,Mumbai Indians,1,true,Sunrisers Hyderabad,bat,Mumbai Indians,false,178,3,120,102,18,5,35,7,6,0,52,1,36,17,34,7,1,79,1,54,11,42,9,1,47,1,30,7,26,2,3,184,4,117,39,36,1,18,24,74,54,3,13,36,71,27,0,8,58
598060,2013,2013-05-13,Wankhede Stadium,Mumbai,Mumbai Indians,Mumbai Indians,Sunrisers Hyderabad,Sunrisers Hyderabad,2,false,Sunrisers Hyderabad,bat,Mumbai Indians,true,184,4,117,118,13,11,39,7,5,1,39,1,36,18,24,6,0,74,3,54,13,36,6,2,71,0,27,8,58,1,9,178,3,120,52,36,1,17,34,79,54,1,11,42,47,30,1,7,26
598045,2013,2013-05-14,M Chinnaswamy Stadium,Bengaluru,Royal Challengers Bangalore,Royal Challengers Bengaluru,Kings XI Punjab,Punjab Kings,1,true,Punjab Kings,field,Punjab Kings,false,174,5,120,114,15,9,49,7,3,3,31,1,36,20,20,5,0,80,0,54,19,50,5,5,63,4,30,10,44,5,4,176,3,109,46,36,1,17,28,94,54,0,10,60,36,19,2,5,26
598045,2013,2013-05-14,M Chinnaswamy Stadium,Bengaluru,Kings XI Punjab,Punjab Kings,Royal Challengers Bangalore,Royal Challengers Bengaluru,2,false,Punjab Kings,field,Punjab Kings,true,176,3,109,114,21,5,32,8,4,0,46,1,36,17,28,7,0,94,0,54,10,60,12,2,36,2,19,5,26,2,3,174,5,120,31,36,1,20,20,80,54,0,19,50,63,30,4,10,44
598062,2013,2013-05-14,MA Chidambaram Stadium,Chennai,Chennai Super Kings,Chennai Super Kings,Delhi Daredevils,Delhi Capitals,1,true,Chennai Super Kings,bat,Chennai Super Kings,true,168,4,120,74,11,5,37,10,8,0,47,0,36,15,26,5,1,62,3,54,19,18,3,1,59,1,30,3,30,3,3,135,9,120,49,36,2,20,40,54,54,4,19,10,32,30,3,10,6
598062,2013,2013-05-14,MA Chidambaram Stadium,Chennai,Delhi Daredevils,Delhi Capitals,Chennai Super Kings,Chennai Super Kings,2,false,Chennai Super Kings,bat,Chennai Super Kings,false,135,9,120,56,8,4,49,9,5,0,49,2,36,20,40,7,2,54,4,54,19,10,1,1,32,3,30,10,6,0,1,168,4,120,47,36,0,15,26,62,54,3,19,18,59,30,1,3,30
598061,2013,2013-05-15,JSCA International Stadium Complex,Ranchi,Pune Warriors,Pune Warriors,Kolkata Knight Riders,Kolkata Knight Riders,1,true,Kolkata Knight Riders,field,Pune Warriors,true,170,4,120,98,11,9,40,1,1,0,42,1,36,16,24,3,2,70,1,54,18,36,3,4,58,2,30,6,38,5,3,163,7,120,33,36,3,21,4,89,54,0,10,54,41,30,4,12,26
598061,2013,2013-05-15,JSCA International Stadium Complex,Ranchi,Kolkata Knight Riders,Kolkata Knight Riders,Pune Warriors,Pune Warriors,2,false,Kolkata Knight Riders,field,Pune Warriors,false,163,7,120,84,15,4,43,15,11,0,33,3,36,21,4,1,0,89,0,54,10,54,9,3,41,4,30,12,26,5,1,170,4,120,42,36,1,16,24,70,54,1,18,36,58,30,2,6,38
598063,2013,2013-05-15,Wankhede Stadium,Mumbai,Mumbai Indians,Mumbai Indians,Rajasthan Royals,Rajasthan Royals,1,true,Rajasthan Royals,field,Mumbai Indians,true,166,8,120,96,15,6,43,7,4,0,49,1,36,19,36,3,4,83,2,54,12,46,10,1,34,5,30,12,14,2,1,152,7,120,29,36,4,22,16,77,54,2,21,38,46,30,1,11,30
598063,2013,2013-05-15,Wankhede Stadium,Mumbai,Rajasthan Royals,Rajasthan Royals,Mumbai Indians,Mumbai Indians,2,false,Rajasthan Royals,field,Mumbai Indians,false,152,7,120,84,15,4,54,16,8,0,29,4,36,22,16,4,0,77,2,54,21,38,5,3,46,1,30,11,30,6,1,166,8,120,49,36,1,19,36,83,54,2,12,46,34,30,5,12,14
598028,2013,2013-05-16,Himachal Pradesh Cricket Association Stadium,Dharamsala,Kings XI Punjab,Punjab Kings,Delhi Daredevils,Delhi Capitals,1,true,Delhi Capitals,field,Punjab Kings,true,171,4,120,114,18,7,46,9,3,0,53,0,36,16,40,7,2,50,2,54,23,20,5,0,68,2,30,7,54,6,5,164,7,120,21,36,3,25,10,79,54,1,20,42,64,30,3,6,50
598028,2013,2013-05-16,Himachal Pradesh Cricket Association Stadium,Dharamsala,Delhi Daredevils,Delhi Capitals,Kings XI Punjab,Punjab Kings,2,false,Delhi Capitals,field,Punjab Kings,false,164,7,120,102,15,7,51,13,0,3,21,3,36,25,10,1,1,79,1,54,20,42,9,1,64,3,30,6,50,5,5,171,4,120,53,36,0,16,40,50,54,2,23,20,68,30,2,7,54
598065,2013,2013-05-17,"Rajiv Gandhi International Stadium, Uppal",Hyderabad,Sunrisers Hyderabad,Sunrisers Hyderabad,Rajasthan Royals,Rajasthan Royals,1,true,Sunrisers Hyderabad,bat,Sunrisers Hyderabad,true,136,9,120,40,7,2,39,15,5,0,21,3,36,21,4,1,0,69,1,54,14,22,4,1,46,5,30,4,14,2,1,113,9,120,33,36,0,20,20,40,54,5,25,8,40,30,4,13,24
598065,2013,2013-05-17,"Rajiv Gandhi International Stadium, Uppal",Hyderabad,Rajasthan Royals,Rajasthan Royals,Sunrisers Hyderabad,Sunrisers Hyderabad,2,false,Sunrisers Hyderabad,bat,Sunrisers Hyderabad,false,113,9,120,52,7,4,58,6,2,0,33,0,36,20,20,2,2,40,5,54,25,8,2,0,40,4,30,13,24,3,2,136,9,120,21,36,3,21,4,69,54,1,14,22,46,30,5,4,14
598066,2013,2013-05-18,Himachal Pradesh Cricket Association Stadium,Dharamsala,Kings XI Punjab,Punjab Kings,Mumbai Indians,Mumbai Indians,1,true,Mumbai Indians,field,Punjab Kings,true,183,8,120,126,24,5,43,7,4,0,35,2,36,23,28,7,0,96,0,54,10,62,11,3,52,6,30,10,36,6,2,133,9,115,51,36,2,16,36,56,54,3,25,28,26,25,4,9,6
598066,2013,2013-05-18,Himachal Pradesh Cricket Association Stadium,Dharamsala,Mumbai Indians,Mumbai Indians,Kings XI Punjab,Punjab Kings,2,false,Mumbai Indians,field,Punjab Kings,false,133,9,115,70,10,5,50,9,2,1,51,2,36,16,36,6,2,56,3,54,25,28,4,2,26,4,25,9,6,0,1,183,8,120,35,36,2,23,28,96,54,0,10,62,52,30,6,10,36
598068,2013,2013-05-18,M Chinnaswamy Stadium,Bengaluru,Royal Challengers Bangalore,Royal Challengers Bengaluru,Chennai Super Kings,Chennai Super Kings,1,true,Chennai Super Kings,field,Royal Challengers Bengaluru,true,106,2,48,88,10,8,15,5,2,0,76,1,36,10,60,6,6,30,1,12,5,28,4,2,0,0,0,0,0,0,0,82,6,48,56,36,3,11,34,26,12,3,4,20,0,0,0,0,0
598068,2013,2013-05-18,M Chinnaswamy Stadium,Bengaluru,Chennai Super Kings,Chennai Super Kings,Royal Challengers Bangalore,Royal Challengers Bengaluru,2,false,Chennai Super Kings,field,Royal Challengers Bengaluru,false,82,6,48,54,6,5,15,2,2,0,56,3,36,11,34,4,3,26,3,12,4,20,2,2,0,0,0,0,0,0,0,106,2,48,76,36,1,10,60,30,12,1,5,28,0,0,0,0,0
598067,2013,2013-05-19,Subrata Roy Sahara Stadium,Pune,Pune Warriors,Pune Warriors,Delhi Daredevils,Delhi Capitals,1,true,Pune Warriors,bat,Pune Warriors,true,172,5,120,104,14,8,41,5,2,1,40,1,36,17,22,4,1,67,3,54,21,36,3,4,65,1,30,3,46,7,3,134,9,120,47,36,2,20,26,57,54,3,20,22,30,30,4,12,12
598067,2013,2013-05-19,Subrata Roy Sahara Stadium,Pune,Delhi Daredevils,Delhi Capitals,Pune Warriors,Pune Warriors,2,false,Pune Warriors,bat,Pune Warriors,false,134,9,120,60,12,2,52,16,10,1,47,2,36,20,26,5,1,57,3,54,20,22,4,1,30,4,30,12,12,3,0,172,5,120,40,36,1,17,22,67,54,3,21,36,65,30,1,3,46
598069,2013,2013-05-19,"Rajiv Gandhi International Stadium, Uppal",Hyderabad,Kolkata Knight Riders,Kolkata Knight Riders,Sunrisers Hyderabad,Sunrisers Hyderabad,1,true,Kolkata Knight Riders,bat,Sunrisers Hyderabad,false,130,7,120,54,9,3,52,14,7,0,33,1,36,21,12,3,0,56,2,54,21,24,6,0,41,4,30,10,18,0,3,132,5,113,45,36,0,16,30,61,54,3,19,22,26,23,2,11,16
598069,2013,2013-05-19,"Rajiv Gandhi International Stadium, Uppal",Hyderabad,Sunrisers Hyderabad,Sunrisers Hyderabad,Kolkata Knight Riders,Kolkata Knight Riders,2,false,Kolkata Knight Riders,bat,Sunrisers Hyderabad,true,132,5,113,68,11,4,46,9,8,0,45,0,36,16,30,6,1,61,3,54,19,22,4,1,26,2,23,11,16,1,2,130,7,120,33,36,1,21,12,56,54,2,21,24,41,30,4,10,18
598070,2013,2013-05-21,Feroz Shah Kotla,Delhi,Chennai Super Kings,Chennai Super Kings,Mumbai Indians,Mumbai Indians,1,true,Chennai Super Kings,bat,Chennai Super Kings,true,192,1,120,110,17,7,24,1,0,0,47,0,36,14,28,7,0,78,1,54,9,36,3,4,67,0,30,1,46,7,3,144,10,112,56,36,1,15,40,71,54,4,17,38,17,22,5,11,4
598070,2013,2013-05-21,Feroz Shah Kotla,Delhi,Mumbai Indians,Mumbai Indians,Chennai Super Kings,Chennai Super Kings,2,false,Chennai Super Kings,bat,Chennai Super Kings,false,144,10,112,82,10,7,43,5,1,1,56,1,36,15,40,7,2,71,4,54,17,38,2,5,17,5,22,11,4,1,0,192,1,120,47,36,0,14,28,78,54,1,9,36,67,30,0,1,46
598071,2013,2013-05-22,Feroz Shah Kotla,Delhi,Sunrisers Hyderabad,Sunrisers Hyderabad,Rajasthan Royals,Rajasthan Royals,1,true,Sunrisers Hyderabad,bat,Rajasthan Royals,false,132,7,120,68,11,4,53,6,4,0,27,2,36,23,16,4,0,50,1,54,22,18,3,1,55,4,30,8,34,4,3,135,6,116,44,36,1,19,34,55,54,4,26,30,36,26,1,12,20
598071,2013,2013-05-22,Feroz Shah Kotla,Delhi,Rajasthan Royals,Rajasthan Royals,Sunrisers Hyderabad,Sunrisers Hyderabad,2,false,Sunrisers Hyderabad,bat,Rajasthan Royals,true,135,6,116,84,12,6,57,4,4,0,44,1,36,19,34,7,1,55,4,54,26,30,3,3,36,1,26,12,20,2,2,132,7,120,27,36,2,23,16,50,54,1,22,18,55,30,4,8,34
598072,2013,2013-05-24,Eden Gardens,Kolkata,Rajasthan Royals,Rajasthan Royals,Mumbai Indians,Mumbai Indians,1,true,Rajasthan Royals,bat,Mumbai Indians,false,165,6,120,94,22,1,45,14,8,2,42,0,36,20,32,8,0,62,4,54,20,30,6,1,61,2,30,5,32,8,0,169,6,119,45,36,0,16,30,81,54,2,17,42,43,29,4,9,24
598072,2013,2013-05-24,Eden Gardens,Kolkata,Mumbai Indians,Mumbai Indians,Rajasthan Royals,Rajasthan Royals,2,false,Rajasthan Royals,bat,Mumbai Indians,true,169,6,119,96,15,6,42,10,4,0,45,0,36,16,30,6,1,81,2,54,17,42,6,3,43,4,29,9,24,3,2,165,6,120,42,36,0,20,32,62,54,4,20,30,61,30,2,5,32
598073,2013,2013-05-26,Eden Gardens,Kolkata,Mumbai Indians,Mumbai Indians,Chennai Super Kings,Chennai Super Kings,1,true,Mumbai Indians,bat,Mumbai Indians,true,148,9,120,90,18,3,49,5,3,0,34,3,36,21,24,6,0,66,1,54,16,30,6,1,48,5,30,12,36,6,2,125,9,120,35,36,4,19,20,48,54,4,29,22,42,30,1,14,26
598073,2013,2013-05-26,Eden Gardens,Kolkata,Chennai Super Kings,Chennai Super Kings,Mumbai Indians,Mumbai Indians,2,false,Mumbai Indians,bat,Mumbai Indians,false,125,9,120,68,8,6,62,9,7,0,35,4,36,19,20,5,0,48,4,54,29,22,1,3,42,1,30,14,26,2,3,148,9,120,34,36,3,21,24,66,54,1,16,30,48,30,5,12,36
729279,2014,2014-04-16,Sheikh Zayed Stadium,Abu Dhabi,Kolkata Knight Riders,Kolkata Knight Riders,Mumbai Indians,Mumbai Indians,1,true,Kolkata Knight Riders,bat,Kolkata Knight Riders,true,163,5,120,86,14,5,42,8,4,0,31,1,36,19,10,1,1,79,0,54,13,40,7,2,53,4,30,10,36,6,2,122,7,120,32,36,1,20,18,63,54,1,14,8,27,30,5,18,14
729279,2014,2014-04-16,Sheikh Zayed Stadium,Abu Dhabi,Mumbai Indians,Mumbai Indians,Kolkata Knight Riders,Kolkata Knight Riders,2,false,Kolkata Knight Riders,bat,Kolkata Knight Riders,false,122,7,120,40,7,2,52,5,1,0,32,1,36,20,18,3,1,63,1,54,14,8,2,0,27,5,30,18,14,2,1,163,5,120,31,36,1,19,10,79,54,0,13,40,53,30,4,10,36
729281,2014,2014-04-17,Sharjah Cricket Stadium,Unknown,Delhi Daredevils,Delhi Capitals,Royal Challengers Bangalore,Royal Challengers Bengaluru,1,true,Royal Challengers Bengaluru,field,Royal Challengers Bengaluru,false,145,4,120,60,9,4,43,10,9,1,30,3,36,20,14,2,1,52,1,54,18,4,1,0,63,0,30,5,42,6,3,146,2,100,50,36,1,18,38,74,54,1,20,44,22,10,0,3,16
729281,2014,2014-04-17,Sharjah Cricket Stadium,Unknown,Royal Challengers Bangalore,Royal Challengers Bengaluru,Delhi Daredevils,Delhi Capitals,2,false,Royal Challengers Bengaluru,field,Royal Challengers Bengaluru,true,146,2,100,98,11,9,41,4,3,1,50,1,36,18,38,8,1,74,1,54,20,44,2,6,22,0,10,3,16,1,2,145,4,120,30,36,3,20,14,52,54,1,18,4,63,30,0,5,42
729283,2014,2014-04-18,Sheikh Zayed Stadium,Abu Dhabi,Chennai Super Kings,Chennai Super Kings,Kings XI Punjab,Punjab Kings,1,true,Chennai Super Kings,bat,Punjab Kings,false,205,4,120,120,15,10,34,14,11,1,70,0,36,13,46,7,3,75,1,54,15,40,4,4,60,3,30,6,34,4,3,206,4,113,64,36,3,13,48,92,54,0,14,52,50,23,1,3,34
729283,2014,2014-04-18,Sheikh Zayed Stadium,Abu Dhabi,Kings XI Punjab,Punjab Kings,Chennai Super Kings,Chennai Super Kings,2,false,Chennai Super Kings,bat,Punjab Kings,true,206,4,113,134,26,5,30,6,5,0,64,3,36,13,48,12,0,92,0,54,14,52,10,2,50,1,23,3,34,4,3,205,4,120,70,36,0,13,46,75,54,1,15,40,60,30,3,6,34
729285,2014,2014-04-18,Sheikh Zayed Stadium,Abu Dhabi,Sunrisers Hyderabad,Sunrisers Hyderabad,Rajasthan Royals,Rajasthan Royals,1,true,Rajasthan Royals,field,Rajasthan Royals,false,133,6,120,36,6,2,38,15,9,0,41,1,36,14,12,3,0,49,2,54,17,10,1,1,43,3,30,7,14,2,1,135,6,117,30,36,2,19,12,72,54,1,14,30,33,27,3,12,20
729285,2014,2014-04-18,Sheikh Zayed Stadium,Abu Dhabi,Rajasthan Royals,Rajasthan Royals,Sunrisers Hyderabad,Sunrisers Hyderabad,2,false,Rajasthan Royals,field,Rajasthan Royals,true,135,6,117,62,14,1,45,5,2,0,30,2,36,19,12,3,0,72,1,54,14,30,6,1,33,3,27,12,20,5,0,133,6,120,41,36,1,14,12,49,54,2,17,10,43,30,3,7,14
729287,2014,2014-04-19,Dubai International Cricket Stadium,Unknown,Mumbai Indians,Mumbai Indians,Royal Challengers Bangalore,Royal Challengers Bengaluru,1,true,Royal Challengers Bengaluru,field,Royal Challengers Bengaluru,false,115,9,120,32,8,0,48,12,7,1,49,1,36,14,20,5,0,43,3,54,21,8,2,0,23,5,30,13,4,1,0,116,3,105,30,36,3,22,16,62,54,0,16,22,24,15,0,4,16
729287,2014,2014-04-19,Dubai International Cricket Stadium,Unknown,Royal Challengers Bangalore,Royal Challengers Bengaluru,Mumbai Indians,Mumbai Indians,2,false,Royal Challengers Bengaluru,field,Royal Challengers Bengaluru,true,116,3,105,54,12,1,42,2,1,0,30,3,36,22,16,4,0,62,0,54,16,22,4,1,24,0,15,4,16,4,0,115,9,120,49,36,1,14,20,43,54,3,21,8,23,30,5,13,4
729289,2014,2014-04-19,Dubai International Cricket Stadium,Unknown,Kolkata Knight Riders,Kolkata Knight Riders,Delhi Daredevils,Delhi Capitals,1,true,Kolkata Knight Riders,bat,Delhi Capitals,false,166,5,120,76,16,2,35,14,12,1,31,2,36,20,4,1,0,81,1,54,11,40,7,2,54,2,30,4,32,8,0,167,6,117,49,36,2,15,24,74,54,2,13,36,44,27,2,12,28
729289,2014,2014-04-19,Dubai International Cricket Stadium,Unknown,Delhi Daredevils,Delhi Capitals,Kolkata Knight Riders,Kolkata Knight Riders,2,false,Kolkata Knight Riders,bat,Delhi Capitals,true,167,6,117,88,13,6,40,11,5,0,49,2,36,15,24,6,0,74,2,54,13,36,6,2,44,2,27,12,28,1,4,166,5,120,31,36,2,20,4,81,54,1,11,40,54,30,2,4,32
729291,2014,2014-04-20,Sharjah Cricket Stadium,Unknown,Rajasthan Royals,Rajasthan Royals,Kings XI Punjab,Punjab Kings,1,true,Punjab Kings,field,Punjab Kings,false,191,5,120,128,17,10,46,6,2,1,54,1,36,18,36,6,2,89,2,54,19,60,6,6,48,2,30,9,32,5,2,193,3,112,39,36,2,15,20,93,54,1,13,56,61,22,0,1,40
729291,2014,2014-04-20,Sharjah Cricket Stadium,Unknown,Kings XI Punjab,Punjab Kings,Rajasthan Royals,Rajasthan Royals,2,false,Punjab Kings,field,Punjab Kings,true,193,3,112,116,11,12,29,9,4,0,39,2,36,15,20,2,2,93,1,54,13,56,8,4,61,0,22,1,40,1,6,191,5,120,54,36,1,18,36,89,54,2,19,60,48,30,2,9,32
729293,2014,2014-04-21,Sheikh Zayed Stadium,Abu Dhabi,Chennai Super Kings,Chennai Super Kings,Delhi Daredevils,Delhi Capitals,1,true,Chennai Super Kings,bat,Chennai Super Kings,true,177,7,120,86,14,5,33,6,3,0,34,1,36,15,12,3,0,77,2,54,13,34,7,1,66,4,30,5,40,4,4,84,9,94,24,36,3,21,8,58,54,5,23,20,2,4,1,2,0
729293,2014,2014-04-21,Sheikh Zayed Stadium,Abu Dhabi,Delhi Daredevils,Delhi Capitals,Chennai Super Kings,Chennai Super Kings,2,false,Chennai Super Kings,bat,Chennai Super Kings,false,84,9,94,28,7,0,46,2,2,0,24,3,36,21,8,2,0,58,5,54,23,20,5,0,2,1,4,2,0,0,0,177,7,120,34,36,1,15,12,77,54,2,13,34,66,30,4,5,40
729295,2014,2014-04-22,Sharjah Cricket Stadium,Unknown,Kings XI Punjab,Punjab Kings,Sunrisers Hyderabad,Sunrisers Hyderabad,1,true,Sunrisers Hyderabad,field,Punjab Kings,true,193,6,120,134,14,13,46,9,3,1,43,0,36,21,36,6,2,109,2,54,14,78,6,9,41,4,30,11,20,2,2,121,10,116,45,36,3,18,26,54,54,4,18,16,22,26,3,11,6
729295,2014,2014-04-22,Sharjah Cricket Stadium,Unknown,Sunrisers Hyderabad,Sunrisers Hyderabad,Kings XI Punjab,Punjab Kings,2,false,Sunrisers Hyderabad,field,Punjab Kings,false,121,10,116,48,6,4,47,8,3,2,45,3,36,18,26,5,1,54,4,54,18,16,1,2,22,3,26,11,6,0,1,193,6,120,43,36,0,21,36,109,54,2,14,78,41,30,4,11,20
729297,2014,2014-04-23,Dubai International Cricket Stadium,Unknown,Chennai Super Kings,Chennai Super Kings,Rajasthan Royals,Rajasthan Royals,1,true,Rajasthan Royals,field,Chennai Super Kings,true,140,6,120,58,10,3,48,13,11,0,51,1,36,16,36,6,2,50,5,54,24,14,2,1,39,0,30,8,8,2,0,133,10,119,38,36,2,22,24,49,54,6,25,18,46,29,2,6,22
729297,2014,2014-04-23,Dubai International Cricket Stadium,Unknown,Rajasthan Royals,Rajasthan Royals,Chennai Super Kings,Chennai Super Kings,2,false,Rajasthan Royals,field,Chennai Super Kings,false,133,10,119,64,7,6,53,2,2,0,38,2,36,22,24,3,2,49,6,54,25,18,3,1,46,2,29,6,22,1,3,140,6,120,51,36,1,16,36,50,54,5,24,14,39,30,0,8,8
729299,2014,2014-04-24,Sharjah Cricket Stadium,Unknown,Kolkata Knight Riders,Kolkata Knight Riders,Royal Challengers Bangalore,Royal Challengers Bengaluru,1,true,Royal Challengers Bengaluru,field,Kolkata Knight Riders,true,150,7,120,64,7,6,38,7,4,0,42,2,36,16,24,6,0,64,2,54,15,24,0,4,44,3,30,7,16,1,2,148,5,120,49,36,0,17,36,67,54,2,20,30,32,30,3,12,12
729299,2014,2014-04-24,Sharjah Cricket Stadium,Unknown,Royal Challengers Bangalore,Royal Challengers Bengaluru,Kolkata Knight Riders,Kolkata Knight Riders,2,false,Royal Challengers Bengaluru,field,Kolkata Knight Riders,false,148,5,120,78,18,1,49,8,2,1,49,0,36,17,36,9,0,67,2,54,20,30,6,1,32,3,30,12,12,3,0,150,7,120,42,36,2,16,24,64,54,2,15,24,44,30,3,7,16
729301,2014,2014-04-25,Dubai International Cricket Stadium,Unknown,Sunrisers Hyderabad,Sunrisers Hyderabad,Delhi Daredevils,Delhi Capitals,1,true,Sunrisers Hyderabad,bat,Sunrisers Hyderabad,true,184,1,120,112,16,8,37,5,2,0,55,0,36,14,38,8,1,63,1,54,20,30,3,3,66,0,30,3,44,5,4,180,4,120,44,36,0,13,22,75,54,2,17,46,61,30,2,5,40
729301,2014,2014-04-25,Dubai International Cricket Stadium,Unknown,Delhi Daredevils,Delhi Capitals,Sunrisers Hyderabad,Sunrisers Hyderabad,2,false,Sunrisers Hyderabad,bat,Sunrisers Hyderabad,false,180,4,120,108,18,6,35,6,2,1,44,0,36,13,22,4,1,75,2,54,17,46,10,1,61,2,30,5,40,4,4,184,1,120,55,36,0,14,38,63,54,1,20,30,66,30,0,3,44
729303,2014,2014-04-25,Dubai International Cricket Stadium,Unknown,Mumbai Indians,Mumbai Indians,Chennai Super Kings,Chennai Super Kings,1,true,Mumbai Indians,bat,Chennai Super Kings,false,141,7,120,72,12,4,42,1,0,0,31,2,36,21,20,5,0,77,0,54,13,38,5,3,33,5,30,8,14,2,1,142,3,114,51,36,0,18,38,56,54,2,24,26,35,24,1,4,14
729303,2014,2014-04-25,Dubai International Cricket Stadium,Unknown,Chennai Super Kings,Chennai Super Kings,Mumbai Indians,Mumbai Indians,2,false,Mumbai Indians,bat,Chennai Super Kings,true,142,3,114,78,9,7,46,7,2,1,51,0,36,18,38,5,3,56,2,54,24,26,2,3,35,1,24,4,14,2,1,141,7,120,31,36,2,21,20,77,54,0,13,38,33,30,5,8,14
729305,2014,2014-04-26,Sheikh Zayed Stadium,Abu Dhabi,Royal Challengers Bangalore,Royal Challengers Bengaluru,Rajasthan Royals,Rajasthan Royals,1,true,Rajasthan Royals,field,Rajasthan Royals,false,70,10,90,30,6,1,50,4,1,0,22,5,36,22,8,2,0,48,5,54,28,22,4,1,0,0,0,0,0,0,0,71,4,78,36,36,2,19,16,35,42,2,28,20,0,0,0,0,0
729305,2014,2014-04-26,Sheikh Zayed Stadium,Abu Dhabi,Rajasthan Royals,Rajasthan Royals,Royal Challengers Bangalore,Royal Challengers Bengaluru,2,false,Rajasthan Royals,field,Rajasthan Royals,true,71,4,78,36,6,2,47,3,2,0,36,2,36,19,16,4,0,35,2,42,28,20,2,2,0,0,0,0,0,0,0,70,10,90,22,36,5,22,8,48,54,5,28,22,0,0,0,0,0
729307,2014,2014-04-26,Sheikh Zayed Stadium,Abu Dhabi,Kings XI Punjab,Punjab Kings,Kolkata Knight Riders,Kolkata Knight Riders,1,true,Kolkata Knight Riders,field,Punjab Kings,true,132,9,120,60,12,2,48,5,1,1,51,2,36,16,32,5,2,60,4,54,17,24,6,0,21,3,30,15,4,1,0,109,10,110,24,36,3,27,16,51,54,4,20,12,34,20,3,5,18
729307,2014,2014-04-26,Sheikh Zayed Stadium,Abu Dhabi,Kolkata Knight Riders,Kolkata Knight Riders,Kings XI Punjab,Punjab Kings,2,false,Kolkata Knight Riders,field,Punjab Kings,false,109,10,110,46,10,1,52,10,5,0,24,3,36,27,16,4,0,51,4,54,20,12,3,0,34,3,20,5,18,3,1,132,9,120,51,36,2,16,32,60,54,4,17,24,21,30,3,15,4
729309,2014,2014-04-27,Sharjah Cricket Stadium,Unknown,Mumbai Indians,Mumbai Indians,Delhi Daredevils,Delhi Capitals,1,true,Mumbai Indians,bat,Delhi Capitals,false,125,7,120,58,10,3,53,11,4,1,37,2,36,15,16,4,0,32,3,54,28,4,1,0,56,2,30,10,38,5,3,126,4,113,31,36,0,23,12,72,54,2,13,32,23,23,2,9,8
729309,2014,2014-04-27,Sharjah Cricket Stadium,Unknown,Delhi Daredevils,Delhi Capitals,Mumbai Indians,Mumbai Indians,2,false,Mumbai Indians,bat,Delhi Capitals,true,126,4,113,52,10,2,45,9,0,0,31,0,36,23,12,3,0,72,2,54,13,32,5,2,23,2,23,9,8,2,0,125,7,120,37,36,2,15,16,32,54,3,28,4,56,30,2,10,38
729311,2014,2014-04-27,Sharjah Cricket Stadium,Unknown,Sunrisers Hyderabad,Sunrisers Hyderabad,Chennai Super Kings,Chennai Super Kings,1,true,Sunrisers Hyderabad,bat,Chennai Super Kings,false,145,5,120,60,9,4,37,16,3,0,37,2,36,15,16,4,0,61,2,54,13,18,3,1,47,1,30,9,26,2,3,146,5,117,47,36,0,16,32,77,54,2,19,48,22,27,3,9,4
729311,2014,2014-04-27,Sharjah Cricket Stadium,Unknown,Chennai Super Kings,Chennai Super Kings,Sunrisers Hyderabad,Sunrisers Hyderabad,2,false,Sunrisers Hyderabad,bat,Chennai Super Kings,true,146,5,117,84,9,8,44,4,0,0,47,0,36,16,32,5,2,77,2,54,19,48,3,6,22,3,27,9,4,1,0,145,5,120,37,36,2,15,16,61,54,2,13,18,47,30,1,9,26
729313,2014,2014-04-28,Dubai International Cricket Stadium,Unknown,Royal Challengers Bangalore,Royal Challengers Bengaluru,Kings XI Punjab,Punjab Kings,1,true,Punjab Kings,field,Punjab Kings,false,124,8,120,56,8,4,55,10,0,1,44,4,36,21,36,6,2,54,3,54,20,20,2,2,26,1,30,14,0,0,0,127,5,113,33,36,2,19,16,68,54,3,22,28,26,23,0,6,8
729313,2014,2014-04-28,Dubai International Cricket Stadium,Unknown,Kings XI Punjab,Punjab Kings,Royal Challengers Bangalore,Royal Challengers Bengaluru,2,false,Punjab Kings,field,Punjab Kings,true,127,5,113,52,13,0,47,12,7,1,33,2,36,19,16,4,0,68,3,54,22,28,7,0,26,0,23,6,8,2,0,124,8,120,44,36,4,21,36,54,54,3,20,20,26,30,1,14,0
729315,2014,2014-04-29,Sheikh Zayed Stadium,Abu Dhabi,Rajasthan Royals,Rajasthan Royals,Kolkata Knight Riders,Kolkata Knight Riders,1,true,Rajasthan Royals,bat,Unknown,false,152,5,120,74,17,1,45,5,5,0,45,1,36,20,28,7,0,61,1,54,19,28,7,0,46,3,30,6,18,3,1,152,8,120,33,36,1,18,12,68,54,3,15,22,51,30,4,7,26
729315,2014,2014-04-29,Sheikh Zayed Stadium,Abu Dhabi,Kolkata Knight Riders,Kolkata Knight Riders,Rajasthan Royals,Rajasthan Royals,2,false,Rajasthan Royals,bat,Unknown,false,152,8,120,60,12,2,40,11,6,2,33,1,36,18,12,3,0,68,3,54,15,22,4,1,51,4,30,7,26,5,1,152,5,120,45,36,1,20,28,61,54,1,19,28,46,30,3,6,18
729315,2014,2014-04-29,Sheikh Zayed Stadium,Abu Dhabi,Kolkata Knight Riders,Kolkata Knight Riders,Rajasthan Royals,Rajasthan Royals,3,false,Rajasthan Royals,bat,Unknown,false,11,2,6,6,0,1,0,1,0,0,11,2,6,0,6,0,1,0,0,0,0,0,0,0,0,0,0,0,0,0,0,152,5,120,45,36,1,20,28,61,54,1,19,28,46,30,3,6,18
729315,2014,2014-04-29,Sheikh Zayed Stadium,Abu Dhabi,Rajasthan Royals,Rajasthan Royals,Rajasthan Royals,Rajasthan Royals,4,false,Rajasthan Royals,bat,Unknown,false,11,0,6,4,1,0,0,0,0,0,11,0,6,0,4,1,0,0,0,0,0,0,0,0,0,0,0,0,0,0,0,152,5,120,45,36,1,20,28,61,54,1,19,28,46,30,3,6,18
729317,2014,2014-04-30,Dubai International Cricket Stadium,Unknown,Sunrisers Hyderabad,Sunrisers Hyderabad,Mumbai Indians,Mumbai Indians,1,true,Mumbai Indians,field,Sunrisers Hyderabad,true,172,5,120,74,11,5,33,18,12,1,44,2,36,14,24,6,0,73,0,54,13,20,2,2,55,3,30,6,30,3,3,157,7,120,32,36,3,22,20,74,54,0,18,42,51,30,4,10,30
729317,2014,2014-04-30,Dubai International Cricket Stadium,Unknown,Mumbai Indians,Mumbai Indians,Sunrisers Hyderabad,Sunrisers Hyderabad,2,false,Mumbai Indians,field,Sunrisers Hyderabad,false,157,7,120,92,14,6,50,9,6,0,32,3,36,22,20,5,0,74,0,54,18,42,6,3,51,4,30,10,30,3,3,172,5,120,44,36,2,14,24,73,54,0,13,20,55,30,3,6,30
733971,2014,2014-05-02,JSCA International Stadium Complex,Ranchi,Chennai Super Kings,Chennai Super Kings,Kolkata Knight Riders,Kolkata Knight Riders,1,true,Chennai Super Kings,bat,Chennai Super Kings,true,148,3,102,88,13,6,33,6,0,1,43,1,36,19,30,6,1,83,2,54,13,48,6,4,22,0,12,1,10,1,1,114,9,102,39,36,4,20,26,52,54,3,23,18,23,12,2,4,18
733971,2014,2014-05-02,JSCA International Stadium Complex,Ranchi,Kolkata Knight Riders,Kolkata Knight Riders,Chennai Super Kings,Chennai Super Kings,2,false,Chennai Super Kings,bat,Chennai Super Kings,false,114,9,102,62,8,5,47,4,0,1,39,4,36,20,26,5,1,52,3,54,23,18,3,1,23,2,12,4,18,0,3,148,3,102,43,36,1,19,30,83,54,2,13,48,22,12,0,1,10
733973,2014,2014-05-03,Wankhede Stadium,Mumbai,Kings XI Punjab,Punjab Kings,Mumbai Indians,Mumbai Indians,1,true,Punjab Kings,bat,Mumbai Indians,false,168,5,120,100,16,6,45,13,5,1,36,2,36,22,24,6,0,90,1,54,15,60,9,4,42,2,30,8,16,1,2,170,5,115,49,36,2,20,38,69,54,1,22,42,52,25,2,5,34
733973,2014,2014-05-03,Wankhede Stadium,Mumbai,Mumbai Indians,Mumbai Indians,Kings XI Punjab,Punjab Kings,2,false,Punjab Kings,bat,Mumbai Indians,true,170,5,115,114,15,9,47,6,3,0,49,2,36,20,38,5,3,69,1,54,22,42,6,3,52,2,25,5,34,4,3,168,5,120,36,36,2,22,24,90,54,1,15,60,42,30,2,8,16
733975,2014,2014-05-03,Feroz Shah Kotla,Delhi,Delhi Daredevils,Delhi Capitals,Rajasthan Royals,Rajasthan Royals,1,true,Rajasthan Royals,field,Rajasthan Royals,false,152,5,120,80,14,4,37,4,1,0,46,1,36,14,26,5,1,48,2,54,17,12,3,0,58,2,30,6,42,6,3,156,3,111,38,36,1,17,22,77,54,2,16,38,41,21,0,7,30
733975,2014,2014-05-03,Feroz Shah Kotla,Delhi,Rajasthan Royals,Rajasthan Royals,Delhi Daredevils,Delhi Capitals,2,false,Rajasthan Royals,field,Rajasthan Royals,true,156,3,111,90,12,7,40,4,3,0,38,1,36,17,22,4,1,77,2,54,16,38,5,3,41,0,21,7,30,3,3,152,5,120,46,36,1,14,26,48,54,2,17,12,58,30,2,6,42
733977,2014,2014-05-04,M Chinnaswamy Stadium,Bengaluru,Sunrisers Hyderabad,Sunrisers Hyderabad,Royal Challengers Bangalore,Royal Challengers Bengaluru,1,true,Royal Challengers Bengaluru,field,Royal Challengers Bengaluru,false,155,6,120,84,12,6,46,10,6,1,47,2,36,16,26,5,1,59,1,54,20,26,5,1,49,3,30,10,32,2,4,158,6,119,36,36,2,25,28,61,54,3,25,32,61,29,1,8,50
733977,2014,2014-05-04,M Chinnaswamy Stadium,Bengaluru,Royal Challengers Bangalore,Royal Challengers Bengaluru,Sunrisers Hyderabad,Sunrisers Hyderabad,2,false,Royal Challengers Bengaluru,field,Royal Challengers Bengaluru,true,158,6,119,110,11,11,58,5,4,0,36,2,36,25,28,4,2,61,3,54,25,32,2,4,61,1,29,8,50,5,5,155,6,120,47,36,2,16,26,59,54,1,20,26,49,30,3,10,32
733979,2014,2014-05-05,Narendra Modi Stadium,Ahmedabad,Rajasthan Royals,Rajasthan Royals,Kolkata Knight Riders,Kolkata Knight Riders,1,true,Kolkata Knight Riders,field,Rajasthan Royals,true,170,6,120,84,12,6,37,7,3,1,50,0,36,15,30,6,1,66,2,54,14,22,4,1,54,4,30,8,32,2,4,160,6,120,50,36,0,15,32,72,54,3,13,36,38,30,3,7,10
733979,2014,2014-05-05,Narendra Modi Stadium,Ahmedabad,Kolkata Knight Riders,Kolkata Knight Riders,Rajasthan Royals,Rajasthan Royals,2,false,Kolkata Knight Riders,field,Rajasthan Royals,false,160,6,120,78,12,5,35,10,3,2,50,0,36,15,32,8,0,72,3,54,13,36,3,4,38,3,30,7,10,1,1,170,6,120,50,36,0,15,30,66,54,2,14,22,54,30,4,8,32
733981,2014,2014-05-05,Feroz Shah Kotla,Delhi,Delhi Daredevils,Delhi Capitals,Chennai Super Kings,Chennai Super Kings,1,true,Chennai Super Kings,field,Chennai Super Kings,false,178,5,120,112,16,8,45,11,5,0,46,2,36,22,32,5,2,76,3,54,16,40,4,4,56,0,30,7,40,7,2,181,2,118,49,36,0,20,38,78,54,1,21,48,54,28,1,6,38
733981,2014,2014-05-05,Feroz Shah Kotla,Delhi,Chennai Super Kings,Chennai Super Kings,Delhi Daredevils,Delhi Capitals,2,false,Chennai Super Kings,field,Chennai Super Kings,true,181,2,118,124,16,10,47,11,2,0,49,0,36,20,38,5,3,78,1,54,21,48,6,4,54,1,28,6,38,5,3,178,5,120,46,36,2,22,32,76,54,3,16,40,56,30,0,7,40
733983,2014,2014-05-06,Wankhede Stadium,Mumbai,Mumbai Indians,Mumbai Indians,Royal Challengers Bangalore,Royal Challengers Bengaluru,1,true,Royal Challengers Bengaluru,field,Mumbai Indians,true,187,5,120,104,14,8,41,25,12,1,50,1,36,16,28,4,2,69,3,54,19,28,4,2,68,1,30,6,48,6,4,168,8,120,64,36,1,16,50,61,54,3,20,28,43,30,4,12,30
733983,2014,2014-05-06,Wankhede Stadium,Mumbai,Royal Challengers Bangalore,Royal Challengers Bengaluru,Mumbai Indians,Mumbai Indians,2,false,Royal Challengers Bengaluru,field,Mumbai Indians,false,168,8,120,108,15,8,48,10,4,0,64,1,36,16,50,8,3,61,3,54,20,28,4,2,43,4,30,12,30,3,3,187,5,120,50,36,1,16,28,69,54,3,19,28,68,30,1,6,48
733985,2014,2014-05-07,Feroz Shah Kotla,Delhi,Delhi Daredevils,Delhi Capitals,Kolkata Knight Riders,Kolkata Knight Riders,1,true,Delhi Capitals,bat,Kolkata Knight Riders,false,160,5,120,88,13,6,40,8,2,0,29,2,36,20,16,4,0,74,2,54,14,36,6,2,57,1,30,6,36,3,4,161,2,110,52,36,0,11,22,76,54,1,8,30,33,20,1,6,22
733985,2014,2014-05-07,Feroz Shah Kotla,Delhi,Kolkata Knight Riders,Kolkata Knight Riders,Delhi Daredevils,Delhi Capitals,2,false,Delhi Capitals,bat,Kolkata Knight Riders,true,161,2,110,74,14,3,25,12,1,0,52,0,36,11,22,4,1,76,1,54,8,30,6,1,33,1,20,6,22,4,1,160,5,120,29,36,2,20,16,74,54,2,14,36,57,30,1,6,36
733987,2014,2014-05-07,Barabati Stadium,Cuttack,Kings XI Punjab,Punjab Kings,Chennai Super Kings,Chennai Super Kings,1,true,Chennai Super Kings,field,Punjab Kings,true,231,4,120,174,24,13,36,10,5,0,38,2,36,21,26,5,1,115,0,54,9,82,10,7,78,2,30,6,66,9,5,187,6,120,46,36,1,16,26,73,54,3,10,28,68,30,2,4,46
733987,2014,2014-05-07,Barabati Stadium,Cuttack,Chennai Super Kings,Chennai Super Kings,Kings XI Punjab,Punjab Kings,2,false,Chennai Super Kings,field,Punjab Kings,false,187,6,120,100,19,4,30,4,3,0,46,1,36,16,26,5,1,73,3,54,10,28,7,0,68,2,30,4,46,7,3,231,4,120,38,36,2,21,26,115,54,0,9,82,78,30,2,6,66
733989,2014,2014-05-08,Narendra Modi Stadium,Ahmedabad,Sunrisers Hyderabad,Sunrisers Hyderabad,Rajasthan Royals,Rajasthan Royals,1,true,Rajasthan Royals,field,Sunrisers Hyderabad,true,134,9,120,60,15,0,43,12,2,0,50,1,36,14,36,9,0,52,4,54,15,12,3,0,32,4,30,14,12,3,0,102,10,119,37,36,3,21,22,44,54,2,22,4,21,29,5,13,4
733989,2014,2014-05-08,Narendra Modi Stadium,Ahmedabad,Rajasthan Royals,Rajasthan Royals,Sunrisers Hyderabad,Sunrisers Hyderabad,2,false,Rajasthan Royals,field,Sunrisers Hyderabad,false,102,10,119,30,6,1,56,10,5,0,37,3,36,21,22,4,1,44,2,54,22,4,1,0,21,5,29,13,4,1,0,134,9,120,50,36,1,14,36,52,54,4,15,12,32,30,4,14,12
733991,2014,2014-05-09,M Chinnaswamy Stadium,Bengaluru,Kings XI Punjab,Punjab Kings,Royal Challengers Bangalore,Royal Challengers Bengaluru,1,true,Royal Challengers Bengaluru,field,Punjab Kings,true,198,8,120,118,19,7,40,15,11,2,64,1,36,12,32,8,0,76,3,54,19,46,7,3,58,4,30,9,40,4,4,166,9,120,34,36,3,26,30,75,54,3,19,42,57,30,3,7,34
733991,2014,2014-05-09,M Chinnaswamy Stadium,Bengaluru,Royal Challengers Bangalore,Royal Challengers Bengaluru,Kings XI Punjab,Punjab Kings,2,false,Royal Challengers Bengaluru,field,Punjab Kings,false,166,9,120,106,13,9,52,6,4,1,34,3,36,26,30,6,1,75,3,54,19,42,3,5,57,3,30,7,34,4,3,198,8,120,64,36,1,12,32,76,54,3,19,46,58,30,4,9,40
733993,2014,2014-05-10,Feroz Shah Kotla,Delhi,Delhi Daredevils,Delhi Capitals,Sunrisers Hyderabad,Sunrisers Hyderabad,1,true,Sunrisers Hyderabad,field,Sunrisers Hyderabad,false,143,7,120,70,10,5,43,5,1,0,52,1,36,16,36,6,2,69,2,54,14,30,3,3,22,4,30,13,4,1,0,44,2,26,44,26,2,8,20,0,0,0,0,0,0,0,0,0,0
733993,2014,2014-05-10,Feroz Shah Kotla,Delhi,Sunrisers Hyderabad,Sunrisers Hyderabad,Delhi Daredevils,Delhi Capitals,2,false,Sunrisers Hyderabad,field,Sunrisers Hyderabad,true,44,2,26,20,2,2,8,11,4,1,44,2,26,8,20,2,2,0,0,0,0,0,0,0,0,0,0,0,0,0,0,143,7,120,52,36,1,16,36,69,54,2,14,30,22,30,4,13,4
733995,2014,2014-05-10,Wankhede Stadium,Mumbai,Mumbai Indians,Mumbai Indians,Chennai Super Kings,Chennai Super Kings,1,true,Chennai Super Kings,field,Chennai Super Kings,false,157,6,120,88,10,8,48,5,5,0,42,1,36,23,34,4,3,57,1,54,19,22,4,1,58,4,30,6,32,2,4,160,6,117,38,36,1,18,22,74,54,1,19,42,48,27,4,5,24
733995,2014,2014-05-10,Wankhede Stadium,Mumbai,Chennai Super Kings,Chennai Super Kings,Mumbai Indians,Mumbai Indians,2,false,Chennai Super Kings,field,Chennai Super Kings,true,160,6,117,88,13,6,42,11,5,0,38,1,36,18,22,4,1,74,1,54,19,42,6,3,48,4,27,5,24,3,2,157,6,120,42,36,1,23,34,57,54,1,19,22,58,30,4,6,32
733997,2014,2014-05-11,Barabati Stadium,Cuttack,Kings XI Punjab,Punjab Kings,Kolkata Knight Riders,Kolkata Knight Riders,1,true,Kolkata Knight Riders,field,Kolkata Knight Riders,false,149,8,120,80,17,2,42,4,2,0,49,2,36,17,36,9,0,67,2,54,14,30,6,1,33,4,30,11,14,2,1,150,1,108,55,36,0,17,42,68,54,1,15,28,27,18,0,2,8
733997,2014,2014-05-11,Barabati Stadium,Cuttack,Kolkata Knight Riders,Kolkata Knight Riders,Kings XI Punjab,Punjab Kings,2,false,Kolkata Knight Riders,field,Kolkata Knight Riders,true,150,1,108,78,18,1,34,5,3,0,55,0,36,17,42,9,1,68,1,54,15,28,7,0,27,0,18,2,8,2,0,149,8,120,49,36,2,17,36,67,54,2,14,30,33,30,4,11,14
733999,2014,2014-05-11,M Chinnaswamy Stadium,Bengaluru,Royal Challengers Bangalore,Royal Challengers Bengaluru,Rajasthan Royals,Rajasthan Royals,1,true,Royal Challengers Bengaluru,bat,Rajasthan Royals,false,190,5,120,132,15,12,46,7,5,0,31,1,36,23,24,6,0,75,2,54,16,42,6,3,84,2,30,7,66,3,9,191,5,113,45,36,0,15,28,77,54,5,17,46,69,23,0,3,50
733999,2014,2014-05-11,M Chinnaswamy Stadium,Bengaluru,Rajasthan Royals,Rajasthan Royals,Royal Challengers Bangalore,Royal Challengers Bengaluru,2,false,Royal Challengers Bengaluru,bat,Rajasthan Royals,true,191,5,113,124,19,8,35,7,5,1,45,0,36,15,28,7,0,77,5,54,17,46,7,3,69,0,23,3,50,5,5,190,5,120,31,36,1,23,24,75,54,2,16,42,84,30,2,7,66
734001,2014,2014-05-12,"Rajiv Gandhi International Stadium, Uppal",Hyderabad,Sunrisers Hyderabad,Sunrisers Hyderabad,Mumbai Indians,Mumbai Indians,1,true,Sunrisers Hyderabad,bat,Mumbai Indians,false,157,3,120,94,16,5,49,6,5,0,43,1,36,20,30,6,1,60,1,54,24,34,7,1,54,1,30,5,30,3,3,160,3,112,38,36,1,19,20,87,54,0,15,56,35,22,2,7,20
734001,2014,2014-05-12,"Rajiv Gandhi International Stadium, Uppal",Hyderabad,Mumbai Indians,Mumbai Indians,Sunrisers Hyderabad,Sunrisers Hyderabad,2,false,Sunrisers Hyderabad,bat,Mumbai Indians,true,160,3,112,96,15,6,41,3,3,0,38,1,36,19,20,2,2,87,0,54,15,56,8,4,35,2,22,7,20,5,0,157,3,120,43,36,1,20,30,60,54,1,24,34,54,30,1,5,30
734003,2014,2014-05-13,JSCA International Stadium Complex,Ranchi,Rajasthan Royals,Rajasthan Royals,Chennai Super Kings,Chennai Super Kings,1,true,Rajasthan Royals,bat,Chennai Super Kings,false,148,8,120,82,10,7,53,12,8,0,42,0,36,22,28,4,2,72,4,54,21,40,4,4,34,4,30,10,14,2,1,149,5,118,48,36,2,18,34,58,54,2,14,16,43,28,1,5,16
734003,2014,2014-05-13,JSCA International Stadium Complex,Ranchi,Chennai Super Kings,Chennai Super Kings,Rajasthan Royals,Rajasthan Royals,2,false,Rajasthan Royals,bat,Chennai Super Kings,true,149,5,118,66,9,5,37,8,5,0,48,2,36,18,34,4,3,58,2,54,14,16,4,0,43,1,28,5,16,1,2,148,8,120,42,36,0,22,28,72,54,4,21,40,34,30,4,10,14
734005,2014,2014-05-13,M Chinnaswamy Stadium,Bengaluru,Royal Challengers Bangalore,Royal Challengers Bengaluru,Delhi Daredevils,Delhi Capitals,1,true,Delhi Capitals,field,Royal Challengers Bengaluru,true,186,4,120,116,11,12,45,9,3,2,34,1,36,22,24,3,2,74,3,54,15,34,7,1,78,0,30,8,58,1,9,170,7,120,46,36,2,12,22,73,54,3,16,38,51,30,2,9,32
734005,2014,2014-05-13,M Chinnaswamy Stadium,Bengaluru,Delhi Daredevils,Delhi Capitals,Royal Challengers Bangalore,Royal Challengers Bengaluru,2,false,Delhi Capitals,field,Royal Challengers Bengaluru,false,170,7,120,92,11,8,37,10,2,2,46,2,36,12,22,4,1,73,3,54,16,38,2,5,51,2,30,9,32,5,2,186,4,120,34,36,1,22,24,74,54,3,15,34,78,30,0,8,58
734007,2014,2014-05-14,"Rajiv Gandhi International Stadium, Uppal",Hyderabad,Sunrisers Hyderabad,Sunrisers Hyderabad,Kings XI Punjab,Punjab Kings,1,true,Punjab Kings,field,Punjab Kings,false,205,5,120,128,14,12,41,15,11,3,55,0,36,15,34,7,1,72,2,54,21,36,0,6,78,3,30,5,58,7,5,211,4,112,86,36,1,8,70,83,54,3,19,52,42,22,0,4,26
734007,2014,2014-05-14,"Rajiv Gandhi International Stadium, Uppal",Hyderabad,Kings XI Punjab,Punjab Kings,Sunrisers Hyderabad,Sunrisers Hyderabad,2,false,Punjab Kings,field,Punjab Kings,true,211,4,112,148,19,12,31,4,0,1,86,1,36,8,70,13,3,83,3,54,19,52,4,6,42,0,22,4,26,2,3,205,5,120,55,36,0,15,34,72,54,2,21,36,78,30,3,5,58
734009,2014,2014-05-14,Barabati Stadium,Cuttack,Mumbai Indians,Mumbai Indians,Kolkata Knight Riders,Kolkata Knight Riders,1,true,Kolkata Knight Riders,field,Kolkata Knight Riders,false,141,5,120,68,11,4,51,7,5,1,37,2,36,22,18,3,1,62,1,54,21,30,6,1,42,2,30,8,20,2,2,142,4,112,45,36,0,17,30,55,54,2,18,16,42,22,2,5,28
734009,2014,2014-05-14,Barabati Stadium,Cuttack,Kolkata Knight Riders,Kolkata Knight Riders,Mumbai Indians,Mumbai Indians,2,false,Kolkata Knight Riders,field,Kolkata Knight Riders,true,142,4,112,74,14,3,40,5,4,0,45,0,36,17,30,6,1,55,2,54,18,16,4,0,42,2,22,5,28,4,2,141,5,120,37,36,2,22,18,62,54,1,21,30,42,30,2,8,20
734011,2014,2014-05-15,Narendra Modi Stadium,Ahmedabad,Rajasthan Royals,Rajasthan Royals,Delhi Daredevils,Delhi Capitals,1,true,Delhi Capitals,field,Rajasthan Royals,true,201,6,120,124,13,12,34,15,4,1,52,1,36,14,32,5,2,89,1,54,11,50,5,5,60,4,30,9,42,3,5,139,9,120,34,36,2,16,16,59,54,6,19,24,46,30,1,8,26
734011,2014,2014-05-15,Narendra Modi Stadium,Ahmedabad,Delhi Daredevils,Delhi Capitals,Rajasthan Royals,Rajasthan Royals,2,false,Delhi Capitals,field,Rajasthan Royals,false,139,9,120,66,12,3,43,9,6,0,34,2,36,16,16,4,0,59,6,54,19,24,3,2,46,1,30,8,26,5,1,201,6,120,52,36,1,14,32,89,54,1,11,50,60,30,4,9,42
734013,2014,2014-05-18,JSCA International Stadium Complex,Ranchi,Chennai Super Kings,Chennai Super Kings,Royal Challengers Bangalore,Royal Challengers Bengaluru,1,true,Chennai Super Kings,bat,Royal Challengers Bengaluru,false,138,4,120,64,10,4,43,6,3,0,39,2,36,19,28,4,2,68,1,54,17,32,5,2,31,1,30,7,4,1,0,142,5,119,17,36,1,25,8,69,54,1,20,34,56,29,3,10,38
734013,2014,2014-05-18,JSCA International Stadium Complex,Ranchi,Royal Challengers Bangalore,Royal Challengers Bengaluru,Chennai Super Kings,Chennai Super Kings,2,false,Chennai Super Kings,bat,Royal Challengers Bengaluru,true,142,5,119,80,8,8,55,13,4,0,17,1,36,25,8,2,0,69,1,54,20,34,4,3,56,3,29,10,38,2,5,138,4,120,39,36,2,19,28,68,54,1,17,32,31,30,1,7,4
734015,2014,2014-05-18,"Rajiv Gandhi International Stadium, Uppal",Hyderabad,Sunrisers Hyderabad,Sunrisers Hyderabad,Kolkata Knight Riders,Kolkata Knight Riders,1,true,Sunrisers Hyderabad,bat,Kolkata Knight Riders,false,142,8,120,76,13,4,52,10,8,0,41,2,36,19,24,6,0,68,3,54,22,44,5,4,33,3,30,11,8,2,0,146,3,118,30,36,1,21,18,73,54,1,17,44,43,28,1,3,20
734015,2014,2014-05-18,"Rajiv Gandhi International Stadium, Uppal",Hyderabad,Kolkata Knight Riders,Kolkata Knight Riders,Sunrisers Hyderabad,Sunrisers Hyderabad,2,false,Sunrisers Hyderabad,bat,Kolkata Knight Riders,true,146,3,118,82,13,5,41,1,0,0,30,1,36,21,18,3,1,73,1,54,17,44,8,2,43,1,28,3,20,2,2,142,8,120,41,36,2,19,24,68,54,3,22,44,33,30,3,11,8
734017,2014,2014-05-19,Narendra Modi Stadium,Ahmedabad,Mumbai Indians,Mumbai Indians,Rajasthan Royals,Rajasthan Royals,1,true,Mumbai Indians,bat,Mumbai Indians,true,178,3,120,102,12,9,38,6,2,1,42,0,36,17,24,6,0,80,2,54,11,36,3,4,56,1,30,10,42,3,5,153,8,120,47,36,3,18,28,49,54,4,28,16,57,30,1,4,32
734017,2014,2014-05-19,Narendra Modi Stadium,Ahmedabad,Rajasthan Royals,Rajasthan Royals,Mumbai Indians,Mumbai Indians,2,false,Mumbai Indians,bat,Mumbai Indians,false,153,8,120,76,7,8,50,8,7,0,47,3,36,18,28,4,2,49,4,54,28,16,1,2,57,1,30,4,32,2,4,178,3,120,42,36,0,17,24,80,54,2,11,36,56,30,1,10,42
734019,2014,2014-05-19,Feroz Shah Kotla,Delhi,Delhi Daredevils,Delhi Capitals,Kings XI Punjab,Punjab Kings,1,true,Punjab Kings,field,Punjab Kings,false,164,7,120,94,16,5,43,5,4,0,55,1,36,15,36,6,2,66,1,54,18,34,7,1,43,5,30,10,24,3,2,165,6,118,66,36,0,15,42,61,54,5,22,24,38,28,1,10,22
734019,2014,2014-05-19,Feroz Shah Kotla,Delhi,Kings XI Punjab,Punjab Kings,Delhi Daredevils,Delhi Capitals,2,false,Punjab Kings,field,Punjab Kings,true,165,6,118,88,13,6,47,15,11,0,66,0,36,15,42,6,3,61,5,54,22,24,3,2,38,1,28,10,22,4,1,164,7,120,55,36,1,15,36,66,54,1,18,34,43,30,5,10,24
734021,2014,2014-05-20,"Rajiv Gandhi International Stadium, Uppal",Hyderabad,Royal Challengers Bangalore,Royal Challengers Bengaluru,Sunrisers Hyderabad,Sunrisers Hyderabad,1,true,Royal Challengers Bengaluru,bat,Sunrisers Hyderabad,false,160,6,120,88,13,6,43,7,4,0,25,2,36,20,8,2,0,80,1,54,16,46,7,3,55,3,30,7,34,4,3,161,3,118,51,36,0,17,38,65,54,1,20,32,45,28,2,6,22
734021,2014,2014-05-20,"Rajiv Gandhi International Stadium, Uppal",Hyderabad,Sunrisers Hyderabad,Sunrisers Hyderabad,Royal Challengers Bangalore,Royal Challengers Bengaluru,2,false,Royal Challengers Bengaluru,bat,Sunrisers Hyderabad,true,161,3,118,92,11,8,43,7,3,0,51,0,36,17,38,8,1,65,1,54,20,32,2,4,45,2,28,6,22,1,3,160,6,120,25,36,2,20,8,80,54,1,16,46,55,30,3,7,34
734023,2014,2014-05-20,Eden Gardens,Kolkata,Chennai Super Kings,Chennai Super Kings,Kolkata Knight Riders,Kolkata Knight Riders,1,true,Kolkata Knight Riders,field,Kolkata Knight Riders,false,154,4,120,86,8,9,44,3,2,1,35,1,36,26,30,3,3,71,1,54,10,30,3,3,48,2,30,8,26,2,3,156,2,108,52,36,0,15,36,67,54,2,16,32,37,18,0,1,26
734023,2014,2014-05-20,Eden Gardens,Kolkata,Kolkata Knight Riders,Kolkata Knight Riders,Chennai Super Kings,Chennai Super Kings,2,false,Kolkata Knight Riders,field,Kolkata Knight Riders,true,156,2,108,94,19,3,32,4,1,0,52,0,36,15,36,9,0,67,2,54,16,32,5,2,37,0,18,1,26,5,1,154,4,120,35,36,1,26,30,71,54,1,10,30,48,30,2,8,26
734025,2014,2014-05-21,"Punjab Cricket Association IS Bindra Stadium, Mohali",Chandigarh,Kings XI Punjab,Punjab Kings,Mumbai Indians,Mumbai Indians,1,true,Mumbai Indians,field,Mumbai Indians,false,156,8,120,90,12,7,54,8,3,0,48,1,36,22,40,4,4,59,4,54,23,18,3,1,49,3,30,9,32,5,2,159,3,114,62,36,0,13,40,71,54,2,17,32,26,24,1,8,10
734025,2014,2014-05-21,"Punjab Cricket Association IS Bindra Stadium, Mohali",Chandigarh,Mumbai Indians,Mumbai Indians,Kings XI Punjab,Punjab Kings,2,false,Mumbai Indians,field,Mumbai Indians,true,159,3,114,82,16,3,38,10,10,0,62,0,36,13,40,10,0,71,2,54,17,32,5,2,26,1,24,8,10,1,1,156,8,120,48,36,1,22,40,59,54,4,23,18,49,30,3,9,32
734027,2014,2014-05-22,Eden Gardens,Kolkata,Kolkata Knight Riders,Kolkata Knight Riders,Royal Challengers Bangalore,Royal Challengers Bengaluru,1,true,Royal Challengers Bengaluru,field,Kolkata Knight Riders,true,195,4,120,122,20,7,39,7,4,1,45,2,36,17,26,5,1,96,1,54,15,62,8,5,54,1,30,7,34,7,1,165,5,120,36,36,1,19,24,70,54,2,12,28,59,30,2,6,28
734027,2014,2014-05-22,Eden Gardens,Kolkata,Royal Challengers Bangalore,Royal Challengers Bengaluru,Kolkata Knight Riders,Kolkata Knight Riders,2,false,Royal Challengers Bengaluru,field,Kolkata Knight Riders,false,165,5,120,80,14,4,37,10,1,1,36,1,36,19,24,6,0,70,2,54,12,28,4,2,59,2,30,6,28,4,2,195,4,120,45,36,2,17,26,96,54,1,15,62,54,30,1,7,34
734029,2014,2014-05-22,JSCA International Stadium Complex,Ranchi,Chennai Super Kings,Chennai Super Kings,Sunrisers Hyderabad,Sunrisers Hyderabad,1,true,Sunrisers Hyderabad,field,Sunrisers Hyderabad,false,185,3,120,120,15,10,41,8,1,0,60,1,36,15,50,8,3,57,2,54,20,24,3,2,68,0,30,6,46,4,5,189,4,118,64,36,0,13,50,84,54,1,10,36,41,28,3,10,24
734029,2014,2014-05-22,JSCA International Stadium Complex,Ranchi,Sunrisers Hyderabad,Sunrisers Hyderabad,Chennai Super Kings,Chennai Super Kings,2,false,Sunrisers Hyderabad,field,Sunrisers Hyderabad,true,189,4,118,110,17,7,33,5,3,1,64,0,36,13,50,11,1,84,1,54,10,36,3,4,41,3,28,10,24,3,2,185,3,120,60,36,1,15,50,57,54,2,20,24,68,30,0,6,46
734031,2014,2014-05-23,Wankhede Stadium,Mumbai,Mumbai Indians,Mumbai Indians,Delhi Daredevils,Delhi Capitals,1,true,Delhi Capitals,field,Mumbai Indians,true,173,10,117,98,20,3,31,9,3,0,65,0,36,8,42,9,1,84,4,54,13,48,9,2,24,6,27,10,8,2,0,158,4,120,47,36,1,15,30,58,54,2,22,28,53,30,1,4,30
734031,2014,2014-05-23,Wankhede Stadium,Mumbai,Delhi Daredevils,Delhi Capitals,Mumbai Indians,Mumbai Indians,2,false,Delhi Capitals,field,Mumbai Indians,false,158,4,120,88,13,6,41,6,2,1,47,1,36,15,30,6,1,58,2,54,22,28,4,2,53,1,30,4,30,3,3,173,10,117,65,36,0,8,42,84,54,4,13,48,24,27,6,10,8
734033,2014,2014-05-23,"Punjab Cricket Association IS Bindra Stadium, Mohali",Chandigarh,Kings XI Punjab,Punjab Kings,Rajasthan Royals,Rajasthan Royals,1,true,Rajasthan Royals,field,Punjab Kings,true,179,4,120,100,16,6,38,14,3,1,53,1,36,20,44,8,2,67,3,54,17,34,7,1,59,0,30,1,22,1,3,163,8,120,44,36,1,16,24,48,54,4,20,6,71,30,3,7,54
734033,2014,2014-05-23,"Punjab Cricket Association IS Bindra Stadium, Mohali",Chandigarh,Rajasthan Royals,Rajasthan Royals,Kings XI Punjab,Punjab Kings,2,false,Rajasthan Royals,field,Punjab Kings,false,163,8,120,84,9,8,43,7,3,0,44,1,36,16,24,6,0,48,4,54,20,6,0,1,71,3,30,7,54,3,7,179,4,120,53,36,1,20,44,67,54,3,17,34,59,30,0,1,22
734035,2014,2014-05-24,M Chinnaswamy Stadium,Bengaluru,Royal Challengers Bangalore,Royal Challengers Bengaluru,Chennai Super Kings,Chennai Super Kings,1,true,Chennai Super Kings,field,Chennai Super Kings,false,154,6,120,76,10,6,43,6,4,0,34,3,36,21,22,4,1,67,1,54,17,26,2,3,53,2,30,5,28,4,2,160,2,106,64,36,1,12,46,47,54,1,18,12,49,16,0,0,36
734035,2014,2014-05-24,M Chinnaswamy Stadium,Bengaluru,Chennai Super Kings,Chennai Super Kings,Royal Challengers Bangalore,Royal Challengers Bengaluru,2,false,Chennai Super Kings,field,Chennai Super Kings,true,160,2,106,94,13,7,30,5,1,0,64,1,36,12,46,7,3,47,1,54,18,12,3,0,49,0,16,0,36,3,4,154,6,120,34,36,3,21,22,67,54,1,17,26,53,30,2,5,28
734037,2014,2014-05-24,Eden Gardens,Kolkata,Sunrisers Hyderabad,Sunrisers Hyderabad,Kolkata Knight Riders,Kolkata Knight Riders,1,true,Kolkata Knight Riders,field,Kolkata Knight Riders,false,160,7,120,106,19,5,59,21,8,0,49,1,36,23,32,8,0,72,3,54,25,50,8,3,39,3,30,11,24,3,2,161,6,86,49,36,1,20,34,112,50,5,13,88,0,0,0,0,0
734037,2014,2014-05-24,Eden Gardens,Kolkata,Kolkata Knight Riders,Kolkata Knight Riders,Sunrisers Hyderabad,Sunrisers Hyderabad,2,false,Kolkata Knight Riders,field,Kolkata Knight Riders,true,161,6,86,122,14,11,33,5,2,2,49,1,36,20,34,7,1,112,5,50,13,88,7,10,0,0,0,0,0,0,0,160,7,120,49,36,1,23,32,72,54,3,25,50,39,30,3,11,24
734039,2014,2014-05-25,"Punjab Cricket Association IS Bindra Stadium, Mohali",Chandigarh,Delhi Daredevils,Delhi Capitals,Kings XI Punjab,Punjab Kings,1,true,Punjab Kings,field,Punjab Kings,false,115,10,109,60,15,0,51,7,6,0,44,3,36,18,32,8,0,59,3,54,21,24,6,0,12,4,19,12,4,1,0,119,3,83,48,36,2,20,32,71,47,1,15,32,0,0,0,0,0
734039,2014,2014-05-25,"Punjab Cricket Association IS Bindra Stadium, Mohali",Chandigarh,Kings XI Punjab,Punjab Kings,Delhi Daredevils,Delhi Capitals,2,false,Punjab Kings,field,Punjab Kings,true,119,3,83,64,10,4,35,15,10,0,48,2,36,20,32,5,2,71,1,47,15,32,5,2,0,0,0,0,0,0,0,115,10,109,44,36,3,18,32,59,54,3,21,24,12,19,4,12,4
734041,2014,2014-05-25,Wankhede Stadium,Mumbai,Rajasthan Royals,Rajasthan Royals,Mumbai Indians,Mumbai Indians,1,true,Mumbai Indians,field,Mumbai Indians,false,189,4,120,122,17,9,40,5,3,0,35,1,36,22,26,5,1,99,1,54,11,64,10,4,55,2,30,7,32,2,4,195,5,88,71,36,3,14,56,124,52,2,8,92,0,0,0,0,0
734041,2014,2014-05-25,Wankhede Stadium,Mumbai,Mumbai Indians,Mumbai Indians,Rajasthan Royals,Rajasthan Royals,2,false,Mumbai Indians,field,Mumbai Indians,true,195,5,88,148,19,12,22,7,4,0,71,3,36,14,56,5,6,124,2,52,8,92,14,6,0,0,0,0,0,0,0,189,4,120,35,36,1,22,26,99,54,1,11,64,55,30,2,7,32
734043,2014,2014-05-27,Eden Gardens,Kolkata,Kolkata Knight Riders,Kolkata Knight Riders,Kings XI Punjab,Punjab Kings,1,true,Punjab Kings,field,Kolkata Knight Riders,true,163,8,120,104,17,6,45,7,3,0,55,1,36,10,36,6,2,57,4,54,24,30,6,1,51,3,30,11,38,5,3,135,8,120,46,36,2,18,28,46,54,4,22,14,43,30,2,12,28
734043,2014,2014-05-27,Eden Gardens,Kolkata,Kings XI Punjab,Punjab Kings,Kolkata Knight Riders,Kolkata Knight Riders,2,false,Punjab Kings,field,Kolkata Knight Riders,false,135,8,120,70,4,9,52,5,2,0,46,2,36,18,28,1,4,46,4,54,22,14,2,1,43,2,30,12,28,1,4,163,8,120,55,36,1,10,36,57,54,4,24,30,51,30,3,11,38
734045,2014,2014-05-28,Brabourne Stadium,Mumbai,Mumbai Indians,Mumbai Indians,Chennai Super Kings,Chennai Super Kings,1,true,Chennai Super Kings,field,Chennai Super Kings,false,173,8,120,110,14,9,41,2,0,0,53,0,36,12,38,8,1,74,2,54,21,42,3,5,46,6,30,8,30,3,3,176,3,112,60,36,0,9,42,72,54,3,20,36,44,22,0,6,30
734045,2014,2014-05-28,Brabourne Stadium,Mumbai,Chennai Super Kings,Chennai Super Kings,Mumbai Indians,Mumbai Indians,2,false,Chennai Super Kings,field,Chennai Super Kings,true,176,3,112,108,15,8,35,9,5,1,60,0,36,9,42,9,1,72,3,54,20,36,3,4,44,0,22,6,30,3,3,173,8,120,53,36,0,12,38,74,54,2,21,42,46,30,6,8,30
734047,2014,2014-05-30,Wankhede Stadium,Mumbai,Kings XI Punjab,Punjab Kings,Chennai Super Kings,Chennai Super Kings,1,true,Chennai Super Kings,field,Punjab Kings,true,226,6,120,154,19,13,33,11,8,1,70,0,36,12,50,8,3,97,2,54,14,60,6,6,59,4,30,7,44,5,4,202,7,120,100,36,2,8,84,55,54,4,15,14,47,30,1,14,30
734047,2014,2014-05-30,Wankhede Stadium,Mumbai,Chennai Super Kings,Chennai Super Kings,Kings XI Punjab,Punjab Kings,2,false,Chennai Super Kings,field,Punjab Kings,false,202,7,120,128,17,10,37,16,6,2,100,2,36,8,84,12,6,55,4,54,15,14,2,1,47,1,30,14,30,3,3,226,6,120,70,36,0,12,50,97,54,2,14,60,59,30,4,7,44
734049,2014,2014-06-01,M Chinnaswamy Stadium,Bengaluru,Kings XI Punjab,Punjab Kings,Kolkata Knight Riders,Kolkata Knight Riders,1,true,Kolkata Knight Riders,field,Kolkata Knight Riders,false,199,4,120,128,17,10,40,8,3,1,32,2,36,20,12,3,0,99,0,54,13,66,6,7,68,2,30,7,50,8,3,200,7,117,59,36,1,8,28,92,54,2,20,64,49,27,4,8,34
734049,2014,2014-06-01,M Chinnaswamy Stadium,Bengaluru,Kolkata Knight Riders,Kolkata Knight Riders,Kings XI Punjab,Punjab Kings,2,false,Kolkata Knight Riders,field,Kolkata Knight Riders,true,200,7,117,126,15,11,36,6,6,0,59,1,36,8,28,7,0,92,2,54,20,64,4,8,49,4,27,8,34,4,3,199,4,120,32,36,2,20,12,99,54,0,13,66,68,30,2,7,50
829705,2015,2015-04-08,Eden Gardens,Kolkata,Mumbai Indians,Mumbai Indians,Kolkata Knight Riders,Kolkata Knight Riders,1,true,Kolkata Knight Riders,field,Kolkata Knight Riders,false,168,3,120,114,18,7,47,3,2,0,37,3,36,20,26,5,1,64,0,54,21,38,8,1,67,0,30,6,50,5,5,170,3,111,38,36,1,19,24,91,54,2,11,54,41,21,0,8,32
829705,2015,2015-04-08,Eden Gardens,Kolkata,Kolkata Knight Riders,Kolkata Knight Riders,Mumbai Indians,Mumbai Indians,2,false,Kolkata Knight Riders,field,Kolkata Knight Riders,true,170,3,111,110,11,11,38,4,2,0,38,1,36,19,24,3,2,91,2,54,11,54,6,5,41,0,21,8,32,2,4,168,3,120,37,36,3,20,26,64,54,0,21,38,67,30,0,6,50
829707,2015,2015-04-09,MA Chidambaram Stadium,Chennai,Chennai Super Kings,Chennai Super Kings,Delhi Daredevils,Delhi Capitals,1,true,Delhi Capitals,field,Chennai Super Kings,true,150,7,120,70,13,3,48,14,2,1,59,2,36,13,32,8,0,57,2,54,22,22,4,1,34,3,30,13,16,1,2,149,9,120,40,36,3,18,26,62,54,2,17,24,47,30,4,8,22
829707,2015,2015-04-09,MA Chidambaram Stadium,Chennai,Delhi Daredevils,Delhi Capitals,Chennai Super Kings,Chennai Super Kings,2,false,Delhi Capitals,field,Chennai Super Kings,false,149,9,120,72,15,2,43,5,5,0,40,3,36,18,26,5,1,62,2,54,17,24,6,0,47,4,30,8,22,4,1,150,7,120,59,36,2,13,32,57,54,2,22,22,34,30,3,13,16
829709,2015,2015-04-10,Maharashtra Cricket Association Stadium,Pune,Rajasthan Royals,Rajasthan Royals,Kings XI Punjab,Punjab Kings,1,true,Punjab Kings,field,Rajasthan Royals,true,162,7,120,82,10,7,49,21,12,0,35,3,36,20,18,3,1,75,2,54,22,32,5,2,52,2,30,7,32,2,4,136,8,120,51,36,3,18,30,53,54,2,28,30,32,30,3,13,14
829709,2015,2015-04-10,Maharashtra Cricket Association Stadium,Pune,Kings XI Punjab,Punjab Kings,Rajasthan Royals,Rajasthan Royals,2,false,Punjab Kings,field,Rajasthan Royals,false,136,8,120,74,14,3,59,9,7,0,51,3,36,18,30,6,1,53,2,54,28,30,6,1,32,3,30,13,14,2,1,162,7,120,35,36,3,20,18,75,54,2,22,32,52,30,2,7,32
829711,2015,2015-04-11,MA Chidambaram Stadium,Chennai,Chennai Super Kings,Chennai Super Kings,Sunrisers Hyderabad,Sunrisers Hyderabad,1,true,Chennai Super Kings,bat,Chennai Super Kings,true,209,4,120,148,16,14,46,15,4,4,49,0,36,21,32,5,2,94,2,54,19,66,6,7,66,2,30,6,50,5,5,164,6,120,46,36,2,14,30,69,54,2,16,22,49,30,2,4,22
829711,2015,2015-04-11,MA Chidambaram Stadium,Chennai,Sunrisers Hyderabad,Sunrisers Hyderabad,Chennai Super Kings,Chennai Super Kings,2,false,Chennai Super Kings,bat,Chennai Super Kings,false,164,6,120,74,8,7,34,11,4,0,46,2,36,14,30,6,1,69,2,54,16,22,1,3,49,2,30,4,22,1,3,209,4,120,49,36,0,21,32,94,54,2,19,66,66,30,2,6,50
829713,2015,2015-04-11,Eden Gardens,Kolkata,Kolkata Knight Riders,Kolkata Knight Riders,Royal Challengers Bangalore,Royal Challengers Bengaluru,1,true,Royal Challengers Bengaluru,field,Royal Challengers Bengaluru,false,177,6,120,110,23,3,37,6,3,0,53,0,36,11,34,7,1,69,2,54,17,36,9,0,55,4,30,9,40,7,2,179,7,114,41,36,1,19,24,78,54,4,17,50,60,24,2,4,46
829713,2015,2015-04-11,Eden Gardens,Kolkata,Royal Challengers Bangalore,Royal Challengers Bengaluru,Kolkata Knight Riders,Kolkata Knight Riders,2,false,Royal Challengers Bengaluru,field,Royal Challengers Bengaluru,true,179,7,114,120,12,12,40,8,1,0,41,1,36,19,24,3,2,78,4,54,17,50,5,5,60,2,24,4,46,4,5,177,6,120,53,36,0,11,34,69,54,2,17,36,55,30,4,9,40
829715,2015,2015-04-12,Feroz Shah Kotla,Delhi,Delhi Daredevils,Delhi Capitals,Rajasthan Royals,Rajasthan Royals,1,true,Rajasthan Royals,field,Rajasthan Royals,false,184,3,120,108,12,10,37,9,7,0,51,1,36,13,34,7,1,68,1,54,21,32,2,4,65,1,30,3,42,3,5,186,7,120,42,36,1,19,28,88,54,3,13,48,56,30,3,6,32
829715,2015,2015-04-12,Feroz Shah Kotla,Delhi,Rajasthan Royals,Rajasthan Royals,Delhi Daredevils,Delhi Capitals,2,false,Rajasthan Royals,field,Rajasthan Royals,true,186,7,120,108,15,8,38,6,5,0,42,1,36,19,28,4,2,88,3,54,13,48,6,4,56,3,30,6,32,5,2,184,3,120,51,36,1,13,34,68,54,1,21,32,65,30,1,3,42
829717,2015,2015-04-12,Wankhede Stadium,Mumbai,Kings XI Punjab,Punjab Kings,Mumbai Indians,Mumbai Indians,1,true,Mumbai Indians,field,Punjab Kings,true,177,5,120,108,21,4,37,6,3,0,57,0,36,16,46,10,1,70,3,54,14,32,8,0,50,2,30,7,30,3,3,159,7,120,17,36,3,25,4,62,54,3,25,38,80,30,1,8,68
829717,2015,2015-04-12,Wankhede Stadium,Mumbai,Mumbai Indians,Mumbai Indians,Kings XI Punjab,Punjab Kings,2,false,Mumbai Indians,field,Punjab Kings,false,159,7,120,110,14,9,58,8,3,2,17,3,36,25,4,1,0,62,3,54,25,38,8,1,80,1,30,8,68,5,8,177,5,120,57,36,0,16,46,70,54,3,14,32,50,30,2,7,30
829719,2015,2015-04-13,M Chinnaswamy Stadium,Bengaluru,Royal Challengers Bangalore,Royal Challengers Bengaluru,Sunrisers Hyderabad,Sunrisers Hyderabad,1,true,Sunrisers Hyderabad,field,Sunrisers Hyderabad,false,166,10,119,102,15,7,51,16,12,0,47,1,36,23,36,6,2,67,3,54,18,32,5,2,52,6,29,10,34,4,3,172,2,104,65,36,0,15,54,72,54,2,12,28,35,14,0,2,16
829719,2015,2015-04-13,M Chinnaswamy Stadium,Bengaluru,Sunrisers Hyderabad,Sunrisers Hyderabad,Royal Challengers Bangalore,Royal Challengers Bengaluru,2,false,Sunrisers Hyderabad,field,Sunrisers Hyderabad,true,172,2,104,98,14,7,29,16,9,2,65,0,36,15,54,9,3,72,2,54,12,28,4,2,35,0,14,2,16,1,2,166,10,119,47,36,1,23,36,67,54,3,18,32,52,29,6,10,34
829721,2015,2015-04-14,Narendra Modi Stadium,Ahmedabad,Mumbai Indians,Mumbai Indians,Rajasthan Royals,Rajasthan Royals,1,true,Mumbai Indians,bat,Rajasthan Royals,false,164,6,120,116,17,8,58,5,0,1,31,2,36,23,20,5,0,52,2,54,30,32,5,2,81,2,30,5,64,7,6,165,3,115,42,36,1,15,24,71,54,2,14,24,52,25,0,6,30
829721,2015,2015-04-14,Narendra Modi Stadium,Ahmedabad,Rajasthan Royals,Rajasthan Royals,Mumbai Indians,Mumbai Indians,2,false,Mumbai Indians,bat,Rajasthan Royals,true,165,3,115,78,15,3,35,4,1,3,42,1,36,15,24,6,0,71,2,54,14,24,3,2,52,0,25,6,30,6,1,164,6,120,31,36,2,23,20,52,54,2,30,32,81,30,2,5,64
829725,2015,2015-04-15,Maharashtra Cricket Association Stadium,Pune,Kings XI Punjab,Punjab Kings,Delhi Daredevils,Delhi Capitals,1,true,Punjab Kings,bat,Delhi Capitals,false,165,7,120,88,7,10,42,8,6,0,41,1,36,20,28,4,2,74,2,54,14,32,2,4,50,4,30,8,28,1,4,169,5,119,47,36,1,17,28,73,54,1,16,40,49,29,3,9,30
829725,2015,2015-04-15,Maharashtra Cricket Association Stadium,Pune,Delhi Daredevils,Delhi Capitals,Kings XI Punjab,Punjab Kings,2,false,Punjab Kings,bat,Delhi Capitals,true,169,5,119,98,17,5,42,11,7,1,47,1,36,17,28,7,0,73,1,54,16,40,7,2,49,3,29,9,30,3,3,165,7,120,41,36,1,20,28,74,54,2,14,32,50,30,4,8,28
829727,2015,2015-04-16,Dr Y.S. Rajasekhara Reddy ACA-VDCA Cricket Stadium,Visakhapatnam,Sunrisers Hyderabad,Sunrisers Hyderabad,Rajasthan Royals,Rajasthan Royals,1,true,Rajasthan Royals,field,Rajasthan Royals,false,127,5,120,68,11,4,60,6,4,1,35,3,36,24,26,5,1,55,1,54,27,26,5,1,37,1,30,9,16,1,2,131,4,120,36,36,0,18,16,60,54,3,22,28,35,30,1,8,16
829727,2015,2015-04-16,Dr Y.S. Rajasekhara Reddy ACA-VDCA Cricket Stadium,Visakhapatnam,Rajasthan Royals,Rajasthan Royals,Sunrisers Hyderabad,Sunrisers Hyderabad,2,false,Rajasthan Royals,field,Rajasthan Royals,true,131,4,120,60,15,0,48,7,4,0,36,0,36,18,16,4,0,60,3,54,22,28,7,0,35,1,30,8,16,4,0,127,5,120,35,36,3,24,26,55,54,1,27,26,37,30,1,9,16
829729,2015,2015-04-17,Wankhede Stadium,Mumbai,Mumbai Indians,Mumbai Indians,Chennai Super Kings,Chennai Super Kings,1,true,Mumbai Indians,bat,Chennai Super Kings,false,183,7,120,116,14,10,46,7,4,0,31,3,36,24,16,4,0,101,2,54,15,70,7,7,51,2,30,7,30,3,3,189,4,100,90,36,0,10,76,78,54,4,23,48,21,10,0,2,14
829729,2015,2015-04-17,Wankhede Stadium,Mumbai,Chennai Super Kings,Chennai Super Kings,Mumbai Indians,Mumbai Indians,2,false,Mumbai Indians,bat,Chennai Super Kings,true,189,4,100,138,21,9,35,11,8,3,90,0,36,10,76,13,4,78,4,54,23,48,6,4,21,0,10,2,14,2,1,183,7,120,31,36,3,24,16,101,54,2,15,70,51,30,2,7,30
829731,2015,2015-04-18,Dr Y.S. Rajasekhara Reddy ACA-VDCA Cricket Stadium,Visakhapatnam,Delhi Daredevils,Delhi Capitals,Sunrisers Hyderabad,Sunrisers Hyderabad,1,true,Delhi Capitals,bat,Delhi Capitals,true,167,4,120,90,9,9,39,9,6,0,40,1,36,20,22,4,1,81,1,54,15,46,4,5,46,2,30,4,22,1,3,163,8,120,50,36,0,14,28,60,54,3,19,26,53,30,5,7,34
829731,2015,2015-04-18,Dr Y.S. Rajasekhara Reddy ACA-VDCA Cricket Stadium,Visakhapatnam,Sunrisers Hyderabad,Sunrisers Hyderabad,Delhi Daredevils,Delhi Capitals,2,false,Delhi Capitals,bat,Delhi Capitals,false,163,8,120,88,10,8,40,4,1,0,50,0,36,14,28,7,0,60,3,54,19,26,2,3,53,5,30,7,34,1,5,167,4,120,40,36,1,20,22,81,54,1,15,46,46,30,2,4,22
829733,2015,2015-04-18,Maharashtra Cricket Association Stadium,Pune,Kings XI Punjab,Punjab Kings,Kolkata Knight Riders,Kolkata Knight Riders,1,true,Kolkata Knight Riders,field,Kolkata Knight Riders,false,155,9,120,82,10,7,46,13,3,0,48,3,36,18,36,6,2,64,2,54,18,20,2,2,43,4,30,10,26,2,3,159,6,107,53,36,2,16,36,72,54,3,25,50,34,17,1,1,22
829733,2015,2015-04-18,Maharashtra Cricket Association Stadium,Pune,Kolkata Knight Riders,Kolkata Knight Riders,Kings XI Punjab,Punjab Kings,2,false,Kolkata Knight Riders,field,Kolkata Knight Riders,true,159,6,107,108,21,4,42,2,1,0,53,2,36,16,36,6,2,72,3,54,25,50,11,1,34,1,17,1,22,4,1,155,9,120,48,36,3,18,36,64,54,2,18,20,43,30,4,10,26
829735,2015,2015-04-19,Narendra Modi Stadium,Ahmedabad,Chennai Super Kings,Chennai Super Kings,Rajasthan Royals,Rajasthan Royals,1,true,Chennai Super Kings,bat,Rajasthan Royals,false,156,4,120,90,18,3,49,6,4,0,39,2,36,20,26,5,1,67,2,54,20,34,7,1,50,0,30,9,30,6,1,157,2,110,47,36,0,16,34,91,54,0,9,50,19,20,2,5,0
829735,2015,2015-04-19,Narendra Modi Stadium,Ahmedabad,Rajasthan Royals,Rajasthan Royals,Chennai Super Kings,Chennai Super Kings,2,false,Chennai Super Kings,bat,Rajasthan Royals,true,157,2,110,84,12,6,30,1,1,0,47,0,36,16,34,7,1,91,0,54,9,50,5,5,19,2,20,5,0,0,0,156,4,120,39,36,2,20,26,67,54,2,20,34,50,30,0,9,30
829737,2015,2015-04-19,M Chinnaswamy Stadium,Bengaluru,Mumbai Indians,Mumbai Indians,Royal Challengers Bangalore,Royal Challengers Bengaluru,1,true,Royal Challengers Bengaluru,field,Mumbai Indians,true,209,7,120,152,23,10,48,17,13,0,48,1,36,19,32,8,0,85,1,54,23,58,7,5,76,5,30,6,62,8,5,191,7,120,33,36,1,25,18,96,54,5,19,66,62,30,1,6,44
829737,2015,2015-04-19,M Chinnaswamy Stadium,Bengaluru,Royal Challengers Bangalore,Royal Challengers Bengaluru,Mumbai Indians,Mumbai Indians,2,false,Royal Challengers Bengaluru,field,Mumbai Indians,false,191,7,120,128,20,8,50,16,13,2,33,1,36,25,18,3,1,96,5,54,19,66,9,5,62,1,30,6,44,8,2,209,7,120,48,36,1,19,32,85,54,1,23,58,76,30,5,6,62
829739,2015,2015-04-20,Feroz Shah Kotla,Delhi,Delhi Daredevils,Delhi Capitals,Kolkata Knight Riders,Kolkata Knight Riders,1,true,Kolkata Knight Riders,field,Kolkata Knight Riders,false,146,8,120,82,13,5,51,13,10,0,34,2,36,21,20,5,0,69,3,54,20,36,6,2,43,3,30,10,26,2,3,147,4,109,48,36,2,14,28,71,54,1,15,38,28,19,1,7,18
829739,2015,2015-04-20,Feroz Shah Kotla,Delhi,Kolkata Knight Riders,Kolkata Knight Riders,Delhi Daredevils,Delhi Capitals,2,false,Kolkata Knight Riders,field,Kolkata Knight Riders,true,147,4,109,84,18,2,36,7,3,0,48,2,36,14,28,7,0,71,1,54,15,38,8,1,28,1,19,7,18,3,1,146,8,120,34,36,2,21,20,69,54,3,20,36,43,30,3,10,26
829741,2015,2015-04-21,Narendra Modi Stadium,Ahmedabad,Rajasthan Royals,Rajasthan Royals,Kings XI Punjab,Punjab Kings,1,true,Punjab Kings,field,Unknown,false,191,6,120,112,16,8,36,10,6,1,43,0,36,17,24,6,0,93,2,54,12,56,5,6,55,4,30,7,32,5,2,191,6,120,40,36,1,19,20,80,54,3,14,40,71,30,2,3,48
829741,2015,2015-04-21,Narendra Modi Stadium,Ahmedabad,Kings XI Punjab,Punjab Kings,Rajasthan Royals,Rajasthan Royals,2,false,Punjab Kings,field,Unknown,false,191,6,120,108,12,10,36,5,1,0,40,1,36,19,20,2,2,80,3,54,14,40,4,4,71,2,30,3,48,6,4,191,6,120,43,36,0,17,24,93,54,2,12,56,55,30,4,7,32
829741,2015,2015-04-21,Narendra Modi Stadium,Ahmedabad,Kings XI Punjab,Punjab Kings,Rajasthan Royals,Rajasthan Royals,3,false,Punjab Kings,field,Unknown,false,15,2,6,12,3,0,2,2,0,1,15,2,6,2,12,3,0,0,0,0,0,0,0,0,0,0,0,0,0,0,0,191,6,120,43,36,0,17,24,93,54,2,12,56,55,30,4,7,32
829741,2015,2015-04-21,Narendra Modi Stadium,Ahmedabad,Rajasthan Royals,Rajasthan Royals,Rajasthan Royals,Rajasthan Royals,4,false,Punjab Kings,field,Unknown,false,6,2,3,4,1,0,2,1,0,1,6,2,3,2,4,1,0,0,0,0,0,0,0,0,0,0,0,0,0,0,0,191,6,120,43,36,0,17,24,93,54,2,12,56,55,30,4,7,32
829743,2015,2015-04-22,Dr Y.S. Rajasekhara Reddy ACA-VDCA Cricket Stadium,Visakhapatnam,Sunrisers Hyderabad,Sunrisers Hyderabad,Kolkata Knight Riders,Kolkata Knight Riders,1,true,Kolkata Knight Riders,field,Sunrisers Hyderabad,true,176,4,120,102,15,7,38,4,1,1,43,0,36,12,24,6,0,90,1,54,12,50,5,5,43,3,30,14,28,4,2,101,4,72,49,36,2,13,26,52,36,2,9,28,0,0,0,0,0
829743,2015,2015-04-22,Dr Y.S. Rajasekhara Reddy ACA-VDCA Cricket Stadium,Visakhapatnam,Kolkata Knight Riders,Kolkata Knight Riders,Sunrisers Hyderabad,Sunrisers Hyderabad,2,false,Kolkata Knight Riders,field,Sunrisers Hyderabad,false,101,4,72,54,6,5,22,3,3,0,49,2,36,13,26,2,3,52,2,36,9,28,4,2,0,0,0,0,0,0,0,176,4,120,43,36,0,12,24,90,54,1,12,50,43,30,3,14,28
829745,2015,2015-04-22,M Chinnaswamy Stadium,Bengaluru,Chennai Super Kings,Chennai Super Kings,Royal Challengers Bangalore,Royal Challengers Bengaluru,1,true,Royal Challengers Bengaluru,field,Chennai Super Kings,true,181,8,120,128,17,10,51,10,3,0,45,1,36,20,32,5,2,89,3,54,21,66,6,7,47,4,30,10,30,6,1,154,8,120,38,36,2,19,22,73,54,3,20,44,43,30,3,10,24
829745,2015,2015-04-22,M Chinnaswamy Stadium,Bengaluru,Royal Challengers Bangalore,Royal Challengers Bengaluru,Chennai Super Kings,Chennai Super Kings,2,false,Royal Challengers Bengaluru,field,Chennai Super Kings,false,154,8,120,90,12,7,49,6,1,0,38,2,36,19,22,4,1,73,3,54,20,44,5,4,43,3,30,10,24,3,2,181,8,120,45,36,1,20,32,89,54,3,21,66,47,30,4,10,30
829747,2015,2015-04-23,Feroz Shah Kotla,Delhi,Delhi Daredevils,Delhi Capitals,Mumbai Indians,Mumbai Indians,1,true,Mumbai Indians,field,Delhi Capitals,true,190,4,120,118,13,11,39,8,6,1,45,1,36,20,30,3,3,92,0,54,13,60,6,6,53,3,30,6,28,4,2,153,9,120,48,36,2,20,34,72,54,2,17,32,33,30,5,17,22
829747,2015,2015-04-23,Feroz Shah Kotla,Delhi,Mumbai Indians,Mumbai Indians,Delhi Daredevils,Delhi Capitals,2,false,Mumbai Indians,field,Delhi Capitals,false,153,9,120,88,13,6,54,11,9,0,48,2,36,20,34,7,1,72,2,54,17,32,2,4,33,5,30,17,22,4,1,190,4,120,45,36,1,20,30,92,54,0,13,60,53,30,3,6,28
829749,2015,2015-04-24,Narendra Modi Stadium,Ahmedabad,Rajasthan Royals,Rajasthan Royals,Royal Challengers Bangalore,Royal Challengers Bengaluru,1,true,Royal Challengers Bengaluru,field,Royal Challengers Bengaluru,false,130,9,120,58,10,3,43,4,3,0,48,2,36,18,36,6,2,52,3,54,17,14,2,1,30,4,30,8,8,2,0,134,1,97,49,36,1,15,30,75,54,0,10,30,10,7,0,1,4
829749,2015,2015-04-24,Narendra Modi Stadium,Ahmedabad,Royal Challengers Bangalore,Royal Challengers Bengaluru,Rajasthan Royals,Rajasthan Royals,2,false,Royal Challengers Bengaluru,field,Royal Challengers Bengaluru,true,134,1,97,64,10,4,26,5,0,0,49,1,36,15,30,6,1,75,0,54,10,30,3,3,10,0,7,1,4,1,0,130,9,120,48,36,2,18,36,52,54,3,17,14,30,30,4,8,8
829751,2015,2015-04-25,Wankhede Stadium,Mumbai,Mumbai Indians,Mumbai Indians,Sunrisers Hyderabad,Sunrisers Hyderabad,1,true,Mumbai Indians,bat,Mumbai Indians,true,157,8,120,82,16,3,42,10,9,0,46,1,36,16,28,7,0,66,3,54,16,36,6,2,45,4,30,10,18,3,1,137,8,120,52,36,2,19,42,52,54,2,19,10,33,30,4,14,16
829751,2015,2015-04-25,Wankhede Stadium,Mumbai,Sunrisers Hyderabad,Sunrisers Hyderabad,Mumbai Indians,Mumbai Indians,2,false,Mumbai Indians,bat,Mumbai Indians,false,137,8,120,68,14,2,52,5,2,1,52,2,36,19,42,9,1,52,2,54,19,10,1,1,33,4,30,14,16,4,0,157,8,120,46,36,1,16,28,66,54,3,16,36,45,30,4,10,18
829753,2015,2015-04-25,MA Chidambaram Stadium,Chennai,Chennai Super Kings,Chennai Super Kings,Kings XI Punjab,Punjab Kings,1,true,Chennai Super Kings,bat,Chennai Super Kings,true,192,3,120,118,19,7,44,12,9,1,54,1,36,19,42,6,3,84,1,54,18,48,9,2,54,1,30,7,28,4,2,95,9,120,39,36,2,18,22,40,54,5,27,10,16,30,2,15,0
829753,2015,2015-04-25,MA Chidambaram Stadium,Chennai,Kings XI Punjab,Punjab Kings,Chennai Super Kings,Chennai Super Kings,2,false,Chennai Super Kings,bat,Chennai Super Kings,false,95,9,120,32,5,2,60,8,5,0,39,2,36,18,22,4,1,40,5,54,27,10,1,1,16,2,30,15,0,0,0,192,3,120,54,36,1,19,42,84,54,1,18,48,54,30,1,7,28
829757,2015,2015-04-26,Feroz Shah Kotla,Delhi,Delhi Daredevils,Delhi Capitals,Royal Challengers Bangalore,Royal Challengers Bengaluru,1,true,Royal Challengers Bengaluru,field,Royal Challengers Bengaluru,false,95,10,110,38,8,1,54,8,6,0,38,2,36,18,18,3,1,47,5,54,25,20,5,0,10,3,20,11,0,0,0,99,0,63,50,36,0,16,36,49,27,0,7,36,0,0,0,0,0
829757,2015,2015-04-26,Feroz Shah Kotla,Delhi,Royal Challengers Bangalore,Royal Challengers Bengaluru,Delhi Daredevils,Delhi Capitals,2,false,Royal Challengers Bengaluru,field,Royal Challengers Bengaluru,true,99,0,63,72,12,4,23,2,2,0,50,0,36,16,36,6,2,49,0,27,7,36,6,2,0,0,0,0,0,0,0,95,10,110,38,36,2,18,18,47,54,5,25,20,10,20,3,11,0
829759,2015,2015-04-27,"Punjab Cricket Association IS Bindra Stadium, Mohali",Chandigarh,Sunrisers Hyderabad,Sunrisers Hyderabad,Kings XI Punjab,Punjab Kings,1,true,Punjab Kings,field,Sunrisers Hyderabad,true,150,6,120,86,17,3,42,1,0,0,56,2,36,18,50,11,1,48,1,54,15,8,2,0,46,3,30,9,28,4,2,130,9,120,36,36,2,20,16,57,54,3,12,10,37,30,4,9,14
829759,2015,2015-04-27,"Punjab Cricket Association IS Bindra Stadium, Mohali",Chandigarh,Kings XI Punjab,Punjab Kings,Sunrisers Hyderabad,Sunrisers Hyderabad,2,false,Punjab Kings,field,Sunrisers Hyderabad,false,130,9,120,40,7,2,41,7,5,0,36,2,36,20,16,4,0,57,3,54,12,10,1,1,37,4,30,9,14,2,1,150,6,120,56,36,2,18,50,48,54,1,15,8,46,30,3,9,28
829765,2015,2015-04-28,MA Chidambaram Stadium,Chennai,Chennai Super Kings,Chennai Super Kings,Kolkata Knight Riders,Kolkata Knight Riders,1,true,Kolkata Knight Riders,field,Chennai Super Kings,true,134,6,120,66,12,3,52,12,9,0,53,1,36,20,46,7,3,46,4,54,23,8,2,0,35,1,30,9,12,3,0,132,9,120,54,36,2,15,38,36,54,2,26,4,42,30,5,9,24
829765,2015,2015-04-28,MA Chidambaram Stadium,Chennai,Kolkata Knight Riders,Kolkata Knight Riders,Chennai Super Kings,Chennai Super Kings,2,false,Kolkata Knight Riders,field,Chennai Super Kings,false,132,9,120,66,12,3,50,5,3,0,54,2,36,15,38,8,1,36,2,54,26,4,1,0,42,5,30,9,24,3,2,134,6,120,53,36,1,20,46,46,54,4,23,8,35,30,1,9,12
829763,2015,2015-04-29,M Chinnaswamy Stadium,Bengaluru,Royal Challengers Bangalore,Royal Challengers Bengaluru,,,1,true,Rajasthan Royals,field,Unknown,false,200,7,120,130,25,5,42,16,6,2,52,2,36,18,38,8,1,78,2,54,19,44,8,2,70,3,30,5,48,9,2,,,,,,,,,,,,,,,,,,
829723,2015,2015-04-30,Eden Gardens,Kolkata,Chennai Super Kings,Chennai Super Kings,Kolkata Knight Riders,Kolkata Knight Riders,1,true,Kolkata Knight Riders,field,Kolkata Knight Riders,false,165,9,120,106,19,5,52,20,6,0,69,4,36,19,58,10,3,52,1,54,25,26,5,1,44,4,30,8,22,4,1,169,3,119,38,36,1,19,20,80,54,2,12,40,51,29,0,6,26
829723,2015,2015-04-30,Eden Gardens,Kolkata,Kolkata Knight Riders,Kolkata Knight Riders,Chennai Super Kings,Chennai Super Kings,2,false,Kolkata Knight Riders,field,Kolkata Knight Riders,true,169,3,119,86,11,7,37,10,5,0,38,1,36,19,20,2,2,80,2,54,12,40,7,2,51,0,29,6,26,2,3,165,9,120,69,36,4,19,58,52,54,1,25,26,44,30,4,8,22
829767,2015,2015-05-01,Feroz Shah Kotla,Delhi,Kings XI Punjab,Punjab Kings,Delhi Daredevils,Delhi Capitals,1,true,Delhi Capitals,field,Delhi Capitals,false,118,8,120,54,9,3,52,8,7,0,27,4,36,22,16,4,0,47,2,54,23,18,3,1,44,2,30,7,20,2,2,119,1,83,41,36,0,19,26,78,47,1,7,42,0,0,0,0,0
829767,2015,2015-05-01,Feroz Shah Kotla,Delhi,Delhi Daredevils,Delhi Capitals,Kings XI Punjab,Punjab Kings,2,false,Delhi Capitals,field,Delhi Capitals,true,119,1,83,68,11,4,26,8,5,1,41,0,36,19,26,2,3,78,1,47,7,42,9,1,0,0,0,0,0,0,0,118,8,120,27,36,4,22,16,47,54,2,23,18,44,30,2,7,20
829769,2015,2015-05-01,Wankhede Stadium,Mumbai,Mumbai Indians,Mumbai Indians,Rajasthan Royals,Rajasthan Royals,1,true,Rajasthan Royals,field,Mumbai Indians,true,187,5,120,108,18,6,34,9,5,1,47,1,36,15,28,7,0,73,3,54,16,38,5,3,67,1,30,3,42,6,3,179,7,120,55,36,1,13,36,72,54,2,15,26,52,30,4,4,28
829769,2015,2015-05-01,Wankhede Stadium,Mumbai,Rajasthan Royals,Rajasthan Royals,Mumbai Indians,Mumbai Indians,2,false,Rajasthan Royals,field,Mumbai Indians,false,179,7,120,90,15,5,32,12,9,1,55,1,36,13,36,6,2,72,2,54,15,26,5,1,52,4,30,4,28,4,2,187,5,120,47,36,1,15,28,73,54,3,16,38,67,30,1,3,42
829771,2015,2015-05-02,M Chinnaswamy Stadium,Bengaluru,Kolkata Knight Riders,Kolkata Knight Riders,Royal Challengers Bangalore,Royal Challengers Bengaluru,1,true,Royal Challengers Bengaluru,field,Royal Challengers Bengaluru,false,111,4,60,74,11,5,17,8,4,1,61,1,36,11,40,7,2,50,3,24,6,34,4,3,0,0,0,0,0,0,0,115,3,58,62,36,2,13,44,53,22,1,1,34,0,0,0,0,0
829771,2015,2015-05-02,M Chinnaswamy Stadium,Bengaluru,Royal Challengers Bangalore,Royal Challengers Bengaluru,Kolkata Knight Riders,Kolkata Knight Riders,2,false,Royal Challengers Bengaluru,field,Royal Challengers Bengaluru,true,115,3,58,78,6,9,14,4,4,0,62,2,36,13,44,2,6,53,1,22,1,34,4,3,0,0,0,0,0,0,0,111,4,60,61,36,1,11,40,50,24,3,6,34,0,0,0,0,0
829773,2015,2015-05-02,"Rajiv Gandhi International Stadium, Uppal",Hyderabad,Sunrisers Hyderabad,Sunrisers Hyderabad,Chennai Super Kings,Chennai Super Kings,1,true,Chennai Super Kings,field,Sunrisers Hyderabad,true,192,7,120,128,23,6,38,5,3,1,76,0,36,7,54,12,1,67,3,54,22,42,6,3,49,4,30,9,32,5,2,170,6,120,54,36,2,19,46,76,54,3,12,36,40,30,1,3,12
829773,2015,2015-05-02,"Rajiv Gandhi International Stadium, Uppal",Hyderabad,Chennai Super Kings,Chennai Super Kings,Sunrisers Hyderabad,Sunrisers Hyderabad,2,false,Chennai Super Kings,field,Sunrisers Hyderabad,false,170,6,120,94,16,5,34,7,4,0,54,2,36,19,46,7,3,76,3,54,12,36,6,2,40,1,30,3,12,3,0,192,7,120,76,36,0,7,54,67,54,3,22,42,49,30,4,9,32
829775,2015,2015-05-03,"Punjab Cricket Association IS Bindra Stadium, Mohali",Chandigarh,Mumbai Indians,Mumbai Indians,Kings XI Punjab,Punjab Kings,1,true,Mumbai Indians,bat,Mumbai Indians,true,172,3,120,92,17,4,39,5,2,0,51,0,36,14,34,7,1,72,1,54,18,36,6,2,49,2,30,7,22,4,1,149,7,120,45,36,2,14,20,68,54,1,13,24,36,30,4,9,14
829775,2015,2015-05-03,"Punjab Cricket Association IS Bindra Stadium, Mohali",Chandigarh,Kings XI Punjab,Punjab Kings,Mumbai Indians,Mumbai Indians,2,false,Mumbai Indians,bat,Mumbai Indians,false,149,7,120,58,10,3,36,12,3,0,45,2,36,14,20,5,0,68,1,54,13,24,3,2,36,4,30,9,14,2,1,172,3,120,51,36,0,14,34,72,54,1,18,36,49,30,2,7,22
829777,2015,2015-05-03,Brabourne Stadium,Mumbai,Rajasthan Royals,Rajasthan Royals,Delhi Daredevils,Delhi Capitals,1,true,Delhi Capitals,field,Rajasthan Royals,true,189,2,120,110,20,5,39,8,5,0,43,0,36,18,24,6,0,71,1,54,17,34,7,1,75,1,30,4,52,7,4,175,7,120,55,36,2,19,44,65,54,2,26,34,55,30,3,6,22
829777,2015,2015-05-03,Brabourne Stadium,Mumbai,Delhi Daredevils,Delhi Capitals,Rajasthan Royals,Rajasthan Royals,2,false,Delhi Capitals,field,Rajasthan Royals,false,175,7,120,100,13,8,51,15,11,0,55,2,36,19,44,8,2,65,2,54,26,34,4,3,55,3,30,6,22,1,3,189,2,120,43,36,0,18,24,71,54,1,17,34,75,30,1,4,52
829779,2015,2015-05-04,MA Chidambaram Stadium,Chennai,Chennai Super Kings,Chennai Super Kings,Royal Challengers Bangalore,Royal Challengers Bengaluru,1,true,Chennai Super Kings,bat,Chennai Super Kings,true,148,9,120,78,12,5,47,5,5,0,37,2,36,19,24,6,0,64,2,54,17,24,3,2,47,5,30,11,30,3,3,124,10,118,42,36,3,21,32,58,54,2,20,22,24,28,5,15,12
829779,2015,2015-05-04,MA Chidambaram Stadium,Chennai,Royal Challengers Bangalore,Royal Challengers Bengaluru,Chennai Super Kings,Chennai Super Kings,2,false,Chennai Super Kings,bat,Chennai Super Kings,false,124,10,118,66,15,1,56,2,1,0,42,3,36,21,32,8,0,58,2,54,20,22,4,1,24,5,28,15,12,3,0,148,9,120,37,36,2,19,24,64,54,2,17,24,47,30,5,11,30
829781,2015,2015-05-04,Eden Gardens,Kolkata,Kolkata Knight Riders,Kolkata Knight Riders,Sunrisers Hyderabad,Sunrisers Hyderabad,1,true,Sunrisers Hyderabad,field,Kolkata Knight Riders,true,167,7,120,82,16,3,37,7,1,0,55,0,36,14,32,8,0,56,5,54,18,16,1,2,56,2,30,5,34,7,1,132,9,120,33,36,3,20,20,55,54,4,17,20,44,30,2,12,28
829781,2015,2015-05-04,Eden Gardens,Kolkata,Sunrisers Hyderabad,Sunrisers Hyderabad,Kolkata Knight Riders,Kolkata Knight Riders,2,false,Sunrisers Hyderabad,field,Kolkata Knight Riders,false,132,9,120,68,8,6,49,4,4,0,33,3,36,20,20,5,0,55,4,54,17,20,2,2,44,2,30,12,28,1,4,167,7,120,55,36,0,14,32,56,54,5,18,16,56,30,2,5,34
829783,2015,2015-05-05,Wankhede Stadium,Mumbai,Delhi Daredevils,Delhi Capitals,Mumbai Indians,Mumbai Indians,1,true,Delhi Capitals,bat,Mumbai Indians,false,152,6,120,96,15,6,51,4,1,0,44,2,36,20,32,5,2,51,2,54,24,22,4,1,57,2,30,7,42,6,3,153,5,117,41,36,4,21,24,58,54,0,15,18,54,27,1,5,36
829783,2015,2015-05-05,Wankhede Stadium,Mumbai,Mumbai Indians,Mumbai Indians,Delhi Daredevils,Delhi Capitals,2,false,Delhi Capitals,bat,Mumbai Indians,true,153,5,117,78,9,7,41,9,8,0,41,4,36,21,24,3,2,58,0,54,15,18,3,1,54,1,27,5,36,3,4,152,6,120,44,36,2,20,32,51,54,2,24,22,57,30,2,7,42
829785,2015,2015-05-06,M Chinnaswamy Stadium,Bengaluru,Royal Challengers Bangalore,Royal Challengers Bengaluru,Kings XI Punjab,Punjab Kings,1,true,Punjab Kings,field,Royal Challengers Bengaluru,true,226,3,120,164,14,18,38,11,7,1,68,0,36,16,54,6,5,103,1,54,14,72,3,10,55,2,30,8,38,5,3,88,10,82,34,36,5,21,14,54,46,5,23,36,0,0,0,0,0
829785,2015,2015-05-06,M Chinnaswamy Stadium,Bengaluru,Kings XI Punjab,Punjab Kings,Royal Challengers Bangalore,Royal Challengers Bengaluru,2,false,Punjab Kings,field,Royal Challengers Bengaluru,false,88,10,82,50,8,3,44,9,4,0,34,5,36,21,14,2,1,54,5,46,23,36,6,2,0,0,0,0,0,0,0,226,3,120,68,36,0,16,54,103,54,1,14,72,55,30,2,8,38
829761,2015,2015-05-07,Eden Gardens,Kolkata,Kolkata Knight Riders,Kolkata Knight Riders,Delhi Daredevils,Delhi Capitals,1,true,Kolkata Knight Riders,bat,Kolkata Knight Riders,true,171,7,120,100,16,6,45,12,9,0,50,1,36,16,34,7,1,59,3,54,22,26,2,3,62,3,30,7,40,7,2,158,6,120,36,36,0,20,22,70,54,4,17,40,52,30,2,9,36
829761,2015,2015-05-07,Eden Gardens,Kolkata,Delhi Daredevils,Delhi Capitals,Kolkata Knight Riders,Kolkata Knight Riders,2,false,Kolkata Knight Riders,bat,Kolkata Knight Riders,false,158,6,120,98,14,7,46,7,5,0,36,0,36,20,22,4,1,70,4,54,17,40,4,4,52,2,30,9,36,6,2,171,7,120,50,36,1,16,34,59,54,3,22,26,62,30,3,7,40
829787,2015,2015-05-07,Brabourne Stadium,Mumbai,Sunrisers Hyderabad,Sunrisers Hyderabad,Rajasthan Royals,Rajasthan Royals,1,true,Rajasthan Royals,field,Sunrisers Hyderabad,true,201,4,120,126,21,7,41,15,10,0,56,1,36,17,36,9,0,77,2,54,18,46,7,3,68,1,30,6,44,5,4,194,7,120,36,36,2,24,32,90,54,3,10,48,68,30,2,7,52
829787,2015,2015-05-07,Brabourne Stadium,Mumbai,Rajasthan Royals,Rajasthan Royals,Sunrisers Hyderabad,Sunrisers Hyderabad,2,false,Rajasthan Royals,field,Sunrisers Hyderabad,false,194,7,120,132,18,10,41,7,1,0,36,2,36,24,32,8,0,90,3,54,10,48,6,4,68,2,30,7,52,4,6,201,4,120,56,36,1,17,36,77,54,2,18,46,68,30,1,6,44
829789,2015,2015-05-08,MA Chidambaram Stadium,Chennai,Chennai Super Kings,Chennai Super Kings,Mumbai Indians,Mumbai Indians,1,true,Chennai Super Kings,bat,Mumbai Indians,false,158,5,120,86,14,5,46,6,6,0,44,1,36,22,30,6,1,59,2,54,18,24,3,2,55,2,30,6,32,5,2,159,4,116,61,36,0,12,40,40,54,3,24,8,58,26,1,3,40
829789,2015,2015-05-08,MA Chidambaram Stadium,Chennai,Mumbai Indians,Mumbai Indians,Chennai Super Kings,Chennai Super Kings,2,false,Chennai Super Kings,bat,Mumbai Indians,true,159,4,116,88,10,8,39,2,1,0,61,0,36,12,40,7,2,40,3,54,24,8,2,0,58,1,26,3,40,1,6,158,5,120,44,36,1,22,30,59,54,2,18,24,55,30,2,6,32
829791,2015,2015-05-09,Eden Gardens,Kolkata,Kings XI Punjab,Punjab Kings,Kolkata Knight Riders,Kolkata Knight Riders,1,true,Punjab Kings,bat,Kolkata Knight Riders,false,183,5,120,110,11,11,40,9,5,0,45,1,36,17,32,5,2,89,1,54,15,48,3,6,49,3,30,8,30,3,3,184,9,119,57,36,1,14,44,79,54,4,21,54,48,29,4,5,30
829791,2015,2015-05-09,Eden Gardens,Kolkata,Kolkata Knight Riders,Kolkata Knight Riders,Kings XI Punjab,Punjab Kings,2,false,Punjab Kings,bat,Kolkata Knight Riders,true,184,9,119,128,20,8,40,7,4,0,57,1,36,14,44,11,0,79,4,54,21,54,6,5,48,4,29,5,30,3,3,183,5,120,45,36,1,17,32,89,54,1,15,48,49,30,3,8,30
829793,2015,2015-05-09,Shaheed Veer Narayan Singh International Stadium,Raipur,Sunrisers Hyderabad,Sunrisers Hyderabad,Delhi Daredevils,Delhi Capitals,1,true,Sunrisers Hyderabad,bat,Sunrisers Hyderabad,true,163,4,120,72,9,6,39,4,3,0,41,2,36,18,22,4,1,58,2,54,19,22,4,1,64,0,30,2,28,1,4,157,4,120,49,36,1,18,38,55,54,3,24,30,53,30,0,6,32
829793,2015,2015-05-09,Shaheed Veer Narayan Singh International Stadium,Raipur,Delhi Daredevils,Delhi Capitals,Sunrisers Hyderabad,Sunrisers Hyderabad,2,false,Sunrisers Hyderabad,bat,Sunrisers Hyderabad,false,157,4,120,100,19,4,48,4,1,0,49,1,36,18,38,8,1,55,3,54,24,30,6,1,53,0,30,6,32,5,2,163,4,120,41,36,2,18,22,58,54,2,19,22,64,30,0,2,28
829795,2015,2015-05-10,Wankhede Stadium,Mumbai,Royal Challengers Bangalore,Royal Challengers Bengaluru,Mumbai Indians,Mumbai Indians,1,true,Royal Challengers Bengaluru,bat,Royal Challengers Bengaluru,true,235,1,120,158,26,9,27,7,6,1,39,1,36,19,26,5,1,108,0,54,5,62,11,3,88,0,30,3,70,10,5,196,7,120,45,36,1,15,26,90,54,2,12,56,61,30,4,9,44
829795,2015,2015-05-10,Wankhede Stadium,Mumbai,Mumbai Indians,Mumbai Indians,Royal Challengers Bangalore,Royal Challengers Bengaluru,2,false,Royal Challengers Bengaluru,bat,Royal Challengers Bengaluru,false,196,7,120,126,15,11,36,4,3,0,45,1,36,15,26,5,1,90,2,54,12,56,8,4,61,4,30,9,44,2,6,235,1,120,39,36,1,19,26,108,54,0,5,62,88,30,0,3,70
829797,2015,2015-05-10,MA Chidambaram Stadium,Chennai,Chennai Super Kings,Chennai Super Kings,Rajasthan Royals,Rajasthan Royals,1,true,Chennai Super Kings,bat,Chennai Super Kings,true,157,5,120,86,14,5,46,8,7,0,36,2,36,21,24,3,2,72,0,54,18,34,7,1,49,3,30,7,28,4,2,145,9,120,40,36,1,17,20,53,54,4,17,16,52,30,4,6,26
829797,2015,2015-05-10,MA Chidambaram Stadium,Chennai,Rajasthan Royals,Rajasthan Royals,Chennai Super Kings,Chennai Super Kings,2,false,Chennai Super Kings,bat,Chennai Super Kings,false,145,9,120,62,11,3,40,6,2,2,40,1,36,17,20,5,0,53,4,54,17,16,4,0,52,4,30,6,26,2,3,157,5,120,36,36,2,21,24,72,54,0,18,34,49,30,3,7,28
829799,2015,2015-05-11,"Rajiv Gandhi International Stadium, Uppal",Hyderabad,Sunrisers Hyderabad,Sunrisers Hyderabad,Kings XI Punjab,Punjab Kings,1,true,Sunrisers Hyderabad,bat,Sunrisers Hyderabad,true,185,5,120,118,16,9,41,5,3,1,56,0,36,15,40,7,2,84,2,54,17,54,6,5,45,3,30,9,24,3,2,180,7,120,47,36,1,17,36,57,54,5,20,22,76,30,1,6,58
829799,2015,2015-05-11,"Rajiv Gandhi International Stadium, Uppal",Hyderabad,Kings XI Punjab,Punjab Kings,Sunrisers Hyderabad,Sunrisers Hyderabad,2,false,Sunrisers Hyderabad,bat,Sunrisers Hyderabad,false,180,7,120,116,11,12,43,7,4,0,47,1,36,17,36,6,2,57,5,54,20,22,1,3,76,1,30,6,58,4,7,185,5,120,56,36,0,15,40,84,54,2,17,54,45,30,3,9,24
829801,2015,2015-05-12,Shaheed Veer Narayan Singh International Stadium,Raipur,Chennai Super Kings,Chennai Super Kings,Delhi Daredevils,Delhi Capitals,1,true,Chennai Super Kings,bat,Delhi Capitals,false,119,6,120,58,10,3,56,7,0,0,16,1,36,27,8,2,0,67,2,54,17,30,6,1,36,3,30,12,20,2,2,120,4,100,28,36,2,23,20,69,54,1,18,40,23,10,1,2,18
829801,2015,2015-05-12,Shaheed Veer Narayan Singh International Stadium,Raipur,Delhi Daredevils,Delhi Capitals,Chennai Super Kings,Chennai Super Kings,2,false,Chennai Super Kings,bat,Delhi Capitals,true,120,4,100,78,15,3,43,0,0,0,28,2,36,23,20,5,0,69,1,54,18,40,7,2,23,1,10,2,18,3,1,119,6,120,16,36,1,27,8,67,54,2,17,30,36,30,3,12,20
829803,2015,2015-05-13,"Punjab Cricket Association IS Bindra Stadium, Mohali",Chandigarh,Kings XI Punjab,Punjab Kings,Royal Challengers Bangalore,Royal Challengers Bengaluru,1,true,Royal Challengers Bengaluru,field,Punjab Kings,true,106,6,60,62,8,5,13,4,3,0,72,4,36,9,48,6,4,34,2,24,4,14,2,1,0,0,0,0,0,0,0,84,6,60,61,36,2,8,32,23,24,4,7,4,0,0,0,0,0
829803,2015,2015-05-13,"Punjab Cricket Association IS Bindra Stadium, Mohali",Chandigarh,Royal Challengers Bangalore,Royal Challengers Bengaluru,Kings XI Punjab,Punjab Kings,2,false,Royal Challengers Bengaluru,field,Punjab Kings,false,84,6,60,36,6,2,15,8,2,1,61,2,36,8,32,5,2,23,4,24,7,4,1,0,0,0,0,0,0,0,0,106,6,60,72,36,4,9,48,34,24,2,4,14,0,0,0,0,0
829805,2015,2015-05-14,Wankhede Stadium,Mumbai,Mumbai Indians,Mumbai Indians,Kolkata Knight Riders,Kolkata Knight Riders,1,true,Kolkata Knight Riders,field,Mumbai Indians,true,171,4,120,96,18,4,41,10,6,3,46,2,36,15,26,5,1,53,2,54,24,24,6,0,72,0,30,2,46,7,3,166,7,120,50,36,2,16,34,72,54,2,15,30,44,30,3,11,30
829805,2015,2015-05-14,Wankhede Stadium,Mumbai,Kolkata Knight Riders,Kolkata Knight Riders,Mumbai Indians,Mumbai Indians,2,false,Kolkata Knight Riders,field,Mumbai Indians,false,166,7,120,94,19,3,42,8,7,0,50,2,36,16,34,7,1,72,2,54,15,30,6,1,44,3,30,11,30,6,1,171,4,120,46,36,2,15,26,53,54,2,24,24,72,30,0,2,46
829807,2015,2015-05-15,"Rajiv Gandhi International Stadium, Uppal",Hyderabad,Sunrisers Hyderabad,Sunrisers Hyderabad,Royal Challengers Bangalore,Royal Challengers Bengaluru,1,true,Sunrisers Hyderabad,bat,Royal Challengers Bengaluru,false,135,3,66,80,11,6,11,7,3,2,68,1,36,6,36,6,2,67,2,30,5,44,5,4,0,0,0,0,0,0,0,83,4,35,83,35,4,9,64,0,0,0,0,0,0,0,0,0,0
829807,2015,2015-05-15,"Rajiv Gandhi International Stadium, Uppal",Hyderabad,Royal Challengers Bangalore,Royal Challengers Bengaluru,Sunrisers Hyderabad,Sunrisers Hyderabad,2,false,Sunrisers Hyderabad,bat,Royal Challengers Bengaluru,true,83,4,35,64,7,6,9,1,1,0,83,4,35,9,64,7,6,0,0,0,0,0,0,0,0,0,0,0,0,0,0,135,3,66,68,36,1,6,36,67,30,2,5,44,0,0,0,0,0
829809,2015,2015-05-16,"Punjab Cricket Association IS Bindra Stadium, Mohali",Chandigarh,Kings XI Punjab,Punjab Kings,Chennai Super Kings,Chennai Super Kings,1,true,Punjab Kings,bat,Chennai Super Kings,false,130,7,120,68,11,4,54,9,3,0,41,3,36,18,26,5,1,45,3,54,27,16,4,0,44,1,30,9,26,2,3,134,3,101,47,36,2,15,24,64,54,1,17,22,23,11,0,4,20
829809,2015,2015-05-16,"Punjab Cricket Association IS Bindra Stadium, Mohali",Chandigarh,Chennai Super Kings,Chennai Super Kings,Kings XI Punjab,Punjab Kings,2,false,Punjab Kings,bat,Chennai Super Kings,true,134,3,101,66,12,3,36,6,6,0,47,2,36,15,24,6,0,64,1,54,17,22,4,1,23,0,11,4,20,2,2,130,7,120,41,36,3,18,26,45,54,3,27,16,44,30,1,9,26
829811,2015,2015-05-16,Brabourne Stadium,Mumbai,Rajasthan Royals,Rajasthan Royals,Kolkata Knight Riders,Kolkata Knight Riders,1,true,Rajasthan Royals,bat,Rajasthan Royals,true,199,6,120,118,19,7,33,10,4,2,66,0,36,10,40,7,2,80,4,54,17,46,7,3,53,2,30,6,32,5,2,190,9,120,53,36,2,15,24,91,54,3,14,62,46,30,4,14,26
829811,2015,2015-05-16,Brabourne Stadium,Mumbai,Kolkata Knight Riders,Kolkata Knight Riders,Rajasthan Royals,Rajasthan Royals,2,false,Rajasthan Royals,bat,Rajasthan Royals,false,190,9,120,112,22,4,43,26,18,5,53,2,36,15,24,6,0,91,3,54,14,62,11,3,46,4,30,14,26,5,1,199,6,120,66,36,0,10,40,80,54,4,17,46,53,30,2,6,32
829813,2015,2015-05-17,M Chinnaswamy Stadium,Bengaluru,Delhi Daredevils,Delhi Capitals,Royal Challengers Bangalore,Royal Challengers Bengaluru,1,true,Royal Challengers Bengaluru,field,Unknown,false,187,5,120,110,14,9,31,6,3,0,54,0,36,11,34,7,1,87,4,54,15,54,3,7,46,1,30,5,22,4,1,2,0,7,2,7,0,5,0,0,0,0,0,0,0,0,0,0,0
829813,2015,2015-05-17,M Chinnaswamy Stadium,Bengaluru,Royal Challengers Bangalore,Royal Challengers Bengaluru,Delhi Daredevils,Delhi Capitals,2,false,Royal Challengers Bengaluru,field,Unknown,false,2,0,7,0,0,0,5,0,0,0,2,0,7,5,0,0,0,0,0,0,0,0,0,0,0,0,0,0,0,0,0,187,5,120,54,36,0,11,34,87,54,4,15,54,46,30,1,5,22
829815,2015,2015-05-17,"Rajiv Gandhi International Stadium, Uppal",Hyderabad,Sunrisers Hyderabad,Sunrisers Hyderabad,Mumbai Indians,Mumbai Indians,1,true,Sunrisers Hyderabad,bat,Mumbai Indians,false,113,10,120,38,8,1,49,6,4,0,29,3,36,19,12,3,0,51,3,54,21,14,2,1,33,4,30,9,12,3,0,114,1,83,38,36,0,19,24,76,47,1,13,46,0,0,0,0,0
829815,2015,2015-05-17,"Rajiv Gandhi International Stadium, Uppal",Hyderabad,Mumbai Indians,Mumbai Indians,Sunrisers Hyderabad,Sunrisers Hyderabad,2,false,Sunrisers Hyderabad,bat,Mumbai Indians,true,114,1,83,70,13,3,32,8,5,0,38,0,36,19,24,6,0,76,1,47,13,46,7,3,0,0,0,0,0,0,0,113,10,120,29,36,3,19,12,51,54,3,21,14,33,30,4,9,12
829817,2015,2015-05-19,Wankhede Stadium,Mumbai,Mumbai Indians,Mumbai Indians,Chennai Super Kings,Chennai Super Kings,1,true,Mumbai Indians,bat,Mumbai Indians,true,187,6,120,116,11,12,42,9,8,1,48,0,36,20,34,4,3,87,2,54,13,52,4,6,52,4,30,9,30,3,3,162,10,114,54,36,2,15,38,67,54,4,14,28,41,24,4,4,20
829817,2015,2015-05-19,Wankhede Stadium,Mumbai,Chennai Super Kings,Chennai Super Kings,Mumbai Indians,Mumbai Indians,2,false,Mumbai Indians,bat,Mumbai Indians,false,162,10,114,86,11,7,33,8,7,0,54,2,36,15,38,5,3,67,4,54,14,28,4,2,41,4,24,4,20,2,2,187,6,120,48,36,0,20,34,87,54,2,13,52,52,30,4,9,30
829819,2015,2015-05-20,Maharashtra Cricket Association Stadium,Pune,Royal Challengers Bangalore,Royal Challengers Bengaluru,Rajasthan Royals,Rajasthan Royals,1,true,Royal Challengers Bengaluru,bat,Royal Challengers Bengaluru,true,180,4,120,108,15,8,43,12,5,0,41,1,36,18,22,4,1,72,1,54,20,42,6,3,67,2,30,5,44,5,4,109,10,114,40,36,2,12,20,52,54,5,26,20,17,24,3,13,4
829819,2015,2015-05-20,Maharashtra Cricket Association Stadium,Pune,Rajasthan Royals,Rajasthan Royals,Royal Challengers Bangalore,Royal Challengers Bengaluru,2,false,Royal Challengers Bengaluru,bat,Royal Challengers Bengaluru,false,109,10,114,44,11,0,51,3,3,0,40,2,36,12,20,5,0,52,5,54,26,20,5,0,17,3,24,13,4,1,0,180,4,120,41,36,1,18,22,72,54,1,20,42,67,30,2,5,44
829821,2015,2015-05-22,JSCA International Stadium Complex,Ranchi,Royal Challengers Bangalore,Royal Challengers Bengaluru,Chennai Super Kings,Chennai Super Kings,1,true,Chennai Super Kings,field,Chennai Super Kings,false,139,8,120,74,11,5,54,7,5,0,29,2,36,24,20,2,2,61,2,54,23,28,4,2,49,4,30,7,26,5,1,140,7,119,34,36,1,16,16,57,54,2,16,16,49,29,4,7,22
829821,2015,2015-05-22,JSCA International Stadium Complex,Ranchi,Chennai Super Kings,Chennai Super Kings,Royal Challengers Bangalore,Royal Challengers Bengaluru,2,false,Chennai Super Kings,field,Chennai Super Kings,true,140,7,119,54,9,3,39,7,3,0,34,1,36,16,16,4,0,57,2,54,16,16,4,0,49,4,29,7,22,1,3,139,8,120,29,36,2,24,20,61,54,2,23,28,49,30,4,7,26
829823,2015,2015-05-24,Eden Gardens,Kolkata,Mumbai Indians,Mumbai Indians,Chennai Super Kings,Chennai Super Kings,1,true,Chennai Super Kings,field,Mumbai Indians,true,202,5,120,136,16,12,40,6,0,1,61,1,36,16,50,8,3,85,2,54,13,46,7,3,56,2,30,11,40,1,6,161,8,120,31,36,1,23,22,81,54,3,19,52,49,30,4,8,26
829823,2015,2015-05-24,Eden Gardens,Kolkata,Chennai Super Kings,Chennai Super Kings,Mumbai Indians,Mumbai Indians,2,false,Chennai Super Kings,field,Mumbai Indians,false,161,8,120,100,16,6,50,7,3,2,31,1,36,23,22,4,1,81,3,54,19,52,10,2,49,4,30,8,26,2,3,202,5,120,61,36,1,16,50,85,54,2,13,46,56,30,2,11,40
980901,2016,2016-04-09,Wankhede Stadium,Mumbai,Mumbai Indians,Mumbai Indians,Rising Pune Supergiants,Rising Pune Supergiants,1,true,Mumbai Indians,bat,Rising Pune Supergiants,false,121,8,120,66,12,3,66,13,12,0,37,4,36,24,18,3,1,31,2,54,32,8,2,0,53,2,30,10,40,7,2,126,1,88,57,36,0,20,48,69,52,1,18,32,0,0,0,0,0
980901,2016,2016-04-09,Wankhede Stadium,Mumbai,Rising Pune Supergiants,Rising Pune Supergiants,Mumbai Indians,Mumbai Indians,2,false,Mumbai Indians,bat,Rising Pune Supergiants,true,126,1,88,80,8,8,38,5,3,1,57,0,36,20,48,6,4,69,1,52,18,32,2,4,0,0,0,0,0,0,0,121,8,120,37,36,4,24,18,31,54,2,32,8,53,30,2,10,40
980903,2016,2016-04-10,Eden Gardens,Kolkata,Delhi Daredevils,Delhi Capitals,Kolkata Knight Riders,Kolkata Knight Riders,1,true,Kolkata Knight Riders,field,Kolkata Knight Riders,false,98,10,106,50,8,3,66,12,12,0,35,4,36,23,18,3,1,57,4,54,30,28,4,2,6,2,16,13,4,1,0,99,1,85,47,36,0,19,36,52,49,1,23,24,0,0,0,0,0
980903,2016,2016-04-10,Eden Gardens,Kolkata,Kolkata Knight Riders,Kolkata Knight Riders,Delhi Daredevils,Delhi Capitals,2,false,Kolkata Knight Riders,field,Kolkata Knight Riders,true,99,1,85,60,15,0,42,11,8,1,47,0,36,19,36,9,0,52,1,49,23,24,6,0,0,0,0,0,0,0,0,98,10,106,35,36,4,23,18,57,54,4,30,28,6,16,2,13,4
980905,2016,2016-04-11,"Punjab Cricket Association IS Bindra Stadium, Mohali",Chandigarh,Kings XI Punjab,Punjab Kings,Gujarat Lions,Gujarat Lions,1,true,Gujarat Lions,field,Gujarat Lions,false,161,6,120,80,14,4,39,7,4,0,52,0,36,15,38,8,1,73,4,54,17,34,4,3,36,2,30,7,8,2,0,162,5,106,57,36,2,15,40,77,54,2,12,40,28,16,1,4,20
980905,2016,2016-04-11,"Punjab Cricket Association IS Bindra Stadium, Mohali",Chandigarh,Gujarat Lions,Gujarat Lions,Kings XI Punjab,Punjab Kings,2,false,Gujarat Lions,field,Gujarat Lions,true,162,5,106,100,22,2,31,6,3,0,57,2,36,15,40,7,2,77,2,54,12,40,10,0,28,1,16,4,20,5,0,161,6,120,52,36,0,15,38,73,54,4,17,34,36,30,2,7,8
980907,2016,2016-04-12,M Chinnaswamy Stadium,Bengaluru,Royal Challengers Bangalore,Royal Challengers Bengaluru,Sunrisers Hyderabad,Sunrisers Hyderabad,1,true,Sunrisers Hyderabad,field,Royal Challengers Bengaluru,true,227,4,120,164,20,14,35,7,4,1,49,1,36,18,36,6,2,107,0,54,7,70,7,7,71,3,30,10,58,7,5,182,6,120,56,36,1,14,34,83,54,4,22,58,43,30,1,11,22
980907,2016,2016-04-12,M Chinnaswamy Stadium,Bengaluru,Sunrisers Hyderabad,Sunrisers Hyderabad,Royal Challengers Bangalore,Royal Challengers Bengaluru,2,false,Sunrisers Hyderabad,field,Royal Challengers Bengaluru,false,182,6,120,114,15,9,47,11,9,0,56,1,36,14,34,4,3,83,4,54,22,58,7,5,43,1,30,11,22,4,1,227,4,120,49,36,1,18,36,107,54,0,7,70,71,30,3,10,58
980909,2016,2016-04-13,Eden Gardens,Kolkata,Kolkata Knight Riders,Kolkata Knight Riders,Mumbai Indians,Mumbai Indians,1,true,Mumbai Indians,field,Mumbai Indians,false,187,5,120,92,11,8,29,10,7,0,40,1,36,14,20,5,0,98,1,54,8,44,2,6,49,3,30,7,28,4,2,188,4,115,53,36,1,16,38,86,54,2,15,48,49,25,1,7,36
980909,2016,2016-04-13,Eden Gardens,Kolkata,Mumbai Indians,Mumbai Indians,Kolkata Knight Riders,Kolkata Knight Riders,2,false,Mumbai Indians,field,Mumbai Indians,true,188,4,115,122,17,9,38,10,8,0,53,1,36,16,38,8,1,86,2,54,15,48,3,6,49,1,25,7,36,6,2,187,5,120,40,36,1,14,20,98,54,1,8,44,49,30,3,7,28
980911,2016,2016-04-14,Saurashtra Cricket Association Stadium,Rajkot,Rising Pune Supergiants,Rising Pune Supergiants,Gujarat Lions,Gujarat Lions,1,true,Rising Pune Supergiants,bat,Gujarat Lions,false,163,5,120,88,13,6,39,2,0,0,57,1,36,12,42,6,3,64,1,54,15,22,4,1,42,3,30,12,24,3,2,164,3,108,62,36,0,13,44,70,54,2,17,30,32,18,1,5,18
980911,2016,2016-04-14,Saurashtra Cricket Association Stadium,Rajkot,Gujarat Lions,Gujarat Lions,Rising Pune Supergiants,Rising Pune Supergiants,2,false,Rising Pune Supergiants,bat,Gujarat Lions,true,164,3,108,92,14,6,35,15,7,1,62,0,36,13,44,8,2,70,2,54,17,30,3,3,32,1,18,5,18,3,1,163,5,120,57,36,1,12,42,64,54,1,15,22,42,30,3,12,24
980913,2016,2016-04-15,Feroz Shah Kotla,Delhi,Kings XI Punjab,Punjab Kings,Delhi Daredevils,Delhi Capitals,1,true,Delhi Capitals,field,Delhi Capitals,false,111,9,120,56,11,2,67,4,3,0,37,1,36,21,24,6,0,36,5,54,33,12,3,0,38,3,30,13,20,2,2,113,2,81,28,36,1,19,12,85,45,1,12,54,0,0,0,0,0
980913,2016,2016-04-15,Feroz Shah Kotla,Delhi,Delhi Daredevils,Delhi Capitals,Kings XI Punjab,Punjab Kings,2,false,Delhi Capitals,field,Delhi Capitals,true,113,2,81,66,12,3,31,10,4,0,28,1,36,19,12,3,0,85,1,45,12,54,9,3,0,0,0,0,0,0,0,111,9,120,37,36,1,21,24,36,54,5,33,12,38,30,3,13,20
980915,2016,2016-04-16,"Rajiv Gandhi International Stadium, Uppal",Hyderabad,Sunrisers Hyderabad,Sunrisers Hyderabad,Kolkata Knight Riders,Kolkata Knight Riders,1,true,Sunrisers Hyderabad,bat,Kolkata Knight Riders,false,142,7,120,66,9,5,48,8,4,1,36,3,36,20,16,4,0,58,1,54,23,26,5,1,48,3,30,5,24,0,4,146,2,110,36,36,0,19,20,76,54,2,13,34,34,20,0,4,22
980915,2016,2016-04-16,"Rajiv Gandhi International Stadium, Uppal",Hyderabad,Kolkata Knight Riders,Kolkata Knight Riders,Sunrisers Hyderabad,Sunrisers Hyderabad,2,false,Sunrisers Hyderabad,bat,Kolkata Knight Riders,true,146,2,110,76,16,2,36,5,5,0,36,0,36,19,20,5,0,76,2,54,13,34,7,1,34,0,20,4,22,4,1,142,7,120,36,36,3,20,16,58,54,1,23,26,48,30,3,5,24
980917,2016,2016-04-16,Wankhede Stadium,Mumbai,Mumbai Indians,Mumbai Indians,Gujarat Lions,Gujarat Lions,1,true,Gujarat Lions,field,Gujarat Lions,false,143,8,120,74,11,5,55,10,6,2,31,2,36,22,20,5,0,51,3,54,26,22,1,3,61,3,30,7,32,5,2,147,7,120,42,36,1,19,30,57,54,3,20,22,48,30,3,8,22
980917,2016,2016-04-16,Wankhede Stadium,Mumbai,Gujarat Lions,Gujarat Lions,Mumbai Indians,Mumbai Indians,2,false,Gujarat Lions,field,Gujarat Lions,true,147,7,120,74,14,3,47,11,3,1,42,1,36,19,30,6,1,57,3,54,20,22,4,1,48,3,30,8,22,4,1,143,8,120,31,36,2,22,20,51,54,3,26,22,61,30,3,7,32
980919,2016,2016-04-17,"Punjab Cricket Association IS Bindra Stadium, Mohali",Chandigarh,Rising Pune Supergiants,Rising Pune Supergiants,Kings XI Punjab,Punjab Kings,1,true,Rising Pune Supergiants,bat,Punjab Kings,false,152,7,120,72,18,0,38,11,3,0,49,1,36,16,36,9,0,60,2,54,15,16,4,0,43,4,30,7,20,5,0,153,4,112,50,36,0,16,34,62,54,3,16,26,41,22,1,4,24
980919,2016,2016-04-17,"Punjab Cricket Association IS Bindra Stadium, Mohali",Chandigarh,Kings XI Punjab,Punjab Kings,Rising Pune Supergiants,Rising Pune Supergiants,2,false,Rising Pune Supergiants,bat,Punjab Kings,true,153,4,112,84,15,4,36,2,2,0,50,0,36,16,34,7,1,62,3,54,16,26,5,1,41,1,22,4,24,3,2,152,7,120,49,36,1,16,36,60,54,2,15,16,43,30,4,7,20
980921,2016,2016-04-17,M Chinnaswamy Stadium,Bengaluru,Royal Challengers Bangalore,Royal Challengers Bengaluru,Delhi Daredevils,Delhi Capitals,1,true,Delhi Capitals,field,Delhi Capitals,false,191,5,120,118,19,7,30,9,1,0,63,1,36,10,46,10,1,80,1,54,11,42,6,3,48,3,30,9,30,3,3,192,3,115,51,36,2,16,28,95,54,0,12,54,46,25,1,4,30
980921,2016,2016-04-17,M Chinnaswamy Stadium,Bengaluru,Delhi Daredevils,Delhi Capitals,Royal Challengers Bangalore,Royal Challengers Bengaluru,2,false,Delhi Capitals,field,Delhi Capitals,true,192,3,115,112,22,4,32,14,10,1,51,2,36,16,28,7,0,95,0,54,12,54,9,3,46,1,25,4,30,6,1,191,5,120,63,36,1,10,46,80,54,1,11,42,48,30,3,9,30
980923,2016,2016-04-18,"Rajiv Gandhi International Stadium, Uppal",Hyderabad,Mumbai Indians,Mumbai Indians,Sunrisers Hyderabad,Sunrisers Hyderabad,1,true,Sunrisers Hyderabad,field,Sunrisers Hyderabad,false,142,6,120,66,9,5,47,8,6,0,40,2,36,19,22,4,1,71,2,54,16,36,3,4,31,2,30,12,8,2,0,145,3,105,33,36,1,18,14,75,54,2,15,34,37,15,0,2,26
980923,2016,2016-04-18,"Rajiv Gandhi International Stadium, Uppal",Hyderabad,Sunrisers Hyderabad,Sunrisers Hyderabad,Mumbai Indians,Mumbai Indians,2,false,Sunrisers Hyderabad,field,Sunrisers Hyderabad,true,145,3,105,74,11,5,35,5,2,1,33,1,36,18,14,2,1,75,2,54,15,34,7,1,37,0,15,2,26,2,3,142,6,120,40,36,2,19,22,71,54,2,16,36,31,30,2,12,8
980925,2016,2016-04-19,"Punjab Cricket Association IS Bindra Stadium, Mohali",Chandigarh,Kings XI Punjab,Punjab Kings,Kolkata Knight Riders,Kolkata Knight Riders,1,true,Kolkata Knight Riders,field,Kolkata Knight Riders,false,138,8,120,52,10,2,43,7,5,0,41,1,36,16,20,5,0,54,4,54,21,16,4,0,43,3,30,6,16,1,2,141,4,103,65,36,0,6,36,52,54,3,21,20,24,13,1,3,16
980925,2016,2016-04-19,"Punjab Cricket Association IS Bindra Stadium, Mohali",Chandigarh,Kolkata Knight Riders,Kolkata Knight Riders,Kings XI Punjab,Punjab Kings,2,false,Kolkata Knight Riders,field,Kolkata Knight Riders,true,141,4,103,72,18,0,30,8,3,0,65,0,36,6,36,9,0,52,3,54,21,20,5,0,24,1,13,3,16,4,0,138,8,120,41,36,1,16,20,54,54,4,21,16,43,30,3,6,16
980927,2016,2016-04-20,Wankhede Stadium,Mumbai,Royal Challengers Bangalore,Royal Challengers Bengaluru,Mumbai Indians,Mumbai Indians,1,true,Mumbai Indians,field,Mumbai Indians,false,170,7,120,90,12,7,41,13,10,0,49,1,36,14,32,5,2,63,3,54,21,28,4,2,58,3,30,6,30,3,3,171,4,108,51,36,1,15,30,77,54,2,14,44,43,18,1,7,38
980927,2016,2016-04-20,Wankhede Stadium,Mumbai,Mumbai Indians,Mumbai Indians,Royal Challengers Bangalore,Royal Challengers Bengaluru,2,false,Mumbai Indians,field,Mumbai Indians,true,171,4,108,112,16,8,36,4,2,1,51,1,36,15,30,6,1,77,2,54,14,44,8,2,43,1,18,7,38,2,5,170,7,120,49,36,1,14,32,63,54,3,21,28,58,30,3,6,30
980929,2016,2016-04-21,Saurashtra Cricket Association Stadium,Rajkot,Gujarat Lions,Gujarat Lions,Sunrisers Hyderabad,Sunrisers Hyderabad,1,true,Sunrisers Hyderabad,field,Sunrisers Hyderabad,false,135,8,120,50,11,1,36,5,3,0,50,1,36,13,30,6,1,54,3,54,13,12,3,0,31,4,30,10,8,2,0,137,0,89,63,36,0,13,32,74,53,0,8,24,0,0,0,0,0
980929,2016,2016-04-21,Saurashtra Cricket Association Stadium,Rajkot,Sunrisers Hyderabad,Sunrisers Hyderabad,Gujarat Lions,Gujarat Lions,2,false,Sunrisers Hyderabad,field,Sunrisers Hyderabad,true,137,0,89,56,14,0,21,10,9,0,63,0,36,13,32,8,0,74,0,53,8,24,6,0,0,0,0,0,0,0,0,135,8,120,50,36,1,13,30,54,54,3,13,12,31,30,4,10,8
980931,2016,2016-04-22,Maharashtra Cricket Association Stadium,Pune,Royal Challengers Bangalore,Royal Challengers Bengaluru,Rising Pune Supergiants,Rising Pune Supergiants,1,true,Rising Pune Supergiants,field,Royal Challengers Bengaluru,true,185,3,120,92,14,6,27,12,11,1,48,1,36,13,30,6,1,80,0,54,7,34,4,3,57,2,30,7,28,4,2,172,9,120,36,36,3,18,20,79,54,1,8,34,57,30,5,8,34
980931,2016,2016-04-22,Maharashtra Cricket Association Stadium,Pune,Rising Pune Supergiants,Rising Pune Supergiants,Royal Challengers Bangalore,Royal Challengers Bengaluru,2,false,Rising Pune Supergiants,field,Royal Challengers Bengaluru,false,172,9,120,88,16,4,34,7,6,0,36,3,36,18,20,5,0,79,1,54,8,34,7,1,57,5,30,8,34,4,3,185,3,120,48,36,1,13,30,80,54,0,7,34,57,30,2,7,28
980933,2016,2016-04-23,Feroz Shah Kotla,Delhi,Delhi Daredevils,Delhi Capitals,Mumbai Indians,Mumbai Indians,1,true,Mumbai Indians,field,Delhi Capitals,true,164,4,120,78,12,5,33,12,8,1,41,1,36,16,22,4,1,69,2,54,10,28,4,2,54,1,30,7,28,4,2,154,7,120,52,36,1,15,40,62,54,3,17,28,40,30,3,8,16
980933,2016,2016-04-23,Feroz Shah Kotla,Delhi,Mumbai Indians,Mumbai Indians,Delhi Daredevils,Delhi Capitals,2,false,Mumbai Indians,field,Delhi Capitals,false,154,7,120,84,15,4,40,3,2,0,52,1,36,15,40,10,0,62,3,54,17,28,4,2,40,3,30,8,16,1,2,164,4,120,41,36,1,16,22,69,54,2,10,28,54,30,1,7,28
980935,2016,2016-04-23,"Rajiv Gandhi International Stadium, Uppal",Hyderabad,Kings XI Punjab,Punjab Kings,Sunrisers Hyderabad,Sunrisers Hyderabad,1,true,Sunrisers Hyderabad,field,Sunrisers Hyderabad,false,143,6,120,72,9,6,47,5,4,0,35,2,36,21,22,4,1,68,3,54,19,34,4,3,40,1,30,7,16,1,2,146,5,107,65,36,0,13,46,54,54,3,21,20,27,17,2,5,14
980935,2016,2016-04-23,"Rajiv Gandhi International Stadium, Uppal",Hyderabad,Sunrisers Hyderabad,Sunrisers Hyderabad,Kings XI Punjab,Punjab Kings,2,false,Sunrisers Hyderabad,field,Sunrisers Hyderabad,true,146,5,107,80,14,4,39,5,5,0,65,0,36,13,46,7,3,54,3,54,21,20,5,0,27,2,17,5,14,2,1,143,6,120,35,36,2,21,22,68,54,3,19,34,40,30,1,7,16
980937,2016,2016-04-24,Saurashtra Cricket Association Stadium,Rajkot,Royal Challengers Bangalore,Royal Challengers Bengaluru,Gujarat Lions,Gujarat Lions,1,true,Royal Challengers Bengaluru,bat,Gujarat Lions,false,180,2,120,96,18,4,27,3,2,0,50,1,36,10,32,8,0,65,1,54,12,22,4,1,65,0,30,5,42,6,3,182,4,117,72,36,1,14,52,64,54,1,12,20,46,27,2,5,18
980937,2016,2016-04-24,Saurashtra Cricket Association Stadium,Rajkot,Gujarat Lions,Gujarat Lions,Royal Challengers Bangalore,Royal Challengers Bengaluru,2,false,Royal Challengers Bengaluru,bat,Gujarat Lions,true,182,4,117,90,15,5,31,14,9,2,72,1,36,14,52,7,4,64,1,54,12,20,5,0,46,2,27,5,18,3,1,180,2,120,50,36,1,10,32,65,54,1,12,22,65,30,0,5,42
980939,2016,2016-04-24,Maharashtra Cricket Association Stadium,Pune,Rising Pune Supergiants,Rising Pune Supergiants,Kolkata Knight Riders,Kolkata Knight Riders,1,true,Kolkata Knight Riders,field,Kolkata Knight Riders,false,160,5,120,74,8,7,34,6,0,0,31,1,36,16,14,2,1,69,2,54,11,22,4,1,60,2,30,7,38,2,5,162,8,117,59,36,2,13,40,55,54,2,17,20,48,27,4,10,32
980939,2016,2016-04-24,Maharashtra Cricket Association Stadium,Pune,Kolkata Knight Riders,Kolkata Knight Riders,Rising Pune Supergiants,Rising Pune Supergiants,2,false,Kolkata Knight Riders,field,Kolkata Knight Riders,true,162,8,117,92,11,8,40,10,10,0,59,2,36,13,40,7,2,55,2,54,17,20,2,2,48,4,27,10,32,2,4,160,5,120,31,36,1,16,14,69,54,2,11,22,60,30,2,7,38
980941,2016,2016-04-25,"Punjab Cricket Association IS Bindra Stadium, Mohali",Chandigarh,Mumbai Indians,Mumbai Indians,Kings XI Punjab,Punjab Kings,1,true,Punjab Kings,field,Mumbai Indians,true,189,6,120,114,18,7,33,5,3,1,39,1,36,17,24,6,0,101,1,54,7,62,8,5,49,4,30,9,28,4,2,164,7,120,40,36,2,13,18,81,54,1,11,40,43,30,4,9,16
980941,2016,2016-04-25,"Punjab Cricket Association IS Bindra Stadium, Mohali",Chandigarh,Kings XI Punjab,Punjab Kings,Mumbai Indians,Mumbai Indians,2,false,Punjab Kings,field,Mumbai Indians,false,164,7,120,74,11,5,33,5,2,1,40,2,36,13,18,3,1,81,1,54,11,40,7,2,43,4,30,9,16,1,2,189,6,120,39,36,1,17,24,101,54,1,7,62,49,30,4,9,28
980943,2016,2016-04-26,"Rajiv Gandhi International Stadium, Uppal",Hyderabad,Sunrisers Hyderabad,Sunrisers Hyderabad,Rising Pune Supergiants,Rising Pune Supergiants,1,true,Rising Pune Supergiants,field,Rising Pune Supergiants,false,118,8,120,42,6,3,54,8,3,0,27,3,36,23,8,2,0,45,2,54,21,10,1,1,46,3,30,10,24,3,2,94,3,66,46,36,1,20,28,48,30,2,11,28,0,0,0,0,0
980943,2016,2016-04-26,"Rajiv Gandhi International Stadium, Uppal",Hyderabad,Rising Pune Supergiants,Rising Pune Supergiants,Sunrisers Hyderabad,Sunrisers Hyderabad,2,false,Rising Pune Supergiants,field,Rising Pune Supergiants,true,94,3,66,56,11,2,31,13,11,0,46,1,36,20,28,7,0,48,2,30,11,28,4,2,0,0,0,0,0,0,0,118,8,120,27,36,3,23,8,45,54,2,21,10,46,30,3,10,24
980945,2016,2016-04-27,Feroz Shah Kotla,Delhi,Gujarat Lions,Gujarat Lions,Delhi Daredevils,Delhi Capitals,1,true,Delhi Capitals,field,Gujarat Lions,true,172,6,120,98,14,7,35,3,1,0,71,0,36,11,54,6,5,61,4,54,17,30,6,1,40,2,30,7,14,2,1,171,5,120,22,36,3,22,8,94,54,1,10,56,55,30,1,7,34
980945,2016,2016-04-27,Feroz Shah Kotla,Delhi,Delhi Daredevils,Delhi Capitals,Gujarat Lions,Gujarat Lions,2,false,Delhi Capitals,field,Gujarat Lions,false,171,5,120,98,11,9,39,3,1,0,22,3,36,22,8,2,0,94,1,54,10,56,5,6,55,1,30,7,34,4,3,172,6,120,71,36,0,11,54,61,54,4,17,30,40,30,2,7,14
980947,2016,2016-04-28,Wankhede Stadium,Mumbai,Kolkata Knight Riders,Kolkata Knight Riders,Mumbai Indians,Mumbai Indians,1,true,Mumbai Indians,field,Mumbai Indians,false,174,5,120,86,17,3,30,1,0,0,59,0,36,8,28,4,2,67,3,54,13,30,6,1,48,2,30,9,28,7,0,178,4,108,64,36,1,13,50,62,54,3,20,36,52,18,0,4,40
980947,2016,2016-04-28,Wankhede Stadium,Mumbai,Mumbai Indians,Mumbai Indians,Kolkata Knight Riders,Kolkata Knight Riders,2,false,Mumbai Indians,field,Mumbai Indians,true,178,4,108,126,18,9,37,5,5,0,64,1,36,13,50,8,3,62,3,54,20,36,9,0,52,0,18,4,40,1,6,174,5,120,59,36,0,8,28,67,54,3,13,30,48,30,2,9,28
980949,2016,2016-04-29,Maharashtra Cricket Association Stadium,Pune,Rising Pune Supergiants,Rising Pune Supergiants,Gujarat Lions,Gujarat Lions,1,true,Gujarat Lions,field,Gujarat Lions,false,195,3,120,102,15,7,27,7,4,1,48,1,36,12,28,7,0,87,1,54,8,34,4,3,60,1,30,7,40,4,4,196,7,120,72,36,0,12,50,75,54,2,9,32,49,30,5,9,24
980949,2016,2016-04-29,Maharashtra Cricket Association Stadium,Pune,Gujarat Lions,Gujarat Lions,Rising Pune Supergiants,Rising Pune Supergiants,2,false,Gujarat Lions,field,Gujarat Lions,true,196,7,120,106,22,3,30,7,7,0,72,0,36,12,50,11,1,75,2,54,9,32,5,2,49,5,30,9,24,6,0,195,3,120,48,36,1,12,28,87,54,1,8,34,60,30,1,7,40
980951,2016,2016-04-30,Feroz Shah Kotla,Delhi,Delhi Daredevils,Delhi Capitals,Kolkata Knight Riders,Kolkata Knight Riders,1,true,Kolkata Knight Riders,field,Delhi Capitals,true,186,8,120,104,17,6,35,10,2,1,37,3,36,18,20,5,0,83,0,54,10,36,9,0,66,5,30,7,48,3,6,159,10,111,43,36,2,11,20,84,54,3,12,36,32,21,5,8,20
980951,2016,2016-04-30,Feroz Shah Kotla,Delhi,Kolkata Knight Riders,Kolkata Knight Riders,Delhi Daredevils,Delhi Capitals,2,false,Kolkata Knight Riders,field,Delhi Capitals,false,159,10,111,76,13,4,31,13,4,6,43,2,36,11,20,5,0,84,3,54,12,36,6,2,32,5,21,8,20,2,2,186,8,120,37,36,3,18,20,83,54,0,10,36,66,30,5,7,48
980953,2016,2016-04-30,"Rajiv Gandhi International Stadium, Uppal",Hyderabad,Sunrisers Hyderabad,Sunrisers Hyderabad,Royal Challengers Bangalore,Royal Challengers Bengaluru,1,true,Royal Challengers Bengaluru,field,Sunrisers Hyderabad,true,194,5,120,124,19,8,36,5,3,1,49,1,36,18,30,6,1,92,0,54,10,58,10,3,53,4,30,8,36,3,4,179,6,120,45,36,1,10,20,87,54,3,13,48,47,30,2,7,24
980953,2016,2016-04-30,"Rajiv Gandhi International Stadium, Uppal",Hyderabad,Royal Challengers Bangalore,Royal Challengers Bengaluru,Sunrisers Hyderabad,Sunrisers Hyderabad,2,false,Royal Challengers Bengaluru,field,Sunrisers Hyderabad,false,179,6,120,92,14,6,30,3,2,0,45,1,36,10,20,5,0,87,3,54,13,48,6,4,47,2,30,7,24,3,2,194,5,120,49,36,1,18,30,92,54,0,10,58,53,30,4,8,36
980955,2016,2016-05-01,Saurashtra Cricket Association Stadium,Rajkot,Kings XI Punjab,Punjab Kings,Gujarat Lions,Gujarat Lions,1,true,Gujarat Lions,field,Punjab Kings,true,154,10,119,66,15,1,38,4,3,0,59,0,36,13,34,7,1,51,5,54,17,12,3,0,44,5,29,8,20,5,0,131,9,120,36,36,2,20,24,51,54,5,20,12,44,30,2,8,20
980955,2016,2016-05-01,Saurashtra Cricket Association Stadium,Rajkot,Gujarat Lions,Gujarat Lions,Kings XI Punjab,Punjab Kings,2,false,Gujarat Lions,field,Punjab Kings,false,131,9,120,56,11,2,48,4,3,0,36,2,36,20,24,3,2,51,5,54,20,12,3,0,44,2,30,8,20,5,0,154,10,119,59,36,0,13,34,51,54,5,17,12,44,29,5,8,20
980957,2016,2016-05-01,Maharashtra Cricket Association Stadium,Pune,Rising Pune Supergiants,Rising Pune Supergiants,Mumbai Indians,Mumbai Indians,1,true,Mumbai Indians,field,Mumbai Indians,false,159,5,120,76,10,6,42,8,7,0,54,1,36,16,36,6,2,66,2,54,18,30,3,3,39,2,30,8,10,1,1,161,2,111,47,36,1,19,34,68,54,1,13,28,46,21,0,1,28
980957,2016,2016-05-01,Maharashtra Cricket Association Stadium,Pune,Mumbai Indians,Mumbai Indians,Rising Pune Supergiants,Rising Pune Supergiants,2,false,Mumbai Indians,field,Mumbai Indians,true,161,2,111,90,15,5,33,6,2,0,47,1,36,19,34,7,1,68,1,54,13,28,4,2,46,0,21,1,28,4,2,159,5,120,54,36,1,16,36,66,54,2,18,30,39,30,2,8,10
980959,2016,2016-05-02,M Chinnaswamy Stadium,Bengaluru,Royal Challengers Bangalore,Royal Challengers Bengaluru,Kolkata Knight Riders,Kolkata Knight Riders,1,true,Kolkata Knight Riders,field,Kolkata Knight Riders,false,185,7,120,114,18,7,37,4,2,2,40,1,36,15,18,3,1,72,2,54,16,40,7,2,73,4,30,6,56,8,4,189,5,115,37,36,2,14,14,86,54,2,17,42,66,25,1,3,50
980959,2016,2016-05-02,M Chinnaswamy Stadium,Bengaluru,Kolkata Knight Riders,Kolkata Knight Riders,Royal Challengers Bangalore,Royal Challengers Bengaluru,2,false,Kolkata Knight Riders,field,Kolkata Knight Riders,true,189,5,115,106,13,9,34,19,13,0,37,2,36,14,14,2,1,86,2,54,17,42,3,5,66,1,25,3,50,8,3,185,7,120,40,36,1,15,18,72,54,2,16,40,73,30,4,6,56
980961,2016,2016-05-03,Saurashtra Cricket Association Stadium,Rajkot,Gujarat Lions,Gujarat Lions,Delhi Daredevils,Delhi Capitals,1,true,Delhi Capitals,field,Delhi Capitals,false,149,7,120,68,14,2,43,6,3,0,35,3,36,20,22,4,1,64,1,54,18,24,6,0,50,3,30,5,22,4,1,150,2,104,61,36,0,9,38,60,54,2,21,32,29,14,0,2,18
980961,2016,2016-05-03,Saurashtra Cricket Association Stadium,Rajkot,Delhi Daredevils,Delhi Capitals,Gujarat Lions,Gujarat Lions,2,false,Delhi Capitals,field,Delhi Capitals,true,150,2,104,88,16,4,32,3,1,1,61,0,36,9,38,8,1,60,2,54,21,32,5,2,29,0,14,2,18,3,1,149,7,120,35,36,3,20,22,64,54,1,18,24,50,30,3,5,22
980963,2016,2016-05-04,Eden Gardens,Kolkata,Kolkata Knight Riders,Kolkata Knight Riders,Kings XI Punjab,Punjab Kings,1,true,Punjab Kings,field,Kolkata Knight Riders,true,164,3,120,82,13,5,29,5,3,0,40,0,36,14,24,6,0,81,1,54,11,42,6,3,43,2,30,4,16,1,2,157,9,120,37,36,3,21,20,80,54,1,17,44,40,30,5,8,20
980963,2016,2016-05-04,Eden Gardens,Kolkata,Kings XI Punjab,Punjab Kings,Kolkata Knight Riders,Kolkata Knight Riders,2,false,Punjab Kings,field,Kolkata Knight Riders,false,157,9,120,84,12,6,46,12,4,0,37,3,36,21,20,5,0,80,1,54,17,44,5,4,40,5,30,8,20,2,2,164,3,120,40,36,0,14,24,81,54,1,11,42,43,30,2,4,16
980965,2016,2016-05-05,Feroz Shah Kotla,Delhi,Delhi Daredevils,Delhi Capitals,Rising Pune Supergiants,Rising Pune Supergiants,1,true,Rising Pune Supergiants,field,Rising Pune Supergiants,false,162,7,120,80,11,6,38,8,6,1,48,2,36,17,32,8,0,64,2,54,12,16,1,2,50,3,30,9,32,2,4,166,3,115,50,36,0,11,30,66,54,2,15,24,50,25,1,4,26
980965,2016,2016-05-05,Feroz Shah Kotla,Delhi,Rising Pune Supergiants,Rising Pune Supergiants,Delhi Daredevils,Delhi Capitals,2,false,Rising Pune Supergiants,field,Rising Pune Supergiants,true,166,3,115,80,11,6,30,11,7,3,50,0,36,11,30,6,1,66,2,54,15,24,3,2,50,1,25,4,26,2,3,162,7,120,48,36,2,17,32,64,54,2,12,16,50,30,3,9,32
980967,2016,2016-05-06,"Rajiv Gandhi International Stadium, Uppal",Hyderabad,Gujarat Lions,Gujarat Lions,Sunrisers Hyderabad,Sunrisers Hyderabad,1,true,Sunrisers Hyderabad,field,Sunrisers Hyderabad,false,126,6,120,50,8,3,49,5,5,0,26,3,36,24,16,1,2,59,2,54,17,16,4,0,41,1,30,8,18,3,1,129,5,114,38,36,2,20,24,53,54,2,24,20,38,24,1,5,20
980967,2016,2016-05-06,"Rajiv Gandhi International Stadium, Uppal",Hyderabad,Sunrisers Hyderabad,Sunrisers Hyderabad,Gujarat Lions,Gujarat Lions,2,false,Sunrisers Hyderabad,field,Sunrisers Hyderabad,true,129,5,114,64,13,2,49,6,3,0,38,2,36,20,24,3,2,53,2,54,24,20,5,0,38,1,24,5,20,5,0,126,6,120,26,36,3,24,16,59,54,2,17,16,41,30,1,8,18
980969,2016,2016-05-07,M Chinnaswamy Stadium,Bengaluru,Rising Pune Supergiants,Rising Pune Supergiants,Royal Challengers Bangalore,Royal Challengers Bengaluru,1,true,Royal Challengers Bengaluru,field,Royal Challengers Bengaluru,false,191,6,120,122,20,7,39,7,6,0,60,1,36,14,48,9,2,78,1,54,15,36,9,0,53,4,30,10,38,2,5,195,3,117,46,36,0,12,22,96,54,2,9,64,53,27,1,7,36
980969,2016,2016-05-07,M Chinnaswamy Stadium,Bengaluru,Royal Challengers Bangalore,Royal Challengers Bengaluru,Rising Pune Supergiants,Rising Pune Supergiants,2,false,Royal Challengers Bengaluru,field,Royal Challengers Bengaluru,true,195,3,117,122,14,11,28,6,0,1,46,0,36,12,22,1,3,96,2,54,9,64,10,4,53,1,27,7,36,3,4,191,6,120,60,36,1,14,48,78,54,1,15,36,53,30,4,10,38
980971,2016,2016-05-07,"Punjab Cricket Association IS Bindra Stadium, Mohali",Chandigarh,Kings XI Punjab,Punjab Kings,Delhi Daredevils,Delhi Capitals,1,true,Delhi Capitals,field,Punjab Kings,true,181,5,120,90,15,5,32,8,3,0,45,1,36,15,24,6,0,74,2,54,12,32,5,2,62,2,30,5,34,4,3,172,5,120,51,36,0,11,30,81,54,2,11,32,40,30,3,12,20
980971,2016,2016-05-07,"Punjab Cricket Association IS Bindra Stadium, Mohali",Chandigarh,Delhi Daredevils,Delhi Capitals,Kings XI Punjab,Punjab Kings,2,false,Delhi Capitals,field,Punjab Kings,false,172,5,120,82,13,5,34,9,3,0,51,0,36,11,30,6,1,81,2,54,11,32,5,2,40,3,30,12,20,2,2,181,5,120,45,36,1,15,24,74,54,2,12,32,62,30,2,5,34
980973,2016,2016-05-08,Dr Y.S. Rajasekhara Reddy ACA-VDCA Cricket Stadium,Visakhapatnam,Sunrisers Hyderabad,Sunrisers Hyderabad,Mumbai Indians,Mumbai Indians,1,true,Mumbai Indians,field,Sunrisers Hyderabad,true,177,3,120,104,20,4,37,5,3,0,51,0,36,11,30,6,1,65,2,54,20,30,6,1,61,1,30,6,44,8,2,92,10,99,32,36,5,23,22,53,54,4,22,20,7,9,1,6,4
980973,2016,2016-05-08,Dr Y.S. Rajasekhara Reddy ACA-VDCA Cricket Stadium,Visakhapatnam,Mumbai Indians,Mumbai Indians,Sunrisers Hyderabad,Sunrisers Hyderabad,2,false,Mumbai Indians,field,Sunrisers Hyderabad,false,92,10,99,46,10,1,51,6,4,0,32,5,36,23,22,4,1,53,4,54,22,20,5,0,7,1,9,6,4,1,0,177,3,120,51,36,0,11,30,65,54,2,20,30,61,30,1,6,44
980975,2016,2016-05-08,Eden Gardens,Kolkata,Kolkata Knight Riders,Kolkata Knight Riders,Gujarat Lions,Gujarat Lions,1,true,Gujarat Lions,field,Gujarat Lions,false,158,4,120,86,14,5,43,6,4,0,28,4,36,24,16,4,0,70,0,54,14,34,7,1,60,0,30,5,36,3,4,164,5,108,46,36,1,21,34,89,54,2,14,60,29,18,2,9,24
980975,2016,2016-05-08,Eden Gardens,Kolkata,Gujarat Lions,Gujarat Lions,Kolkata Knight Riders,Kolkata Knight Riders,2,false,Gujarat Lions,field,Gujarat Lions,true,164,5,108,118,19,7,44,5,5,0,46,1,36,21,34,7,1,89,2,54,14,60,9,4,29,2,18,9,24,3,2,158,4,120,28,36,4,24,16,70,54,0,14,34,60,30,0,5,36
980977,2016,2016-05-09,"Punjab Cricket Association IS Bindra Stadium, Mohali",Chandigarh,Royal Challengers Bangalore,Royal Challengers Bengaluru,Kings XI Punjab,Punjab Kings,1,true,Punjab Kings,field,Royal Challengers Bengaluru,true,175,6,120,78,15,3,31,4,4,0,56,0,36,12,38,8,1,57,3,54,14,8,2,0,62,3,30,5,32,5,2,174,4,120,50,36,1,8,24,73,54,2,13,34,51,30,1,7,30
980977,2016,2016-05-09,"Punjab Cricket Association IS Bindra Stadium, Mohali",Chandigarh,Kings XI Punjab,Punjab Kings,Royal Challengers Bangalore,Royal Challengers Bengaluru,2,false,Punjab Kings,field,Royal Challengers Bengaluru,false,174,4,120,88,19,2,28,5,2,0,50,1,36,8,24,6,0,73,2,54,13,34,7,1,51,1,30,7,30,6,1,175,6,120,56,36,0,12,38,57,54,3,14,8,62,30,3,5,32
980979,2016,2016-05-10,Dr Y.S. Rajasekhara Reddy ACA-VDCA Cricket Stadium,Visakhapatnam,Sunrisers Hyderabad,Sunrisers Hyderabad,Rising Pune Supergiants,Rising Pune Supergiants,1,true,Sunrisers Hyderabad,bat,Sunrisers Hyderabad,true,137,8,120,74,8,7,53,5,4,0,34,1,36,22,20,2,2,62,1,54,21,30,3,3,41,6,30,10,24,3,2,133,8,120,25,36,2,23,16,61,54,3,16,26,47,30,3,5,22
980979,2016,2016-05-10,Dr Y.S. Rajasekhara Reddy ACA-VDCA Cricket Stadium,Visakhapatnam,Rising Pune Supergiants,Rising Pune Supergiants,Sunrisers Hyderabad,Sunrisers Hyderabad,2,false,Sunrisers Hyderabad,bat,Sunrisers Hyderabad,false,133,8,120,64,10,4,44,3,1,0,25,2,36,23,16,4,0,61,3,54,16,26,5,1,47,3,30,5,22,1,3,137,8,120,34,36,1,22,20,62,54,1,21,30,41,30,6,10,24
980981,2016,2016-05-11,M Chinnaswamy Stadium,Bengaluru,Royal Challengers Bangalore,Royal Challengers Bengaluru,Mumbai Indians,Mumbai Indians,1,true,Mumbai Indians,field,Mumbai Indians,false,151,4,120,86,8,9,46,7,2,0,25,2,36,23,14,2,1,66,1,54,18,34,4,3,60,1,30,5,38,2,5,153,4,112,39,36,1,19,22,58,54,2,21,26,56,22,1,3,36
980981,2016,2016-05-11,M Chinnaswamy Stadium,Bengaluru,Mumbai Indians,Mumbai Indians,Royal Challengers Bangalore,Royal Challengers Bengaluru,2,false,Mumbai Indians,field,Mumbai Indians,true,153,4,112,84,9,8,43,10,8,2,39,1,36,19,22,4,1,58,2,54,21,26,2,3,56,1,22,3,36,3,4,151,4,120,25,36,2,23,14,66,54,1,18,34,60,30,1,5,38
980983,2016,2016-05-12,"Rajiv Gandhi International Stadium, Uppal",Hyderabad,Sunrisers Hyderabad,Sunrisers Hyderabad,Delhi Daredevils,Delhi Capitals,1,true,Delhi Capitals,field,Delhi Capitals,false,146,8,120,68,14,2,41,11,3,2,51,0,36,11,26,5,1,62,3,54,20,30,6,1,33,5,30,10,12,3,0,150,3,109,50,36,1,16,38,64,54,2,19,30,36,19,0,6,22
980983,2016,2016-05-12,"Rajiv Gandhi International Stadium, Uppal",Hyderabad,Delhi Daredevils,Delhi Capitals,Sunrisers Hyderabad,Sunrisers Hyderabad,2,false,Delhi Capitals,field,Delhi Capitals,true,150,3,109,90,12,7,41,3,3,0,50,1,36,16,38,8,1,64,2,54,19,30,3,3,36,0,19,6,22,1,3,146,8,120,51,36,0,11,26,62,54,3,20,30,33,30,5,10,12
980985,2016,2016-05-13,Dr Y.S. Rajasekhara Reddy ACA-VDCA Cricket Stadium,Visakhapatnam,Mumbai Indians,Mumbai Indians,Kings XI Punjab,Punjab Kings,1,true,Mumbai Indians,bat,Punjab Kings,false,124,9,120,68,5,8,62,8,2,0,21,2,36,24,10,1,1,59,3,54,25,28,1,4,44,4,30,13,30,3,3,127,3,102,32,36,1,21,20,78,54,0,12,32,17,12,2,4,8
980985,2016,2016-05-13,Dr Y.S. Rajasekhara Reddy ACA-VDCA Cricket Stadium,Visakhapatnam,Kings XI Punjab,Punjab Kings,Mumbai Indians,Mumbai Indians,2,false,Mumbai Indians,bat,Punjab Kings,true,127,3,102,60,12,2,37,11,4,0,32,1,36,21,20,5,0,78,0,54,12,32,5,2,17,2,12,4,8,2,0,124,9,120,21,36,2,24,10,59,54,3,25,28,44,30,4,13,30
980987,2016,2016-05-14,M Chinnaswamy Stadium,Bengaluru,Royal Challengers Bangalore,Royal Challengers Bengaluru,Gujarat Lions,Gujarat Lions,1,true,Gujarat Lions,field,Royal Challengers Bengaluru,true,248,3,120,188,17,20,34,4,1,1,42,1,36,20,32,5,2,94,0,54,9,56,8,4,112,2,30,5,100,4,14,104,10,112,41,36,2,16,26,53,54,6,24,18,10,22,2,16,4
980987,2016,2016-05-14,M Chinnaswamy Stadium,Bengaluru,Gujarat Lions,Gujarat Lions,Royal Challengers Bangalore,Royal Challengers Bengaluru,2,false,Gujarat Lions,field,Royal Challengers Bengaluru,false,104,10,112,48,9,2,56,12,5,3,41,2,36,16,26,5,1,53,6,54,24,18,3,1,10,2,22,16,4,1,0,248,3,120,42,36,1,20,32,94,54,0,9,56,112,30,2,5,100
980989,2016,2016-05-14,Eden Gardens,Kolkata,Rising Pune Supergiants,Rising Pune Supergiants,Kolkata Knight Riders,Kolkata Knight Riders,1,true,Rising Pune Supergiants,bat,Kolkata Knight Riders,false,103,6,106,40,7,2,48,6,1,1,37,2,36,18,20,5,0,57,3,54,18,14,2,1,9,1,16,12,6,0,1,66,2,30,66,30,2,9,42,0,0,0,0,0,0,0,0,0,0
980989,2016,2016-05-14,Eden Gardens,Kolkata,Kolkata Knight Riders,Kolkata Knight Riders,Rising Pune Supergiants,Rising Pune Supergiants,2,false,Rising Pune Supergiants,bat,Kolkata Knight Riders,true,66,2,30,42,6,3,9,10,8,0,66,2,30,9,42,6,3,0,0,0,0,0,0,0,0,0,0,0,0,0,0,103,6,106,37,36,2,18,20,57,54,3,18,14,9,16,1,12,6
980991,2016,2016-05-15,"Punjab Cricket Association IS Bindra Stadium, Mohali",Chandigarh,Kings XI Punjab,Punjab Kings,Sunrisers Hyderabad,Sunrisers Hyderabad,1,true,Punjab Kings,bat,Sunrisers Hyderabad,false,179,4,120,110,23,3,34,3,0,0,47,1,36,13,30,6,1,74,1,54,14,36,9,0,58,2,30,7,44,8,2,180,3,118,55,36,0,9,34,75,54,2,15,34,50,28,1,9,34
980991,2016,2016-05-15,"Punjab Cricket Association IS Bindra Stadium, Mohali",Chandigarh,Sunrisers Hyderabad,Sunrisers Hyderabad,Kings XI Punjab,Punjab Kings,2,false,Punjab Kings,bat,Sunrisers Hyderabad,true,180,3,118,102,15,7,33,9,3,2,55,0,36,9,34,7,1,75,2,54,15,34,7,1,50,1,28,9,34,1,5,179,4,120,47,36,1,13,30,74,54,1,14,36,58,30,2,7,44
980993,2016,2016-05-15,Dr Y.S. Rajasekhara Reddy ACA-VDCA Cricket Stadium,Visakhapatnam,Mumbai Indians,Mumbai Indians,Delhi Daredevils,Delhi Capitals,1,true,Delhi Capitals,field,Mumbai Indians,true,206,4,120,136,13,14,39,7,1,0,45,0,36,16,28,1,4,99,2,54,15,62,8,5,62,2,30,8,46,4,5,126,10,115,49,36,2,14,34,59,54,4,22,30,18,25,4,15,10
980993,2016,2016-05-15,Dr Y.S. Rajasekhara Reddy ACA-VDCA Cricket Stadium,Visakhapatnam,Delhi Daredevils,Delhi Capitals,Mumbai Indians,Mumbai Indians,2,false,Delhi Capitals,field,Mumbai Indians,false,126,10,115,74,11,5,51,3,1,0,49,2,36,14,34,4,3,59,4,54,22,30,6,1,18,4,25,15,10,1,1,206,4,120,45,36,0,16,28,99,54,2,15,62,62,30,2,8,46
980995,2016,2016-05-16,Eden Gardens,Kolkata,Kolkata Knight Riders,Kolkata Knight Riders,Royal Challengers Bangalore,Royal Challengers Bengaluru,1,true,Royal Challengers Bengaluru,field,Royal Challengers Bengaluru,false,183,5,120,100,16,6,32,12,6,0,51,1,36,13,36,9,0,73,3,54,14,28,4,2,59,1,30,5,36,3,4,186,1,112,63,36,0,15,52,72,54,1,18,36,51,22,0,2,32
980995,2016,2016-05-16,Eden Gardens,Kolkata,Royal Challengers Bangalore,Royal Challengers Bengaluru,Kolkata Knight Riders,Kolkata Knight Riders,2,false,Royal Challengers Bengaluru,field,Royal Challengers Bengaluru,true,186,1,112,120,15,10,35,3,1,1,63,0,36,15,52,7,4,72,1,54,18,36,3,4,51,0,22,2,32,5,2,183,5,120,51,36,1,13,36,73,54,3,14,28,59,30,1,5,36
980997,2016,2016-05-17,Dr Y.S. Rajasekhara Reddy ACA-VDCA Cricket Stadium,Visakhapatnam,Delhi Daredevils,Delhi Capitals,Rising Pune Supergiants,Rising Pune Supergiants,1,true,Rising Pune Supergiants,field,Rising Pune Supergiants,false,121,6,120,56,11,2,52,2,2,0,28,2,36,21,16,4,0,45,3,54,24,12,3,0,48,1,30,7,28,4,2,76,1,66,44,36,1,19,28,32,30,0,12,18,0,0,0,0,0
980997,2016,2016-05-17,Dr Y.S. Rajasekhara Reddy ACA-VDCA Cricket Stadium,Visakhapatnam,Rising Pune Supergiants,Rising Pune Supergiants,Delhi Daredevils,Delhi Capitals,2,false,Rising Pune Supergiants,field,Rising Pune Supergiants,true,76,1,66,46,10,1,31,7,4,1,44,1,36,19,28,7,0,32,0,30,12,18,3,1,0,0,0,0,0,0,0,121,6,120,28,36,2,21,16,45,54,3,24,12,48,30,1,7,28
980999,2016,2016-05-18,M Chinnaswamy Stadium,Bengaluru,Royal Challengers Bangalore,Royal Challengers Bengaluru,Kings XI Punjab,Punjab Kings,1,true,Punjab Kings,field,Royal Challengers Bengaluru,true,211,3,90,172,19,16,29,8,6,2,63,0,36,15,52,7,4,148,3,54,14,120,12,12,0,0,0,0,0,0,0,120,9,84,59,36,4,13,40,61,48,5,13,32,0,0,0,0,0
980999,2016,2016-05-18,M Chinnaswamy Stadium,Bengaluru,Kings XI Punjab,Punjab Kings,Royal Challengers Bangalore,Royal Challengers Bengaluru,2,false,Punjab Kings,field,Royal Challengers Bengaluru,false,120,9,84,72,12,4,26,6,5,0,59,4,36,13,40,7,2,61,5,48,13,32,5,2,0,0,0,0,0,0,0,211,3,90,63,36,0,15,52,148,54,3,14,120,0,0,0,0,0
981001,2016,2016-05-19,Green Park,Kanpur,Kolkata Knight Riders,Kolkata Knight Riders,Gujarat Lions,Gujarat Lions,1,true,Gujarat Lions,field,Gujarat Lions,false,124,8,120,64,10,4,53,7,5,0,44,2,36,17,26,5,1,39,3,54,24,10,1,1,41,3,30,12,28,4,2,125,4,81,55,36,3,15,32,70,45,1,15,36,0,0,0,0,0
981001,2016,2016-05-19,Green Park,Kanpur,Gujarat Lions,Gujarat Lions,Kolkata Knight Riders,Kolkata Knight Riders,2,false,Gujarat Lions,field,Gujarat Lions,true,125,4,81,68,11,4,30,17,16,0,55,3,36,15,32,5,2,70,1,45,15,36,6,2,0,0,0,0,0,0,0,124,8,120,44,36,2,17,26,39,54,3,24,10,41,30,3,12,28
981003,2016,2016-05-20,Shaheed Veer Narayan Singh International Stadium,Raipur,Sunrisers Hyderabad,Sunrisers Hyderabad,Delhi Daredevils,Delhi Capitals,1,true,Delhi Capitals,field,Delhi Capitals,false,158,7,120,78,15,3,38,3,1,0,46,1,36,17,32,8,0,69,3,54,13,26,5,1,43,3,30,8,20,2,2,161,4,120,37,36,1,23,20,70,54,1,8,22,54,30,2,7,32
981003,2016,2016-05-20,Shaheed Veer Narayan Singh International Stadium,Raipur,Delhi Daredevils,Delhi Capitals,Sunrisers Hyderabad,Sunrisers Hyderabad,2,false,Delhi Capitals,field,Delhi Capitals,true,161,4,120,74,14,3,38,14,10,0,37,1,36,23,20,5,0,70,1,54,8,22,4,1,54,2,30,7,32,5,2,158,7,120,46,36,1,17,32,69,54,3,13,26,43,30,3,8,20
981005,2016,2016-05-21,Dr Y.S. Rajasekhara Reddy ACA-VDCA Cricket Stadium,Visakhapatnam,Kings XI Punjab,Punjab Kings,Rising Pune Supergiants,Rising Pune Supergiants,1,true,Punjab Kings,bat,Rising Pune Supergiants,false,172,7,120,100,13,8,38,4,3,0,52,0,36,17,36,6,2,68,2,54,12,28,4,2,52,5,30,9,36,3,4,173,6,120,44,36,1,17,30,59,54,4,21,20,70,30,1,8,54
981005,2016,2016-05-21,Dr Y.S. Rajasekhara Reddy ACA-VDCA Cricket Stadium,Visakhapatnam,Rising Pune Supergiants,Rising Pune Supergiants,Kings XI Punjab,Punjab Kings,2,false,Punjab Kings,bat,Rising Pune Supergiants,true,173,6,120,104,14,8,46,8,7,0,44,1,36,17,30,6,1,59,4,54,21,20,2,2,70,1,30,8,54,6,5,172,7,120,52,36,0,17,36,68,54,2,12,28,52,30,5,9,36
981007,2016,2016-05-21,Green Park,Kanpur,Mumbai Indians,Mumbai Indians,Gujarat Lions,Gujarat Lions,1,true,Gujarat Lions,field,Gujarat Lions,false,172,8,120,110,17,7,45,8,4,1,49,3,36,21,44,8,2,85,1,54,13,46,7,3,38,4,30,11,20,2,2,173,4,107,70,36,1,14,58,77,54,3,17,52,26,17,0,6,16
981007,2016,2016-05-21,Green Park,Kanpur,Gujarat Lions,Gujarat Lions,Mumbai Indians,Mumbai Indians,2,false,Gujarat Lions,field,Gujarat Lions,true,173,4,107,126,24,5,37,6,4,0,70,1,36,14,58,10,3,77,3,54,17,52,10,2,26,0,17,6,16,4,0,172,8,120,49,36,3,21,44,85,54,1,13,46,38,30,4,11,20
981009,2016,2016-05-22,Eden Gardens,Kolkata,Kolkata Knight Riders,Kolkata Knight Riders,Sunrisers Hyderabad,Sunrisers Hyderabad,1,true,Sunrisers Hyderabad,field,Kolkata Knight Riders,true,171,6,120,82,13,5,28,4,3,0,48,2,36,11,28,7,0,93,1,54,8,46,4,5,30,3,30,9,8,2,0,149,8,120,48,36,1,16,30,66,54,3,22,34,35,30,4,7,8
981009,2016,2016-05-22,Eden Gardens,Kolkata,Sunrisers Hyderabad,Sunrisers Hyderabad,Kolkata Knight Riders,Kolkata Knight Riders,2,false,Sunrisers Hyderabad,field,Kolkata Knight Riders,false,149,8,120,72,9,6,45,11,3,1,48,1,36,16,30,3,3,66,3,54,22,34,4,3,35,4,30,7,8,2,0,171,6,120,48,36,2,11,28,93,54,1,8,46,30,30,3,9,8
981011,2016,2016-05-22,Shaheed Veer Narayan Singh International Stadium,Raipur,Delhi Daredevils,Delhi Capitals,Royal Challengers Bangalore,Royal Challengers Bengaluru,1,true,Royal Challengers Bengaluru,field,Royal Challengers Bengaluru,false,138,8,120,54,9,3,39,6,4,1,43,2,36,17,24,3,2,55,4,54,15,14,2,1,40,2,30,7,16,4,0,139,4,109,49,36,2,18,30,62,54,2,17,26,28,19,0,6,8
981011,2016,2016-05-22,Shaheed Veer Narayan Singh International Stadium,Raipur,Royal Challengers Bangalore,Royal Challengers Bengaluru,Delhi Daredevils,Delhi Capitals,2,false,Royal Challengers Bengaluru,field,Royal Challengers Bengaluru,true,139,4,109,64,13,2,41,10,10,0,49,2,36,18,30,6,1,62,2,54,17,26,5,1,28,0,19,6,8,2,0,138,8,120,43,36,2,17,24,55,54,4,15,14,40,30,2,7,16
981013,2016,2016-05-24,M Chinnaswamy Stadium,Bengaluru,Gujarat Lions,Gujarat Lions,Royal Challengers Bangalore,Royal Challengers Bengaluru,1,true,Royal Challengers Bengaluru,field,Royal Challengers Bengaluru,false,158,10,120,96,12,8,47,11,5,0,23,3,36,22,12,3,0,81,1,54,16,50,5,5,54,6,30,9,34,4,3,159,6,110,31,36,5,22,14,79,54,1,15,42,49,20,0,3,34
981013,2016,2016-05-24,M Chinnaswamy Stadium,Bengaluru,Royal Challengers Bangalore,Royal Challengers Bengaluru,Gujarat Lions,Gujarat Lions,2,false,Royal Challengers Bengaluru,field,Royal Challengers Bengaluru,true,159,6,110,90,12,7,40,16,8,1,31,5,36,22,14,2,1,79,1,54,15,42,6,3,49,0,20,3,34,4,3,158,10,120,23,36,3,22,12,81,54,1,16,50,54,30,6,9,34
981015,2016,2016-05-25,Feroz Shah Kotla,Delhi,Sunrisers Hyderabad,Sunrisers Hyderabad,Kolkata Knight Riders,Kolkata Knight Riders,1,true,Kolkata Knight Riders,field,Sunrisers Hyderabad,true,162,8,120,98,14,7,45,6,4,0,43,1,36,14,26,5,1,66,2,54,19,34,4,3,53,5,30,12,38,5,3,140,8,120,46,36,1,14,18,64,54,3,14,24,30,30,4,10,8
981015,2016,2016-05-25,Feroz Shah Kotla,Delhi,Kolkata Knight Riders,Kolkata Knight Riders,Sunrisers Hyderabad,Sunrisers Hyderabad,2,false,Kolkata Knight Riders,field,Sunrisers Hyderabad,false,140,8,120,50,8,3,38,9,0,0,46,1,36,14,18,3,1,64,3,54,14,24,3,2,30,4,30,10,8,2,0,162,8,120,43,36,1,14,26,66,54,2,19,34,53,30,5,12,38
981017,2016,2016-05-27,Feroz Shah Kotla,Delhi,Gujarat Lions,Gujarat Lions,Sunrisers Hyderabad,Sunrisers Hyderabad,1,true,Sunrisers Hyderabad,field,Sunrisers Hyderabad,false,162,7,120,106,22,3,49,5,5,0,38,2,36,23,28,7,0,71,3,54,20,46,7,3,53,2,30,6,32,8,0,163,6,116,46,36,2,15,32,70,54,3,19,40,47,26,1,8,30
981017,2016,2016-05-27,Feroz Shah Kotla,Delhi,Sunrisers Hyderabad,Sunrisers Hyderabad,Gujarat Lions,Gujarat Lions,2,false,Sunrisers Hyderabad,field,Sunrisers Hyderabad,true,163,6,116,102,15,7,42,2,1,0,46,2,36,15,32,8,0,70,3,54,19,40,4,4,47,1,26,8,30,3,3,162,7,120,38,36,2,23,28,71,54,3,20,46,53,30,2,6,32
981019,2016,2016-05-29,M Chinnaswamy Stadium,Bengaluru,Sunrisers Hyderabad,Sunrisers Hyderabad,Royal Challengers Bangalore,Royal Challengers Bengaluru,1,true,Sunrisers Hyderabad,bat,Sunrisers Hyderabad,true,208,7,120,140,20,10,36,14,11,0,59,0,36,13,42,6,3,81,3,54,14,50,8,3,68,4,30,9,48,6,4,200,7,120,59,36,0,15,40,99,54,3,13,66,42,30,4,8,20
981019,2016,2016-05-29,M Chinnaswamy Stadium,Bengaluru,Royal Challengers Bangalore,Royal Challengers Bengaluru,Sunrisers Hyderabad,Sunrisers Hyderabad,2,false,Sunrisers Hyderabad,bat,Sunrisers Hyderabad,false,200,7,120,126,12,13,36,9,4,0,59,0,36,15,40,4,4,99,3,54,13,66,6,7,42,4,30,8,20,2,2,208,7,120,59,36,0,13,42,81,54,3,14,50,68,30,4,9,48
1082591,2017,2017-04-05,"Rajiv Gandhi International Stadium, Uppal",Hyderabad,Sunrisers Hyderabad,Sunrisers Hyderabad,Royal Challengers Bangalore,Royal Challengers Bengaluru,1,true,Royal Challengers Bengaluru,field,Sunrisers Hyderabad,true,207,4,120,122,17,9,26,7,5,1,59,1,36,12,38,8,1,92,1,54,7,48,6,4,56,2,30,7,36,3,4,172,10,118,54,36,1,18,40,85,54,4,12,46,33,28,5,14,22
1082591,2017,2017-04-05,"Rajiv Gandhi International Stadium, Uppal",Hyderabad,Royal Challengers Bangalore,Royal Challengers Bengaluru,Sunrisers Hyderabad,Sunrisers Hyderabad,2,false,Royal Challengers Bengaluru,field,Sunrisers Hyderabad,false,172,10,118,108,15,8,44,6,4,1,54,1,36,18,40,7,2,85,4,54,12,46,7,3,33,5,28,14,22,1,3,207,4,120,59,36,1,12,38,92,54,1,7,48,56,30,2,7,36
1082592,2017,2017-04-06,Maharashtra Cricket Association Stadium,Pune,Mumbai Indians,Mumbai Indians,Rising Pune Supergiant,Rising Pune Supergiants,1,true,Rising Pune Supergiants,field,Rising Pune Supergiants,false,184,8,120,114,12,11,41,8,6,0,61,1,36,17,46,7,3,59,4,54,17,20,2,2,64,3,30,7,48,3,6,187,3,119,59,36,1,10,40,80,54,1,13,40,48,29,1,6,28
1082592,2017,2017-04-06,Maharashtra Cricket Association Stadium,Pune,Rising Pune Supergiant,Rising Pune Supergiants,Mumbai Indians,Mumbai Indians,2,false,Rising Pune Supergiants,field,Rising Pune Supergiants,true,187,3,119,108,18,6,29,4,3,0,59,1,36,10,40,7,2,80,1,54,13,40,7,2,48,1,29,6,28,4,2,184,8,120,61,36,1,17,46,59,54,4,17,20,64,30,3,7,48
1082593,2017,2017-04-07,Saurashtra Cricket Association Stadium,Rajkot,Gujarat Lions,Gujarat Lions,Kolkata Knight Riders,Kolkata Knight Riders,1,true,Kolkata Knight Riders,field,Kolkata Knight Riders,false,183,4,120,116,20,6,35,4,2,0,52,1,36,17,38,8,1,73,2,54,13,38,5,3,58,1,30,5,40,7,2,184,0,89,73,36,0,11,56,111,53,0,10,64,0,0,0,0,0
1082593,2017,2017-04-07,Saurashtra Cricket Association Stadium,Rajkot,Kolkata Knight Riders,Kolkata Knight Riders,Gujarat Lions,Gujarat Lions,2,false,Kolkata Knight Riders,field,Kolkata Knight Riders,true,184,0,89,120,18,8,21,15,11,0,73,0,36,11,56,11,2,111,0,53,10,64,7,6,0,0,0,0,0,0,0,183,4,120,52,36,1,17,38,73,54,2,13,38,58,30,1,5,40
1082594,2017,2017-04-08,Holkar Cricket Stadium,Indore,Rising Pune Supergiant,Rising Pune Supergiants,Kings XI Punjab,Punjab Kings,1,true,Punjab Kings,field,Punjab Kings,false,163,6,120,86,11,7,32,6,5,0,35,1,36,15,18,3,1,73,3,54,12,34,4,3,55,2,30,5,34,4,3,164,4,114,56,36,2,13,40,72,54,2,18,36,36,24,0,9,22
1082594,2017,2017-04-08,Holkar Cricket Stadium,Indore,Kings XI Punjab,Punjab Kings,Rising Pune Supergiant,Rising Pune Supergiants,2,false,Punjab Kings,field,Punjab Kings,true,164,4,114,98,11,9,40,10,9,0,56,2,36,13,40,7,2,72,2,54,18,36,3,4,36,0,24,9,22,1,3,163,6,120,35,36,1,15,18,73,54,3,12,34,55,30,2,5,34
1082595,2017,2017-04-08,M Chinnaswamy Stadium,Bengaluru,Royal Challengers Bangalore,Royal Challengers Bengaluru,Delhi Daredevils,Delhi Capitals,1,true,Royal Challengers Bengaluru,bat,Royal Challengers Bengaluru,true,157,8,120,98,14,7,50,6,4,0,41,2,36,21,32,8,0,80,2,54,15,44,5,4,36,4,30,14,22,1,3,142,9,120,43,36,2,15,20,70,54,4,19,36,29,30,3,13,14
1082595,2017,2017-04-08,M Chinnaswamy Stadium,Bengaluru,Delhi Daredevils,Delhi Capitals,Royal Challengers Bangalore,Royal Challengers Bengaluru,2,false,Royal Challengers Bengaluru,bat,Royal Challengers Bengaluru,false,142,9,120,70,10,5,47,5,4,0,43,2,36,15,20,5,0,70,4,54,19,36,3,4,29,3,30,13,14,2,1,157,8,120,41,36,2,21,32,80,54,2,15,44,36,30,4,14,22
1082596,2017,2017-04-09,"Rajiv Gandhi International Stadium, Uppal",Hyderabad,Gujarat Lions,Gujarat Lions,Sunrisers Hyderabad,Sunrisers Hyderabad,1,true,Sunrisers Hyderabad,field,Sunrisers Hyderabad,false,135,7,120,56,11,2,36,3,0,0,40,2,36,14,20,5,0,62,2,54,15,26,5,1,33,3,30,7,10,1,1,140,1,93,59,36,1,14,42,72,54,0,13,30,9,3,0,0,6
1082596,2017,2017-04-09,"Rajiv Gandhi International Stadium, Uppal",Hyderabad,Sunrisers Hyderabad,Sunrisers Hyderabad,Gujarat Lions,Gujarat Lions,2,false,Sunrisers Hyderabad,field,Sunrisers Hyderabad,true,140,1,93,78,12,5,27,3,3,0,59,1,36,14,42,6,3,72,0,54,13,30,6,1,9,0,3,0,6,0,1,135,7,120,40,36,2,14,20,62,54,2,15,26,33,30,3,7,10
1082597,2017,2017-04-09,Wankhede Stadium,Mumbai,Kolkata Knight Riders,Kolkata Knight Riders,Mumbai Indians,Mumbai Indians,1,true,Mumbai Indians,field,Mumbai Indians,false,178,7,120,92,14,6,35,9,5,3,59,2,36,13,34,7,1,58,2,54,17,22,4,1,61,3,30,5,36,3,4,180,6,119,49,36,0,15,22,66,54,4,28,44,65,29,2,5,48
1082597,2017,2017-04-09,Wankhede Stadium,Mumbai,Mumbai Indians,Mumbai Indians,Kolkata Knight Riders,Kolkata Knight Riders,2,false,Mumbai Indians,field,Mumbai Indians,true,180,6,119,114,15,9,48,12,7,0,49,0,36,15,22,4,1,66,4,54,28,44,5,4,65,2,29,5,48,6,4,178,7,120,59,36,2,13,34,58,54,2,17,22,61,30,3,5,36
1082598,2017,2017-04-10,Holkar Cricket Stadium,Indore,Royal Challengers Bangalore,Royal Challengers Bengaluru,Kings XI Punjab,Punjab Kings,1,true,Royal Challengers Bengaluru,bat,Punjab Kings,false,148,4,120,90,6,11,53,4,3,0,23,3,36,24,14,2,1,48,1,54,22,14,2,1,77,0,30,7,62,2,9,150,2,87,62,36,1,9,40,88,51,1,12,58,0,0,0,0,0
1082598,2017,2017-04-10,Holkar Cricket Stadium,Indore,Kings XI Punjab,Punjab Kings,Royal Challengers Bangalore,Royal Challengers Bengaluru,2,false,Royal Challengers Bengaluru,bat,Punjab Kings,true,150,2,87,98,11,9,21,6,2,0,62,1,36,9,40,7,2,88,1,51,12,58,4,7,0,0,0,0,0,0,0,148,4,120,23,36,3,24,14,48,54,1,22,14,77,30,0,7,62
1082599,2017,2017-04-11,Maharashtra Cricket Association Stadium,Pune,Delhi Daredevils,Delhi Capitals,Rising Pune Supergiant,Rising Pune Supergiants,1,true,Rising Pune Supergiants,field,Delhi Capitals,true,205,4,120,128,17,10,32,8,5,0,62,1,36,10,40,10,0,61,1,54,16,22,1,3,82,2,30,6,66,6,7,108,10,97,50,36,3,10,20,56,54,5,26,32,2,7,2,5,0
1082599,2017,2017-04-11,Maharashtra Cricket Association Stadium,Pune,Rising Pune Supergiant,Rising Pune Supergiants,Delhi Daredevils,Delhi Capitals,2,false,Rising Pune Supergiants,field,Delhi Capitals,false,108,10,97,52,7,4,41,5,4,0,50,3,36,10,20,5,0,56,5,54,26,32,2,4,2,2,7,5,0,0,0,205,4,120,62,36,1,10,40,61,54,1,16,22,82,30,2,6,66
1082600,2017,2017-04-12,Wankhede Stadium,Mumbai,Sunrisers Hyderabad,Sunrisers Hyderabad,Mumbai Indians,Mumbai Indians,1,true,Mumbai Indians,field,Mumbai Indians,false,158,8,120,90,18,3,45,11,5,1,34,0,36,19,20,5,0,84,3,54,18,54,9,3,40,5,30,8,16,4,0,159,6,112,61,36,2,14,46,60,54,2,18,26,38,22,2,7,28
1082600,2017,2017-04-12,Wankhede Stadium,Mumbai,Mumbai Indians,Mumbai Indians,Sunrisers Hyderabad,Sunrisers Hyderabad,2,false,Mumbai Indians,field,Mumbai Indians,true,159,6,112,100,16,6,39,4,1,0,61,2,36,14,46,10,1,60,2,54,18,26,2,3,38,2,22,7,28,4,2,158,8,120,34,36,0,19,20,84,54,3,18,54,40,30,5,8,16
1082601,2017,2017-04-13,Eden Gardens,Kolkata,Kings XI Punjab,Punjab Kings,Kolkata Knight Riders,Kolkata Knight Riders,1,true,Kolkata Knight Riders,field,Kolkata Knight Riders,false,170,9,120,108,18,6,54,16,13,2,57,1,36,20,38,8,1,77,3,54,20,48,6,4,36,5,30,14,22,4,1,171,2,99,76,36,1,15,62,81,54,1,7,38,14,9,0,3,10
1082601,2017,2017-04-13,Eden Gardens,Kolkata,Kolkata Knight Riders,Kolkata Knight Riders,Kings XI Punjab,Punjab Kings,2,false,Kolkata Knight Riders,field,Kolkata Knight Riders,true,171,2,99,110,20,5,25,11,5,0,76,1,36,15,62,11,3,81,1,54,7,38,8,1,14,0,9,3,10,1,1,170,9,120,57,36,1,20,38,77,54,3,20,48,36,30,5,14,22
1082602,2017,2017-04-14,M Chinnaswamy Stadium,Bengaluru,Royal Challengers Bangalore,Royal Challengers Bengaluru,Mumbai Indians,Mumbai Indians,1,true,Mumbai Indians,field,Mumbai Indians,false,142,5,120,52,7,4,41,11,3,1,41,0,36,16,22,4,1,69,1,54,15,30,3,3,32,4,30,10,0,0,0,145,6,113,21,36,4,20,4,70,54,1,16,34,54,23,1,5,32
1082602,2017,2017-04-14,M Chinnaswamy Stadium,Bengaluru,Mumbai Indians,Mumbai Indians,Royal Challengers Bangalore,Royal Challengers Bengaluru,2,false,Mumbai Indians,field,Mumbai Indians,true,145,6,113,70,7,7,41,13,7,0,21,4,36,20,4,1,0,70,1,54,16,34,4,3,54,1,23,5,32,2,4,142,5,120,41,36,0,16,22,69,54,1,15,30,32,30,4,10,0
1082603,2017,2017-04-14,Saurashtra Cricket Association Stadium,Rajkot,Rising Pune Supergiant,Rising Pune Supergiants,Gujarat Lions,Gujarat Lions,1,true,Gujarat Lions,field,Gujarat Lions,false,171,8,120,96,15,6,37,5,4,0,64,2,36,15,50,8,3,62,3,54,14,26,5,1,45,3,30,8,20,2,2,172,3,108,61,36,0,15,50,72,54,3,22,44,39,18,0,4,28
1082603,2017,2017-04-14,Saurashtra Cricket Association Stadium,Rajkot,Gujarat Lions,Gujarat Lions,Rising Pune Supergiant,Rising Pune Supergiants,2,false,Gujarat Lions,field,Gujarat Lions,true,172,3,108,122,20,7,41,5,4,0,61,0,36,15,50,8,3,72,3,54,22,44,8,2,39,0,18,4,28,4,2,171,8,120,64,36,2,15,50,62,54,3,14,26,45,30,3,8,20
1082604,2017,2017-04-15,Eden Gardens,Kolkata,Kolkata Knight Riders,Kolkata Knight Riders,Sunrisers Hyderabad,Sunrisers Hyderabad,1,true,Sunrisers Hyderabad,field,Kolkata Knight Riders,true,172,6,120,94,13,7,40,11,10,0,40,2,36,17,22,4,1,84,1,54,11,42,6,3,48,3,30,12,30,3,3,155,6,120,45,36,0,17,32,68,54,5,22,42,42,30,1,9,20
1082604,2017,2017-04-15,Eden Gardens,Kolkata,Sunrisers Hyderabad,Sunrisers Hyderabad,Kolkata Knight Riders,Kolkata Knight Riders,2,false,Sunrisers Hyderabad,field,Kolkata Knight Riders,false,155,6,120,94,16,5,48,7,4,0,45,0,36,17,32,8,0,68,5,54,22,42,6,3,42,1,30,9,20,2,2,172,6,120,40,36,2,17,22,84,54,1,11,42,48,30,3,12,30
1082605,2017,2017-04-15,Feroz Shah Kotla,Delhi,Delhi Daredevils,Delhi Capitals,Kings XI Punjab,Punjab Kings,1,true,Delhi Capitals,bat,Delhi Capitals,true,188,6,120,122,23,5,41,10,4,4,49,0,36,16,38,8,1,71,4,54,18,36,9,0,68,2,30,7,48,6,4,137,9,120,40,36,3,15,24,63,54,3,16,26,34,30,3,9,12
1082605,2017,2017-04-15,Feroz Shah Kotla,Delhi,Kings XI Punjab,Punjab Kings,Delhi Daredevils,Delhi Capitals,2,false,Delhi Capitals,bat,Delhi Capitals,false,137,9,120,62,11,3,40,2,1,0,40,3,36,15,24,6,0,63,3,54,16,26,5,1,34,3,30,9,12,0,2,188,6,120,49,36,0,16,38,71,54,4,18,36,68,30,2,7,48
1082606,2017,2017-04-16,Wankhede Stadium,Mumbai,Gujarat Lions,Gujarat Lions,Mumbai Indians,Mumbai Indians,1,true,Mumbai Indians,field,Mumbai Indians,false,176,4,120,84,12,6,36,11,8,2,46,1,36,17,28,4,2,74,2,54,14,28,4,2,56,1,30,5,28,4,2,177,4,117,56,36,1,14,30,76,54,2,14,38,45,27,1,4,24
1082606,2017,2017-04-16,Wankhede Stadium,Mumbai,Mumbai Indians,Mumbai Indians,Gujarat Lions,Gujarat Lions,2,false,Mumbai Indians,field,Mumbai Indians,true,177,4,117,92,11,8,32,13,10,0,56,1,36,14,30,3,3,76,2,54,14,38,5,3,45,1,27,4,24,3,2,176,4,120,46,36,1,17,28,74,54,2,14,28,56,30,1,5,28
1082607,2017,2017-04-16,M Chinnaswamy Stadium,Bengaluru,Rising Pune Supergiant,Rising Pune Supergiants,Royal Challengers Bangalore,Royal Challengers Bengaluru,1,true,Royal Challengers Bengaluru,field,Rising Pune Supergiants,true,161,8,120,92,17,4,43,13,7,0,55,0,36,12,34,7,1,62,2,54,19,26,5,1,44,6,30,12,32,5,2,134,9,120,42,36,2,19,28,50,54,2,17,6,42,30,5,10,24
1082607,2017,2017-04-16,M Chinnaswamy Stadium,Bengaluru,Royal Challengers Bangalore,Royal Challengers Bengaluru,Rising Pune Supergiant,Rising Pune Supergiants,2,false,Royal Challengers Bengaluru,field,Rising Pune Supergiants,false,134,9,120,58,7,5,46,8,5,0,42,2,36,19,28,4,2,50,2,54,17,6,0,1,42,5,30,10,24,3,2,161,8,120,55,36,0,12,34,62,54,2,19,26,44,30,6,12,32
1082608,2017,2017-04-17,Feroz Shah Kotla,Delhi,Delhi Daredevils,Delhi Capitals,Kolkata Knight Riders,Kolkata Knight Riders,1,true,Delhi Capitals,bat,Kolkata Knight Riders,false,168,7,120,100,19,4,35,3,2,0,53,0,36,9,32,8,0,57,4,54,17,24,6,0,58,3,30,9,44,5,4,169,6,119,49,36,3,13,32,86,54,1,14,44,34,29,2,6,6
1082608,2017,2017-04-17,Feroz Shah Kotla,Delhi,Kolkata Knight Riders,Kolkata Knight Riders,Delhi Daredevils,Delhi Capitals,2,false,Delhi Capitals,bat,Kolkata Knight Riders,true,169,6,119,82,13,5,33,11,8,0,49,3,36,13,32,8,0,86,1,54,14,44,5,4,34,2,29,6,6,0,1,168,7,120,53,36,0,9,32,57,54,4,17,24,58,30,3,9,44
1082609,2017,2017-04-17,"Rajiv Gandhi International Stadium, Uppal",Hyderabad,Sunrisers Hyderabad,Sunrisers Hyderabad,Kings XI Punjab,Punjab Kings,1,true,Punjab Kings,field,Sunrisers Hyderabad,true,159,6,120,68,11,4,38,11,6,0,29,1,36,16,4,1,0,79,2,54,15,36,6,2,51,3,30,7,28,4,2,154,10,118,51,36,2,16,32,53,54,4,26,24,50,28,4,10,30
1082609,2017,2017-04-17,"Rajiv Gandhi International Stadium, Uppal",Hyderabad,Kings XI Punjab,Punjab Kings,Sunrisers Hyderabad,Sunrisers Hyderabad,2,false,Punjab Kings,field,Sunrisers Hyderabad,false,154,10,118,86,11,7,52,10,5,1,51,2,36,16,32,5,2,53,4,54,26,24,3,2,50,4,28,10,30,3,3,159,6,120,29,36,1,16,4,79,54,2,15,36,51,30,3,7,28
1082610,2017,2017-04-18,Saurashtra Cricket Association Stadium,Rajkot,Royal Challengers Bangalore,Royal Challengers Bengaluru,Gujarat Lions,Gujarat Lions,1,true,Gujarat Lions,field,Royal Challengers Bengaluru,true,213,2,120,142,19,11,35,4,3,0,45,0,36,15,30,6,1,108,1,54,12,72,6,8,60,1,30,8,40,7,2,192,7,120,57,36,2,14,42,82,54,3,17,50,53,30,2,8,32
1082610,2017,2017-04-18,Saurashtra Cricket Association Stadium,Rajkot,Gujarat Lions,Gujarat Lions,Royal Challengers Bangalore,Royal Challengers Bengaluru,2,false,Gujarat Lions,field,Royal Challengers Bengaluru,false,192,7,120,124,10,14,39,8,6,0,57,2,36,14,42,3,5,82,3,54,17,50,5,5,53,2,30,8,32,2,4,213,2,120,45,36,0,15,30,108,54,1,12,72,60,30,1,8,40
1082611,2017,2017-04-19,"Rajiv Gandhi International Stadium, Uppal",Hyderabad,Sunrisers Hyderabad,Sunrisers Hyderabad,Delhi Daredevils,Delhi Capitals,1,true,Sunrisers Hyderabad,bat,Sunrisers Hyderabad,true,191,4,120,102,15,7,24,4,1,2,39,1,36,13,16,4,0,96,0,54,7,50,5,5,56,3,30,4,36,6,2,176,5,120,56,36,1,17,48,71,54,3,13,34,49,30,1,5,26
1082611,2017,2017-04-19,"Rajiv Gandhi International Stadium, Uppal",Hyderabad,Delhi Daredevils,Delhi Capitals,Sunrisers Hyderabad,Sunrisers Hyderabad,2,false,Sunrisers Hyderabad,bat,Sunrisers Hyderabad,false,176,5,120,108,18,6,35,7,2,0,56,1,36,17,48,9,2,71,3,54,13,34,4,3,49,1,30,5,26,5,1,191,4,120,39,36,1,13,16,96,54,0,7,50,56,30,3,4,36
1082612,2017,2017-04-20,Holkar Cricket Stadium,Indore,Kings XI Punjab,Punjab Kings,Mumbai Indians,Mumbai Indians,1,true,Mumbai Indians,field,Mumbai Indians,false,198,4,120,122,17,9,35,12,5,2,46,1,36,15,30,6,1,93,1,54,10,52,7,4,59,2,30,10,40,4,4,199,2,93,82,36,1,6,64,109,54,1,9,72,8,3,0,1,6
1082612,2017,2017-04-20,Holkar Cricket Stadium,Indore,Mumbai Indians,Mumbai Indians,Kings XI Punjab,Punjab Kings,2,false,Mumbai Indians,field,Mumbai Indians,true,199,2,93,142,13,15,16,8,5,0,82,1,36,6,64,10,4,109,1,54,9,72,3,10,8,0,3,1,6,0,1,198,4,120,46,36,1,15,30,93,54,1,10,52,59,30,2,10,40
1082613,2017,2017-04-21,Eden Gardens,Kolkata,Kolkata Knight Riders,Kolkata Knight Riders,Gujarat Lions,Gujarat Lions,1,true,Gujarat Lions,field,Gujarat Lions,false,187,5,120,116,23,4,30,3,1,0,65,1,36,12,54,12,1,76,1,54,10,36,6,2,46,3,30,8,26,5,1,188,6,110,72,36,1,10,54,74,54,4,15,44,42,20,1,5,30
1082613,2017,2017-04-21,Eden Gardens,Kolkata,Gujarat Lions,Gujarat Lions,Kolkata Knight Riders,Kolkata Knight Riders,2,false,Gujarat Lions,field,Gujarat Lions,true,188,6,110,128,20,8,30,5,0,1,72,1,36,10,54,9,3,74,4,54,15,44,8,2,42,1,20,5,30,3,3,187,5,120,65,36,1,12,54,76,54,1,10,36,46,30,3,8,26
1082614,2017,2017-04-22,Wankhede Stadium,Mumbai,Mumbai Indians,Mumbai Indians,Delhi Daredevils,Delhi Capitals,1,true,Delhi Capitals,field,Mumbai Indians,true,142,8,120,68,11,4,51,16,10,1,48,2,36,18,28,4,2,54,3,54,24,20,5,0,40,3,30,9,20,2,2,128,7,120,23,36,5,26,12,68,54,1,17,34,37,30,1,7,14
1082614,2017,2017-04-22,Wankhede Stadium,Mumbai,Delhi Daredevils,Delhi Capitals,Mumbai Indians,Mumbai Indians,2,false,Delhi Capitals,field,Mumbai Indians,false,128,7,120,60,12,2,50,8,5,0,23,5,36,26,12,3,0,68,1,54,17,34,7,1,37,1,30,7,14,2,1,142,8,120,48,36,2,18,28,54,54,3,24,20,40,30,3,9,20
1082615,2017,2017-04-22,Maharashtra Cricket Association Stadium,Pune,Sunrisers Hyderabad,Sunrisers Hyderabad,Rising Pune Supergiant,Rising Pune Supergiants,1,true,Rising Pune Supergiants,field,Rising Pune Supergiants,false,176,3,120,98,17,5,34,8,3,1,45,0,36,12,24,6,0,68,2,54,18,28,4,2,63,1,30,4,46,7,3,179,4,120,55,36,1,16,42,60,54,2,18,30,64,30,1,2,40
1082615,2017,2017-04-22,Maharashtra Cricket Association Stadium,Pune,Rising Pune Supergiant,Rising Pune Supergiants,Sunrisers Hyderabad,Sunrisers Hyderabad,2,false,Rising Pune Supergiants,field,Rising Pune Supergiants,true,179,4,120,112,16,8,36,3,1,0,55,1,36,16,42,6,3,60,2,54,18,30,3,3,64,1,30,2,40,7,2,176,3,120,45,36,0,12,24,68,54,2,18,28,63,30,1,4,46
1082616,2017,2017-04-23,Saurashtra Cricket Association Stadium,Rajkot,Kings XI Punjab,Punjab Kings,Gujarat Lions,Gujarat Lions,1,true,Gujarat Lions,field,Punjab Kings,true,188,7,120,122,17,9,35,5,1,0,50,1,36,15,38,8,1,85,3,54,14,54,6,5,53,3,30,6,30,3,3,162,7,120,50,36,2,14,30,71,54,4,12,30,41,30,1,7,16
1082616,2017,2017-04-23,Saurashtra Cricket Association Stadium,Rajkot,Gujarat Lions,Gujarat Lions,Kings XI Punjab,Punjab Kings,2,false,Gujarat Lions,field,Punjab Kings,false,162,7,120,76,16,2,33,7,4,0,50,2,36,14,30,6,1,71,4,54,12,30,6,1,41,1,30,7,16,4,0,188,7,120,50,36,1,15,38,85,54,3,14,54,53,30,3,6,30
1082617,2017,2017-04-23,Eden Gardens,Kolkata,Kolkata Knight Riders,Kolkata Knight Riders,Royal Challengers Bangalore,Royal Challengers Bengaluru,1,true,Royal Challengers Bengaluru,field,Kolkata Knight Riders,true,131,10,117,68,14,2,53,8,8,0,65,2,36,15,48,9,2,42,4,54,25,12,3,0,24,4,27,13,8,2,0,49,10,58,39,36,4,22,28,10,22,6,17,4,0,0,0,0,0
1082617,2017,2017-04-23,Eden Gardens,Kolkata,Royal Challengers Bangalore,Royal Challengers Bengaluru,Kolkata Knight Riders,Kolkata Knight Riders,2,false,Royal Challengers Bengaluru,field,Kolkata Knight Riders,false,49,10,58,32,8,0,39,7,2,2,39,4,36,22,28,7,0,10,6,22,17,4,1,0,0,0,0,0,0,0,0,131,10,117,65,36,2,15,48,42,54,4,25,12,24,27,4,13,8
1082618,2017,2017-04-24,Wankhede Stadium,Mumbai,Rising Pune Supergiant,Rising Pune Supergiants,Mumbai Indians,Mumbai Indians,1,true,Mumbai Indians,field,Rising Pune Supergiants,true,160,6,120,86,17,3,41,4,2,0,48,0,36,16,32,5,2,72,3,54,12,30,6,1,40,3,30,13,24,6,0,157,8,120,44,36,1,16,28,69,54,3,19,40,44,30,4,9,26
1082618,2017,2017-04-24,Wankhede Stadium,Mumbai,Mumbai Indians,Mumbai Indians,Rising Pune Supergiant,Rising Pune Supergiants,2,false,Mumbai Indians,field,Rising Pune Supergiants,false,157,8,120,94,16,5,44,6,3,0,44,1,36,16,28,7,0,69,3,54,19,40,7,2,44,4,30,9,26,2,3,160,6,120,48,36,0,16,32,72,54,3,12,30,40,30,3,13,24
1082620,2017,2017-04-26,Maharashtra Cricket Association Stadium,Pune,Rising Pune Supergiant,Rising Pune Supergiants,Kolkata Knight Riders,Kolkata Knight Riders,1,true,Kolkata Knight Riders,field,Kolkata Knight Riders,false,182,5,120,100,16,6,32,7,6,0,57,0,36,11,38,8,1,72,2,54,14,34,7,1,53,3,30,7,28,1,4,184,3,109,45,36,1,15,28,114,54,0,4,66,25,19,2,8,16
1082620,2017,2017-04-26,Maharashtra Cricket Association Stadium,Pune,Kolkata Knight Riders,Kolkata Knight Riders,Rising Pune Supergiant,Rising Pune Supergiants,2,false,Kolkata Knight Riders,field,Kolkata Knight Riders,true,184,3,109,110,17,7,27,13,9,0,45,1,36,15,28,7,0,114,0,54,4,66,9,5,25,2,19,8,16,1,2,182,5,120,57,36,0,11,38,72,54,2,14,34,53,30,3,7,28
1082621,2017,2017-04-27,M Chinnaswamy Stadium,Bengaluru,Royal Challengers Bangalore,Royal Challengers Bengaluru,Gujarat Lions,Gujarat Lions,1,true,Gujarat Lions,field,Gujarat Lions,false,134,10,120,60,9,4,45,12,3,0,35,3,36,21,22,4,1,72,4,54,16,34,4,3,27,3,30,8,4,1,0,135,3,83,49,36,2,18,36,86,47,1,13,58,0,0,0,0,0
1082621,2017,2017-04-27,M Chinnaswamy Stadium,Bengaluru,Gujarat Lions,Gujarat Lions,Royal Challengers Bangalore,Royal Challengers Bengaluru,2,false,Gujarat Lions,field,Gujarat Lions,true,135,3,83,94,13,7,31,8,4,2,49,2,36,18,36,6,2,86,1,47,13,58,7,5,0,0,0,0,0,0,0,134,10,120,35,36,3,21,22,72,54,4,16,34,27,30,3,8,4
1082622,2017,2017-04-28,Eden Gardens,Kolkata,Delhi Daredevils,Delhi Capitals,Kolkata Knight Riders,Kolkata Knight Riders,1,true,Kolkata Knight Riders,field,Kolkata Knight Riders,false,160,6,120,80,14,4,36,7,6,0,53,1,36,14,34,7,1,78,1,54,10,34,4,3,29,4,30,12,12,3,0,161,3,98,47,36,1,12,20,93,54,2,15,68,21,8,0,1,16
1082622,2017,2017-04-28,Eden Gardens,Kolkata,Kolkata Knight Riders,Kolkata Knight Riders,Delhi Daredevils,Delhi Capitals,2,false,Kolkata Knight Riders,field,Kolkata Knight Riders,true,161,3,98,104,20,4,28,10,1,0,47,1,36,12,20,5,0,93,2,54,15,68,11,4,21,0,8,1,16,4,0,160,6,120,53,36,1,14,34,78,54,1,10,34,29,30,4,12,12
1082623,2017,2017-04-28,"Punjab Cricket Association IS Bindra Stadium, Mohali",Chandigarh,Sunrisers Hyderabad,Sunrisers Hyderabad,Kings XI Punjab,Punjab Kings,1,true,Punjab Kings,field,Sunrisers Hyderabad,true,207,3,120,118,19,7,23,3,2,0,60,0,36,12,42,6,3,95,2,54,6,50,8,3,52,1,30,5,26,5,1,181,9,120,59,36,3,15,48,79,54,2,16,52,43,30,4,7,24
1082623,2017,2017-04-28,"Punjab Cricket Association IS Bindra Stadium, Mohali",Chandigarh,Kings XI Punjab,Punjab Kings,Sunrisers Hyderabad,Sunrisers Hyderabad,2,false,Punjab Kings,field,Sunrisers Hyderabad,false,181,9,120,124,25,4,38,5,0,1,59,3,36,15,48,9,2,79,2,54,16,52,10,2,43,4,30,7,24,6,0,207,3,120,60,36,0,12,42,95,54,2,6,50,52,30,1,5,26
1082624,2017,2017-04-29,Maharashtra Cricket Association Stadium,Pune,Rising Pune Supergiant,Rising Pune Supergiants,Royal Challengers Bangalore,Royal Challengers Bengaluru,1,true,Royal Challengers Bengaluru,field,Rising Pune Supergiants,true,157,3,120,80,14,4,40,4,3,0,43,1,36,16,26,5,1,68,2,54,18,32,5,2,46,0,30,6,22,4,1,96,9,120,39,36,2,15,20,32,54,5,25,0,25,30,2,17,10
1082624,2017,2017-04-29,Maharashtra Cricket Association Stadium,Pune,Royal Challengers Bangalore,Royal Challengers Bengaluru,Rising Pune Supergiant,Rising Pune Supergiants,2,false,Royal Challengers Bengaluru,field,Rising Pune Supergiants,false,96,9,120,30,6,1,57,4,2,0,39,2,36,15,20,5,0,32,5,54,25,0,0,0,25,2,30,17,10,1,1,157,3,120,43,36,1,16,26,68,54,2,18,32,46,30,0,6,22
1082625,2017,2017-04-29,Saurashtra Cricket Association Stadium,Rajkot,Gujarat Lions,Gujarat Lions,Mumbai Indians,Mumbai Indians,1,true,Gujarat Lions,bat,Unknown,false,153,9,120,88,13,6,53,11,7,3,48,3,36,19,36,6,2,52,3,54,25,18,3,1,53,3,30,9,34,4,3,153,10,120,61,36,1,14,44,53,54,3,19,20,39,30,6,8,18
1082625,2017,2017-04-29,Saurashtra Cricket Association Stadium,Rajkot,Mumbai Indians,Mumbai Indians,Gujarat Lions,Gujarat Lions,2,false,Gujarat Lions,bat,Unknown,false,153,10,120,82,16,3,41,1,1,0,61,1,36,14,44,8,2,53,3,54,19,20,5,0,39,6,30,8,18,3,1,153,9,120,48,36,3,19,36,52,54,3,25,18,53,30,3,9,34
1082625,2017,2017-04-29,Saurashtra Cricket Association Stadium,Rajkot,Mumbai Indians,Mumbai Indians,Gujarat Lions,Gujarat Lions,3,false,Gujarat Lions,bat,Unknown,false,11,2,5,10,1,1,2,0,0,0,11,2,5,2,10,1,1,0,0,0,0,0,0,0,0,0,0,0,0,0,0,153,9,120,48,36,3,19,36,52,54,3,25,18,53,30,3,9,34
1082625,2017,2017-04-29,Saurashtra Cricket Association Stadium,Rajkot,Gujarat Lions,Gujarat Lions,Gujarat Lions,Gujarat Lions,4,false,Gujarat Lions,bat,Unknown,false,6,0,6,0,0,0,2,4,1,1,6,0,6,2,0,0,0,0,0,0,0,0,0,0,0,0,0,0,0,0,0,153,9,120,48,36,3,19,36,52,54,3,25,18,53,30,3,9,34
1082626,2017,2017-04-30,"Punjab Cricket Association IS Bindra Stadium, Mohali",Chandigarh,Delhi Daredevils,Delhi Capitals,Kings XI Punjab,Punjab Kings,1,true,Punjab Kings,field,Punjab Kings,false,67,10,103,24,3,2,64,5,5,0,25,3,36,24,14,2,1,35,4,54,32,10,1,1,7,3,13,8,0,0,0,68,0,47,50,36,0,17,34,18,11,0,3,12,0,0,0,0,0
1082626,2017,2017-04-30,"Punjab Cricket Association IS Bindra Stadium, Mohali",Chandigarh,Kings XI Punjab,Punjab Kings,Delhi Daredevils,Delhi Capitals,2,false,Punjab Kings,field,Punjab Kings,true,68,0,47,46,7,3,20,2,2,0,50,0,36,17,34,7,1,18,0,11,3,12,0,2,0,0,0,0,0,0,0,67,10,103,25,36,3,24,14,35,54,4,32,10,7,13,3,8,0
1082627,2017,2017-04-30,"Rajiv Gandhi International Stadium, Uppal",Hyderabad,Sunrisers Hyderabad,Sunrisers Hyderabad,Kolkata Knight Riders,Kolkata Knight Riders,1,true,Kolkata Knight Riders,field,Sunrisers Hyderabad,true,209,3,120,122,17,9,32,8,6,0,79,0,36,13,58,7,5,75,1,54,15,36,3,4,55,2,30,4,28,7,0,161,7,120,44,36,2,17,32,78,54,2,12,32,39,30,3,8,14
1082627,2017,2017-04-30,"Rajiv Gandhi International Stadium, Uppal",Hyderabad,Kolkata Knight Riders,Kolkata Knight Riders,Sunrisers Hyderabad,Sunrisers Hyderabad,2,false,Kolkata Knight Riders,field,Sunrisers Hyderabad,false,161,7,120,78,12,5,37,5,4,0,44,2,36,17,32,8,0,78,2,54,12,32,2,4,39,3,30,8,14,2,1,209,3,120,79,36,0,13,58,75,54,1,15,36,55,30,2,4,28
1082628,2017,2017-05-01,Wankhede Stadium,Mumbai,Royal Challengers Bangalore,Royal Challengers Bengaluru,Mumbai Indians,Mumbai Indians,1,true,Royal Challengers Bengaluru,bat,Mumbai Indians,false,162,8,120,88,10,8,39,4,2,0,52,2,36,16,34,4,3,63,3,54,16,28,4,2,47,3,30,7,26,2,3,165,6,119,55,36,1,13,38,59,54,4,19,24,51,29,1,2,24
1082628,2017,2017-05-01,Wankhede Stadium,Mumbai,Mumbai Indians,Mumbai Indians,Royal Challengers Bangalore,Royal Challengers Bengaluru,2,false,Royal Challengers Bengaluru,bat,Mumbai Indians,true,165,6,119,86,17,3,34,7,5,0,55,1,36,13,38,8,1,59,4,54,19,24,6,0,51,1,29,2,24,3,2,162,8,120,52,36,2,16,34,63,54,3,16,28,47,30,3,7,26
1082629,2017,2017-05-01,Maharashtra Cricket Association Stadium,Pune,Gujarat Lions,Gujarat Lions,Rising Pune Supergiant,Rising Pune Supergiants,1,true,Rising Pune Supergiants,field,Rising Pune Supergiants,false,161,10,119,90,15,5,40,7,2,0,55,1,36,16,42,6,3,80,5,54,13,40,7,2,26,4,29,11,8,2,0,167,5,119,43,36,4,19,30,59,54,0,23,26,65,29,1,1,40
1082629,2017,2017-05-01,Maharashtra Cricket Association Stadium,Pune,Rising Pune Supergiant,Rising Pune Supergiants,Gujarat Lions,Gujarat Lions,2,false,Rising Pune Supergiants,field,Rising Pune Supergiants,true,167,5,119,96,12,8,43,7,4,0,43,4,36,19,30,6,1,59,0,54,23,26,2,3,65,1,29,1,40,4,4,161,10,119,55,36,1,16,42,80,54,5,13,40,26,29,4,11,8
1082630,2017,2017-05-02,Feroz Shah Kotla,Delhi,Sunrisers Hyderabad,Sunrisers Hyderabad,Delhi Daredevils,Delhi Capitals,1,true,Delhi Capitals,field,Delhi Capitals,false,185,3,120,112,22,4,38,8,2,1,66,1,36,14,44,8,2,48,2,54,22,18,3,1,71,0,30,2,50,11,1,189,4,115,62,36,1,13,46,80,54,2,15,44,47,25,1,3,30
1082630,2017,2017-05-02,Feroz Shah Kotla,Delhi,Delhi Daredevils,Delhi Capitals,Sunrisers Hyderabad,Sunrisers Hyderabad,2,false,Delhi Capitals,field,Delhi Capitals,true,189,4,115,120,15,10,31,3,2,0,62,1,36,13,46,7,3,80,2,54,15,44,5,4,47,1,25,3,30,3,3,185,3,120,66,36,1,14,44,48,54,2,22,18,71,30,0,2,50
1082631,2017,2017-05-03,Eden Gardens,Kolkata,Kolkata Knight Riders,Kolkata Knight Riders,Rising Pune Supergiant,Rising Pune Supergiants,1,true,Rising Pune Supergiants,field,Rising Pune Supergiants,false,155,8,120,98,14,7,47,5,0,0,41,3,36,20,26,5,1,69,2,54,18,42,6,3,45,3,30,9,30,3,3,158,6,116,74,36,2,15,60,60,54,2,23,34,24,26,2,12,12
1082631,2017,2017-05-03,Eden Gardens,Kolkata,Rising Pune Supergiant,Rising Pune Supergiants,Kolkata Knight Riders,Kolkata Knight Riders,2,false,Rising Pune Supergiants,field,Rising Pune Supergiants,true,158,6,116,106,13,9,50,8,2,0,74,2,36,15,60,9,4,60,2,54,23,34,4,3,24,2,26,12,12,0,2,155,8,120,41,36,3,20,26,69,54,2,18,42,45,30,3,9,30
1082632,2017,2017-05-04,Feroz Shah Kotla,Delhi,Gujarat Lions,Gujarat Lions,Delhi Daredevils,Delhi Capitals,1,true,Delhi Capitals,field,Delhi Capitals,false,208,7,120,130,16,11,33,5,4,0,58,2,36,13,40,7,2,106,2,54,10,66,6,7,44,3,30,10,24,3,2,214,3,105,63,36,1,11,42,119,54,2,12,86,32,15,0,5,24
1082632,2017,2017-05-04,Feroz Shah Kotla,Delhi,Delhi Daredevils,Delhi Capitals,Gujarat Lions,Gujarat Lions,2,false,Delhi Capitals,field,Delhi Capitals,true,214,3,105,152,8,20,28,12,5,0,63,1,36,11,42,3,5,119,2,54,12,86,5,11,32,0,15,5,24,0,4,208,7,120,58,36,2,13,40,106,54,2,10,66,44,30,3,10,24
1082633,2017,2017-05-05,M Chinnaswamy Stadium,Bengaluru,Kings XI Punjab,Punjab Kings,Royal Challengers Bangalore,Royal Challengers Bengaluru,1,true,Royal Challengers Bengaluru,field,Punjab Kings,true,138,7,120,62,11,3,50,12,3,0,35,2,36,19,20,5,0,49,3,54,21,10,1,1,54,2,30,10,32,5,2,119,10,114,46,36,3,22,40,52,54,4,23,18,21,24,3,5,0
1082633,2017,2017-05-05,M Chinnaswamy Stadium,Bengaluru,Royal Challengers Bangalore,Royal Challengers Bengaluru,Kings XI Punjab,Punjab Kings,2,false,Royal Challengers Bengaluru,field,Punjab Kings,false,119,10,114,58,10,3,50,7,3,0,46,3,36,22,40,7,2,52,4,54,23,18,3,1,21,3,24,5,0,0,0,138,7,120,35,36,2,19,20,49,54,3,21,10,54,30,2,10,32
1082634,2017,2017-05-06,"Rajiv Gandhi International Stadium, Uppal",Hyderabad,Rising Pune Supergiant,Rising Pune Supergiants,Sunrisers Hyderabad,Sunrisers Hyderabad,1,true,Sunrisers Hyderabad,field,Rising Pune Supergiants,true,148,8,120,56,5,6,36,7,4,0,35,1,36,10,6,0,1,65,2,54,16,22,1,3,48,5,30,10,28,4,2,136,9,120,47,36,2,17,34,54,54,2,24,24,35,30,5,14,16
1082634,2017,2017-05-06,"Rajiv Gandhi International Stadium, Uppal",Hyderabad,Sunrisers Hyderabad,Sunrisers Hyderabad,Rising Pune Supergiant,Rising Pune Supergiants,2,false,Sunrisers Hyderabad,field,Rising Pune Supergiants,false,136,9,120,74,11,5,55,2,2,0,47,2,36,17,34,7,1,54,2,54,24,24,3,2,35,5,30,14,16,1,2,148,8,120,35,36,1,10,6,65,54,2,16,22,48,30,5,10,28
1082635,2017,2017-05-06,Feroz Shah Kotla,Delhi,Mumbai Indians,Mumbai Indians,Delhi Daredevils,Delhi Capitals,1,true,Delhi Capitals,field,Mumbai Indians,true,212,3,120,126,15,11,31,19,10,0,60,0,36,7,32,5,2,88,2,54,16,56,5,6,64,1,30,8,38,5,3,66,10,82,35,36,5,21,26,31,46,5,28,12,0,0,0,0,0
1082635,2017,2017-05-06,Feroz Shah Kotla,Delhi,Delhi Daredevils,Delhi Capitals,Mumbai Indians,Mumbai Indians,2,false,Delhi Capitals,field,Mumbai Indians,false,66,10,82,38,5,3,49,3,1,0,35,5,36,21,26,5,1,31,5,46,28,12,0,2,0,0,0,0,0,0,0,212,3,120,60,36,0,7,32,88,54,2,16,56,64,30,1,8,38
1082636,2017,2017-05-07,M Chinnaswamy Stadium,Bengaluru,Royal Challengers Bangalore,Royal Challengers Bengaluru,Kolkata Knight Riders,Kolkata Knight Riders,1,true,Kolkata Knight Riders,field,Kolkata Knight Riders,false,158,6,120,80,11,6,37,3,2,0,40,3,36,20,26,5,1,65,0,54,9,18,3,1,53,3,30,8,36,3,4,159,4,91,105,36,0,10,92,52,54,4,21,16,2,1,0,0,0
1082636,2017,2017-05-07,M Chinnaswamy Stadium,Bengaluru,Kolkata Knight Riders,Kolkata Knight Riders,Royal Challengers Bangalore,Royal Challengers Bengaluru,2,false,Kolkata Knight Riders,field,Kolkata Knight Riders,true,159,4,91,108,12,10,31,6,3,0,105,0,36,10,92,11,8,52,4,54,21,16,1,2,2,0,1,0,0,0,0,158,6,120,40,36,3,20,26,65,54,0,9,18,53,30,3,8,36
1082637,2017,2017-05-07,"Punjab Cricket Association IS Bindra Stadium, Mohali",Chandigarh,Kings XI Punjab,Punjab Kings,Gujarat Lions,Gujarat Lions,1,true,Gujarat Lions,field,Gujarat Lions,false,189,3,120,98,14,7,25,3,3,0,44,1,36,13,22,4,1,79,0,54,7,30,6,1,66,2,30,5,46,4,5,192,4,118,58,36,0,9,36,90,54,2,7,48,44,28,2,8,20
1082637,2017,2017-05-07,"Punjab Cricket Association IS Bindra Stadium, Mohali",Chandigarh,Gujarat Lions,Gujarat Lions,Kings XI Punjab,Punjab Kings,2,false,Gujarat Lions,field,Gujarat Lions,true,192,4,118,104,17,6,24,6,2,1,58,0,36,9,36,9,0,90,2,54,7,48,6,4,44,2,28,8,20,2,2,189,3,120,44,36,1,13,22,79,54,0,7,30,66,30,2,5,46
1082638,2017,2017-05-08,"Rajiv Gandhi International Stadium, Uppal",Hyderabad,Mumbai Indians,Mumbai Indians,Sunrisers Hyderabad,Sunrisers Hyderabad,1,true,Mumbai Indians,bat,Sunrisers Hyderabad,false,138,7,120,58,10,3,47,10,7,0,36,2,36,19,18,3,1,63,2,54,18,26,5,1,39,3,30,10,14,2,1,140,3,110,43,36,1,12,20,70,54,2,21,40,27,20,0,2,4
1082638,2017,2017-05-08,"Rajiv Gandhi International Stadium, Uppal",Hyderabad,Sunrisers Hyderabad,Sunrisers Hyderabad,Mumbai Indians,Mumbai Indians,2,false,Mumbai Indians,bat,Sunrisers Hyderabad,true,140,3,110,64,13,2,35,4,2,0,43,1,36,12,20,5,0,70,2,54,21,40,7,2,27,0,20,2,4,1,0,138,7,120,36,36,2,19,18,63,54,2,18,26,39,30,3,10,14
1082639,2017,2017-05-09,"Punjab Cricket Association IS Bindra Stadium, Mohali",Chandigarh,Kings XI Punjab,Punjab Kings,Kolkata Knight Riders,Kolkata Knight Riders,1,true,Kolkata Knight Riders,field,Punjab Kings,true,167,6,120,82,13,5,37,12,6,0,41,2,36,16,20,5,0,74,1,54,15,32,5,2,52,3,30,6,30,3,3,153,6,120,61,36,1,14,50,57,54,2,17,16,35,30,3,7,14
1082639,2017,2017-05-09,"Punjab Cricket Association IS Bindra Stadium, Mohali",Chandigarh,Kolkata Knight Riders,Kolkata Knight Riders,Kings XI Punjab,Punjab Kings,2,false,Kolkata Knight Riders,field,Punjab Kings,false,153,6,120,80,14,4,38,4,2,0,61,1,36,14,50,11,1,57,2,54,17,16,1,2,35,3,30,7,14,2,1,167,6,120,41,36,2,16,20,74,54,1,15,32,52,30,3,6,30
1082640,2017,2017-05-10,Green Park,Kanpur,Gujarat Lions,Gujarat Lions,Delhi Daredevils,Delhi Capitals,1,true,Delhi Capitals,field,Delhi Capitals,false,195,5,120,116,20,6,30,11,4,0,50,2,36,14,34,7,1,84,1,54,11,46,7,3,61,2,30,5,36,6,2,197,8,118,64,36,2,14,54,74,54,4,23,54,59,28,2,5,40
1082640,2017,2017-05-10,Green Park,Kanpur,Delhi Daredevils,Delhi Capitals,Gujarat Lions,Gujarat Lions,2,false,Delhi Capitals,field,Delhi Capitals,true,197,8,118,148,31,4,42,3,1,0,64,2,36,14,54,12,1,74,4,54,23,54,12,1,59,2,28,5,40,7,2,195,5,120,50,36,2,14,34,84,54,1,11,46,61,30,2,5,36
1082641,2017,2017-05-11,Wankhede Stadium,Mumbai,Kings XI Punjab,Punjab Kings,Mumbai Indians,Mumbai Indians,1,true,Mumbai Indians,field,Punjab Kings,true,230,3,120,144,18,12,26,10,6,3,71,1,36,10,50,11,1,102,1,54,11,68,5,8,57,1,30,5,26,2,3,223,6,120,68,36,0,12,48,80,54,4,19,50,75,30,2,7,58
1082641,2017,2017-05-11,Wankhede Stadium,Mumbai,Mumbai Indians,Mumbai Indians,Kings XI Punjab,Punjab Kings,2,false,Mumbai Indians,field,Punjab Kings,false,223,6,120,156,18,14,38,8,5,1,68,0,36,12,48,9,2,80,4,54,19,50,5,5,75,2,30,7,58,4,7,230,3,120,71,36,1,10,50,102,54,1,11,68,57,30,1,5,26
1082642,2017,2017-05-12,Feroz Shah Kotla,Delhi,Delhi Daredevils,Delhi Capitals,Rising Pune Supergiant,Rising Pune Supergiants,1,true,Delhi Capitals,bat,Delhi Capitals,true,168,8,120,92,14,6,42,7,4,0,54,2,36,14,38,8,1,69,2,54,19,34,4,3,45,4,30,9,20,2,2,161,7,120,53,36,2,13,34,64,54,1,20,36,44,30,4,11,18
1082642,2017,2017-05-12,Feroz Shah Kotla,Delhi,Rising Pune Supergiant,Rising Pune Supergiants,Delhi Daredevils,Delhi Capitals,2,false,Delhi Capitals,bat,Delhi Capitals,false,161,7,120,88,13,6,44,10,5,0,53,2,36,13,34,7,1,64,1,54,20,36,6,2,44,4,30,11,18,0,3,168,8,120,54,36,2,14,38,69,54,2,19,34,45,30,4,9,20
1082643,2017,2017-05-13,Green Park,Kanpur,Gujarat Lions,Gujarat Lions,Sunrisers Hyderabad,Sunrisers Hyderabad,1,true,Sunrisers Hyderabad,field,Sunrisers Hyderabad,false,154,10,116,96,15,6,44,6,2,0,61,0,36,12,46,7,3,65,5,54,23,38,5,3,28,5,26,9,12,3,0,158,2,109,47,36,2,16,32,80,54,0,10,40,31,19,0,5,20
1082643,2017,2017-05-13,Green Park,Kanpur,Sunrisers Hyderabad,Sunrisers Hyderabad,Gujarat Lions,Gujarat Lions,2,false,Sunrisers Hyderabad,field,Sunrisers Hyderabad,true,158,2,109,92,23,0,31,4,1,0,47,2,36,16,32,8,0,80,0,54,10,40,10,0,31,0,19,5,20,5,0,154,10,116,61,36,0,12,46,65,54,5,23,38,28,26,5,9,12
1082644,2017,2017-05-13,Eden Gardens,Kolkata,Mumbai Indians,Mumbai Indians,Kolkata Knight Riders,Kolkata Knight Riders,1,true,Kolkata Knight Riders,field,Mumbai Indians,true,173,5,120,106,19,5,46,17,6,0,51,1,36,19,34,7,1,67,1,54,17,32,8,0,55,3,30,10,40,4,4,164,8,120,53,36,3,18,42,78,54,3,18,44,33,30,2,10,12
1082644,2017,2017-05-13,Eden Gardens,Kolkata,Kolkata Knight Riders,Kolkata Knight Riders,Mumbai Indians,Mumbai Indians,2,false,Kolkata Knight Riders,field,Mumbai Indians,false,164,8,120,98,14,7,46,8,5,1,53,3,36,18,42,6,3,78,3,54,18,44,5,4,33,2,30,10,12,3,0,173,5,120,51,36,1,19,34,67,54,1,17,32,55,30,3,10,40
1082645,2017,2017-05-14,Maharashtra Cricket Association Stadium,Pune,Kings XI Punjab,Punjab Kings,Rising Pune Supergiant,Rising Pune Supergiants,1,true,Rising Pune Supergiants,field,Rising Pune Supergiants,false,73,10,95,32,5,2,54,3,3,0,32,5,36,23,22,4,1,39,3,54,27,10,1,1,2,2,5,4,0,0,0,78,1,72,43,36,1,16,26,35,36,0,9,6,0,0,0,0,0
1082645,2017,2017-05-14,Maharashtra Cricket Association Stadium,Pune,Rising Pune Supergiant,Rising Pune Supergiants,Kings XI Punjab,Punjab Kings,2,false,Rising Pune Supergiants,field,Rising Pune Supergiants,true,78,1,72,32,5,2,25,1,1,0,43,1,36,16,26,5,1,35,0,36,9,6,0,1,0,0,0,0,0,0,0,73,10,95,32,36,5,23,22,39,54,3,27,10,2,5,2,4,0
1082646,2017,2017-05-14,Feroz Shah Kotla,Delhi,Royal Challengers Bangalore,Royal Challengers Bengaluru,Delhi Daredevils,Delhi Capitals,1,true,Royal Challengers Bengaluru,bat,Royal Challengers Bengaluru,true,161,6,120,86,11,7,39,9,7,0,37,1,36,19,24,3,2,70,2,54,11,30,3,3,54,3,30,9,32,5,2,151,10,120,42,36,2,19,26,62,54,2,18,26,47,30,6,12,36
1082646,2017,2017-05-14,Feroz Shah Kotla,Delhi,Delhi Daredevils,Delhi Capitals,Royal Challengers Bangalore,Royal Challengers Bengaluru,2,false,Royal Challengers Bengaluru,bat,Royal Challengers Bengaluru,false,151,10,120,88,13,6,49,7,1,1,42,2,36,19,26,5,1,62,2,54,18,26,5,1,47,6,30,12,36,3,4,161,6,120,37,36,1,19,24,70,54,2,11,30,54,30,3,9,32
1082647,2017,2017-05-16,Wankhede Stadium,Mumbai,Rising Pune Supergiant,Rising Pune Supergiants,Mumbai Indians,Mumbai Indians,1,true,Mumbai Indians,field,Rising Pune Supergiants,true,162,4,120,84,9,8,41,7,4,1,33,2,36,15,12,3,0,71,1,54,16,34,4,3,58,1,30,10,38,2,5,142,9,120,42,36,3,18,26,61,54,4,19,26,39,30,2,9,18
1082647,2017,2017-05-16,Wankhede Stadium,Mumbai,Mumbai Indians,Mumbai Indians,Rising Pune Supergiant,Rising Pune Supergiants,2,false,Mumbai Indians,field,Rising Pune Supergiants,false,142,9,120,70,7,7,46,9,7,0,42,3,36,18,26,2,3,61,4,54,19,26,5,1,39,2,30,9,18,0,3,162,4,120,33,36,2,15,12,71,54,1,16,34,58,30,1,10,38
1082648,2017,2017-05-17,M Chinnaswamy Stadium,Bengaluru,Sunrisers Hyderabad,Sunrisers Hyderabad,Kolkata Knight Riders,Kolkata Knight Riders,1,true,Kolkata Knight Riders,field,Kolkata Knight Riders,false,128,7,120,66,9,5,51,7,4,0,30,1,36,15,12,3,0,68,2,54,22,44,5,4,30,4,30,14,10,1,1,48,3,32,48,32,3,10,26,0,0,0,0,0,0,0,0,0,0
1082648,2017,2017-05-17,M Chinnaswamy Stadium,Bengaluru,Kolkata Knight Riders,Kolkata Knight Riders,Sunrisers Hyderabad,Sunrisers Hyderabad,2,false,Kolkata Knight Riders,field,Kolkata Knight Riders,true,48,3,32,26,2,3,10,4,3,0,48,3,32,10,26,2,3,0,0,0,0,0,0,0,0,0,0,0,0,0,0,128,7,120,30,36,1,15,12,68,54,2,22,44,30,30,4,14,10
1082649,2017,2017-05-19,M Chinnaswamy Stadium,Bengaluru,Kolkata Knight Riders,Kolkata Knight Riders,Mumbai Indians,Mumbai Indians,1,true,Mumbai Indians,field,Mumbai Indians,false,107,10,113,50,8,3,55,7,4,0,25,3,36,21,10,1,1,63,3,54,19,30,6,1,19,4,23,15,10,1,1,111,4,87,36,36,3,16,12,75,51,1,17,46,0,0,0,0,0
1082649,2017,2017-05-19,M Chinnaswamy Stadium,Bengaluru,Mumbai Indians,Mumbai Indians,Kolkata Knight Riders,Kolkata Knight Riders,2,false,Mumbai Indians,field,Mumbai Indians,true,111,4,87,58,13,1,33,8,4,0,36,3,36,16,12,3,0,75,1,51,17,46,10,1,0,0,0,0,0,0,0,107,10,113,25,36,3,21,10,63,54,3,19,30,19,23,4,15,10
1082650,2017,2017-05-21,"Rajiv Gandhi International Stadium, Uppal",Hyderabad,Mumbai Indians,Mumbai Indians,Rising Pune Supergiant,Rising Pune Supergiants,1,true,Mumbai Indians,bat,Mumbai Indians,true,129,8,120,62,8,5,52,8,5,0,32,2,36,18,16,4,0,49,5,54,26,20,2,2,48,1,30,8,26,2,3,128,6,120,38,36,1,15,12,45,54,1,24,12,45,30,4,7,24
1082650,2017,2017-05-21,"Rajiv Gandhi International Stadium, Uppal",Hyderabad,Rising Pune Supergiant,Rising Pune Supergiants,Mumbai Indians,Mumbai Indians,2,false,Mumbai Indians,bat,Mumbai Indians,false,128,6,120,48,9,2,46,9,3,0,38,1,36,15,12,3,0,45,1,54,24,12,3,0,45,4,30,7,24,3,2,129,8,120,32,36,2,18,16,49,54,5,26,20,48,30,1,8,26
1136561,2018,2018-04-07,Wankhede Stadium,Mumbai,Mumbai Indians,Mumbai Indians,Chennai Super Kings,Chennai Super Kings,1,true,Chennai Super Kings,field,Chennai Super Kings,false,165,4,120,102,18,5,47,4,2,0,39,2,36,22,24,3,2,78,2,54,17,50,11,1,48,0,30,8,28,4,2,169,9,119,42,36,2,15,26,64,54,5,18,28,63,29,2,11,50
1136561,2018,2018-04-07,Wankhede Stadium,Mumbai,Chennai Super Kings,Chennai Super Kings,Mumbai Indians,Mumbai Indians,2,false,Chennai Super Kings,field,Chennai Super Kings,true,169,9,119,104,11,10,44,7,4,1,42,2,36,15,26,5,1,64,5,54,18,28,4,2,63,2,29,11,50,2,7,165,4,120,39,36,2,22,24,78,54,2,17,50,48,30,0,8,28
1136562,2018,2018-04-08,"Punjab Cricket Association IS Bindra Stadium, Mohali",Chandigarh,Delhi Daredevils,Delhi Capitals,Kings XI Punjab,Punjab Kings,1,true,Punjab Kings,field,Punjab Kings,false,166,7,120,74,11,5,26,6,3,1,45,1,36,12,22,4,1,78,4,54,9,36,6,2,43,2,30,5,16,1,2,167,4,113,73,36,2,16,66,59,54,1,19,26,35,23,1,6,14
1136562,2018,2018-04-08,"Punjab Cricket Association IS Bindra Stadium, Mohali",Chandigarh,Kings XI Punjab,Punjab Kings,Delhi Daredevils,Delhi Capitals,2,false,Punjab Kings,field,Punjab Kings,true,167,4,113,106,16,7,41,1,0,1,73,2,36,16,66,9,5,59,1,54,19,26,5,1,35,1,23,6,14,2,1,166,7,120,45,36,1,12,22,78,54,4,9,36,43,30,2,5,16
1136563,2018,2018-04-08,Eden Gardens,Kolkata,Royal Challengers Bangalore,Royal Challengers Bengaluru,Kolkata Knight Riders,Kolkata Knight Riders,1,true,Kolkata Knight Riders,field,Kolkata Knight Riders,false,176,7,120,116,14,10,45,6,5,0,52,1,36,16,32,5,2,80,3,54,20,56,5,6,44,3,30,9,28,4,2,177,6,113,68,36,2,15,56,73,54,2,15,32,36,23,2,11,26
1136563,2018,2018-04-08,Eden Gardens,Kolkata,Kolkata Knight Riders,Kolkata Knight Riders,Royal Challengers Bangalore,Royal Challengers Bengaluru,2,false,Kolkata Knight Riders,field,Kolkata Knight Riders,true,177,6,113,114,15,9,41,13,10,0,68,2,36,15,56,5,6,73,2,54,15,32,5,2,36,2,23,11,26,5,1,176,7,120,52,36,1,16,32,80,54,3,20,56,44,30,3,9,28
1136564,2018,2018-04-09,"Rajiv Gandhi International Stadium, Uppal",Hyderabad,Rajasthan Royals,Rajasthan Royals,Sunrisers Hyderabad,Sunrisers Hyderabad,1,true,Sunrisers Hyderabad,field,Sunrisers Hyderabad,false,125,9,120,48,12,0,45,8,5,0,48,1,36,15,28,7,0,49,5,54,18,12,3,0,28,3,30,12,8,2,0,127,1,96,57,36,1,19,44,66,55,0,20,32,4,5,0,4,4
1136564,2018,2018-04-09,"Rajiv Gandhi International Stadium, Uppal",Hyderabad,Sunrisers Hyderabad,Sunrisers Hyderabad,Rajasthan Royals,Rajasthan Royals,2,false,Sunrisers Hyderabad,field,Sunrisers Hyderabad,true,127,1,96,80,17,2,43,8,3,1,57,1,36,19,44,8,2,66,0,55,20,32,8,0,4,0,5,4,4,1,0,125,9,120,48,36,1,15,28,49,54,5,18,12,28,30,3,12,8
1136565,2018,2018-04-10,MA Chidambaram Stadium,Chennai,Kolkata Knight Riders,Kolkata Knight Riders,Chennai Super Kings,Chennai Super Kings,1,true,Chennai Super Kings,field,Chennai Super Kings,false,202,6,120,146,11,17,43,5,3,0,64,2,36,16,54,6,5,59,3,54,20,26,5,1,79,1,30,7,66,0,11,205,5,119,75,36,1,10,54,70,54,2,15,32,60,29,2,4,34
1136565,2018,2018-04-10,MA Chidambaram Stadium,Chennai,Chennai Super Kings,Chennai Super Kings,Kolkata Knight Riders,Kolkata Knight Riders,2,false,Chennai Super Kings,field,Chennai Super Kings,true,205,5,119,120,9,14,29,7,3,1,75,1,36,10,54,6,5,70,2,54,15,32,2,4,60,2,29,4,34,1,5,202,6,120,64,36,2,16,54,59,54,3,20,26,79,30,1,7,66
1136566,2018,2018-04-11,Sawai Mansingh Stadium,Jaipur,Rajasthan Royals,Rajasthan Royals,Delhi Daredevils,Delhi Capitals,1,true,Delhi Capitals,field,Rajasthan Royals,true,153,5,107,80,11,6,33,3,2,0,51,2,36,13,28,4,2,66,2,54,15,30,6,1,36,1,17,5,22,1,3,60,4,36,60,36,4,12,40,0,0,0,0,0,0,0,0,0,0
1136566,2018,2018-04-11,Sawai Mansingh Stadium,Jaipur,Delhi Daredevils,Delhi Capitals,Rajasthan Royals,Rajasthan Royals,2,false,Delhi Capitals,field,Rajasthan Royals,false,60,4,36,40,7,2,12,3,1,0,60,4,36,12,40,7,2,0,0,0,0,0,0,0,0,0,0,0,0,0,0,153,5,107,51,36,2,13,28,66,54,2,15,30,36,17,1,5,22
1136567,2018,2018-04-12,"Rajiv Gandhi International Stadium, Uppal",Hyderabad,Mumbai Indians,Mumbai Indians,Sunrisers Hyderabad,Sunrisers Hyderabad,1,true,Sunrisers Hyderabad,field,Sunrisers Hyderabad,false,147,8,120,96,15,6,61,8,3,1,54,3,36,21,42,6,3,57,2,54,29,36,6,2,36,3,30,11,18,3,1,151,9,120,56,36,0,8,36,65,54,5,16,28,30,30,4,13,14
1136567,2018,2018-04-12,"Rajiv Gandhi International Stadium, Uppal",Hyderabad,Sunrisers Hyderabad,Sunrisers Hyderabad,Mumbai Indians,Mumbai Indians,2,false,Sunrisers Hyderabad,field,Sunrisers Hyderabad,true,151,9,120,78,18,1,37,4,1,0,56,0,36,8,36,9,0,65,5,54,16,28,7,0,30,4,30,13,14,2,1,147,8,120,54,36,3,21,42,57,54,2,29,36,36,30,3,11,18
1136568,2018,2018-04-13,M Chinnaswamy Stadium,Bengaluru,Kings XI Punjab,Punjab Kings,Royal Challengers Bangalore,Royal Challengers Bengaluru,1,true,Royal Challengers Bengaluru,field,Royal Challengers Bengaluru,false,155,10,116,84,12,6,39,6,3,0,50,3,36,19,42,6,3,72,4,54,13,32,5,2,33,3,26,7,10,1,1,159,6,117,41,36,2,16,28,68,54,2,19,36,50,27,2,4,30
1136568,2018,2018-04-13,M Chinnaswamy Stadium,Bengaluru,Royal Challengers Bangalore,Royal Challengers Bengaluru,Kings XI Punjab,Punjab Kings,2,false,Royal Challengers Bengaluru,field,Royal Challengers Bengaluru,true,159,6,117,94,16,5,39,4,1,0,41,2,36,16,28,7,0,68,2,54,19,36,6,2,50,2,27,4,30,3,3,155,10,116,50,36,3,19,42,72,54,4,13,32,33,26,3,7,10
1136569,2018,2018-04-14,Wankhede Stadium,Mumbai,Mumbai Indians,Mumbai Indians,Delhi Daredevils,Delhi Capitals,1,true,Delhi Capitals,field,Delhi Capitals,false,194,7,120,118,19,7,37,10,5,0,84,0,36,12,68,11,4,74,2,54,17,42,6,3,36,5,30,8,8,2,0,195,3,120,53,36,1,14,38,95,54,2,13,62,47,30,0,10,32
1136569,2018,2018-04-14,Wankhede Stadium,Mumbai,Delhi Daredevils,Delhi Capitals,Mumbai Indians,Mumbai Indians,2,false,Delhi Capitals,field,Delhi Capitals,true,195,3,120,132,18,10,37,2,1,0,53,1,36,14,38,5,3,95,2,54,13,62,8,5,47,0,30,10,32,5,2,194,7,120,84,36,0,12,68,74,54,2,17,42,36,30,5,8,8
1136570,2018,2018-04-14,Eden Gardens,Kolkata,Kolkata Knight Riders,Kolkata Knight Riders,Sunrisers Hyderabad,Sunrisers Hyderabad,1,true,Sunrisers Hyderabad,field,Sunrisers Hyderabad,false,138,8,120,72,12,4,52,7,3,2,49,1,36,17,38,8,1,57,4,54,23,24,3,2,32,3,30,12,10,1,1,139,5,114,46,36,2,19,32,66,54,1,14,28,27,24,2,10,14
1136570,2018,2018-04-14,Eden Gardens,Kolkata,Sunrisers Hyderabad,Sunrisers Hyderabad,Kolkata Knight Riders,Kolkata Knight Riders,2,false,Sunrisers Hyderabad,field,Sunrisers Hyderabad,true,139,5,114,74,14,3,43,5,5,0,46,2,36,19,32,8,0,66,1,54,14,28,4,2,27,2,24,10,14,2,1,138,8,120,49,36,1,17,38,57,54,4,23,24,32,30,3,12,10
1136571,2018,2018-04-15,M Chinnaswamy Stadium,Bengaluru,Rajasthan Royals,Rajasthan Royals,Royal Challengers Bangalore,Royal Challengers Bengaluru,1,true,Royal Challengers Bengaluru,field,Rajasthan Royals,true,217,4,120,140,14,14,34,14,6,2,52,1,36,13,34,7,1,77,2,54,17,40,4,4,88,1,30,4,66,3,9,198,6,120,64,36,1,9,44,70,54,4,15,36,64,30,1,8,42
1136571,2018,2018-04-15,M Chinnaswamy Stadium,Bengaluru,Royal Challengers Bangalore,Royal Challengers Bengaluru,Rajasthan Royals,Rajasthan Royals,2,false,Royal Challengers Bengaluru,field,Rajasthan Royals,false,198,6,120,122,20,7,32,6,3,0,64,1,36,9,44,11,0,70,4,54,15,36,3,4,64,1,30,8,42,6,3,217,4,120,52,36,1,13,34,77,54,2,17,40,88,30,1,4,66
1136572,2018,2018-04-15,"Punjab Cricket Association IS Bindra Stadium, Mohali",Chandigarh,Kings XI Punjab,Punjab Kings,Chennai Super Kings,Chennai Super Kings,1,true,Chennai Super Kings,field,Punjab Kings,true,197,7,120,130,19,9,38,1,1,0,75,0,36,14,66,12,3,79,4,54,16,48,6,4,43,3,30,8,16,1,2,193,5,120,53,36,2,12,30,69,54,2,13,28,71,30,1,7,50
1136572,2018,2018-04-15,"Punjab Cricket Association IS Bindra Stadium, Mohali",Chandigarh,Chennai Super Kings,Chennai Super Kings,Kings XI Punjab,Punjab Kings,2,false,Chennai Super Kings,field,Punjab Kings,false,193,5,120,108,15,8,32,13,11,0,53,2,36,12,30,6,1,69,2,54,13,28,4,2,71,1,30,7,50,5,5,197,7,120,75,36,0,14,66,79,54,4,16,48,43,30,3,8,16
1136573,2018,2018-04-16,Eden Gardens,Kolkata,Kolkata Knight Riders,Kolkata Knight Riders,Delhi Daredevils,Delhi Capitals,1,true,Delhi Capitals,field,Kolkata Knight Riders,true,200,9,120,146,14,15,47,6,2,0,50,1,36,20,42,6,3,95,3,54,16,64,4,8,55,5,30,11,40,4,4,129,10,86,56,36,3,13,36,73,50,7,16,46,0,0,0,0,0
1136573,2018,2018-04-16,Eden Gardens,Kolkata,Delhi Daredevils,Delhi Capitals,Kolkata Knight Riders,Kolkata Knight Riders,2,false,Delhi Capitals,field,Kolkata Knight Riders,false,129,10,86,82,13,5,29,8,5,0,56,3,36,13,36,9,0,73,7,50,16,46,4,5,0,0,0,0,0,0,0,200,9,120,50,36,1,20,42,95,54,3,16,64,55,30,5,11,40
1136574,2018,2018-04-17,Wankhede Stadium,Mumbai,Mumbai Indians,Mumbai Indians,Royal Challengers Bangalore,Royal Challengers Bengaluru,1,true,Royal Challengers Bengaluru,field,Mumbai Indians,true,213,6,120,150,18,13,48,17,16,0,60,2,36,17,40,7,2,83,1,54,23,60,6,6,70,3,30,8,50,5,5,167,8,120,55,36,2,11,38,53,54,4,18,14,59,30,2,7,38
1136574,2018,2018-04-17,Wankhede Stadium,Mumbai,Royal Challengers Bangalore,Royal Challengers Bengaluru,Mumbai Indians,Mumbai Indians,2,false,Royal Challengers Bengaluru,field,Mumbai Indians,false,167,8,120,90,12,7,36,7,3,1,55,2,36,11,38,8,1,53,4,54,18,14,2,1,59,2,30,7,38,2,5,213,6,120,60,36,2,17,40,83,54,1,23,60,70,30,3,8,50
1136575,2018,2018-04-18,Sawai Mansingh Stadium,Jaipur,Rajasthan Royals,Rajasthan Royals,Kolkata Knight Riders,Kolkata Knight Riders,1,true,Kolkata Knight Riders,field,Kolkata Knight Riders,false,160,8,120,84,15,4,40,5,3,1,48,0,36,11,30,6,1,64,4,54,20,34,7,1,48,4,30,9,20,2,2,163,3,113,53,36,1,16,42,68,54,2,17,32,42,23,0,3,22
1136575,2018,2018-04-18,Sawai Mansingh Stadium,Jaipur,Kolkata Knight Riders,Kolkata Knight Riders,Rajasthan Royals,Rajasthan Royals,2,false,Kolkata Knight Riders,field,Kolkata Knight Riders,true,163,3,113,96,15,6,36,3,2,0,53,1,36,16,42,9,1,68,2,54,17,32,5,2,42,0,23,3,22,1,3,160,8,120,48,36,0,11,30,64,54,4,20,34,48,30,4,9,20
1136576,2018,2018-04-19,"Punjab Cricket Association IS Bindra Stadium, Mohali",Chandigarh,Kings XI Punjab,Punjab Kings,Sunrisers Hyderabad,Sunrisers Hyderabad,1,true,Punjab Kings,bat,Punjab Kings,true,193,3,120,124,10,14,38,8,3,0,49,0,36,18,34,4,3,94,2,54,15,64,4,8,50,1,30,5,26,2,3,178,5,120,40,36,3,15,20,78,54,1,10,28,60,30,1,4,26
1136576,2018,2018-04-19,"Punjab Cricket Association IS Bindra Stadium, Mohali",Chandigarh,Sunrisers Hyderabad,Sunrisers Hyderabad,Kings XI Punjab,Punjab Kings,2,false,Punjab Kings,bat,Punjab Kings,false,178,5,120,74,11,5,29,13,10,1,40,3,36,15,20,5,0,78,1,54,10,28,4,2,60,1,30,4,26,2,3,193,3,120,49,36,0,18,34,94,54,2,15,64,50,30,1,5,26
1136577,2018,2018-04-20,Maharashtra Cricket Association Stadium,Pune,Chennai Super Kings,Chennai Super Kings,Rajasthan Royals,Rajasthan Royals,1,true,Rajasthan Royals,field,Chennai Super Kings,true,204,5,120,136,25,6,34,6,5,1,69,1,36,11,54,9,3,92,2,54,14,62,11,3,43,2,30,9,20,5,0,140,10,111,35,36,3,19,14,80,54,4,11,32,25,21,3,6,12
1136577,2018,2018-04-20,Maharashtra Cricket Association Stadium,Pune,Rajasthan Royals,Rajasthan Royals,Chennai Super Kings,Chennai Super Kings,2,false,Rajasthan Royals,field,Chennai Super Kings,false,140,10,111,58,10,3,36,8,8,0,35,3,36,19,14,2,1,80,4,54,11,32,5,2,25,3,21,6,12,3,0,204,5,120,69,36,1,11,54,92,54,2,14,62,43,30,2,9,20
1136578,2018,2018-04-21,Eden Gardens,Kolkata,Kolkata Knight Riders,Kolkata Knight Riders,Kings XI Punjab,Punjab Kings,1,true,Punjab Kings,field,Punjab Kings,false,191,7,120,114,21,5,35,9,7,1,50,1,36,16,34,7,1,96,2,54,10,56,8,4,45,4,30,9,24,6,0,126,1,67,73,36,0,12,62,53,31,1,13,42,0,0,0,0,0
1136578,2018,2018-04-21,Eden Gardens,Kolkata,Kings XI Punjab,Punjab Kings,Kolkata Knight Riders,Kolkata Knight Riders,2,false,Punjab Kings,field,Punjab Kings,true,126,1,67,104,14,8,25,2,2,0,73,0,36,12,62,11,3,53,1,31,13,42,3,5,0,0,0,0,0,0,0,191,7,120,50,36,1,16,34,96,54,2,10,56,45,30,4,9,24
1136579,2018,2018-04-21,M Chinnaswamy Stadium,Bengaluru,Delhi Daredevils,Delhi Capitals,Royal Challengers Bangalore,Royal Challengers Bengaluru,1,true,Royal Challengers Bengaluru,field,Royal Challengers Bengaluru,false,174,5,120,112,13,10,44,12,3,0,28,2,36,19,12,3,0,75,1,54,14,40,4,4,71,2,30,11,60,6,6,176,4,108,43,36,2,17,28,97,54,1,6,58,36,18,1,3,24
1136579,2018,2018-04-21,M Chinnaswamy Stadium,Bengaluru,Royal Challengers Bangalore,Royal Challengers Bengaluru,Delhi Daredevils,Delhi Capitals,2,false,Royal Challengers Bengaluru,field,Royal Challengers Bengaluru,true,176,4,108,110,14,9,26,4,3,0,43,2,36,17,28,4,2,97,1,54,6,58,7,5,36,1,18,3,24,3,2,174,5,120,28,36,2,19,12,75,54,1,14,40,71,30,2,11,60
1136580,2018,2018-04-22,"Rajiv Gandhi International Stadium, Uppal",Hyderabad,Chennai Super Kings,Chennai Super Kings,Sunrisers Hyderabad,Sunrisers Hyderabad,1,true,Sunrisers Hyderabad,field,Chennai Super Kings,true,182,3,120,120,18,8,39,4,4,0,27,1,36,22,14,2,1,93,1,54,14,62,8,5,62,1,30,3,44,8,2,178,6,120,40,36,3,23,32,77,54,1,12,36,61,30,2,9,44
1136580,2018,2018-04-22,"Rajiv Gandhi International Stadium, Uppal",Hyderabad,Sunrisers Hyderabad,Sunrisers Hyderabad,Chennai Super Kings,Chennai Super Kings,2,false,Sunrisers Hyderabad,field,Chennai Super Kings,false,178,6,120,112,10,12,44,2,2,0,40,3,36,23,32,5,2,77,1,54,12,36,3,4,61,2,30,9,44,2,6,182,3,120,27,36,1,22,14,93,54,1,14,62,62,30,1,3,44
1136581,2018,2018-04-22,Sawai Mansingh Stadium,Jaipur,Mumbai Indians,Mumbai Indians,Rajasthan Royals,Rajasthan Royals,1,true,Mumbai Indians,bat,Rajasthan Royals,false,167,7,120,94,13,7,43,5,3,1,43,1,36,17,30,3,3,92,1,54,11,46,7,3,32,5,30,15,18,3,1,168,7,118,43,36,2,13,20,75,54,1,10,22,50,28,4,10,32
1136581,2018,2018-04-22,Sawai Mansingh Stadium,Jaipur,Rajasthan Royals,Rajasthan Royals,Mumbai Indians,Mumbai Indians,2,false,Mumbai Indians,bat,Rajasthan Royals,true,168,7,118,74,14,3,33,6,4,2,43,2,36,13,20,5,0,75,1,54,10,22,4,1,50,4,28,10,32,5,2,167,7,120,43,36,1,17,30,92,54,1,11,46,32,30,5,15,18
1136582,2018,2018-04-23,Arun Jaitley Stadium,Delhi,Kings XI Punjab,Punjab Kings,Delhi Daredevils,Delhi Capitals,1,true,Delhi Capitals,field,Punjab Kings,true,143,8,120,60,12,2,42,14,5,0,51,2,36,13,34,7,1,49,2,54,20,12,3,0,43,4,30,9,14,2,1,139,8,120,48,36,3,18,26,48,54,2,24,16,43,30,3,7,20
1136582,2018,2018-04-23,Arun Jaitley Stadium,Delhi,Delhi Daredevils,Delhi Capitals,Kings XI Punjab,Punjab Kings,2,false,Delhi Capitals,field,Punjab Kings,false,139,8,120,62,11,3,49,9,7,0,48,3,36,18,26,5,1,48,2,54,24,16,4,0,43,3,30,7,20,2,2,143,8,120,51,36,2,13,34,49,54,2,20,12,43,30,4,9,14
1136583,2018,2018-04-24,Wankhede Stadium,Mumbai,Sunrisers Hyderabad,Sunrisers Hyderabad,Mumbai Indians,Mumbai Indians,1,true,Mumbai Indians,field,Sunrisers Hyderabad,true,118,10,112,58,13,1,53,12,8,0,51,4,36,16,28,7,0,55,3,54,20,24,6,0,12,3,22,17,6,0,1,87,10,113,22,36,3,25,12,55,54,3,24,30,10,23,4,16,4
1136583,2018,2018-04-24,Wankhede Stadium,Mumbai,Mumbai Indians,Mumbai Indians,Sunrisers Hyderabad,Sunrisers Hyderabad,2,false,Mumbai Indians,field,Sunrisers Hyderabad,false,87,10,113,46,10,1,65,2,1,0,22,3,36,25,12,3,0,55,3,54,24,30,6,1,10,4,23,16,4,1,0,118,10,112,51,36,4,16,28,55,54,3,20,24,12,22,3,17,6
1136584,2018,2018-04-25,M Chinnaswamy Stadium,Bengaluru,Royal Challengers Bangalore,Royal Challengers Bengaluru,Chennai Super Kings,Chennai Super Kings,1,true,Chennai Super Kings,field,Chennai Super Kings,false,205,8,120,132,9,16,42,8,4,0,52,1,36,18,40,4,4,90,3,54,17,56,2,8,63,4,30,7,36,3,4,207,5,118,55,36,2,17,44,80,54,2,17,46,72,28,1,2,48
1136584,2018,2018-04-25,M Chinnaswamy Stadium,Bengaluru,Chennai Super Kings,Chennai Super Kings,Royal Challengers Bangalore,Royal Challengers Bengaluru,2,false,Chennai Super Kings,field,Chennai Super Kings,true,207,5,118,138,9,17,36,11,8,1,55,2,36,17,44,5,4,80,2,54,17,46,1,7,72,1,28,2,48,3,6,205,8,120,52,36,1,18,40,90,54,3,17,56,63,30,4,7,36
1136585,2018,2018-04-26,"Rajiv Gandhi International Stadium, Uppal",Hyderabad,Sunrisers Hyderabad,Sunrisers Hyderabad,Kings XI Punjab,Punjab Kings,1,true,Punjab Kings,field,Sunrisers Hyderabad,true,132,6,120,56,11,2,51,8,5,1,37,3,36,21,24,6,0,60,1,54,16,14,2,1,35,2,30,14,18,3,1,119,10,116,44,36,0,17,32,47,54,5,21,12,28,26,5,10,16
1136585,2018,2018-04-26,"Rajiv Gandhi International Stadium, Uppal",Hyderabad,Kings XI Punjab,Punjab Kings,Sunrisers Hyderabad,Sunrisers Hyderabad,2,false,Punjab Kings,field,Sunrisers Hyderabad,false,119,10,116,60,9,4,48,2,0,0,44,0,36,17,32,5,2,47,5,54,21,12,0,2,28,5,26,10,16,4,0,132,6,120,37,36,3,21,24,60,54,1,16,14,35,30,2,14,18
1136586,2018,2018-04-27,Arun Jaitley Stadium,Delhi,Delhi Daredevils,Delhi Capitals,Kolkata Knight Riders,Kolkata Knight Riders,1,true,Kolkata Knight Riders,field,Delhi Capitals,true,219,4,120,156,15,16,38,4,2,1,57,0,36,14,44,8,2,83,3,54,17,50,5,5,79,1,30,7,62,2,9,164,9,120,51,36,4,14,34,89,54,1,15,56,24,30,4,17,12
1136586,2018,2018-04-27,Arun Jaitley Stadium,Delhi,Kolkata Knight Riders,Kolkata Knight Riders,Delhi Daredevils,Delhi Capitals,2,false,Kolkata Knight Riders,field,Delhi Capitals,false,164,9,120,102,12,9,46,4,3,0,51,4,36,14,34,4,3,89,1,54,15,56,5,6,24,4,30,17,12,3,0,219,4,120,57,36,0,14,44,83,54,3,17,50,79,30,1,7,62
1136587,2018,2018-04-28,Maharashtra Cricket Association Stadium,Pune,Chennai Super Kings,Chennai Super Kings,Mumbai Indians,Mumbai Indians,1,true,Mumbai Indians,field,Mumbai Indians,false,169,5,120,102,12,9,42,7,4,0,51,1,36,16,36,3,4,66,1,54,20,36,6,2,52,3,30,6,30,3,3,170,2,118,50,36,0,16,30,73,54,1,16,36,47,28,1,6,26
1136587,2018,2018-04-28,Maharashtra Cricket Association Stadium,Pune,Mumbai Indians,Mumbai Indians,Chennai Super Kings,Chennai Super Kings,2,false,Mumbai Indians,field,Mumbai Indians,true,170,2,118,92,14,6,38,10,5,0,50,0,36,16,30,6,1,73,1,54,16,36,3,4,47,1,28,6,26,5,1,169,5,120,51,36,1,16,36,66,54,1,20,36,52,30,3,6,30
1136588,2018,2018-04-29,Sawai Mansingh Stadium,Jaipur,Sunrisers Hyderabad,Sunrisers Hyderabad,Rajasthan Royals,Rajasthan Royals,1,true,Sunrisers Hyderabad,bat,Sunrisers Hyderabad,true,151,7,120,72,15,2,37,1,0,0,39,1,36,14,20,5,0,81,2,54,13,44,8,2,31,4,30,10,8,2,0,140,6,120,43,36,1,16,26,59,54,3,11,12,38,30,2,6,10
1136588,2018,2018-04-29,Sawai Mansingh Stadium,Jaipur,Rajasthan Royals,Rajasthan Royals,Sunrisers Hyderabad,Sunrisers Hyderabad,2,false,Sunrisers Hyderabad,bat,Sunrisers Hyderabad,false,140,6,120,48,9,2,33,1,0,0,43,1,36,16,26,5,1,59,3,54,11,12,3,0,38,2,30,6,10,1,1,151,7,120,39,36,1,14,20,81,54,2,13,44,31,30,4,10,8
1136589,2018,2018-04-29,M Chinnaswamy Stadium,Bengaluru,Royal Challengers Bangalore,Royal Challengers Bengaluru,Kolkata Knight Riders,Kolkata Knight Riders,1,true,Kolkata Knight Riders,field,Kolkata Knight Riders,false,175,4,120,102,12,9,40,10,5,0,40,0,36,17,26,5,1,69,3,54,16,32,5,2,66,1,30,7,44,2,6,176,5,115,51,36,0,16,36,73,54,2,19,42,52,25,3,4,30
1136589,2018,2018-04-29,M Chinnaswamy Stadium,Bengaluru,Kolkata Knight Riders,Kolkata Knight Riders,Royal Challengers Bangalore,Royal Challengers Bengaluru,2,false,Kolkata Knight Riders,field,Kolkata Knight Riders,true,176,5,115,108,18,6,39,8,7,0,51,0,36,16,36,6,2,73,2,54,19,42,6,3,52,3,25,4,30,6,1,175,4,120,40,36,0,17,26,69,54,3,16,32,66,30,1,7,44
1136590,2018,2018-04-30,Maharashtra Cricket Association Stadium,Pune,Chennai Super Kings,Chennai Super Kings,Delhi Daredevils,Delhi Capitals,1,true,Delhi Capitals,field,Chennai Super Kings,true,211,4,120,140,14,14,32,7,3,1,56,0,36,15,44,5,4,81,3,54,13,40,4,4,74,1,30,4,56,5,6,198,5,120,59,36,2,15,46,69,54,2,13,30,70,30,1,6,50
1136590,2018,2018-04-30,Maharashtra Cricket Association Stadium,Pune,Delhi Daredevils,Delhi Capitals,Chennai Super Kings,Chennai Super Kings,2,false,Delhi Capitals,field,Chennai Super Kings,false,198,5,120,126,15,11,34,8,6,0,59,2,36,15,46,7,3,69,2,54,13,30,3,3,70,1,30,6,50,5,5,211,4,120,56,36,0,15,44,81,54,3,13,40,74,30,1,4,56
1136591,2018,2018-05-01,M Chinnaswamy Stadium,Bengaluru,Royal Challengers Bangalore,Royal Challengers Bengaluru,Mumbai Indians,Mumbai Indians,1,true,Mumbai Indians,field,Royal Challengers Bengaluru,true,167,7,120,106,10,11,50,6,1,2,43,1,36,20,30,3,3,80,2,54,18,48,6,4,44,4,30,12,28,1,4,153,7,120,40,36,3,20,20,66,54,2,20,22,47,30,2,8,28
1136591,2018,2018-05-01,M Chinnaswamy Stadium,Bengaluru,Mumbai Indians,Mumbai Indians,Royal Challengers Bangalore,Royal Challengers Bengaluru,2,false,Mumbai Indians,field,Royal Challengers Bengaluru,false,153,7,120,70,13,3,48,23,18,0,40,3,36,20,20,5,0,66,2,54,20,22,4,1,47,2,30,8,28,4,2,167,7,120,43,36,1,20,30,80,54,2,18,48,44,30,4,12,28
1136592,2018,2018-05-02,Arun Jaitley Stadium,Delhi,Delhi Daredevils,Delhi Capitals,Rajasthan Royals,Rajasthan Royals,1,true,Rajasthan Royals,field,Delhi Capitals,true,196,6,103,142,16,13,36,7,6,0,62,1,36,17,54,6,5,110,3,54,15,74,8,7,24,2,13,4,14,2,1,146,5,72,79,36,0,8,62,67,36,5,10,46,0,0,0,0,0
1136592,2018,2018-05-02,Arun Jaitley Stadium,Delhi,Rajasthan Royals,Rajasthan Royals,Delhi Daredevils,Delhi Capitals,2,false,Rajasthan Royals,field,Delhi Capitals,false,146,5,72,108,9,12,18,4,3,0,79,0,36,8,62,5,7,67,5,36,10,46,4,5,0,0,0,0,0,0,0,196,6,103,62,36,1,17,54,110,54,3,15,74,24,13,2,4,14
1136593,2018,2018-05-03,Eden Gardens,Kolkata,Chennai Super Kings,Chennai Super Kings,Kolkata Knight Riders,Kolkata Knight Riders,1,true,Kolkata Knight Riders,field,Kolkata Knight Riders,false,177,5,120,110,17,7,39,7,3,0,57,1,36,16,48,9,2,64,3,54,16,30,6,1,56,1,30,7,32,2,4,180,4,106,56,36,2,21,50,85,54,2,20,48,39,16,0,0,24
1136593,2018,2018-05-03,Eden Gardens,Kolkata,Kolkata Knight Riders,Kolkata Knight Riders,Chennai Super Kings,Chennai Super Kings,2,false,Kolkata Knight Riders,field,Kolkata Knight Riders,true,180,4,106,122,20,7,41,12,11,0,56,2,36,21,50,8,3,85,2,54,20,48,6,4,39,0,16,0,24,6,0,177,5,120,57,36,1,16,48,64,54,3,16,30,56,30,1,7,32
1136594,2018,2018-05-04,Holkar Cricket Stadium,Indore,Kings XI Punjab,Punjab Kings,Mumbai Indians,Mumbai Indians,1,true,Mumbai Indians,field,Mumbai Indians,false,174,6,120,106,10,11,41,10,5,0,49,0,36,16,34,4,3,74,3,54,18,40,4,4,51,3,30,7,32,2,4,176,4,114,39,36,1,15,20,79,54,2,20,54,58,24,1,5,44
1136594,2018,2018-05-04,Holkar Cricket Stadium,Indore,Mumbai Indians,Mumbai Indians,Kings XI Punjab,Punjab Kings,2,false,Mumbai Indians,field,Mumbai Indians,true,176,4,114,118,13,11,40,6,2,0,39,1,36,15,20,2,2,79,2,54,20,54,6,5,58,1,24,5,44,5,4,174,6,120,49,36,0,16,34,74,54,3,18,40,51,30,3,7,32
1136595,2018,2018-05-05,Maharashtra Cricket Association Stadium,Pune,Royal Challengers Bangalore,Royal Challengers Bengaluru,Chennai Super Kings,Chennai Super Kings,1,true,Chennai Super Kings,field,Chennai Super Kings,false,127,9,120,62,11,3,51,4,1,0,47,1,36,16,32,5,2,42,6,54,23,12,3,0,38,2,30,12,18,3,1,128,4,108,42,36,1,19,28,47,54,3,30,24,39,18,0,4,28
1136595,2018,2018-05-05,Maharashtra Cricket Association Stadium,Pune,Chennai Super Kings,Chennai Super Kings,Royal Challengers Bangalore,Royal Challengers Bengaluru,2,false,Chennai Super Kings,field,Chennai Super Kings,true,128,4,108,80,8,8,53,7,3,1,42,1,36,19,28,4,2,47,3,54,30,24,3,2,39,0,18,4,28,1,4,127,9,120,47,36,1,16,32,42,54,6,23,12,38,30,2,12,18
1136596,2018,2018-05-05,"Rajiv Gandhi International Stadium, Uppal",Hyderabad,Delhi Daredevils,Delhi Capitals,Sunrisers Hyderabad,Sunrisers Hyderabad,1,true,Delhi Capitals,bat,Sunrisers Hyderabad,false,163,5,120,80,11,6,33,3,2,0,60,1,36,12,42,6,3,65,1,54,12,24,3,2,38,3,30,9,14,2,1,164,3,119,61,36,0,12,40,54,54,2,15,12,49,29,1,6,26
1136596,2018,2018-05-05,"Rajiv Gandhi International Stadium, Uppal",Hyderabad,Sunrisers Hyderabad,Sunrisers Hyderabad,Delhi Daredevils,Delhi Capitals,2,false,Delhi Capitals,bat,Sunrisers Hyderabad,true,164,3,119,78,9,7,33,6,5,1,61,0,36,12,40,4,4,54,2,54,15,12,3,0,49,1,29,6,26,2,3,163,5,120,60,36,1,12,42,65,54,1,12,24,38,30,3,9,14
1136597,2018,2018-05-06,Wankhede Stadium,Mumbai,Mumbai Indians,Mumbai Indians,Kolkata Knight Riders,Kolkata Knight Riders,1,true,Kolkata Knight Riders,field,Mumbai Indians,true,181,4,120,114,18,7,41,6,5,0,56,0,36,17,46,7,3,76,3,54,16,40,7,2,49,1,30,8,28,4,2,168,6,120,47,36,2,19,30,75,54,2,19,50,46,30,2,13,34
1136597,2018,2018-05-06,Wankhede Stadium,Mumbai,Kolkata Knight Riders,Kolkata Knight Riders,Mumbai Indians,Mumbai Indians,2,false,Kolkata Knight Riders,field,Mumbai Indians,false,168,6,120,114,21,5,51,9,1,0,47,2,36,19,30,6,1,75,2,54,19,50,8,3,46,2,30,13,34,7,1,181,4,120,56,36,0,17,46,76,54,3,16,40,49,30,1,8,28
1136598,2018,2018-05-06,Holkar Cricket Stadium,Indore,Rajasthan Royals,Rajasthan Royals,Kings XI Punjab,Punjab Kings,1,true,Punjab Kings,field,Punjab Kings,false,152,9,120,70,16,1,33,8,1,0,45,2,36,10,20,5,0,65,4,54,17,30,6,1,42,3,30,6,20,5,0,155,4,112,34,36,2,23,24,68,54,2,18,34,53,22,0,1,30
1136598,2018,2018-05-06,Holkar Cricket Stadium,Indore,Kings XI Punjab,Punjab Kings,Rajasthan Royals,Rajasthan Royals,2,false,Punjab Kings,field,Punjab Kings,true,155,4,112,88,13,6,42,3,3,0,34,2,36,23,24,6,0,68,2,54,18,34,4,3,53,0,22,1,30,3,3,152,9,120,45,36,2,10,20,65,54,4,17,30,42,30,3,6,20
1136599,2018,2018-05-07,"Rajiv Gandhi International Stadium, Uppal",Hyderabad,Sunrisers Hyderabad,Sunrisers Hyderabad,Royal Challengers Bangalore,Royal Challengers Bengaluru,1,true,Royal Challengers Bengaluru,field,Sunrisers Hyderabad,true,146,10,120,74,14,3,42,9,5,1,38,2,36,13,16,4,0,67,1,54,19,32,5,2,41,7,30,10,26,5,1,141,6,120,55,36,1,13,38,47,54,4,23,16,39,30,1,7,16
1136599,2018,2018-05-07,"Rajiv Gandhi International Stadium, Uppal",Hyderabad,Royal Challengers Bangalore,Royal Challengers Bengaluru,Sunrisers Hyderabad,Sunrisers Hyderabad,2,false,Royal Challengers Bengaluru,field,Sunrisers Hyderabad,false,141,6,120,70,13,3,43,5,3,0,55,1,36,13,38,8,1,47,4,54,23,16,4,0,39,1,30,7,16,1,2,146,10,120,38,36,2,13,16,67,54,1,19,32,41,30,7,10,26
1136600,2018,2018-05-08,Sawai Mansingh Stadium,Jaipur,Rajasthan Royals,Rajasthan Royals,Kings XI Punjab,Punjab Kings,1,true,Rajasthan Royals,bat,Rajasthan Royals,true,158,8,120,76,13,4,36,3,1,1,63,1,36,9,44,8,2,57,2,54,15,18,3,1,38,5,30,12,14,2,1,143,7,120,33,36,3,20,18,59,54,3,16,16,51,30,1,6,30
1136600,2018,2018-05-08,Sawai Mansingh Stadium,Jaipur,Kings XI Punjab,Punjab Kings,Rajasthan Royals,Rajasthan Royals,2,false,Rajasthan Royals,bat,Rajasthan Royals,false,143,7,120,64,13,2,42,7,1,1,33,3,36,20,18,3,1,59,3,54,16,16,4,0,51,1,30,6,30,6,1,158,8,120,63,36,1,9,44,57,54,2,15,18,38,30,5,12,14
1136601,2018,2018-05-09,Eden Gardens,Kolkata,Mumbai Indians,Mumbai Indians,Kolkata Knight Riders,Kolkata Knight Riders,1,true,Kolkata Knight Riders,field,Mumbai Indians,true,210,6,120,148,16,14,41,7,4,1,47,1,36,16,34,7,1,98,2,54,15,68,8,6,65,3,30,10,46,1,7,108,10,109,47,36,2,22,42,48,54,6,27,26,13,19,2,10,4
1136601,2018,2018-05-09,Eden Gardens,Kolkata,Kolkata Knight Riders,Kolkata Knight Riders,Mumbai Indians,Mumbai Indians,2,false,Kolkata Knight Riders,field,Mumbai Indians,false,108,10,109,72,12,4,59,1,0,0,47,2,36,22,42,6,3,48,6,54,27,26,5,1,13,2,19,10,4,1,0,210,6,120,47,36,1,16,34,98,54,2,15,68,65,30,3,10,46
1136602,2018,2018-05-10,Arun Jaitley Stadium,Delhi,Delhi Daredevils,Delhi Capitals,Sunrisers Hyderabad,Sunrisers Hyderabad,1,true,Delhi Capitals,bat,Sunrisers Hyderabad,false,187,5,120,130,19,9,40,3,1,0,38,2,36,18,24,6,0,73,2,54,14,42,6,3,76,1,30,8,64,7,6,191,1,113,51,36,1,11,30,101,54,0,9,64,39,23,0,3,22
1136602,2018,2018-05-10,Arun Jaitley Stadium,Delhi,Sunrisers Hyderabad,Sunrisers Hyderabad,Delhi Daredevils,Delhi Capitals,2,false,Delhi Capitals,bat,Sunrisers Hyderabad,true,191,1,113,116,20,6,23,2,1,0,51,1,36,11,30,6,1,101,0,54,9,64,10,4,39,0,23,3,22,4,1,187,5,120,38,36,2,18,24,73,54,2,14,42,76,30,1,8,64
1136603,2018,2018-05-11,Sawai Mansingh Stadium,Jaipur,Chennai Super Kings,Chennai Super Kings,Rajasthan Royals,Rajasthan Royals,1,true,Chennai Super Kings,bat,Rajasthan Royals,false,176,4,120,80,14,4,30,12,10,1,55,1,36,11,32,8,0,72,2,54,15,30,3,3,49,1,30,4,18,3,1,177,6,119,57,36,2,17,48,65,54,2,20,28,55,29,2,6,32
1136603,2018,2018-05-11,Sawai Mansingh Stadium,Jaipur,Rajasthan Royals,Rajasthan Royals,Chennai Super Kings,Chennai Super Kings,2,false,Chennai Super Kings,bat,Rajasthan Royals,true,177,6,119,108,18,6,43,3,2,0,57,2,36,17,48,9,2,65,2,54,20,28,7,0,55,2,29,6,32,2,4,176,4,120,55,36,1,11,32,72,54,2,15,30,49,30,1,4,18
1136604,2018,2018-05-12,Holkar Cricket Stadium,Indore,Kolkata Knight Riders,Kolkata Knight Riders,Kings XI Punjab,Punjab Kings,1,true,Punjab Kings,field,Kolkata Knight Riders,true,245,6,120,186,24,15,31,5,5,0,59,1,36,13,42,6,3,110,2,54,12,82,10,7,76,3,30,6,62,8,5,214,8,120,58,36,2,11,40,92,54,3,11,54,64,30,3,10,50
1136604,2018,2018-05-12,Holkar Cricket Stadium,Indore,Kings XI Punjab,Punjab Kings,Kolkata Knight Riders,Kolkata Knight Riders,2,false,Punjab Kings,field,Kolkata Knight Riders,false,214,8,120,144,12,16,32,7,6,0,58,2,36,11,40,4,4,92,3,54,11,54,3,7,64,3,30,10,50,5,5,245,6,120,59,36,1,13,42,110,54,2,12,82,76,30,3,6,62
1136605,2018,2018-05-12,Arun Jaitley Stadium,Delhi,Delhi Daredevils,Delhi Capitals,Royal Challengers Bangalore,Royal Challengers Bengaluru,1,true,Royal Challengers Bengaluru,field,Royal Challengers Bengaluru,false,181,4,120,110,14,9,39,7,5,1,44,2,36,16,26,5,1,76,1,54,17,44,5,4,61,1,30,6,40,4,4,187,5,114,58,36,2,14,40,89,54,1,15,56,40,24,2,7,20
1136605,2018,2018-05-12,Arun Jaitley Stadium,Delhi,Royal Challengers Bangalore,Royal Challengers Bengaluru,Delhi Daredevils,Delhi Capitals,2,false,Royal Challengers Bengaluru,field,Royal Challengers Bengaluru,true,187,5,114,116,14,10,36,11,7,0,58,2,36,14,40,7,2,89,1,54,15,56,5,6,40,2,24,7,20,2,2,181,4,120,44,36,2,16,26,76,54,1,17,44,61,30,1,6,40
1136606,2018,2018-05-13,Maharashtra Cricket Association Stadium,Pune,Sunrisers Hyderabad,Sunrisers Hyderabad,Chennai Super Kings,Chennai Super Kings,1,true,Chennai Super Kings,field,Chennai Super Kings,false,179,4,120,104,17,6,38,13,10,0,29,1,36,20,16,4,0,101,0,54,11,66,9,5,49,3,30,7,22,4,1,180,2,114,53,36,0,16,40,90,54,2,15,58,37,24,0,3,20
1136606,2018,2018-05-13,Maharashtra Cricket Association Stadium,Pune,Chennai Super Kings,Chennai Super Kings,Sunrisers Hyderabad,Sunrisers Hyderabad,2,false,Chennai Super Kings,field,Chennai Super Kings,true,180,2,114,118,13,11,34,1,1,0,53,0,36,16,40,4,4,90,2,54,15,58,7,5,37,0,24,3,20,2,2,179,4,120,29,36,1,20,16,101,54,0,11,66,49,30,3,7,22
1136607,2018,2018-05-13,Wankhede Stadium,Mumbai,Mumbai Indians,Mumbai Indians,Rajasthan Royals,Rajasthan Royals,1,true,Rajasthan Royals,field,Rajasthan Royals,false,168,6,120,102,15,7,46,9,7,0,51,0,36,17,36,9,0,72,4,54,19,40,4,4,45,2,30,10,26,2,3,171,3,108,51,36,1,16,30,81,54,1,13,46,39,18,1,5,30
1136607,2018,2018-05-13,Wankhede Stadium,Mumbai,Rajasthan Royals,Rajasthan Royals,Mumbai Indians,Mumbai Indians,2,false,Rajasthan Royals,field,Rajasthan Royals,true,171,3,108,106,16,7,34,10,9,0,51,1,36,16,30,6,1,81,1,54,13,46,7,3,39,1,18,5,30,3,3,168,6,120,51,36,0,17,36,72,54,4,19,40,45,30,2,10,26
1136608,2018,2018-05-14,Holkar Cricket Stadium,Indore,Kings XI Punjab,Punjab Kings,Royal Challengers Bangalore,Royal Challengers Bengaluru,1,true,Royal Challengers Bengaluru,field,Royal Challengers Bengaluru,false,88,10,91,50,5,5,47,5,3,0,47,3,36,20,38,5,3,40,6,54,27,12,0,2,1,1,1,0,0,0,0,92,0,49,66,36,0,9,48,26,13,0,1,16,0,0,0,0,0
1136608,2018,2018-05-14,Holkar Cricket Stadium,Indore,Royal Challengers Bangalore,Royal Challengers Bengaluru,Kings XI Punjab,Punjab Kings,2,false,Royal Challengers Bengaluru,field,Royal Challengers Bengaluru,true,92,0,49,64,13,2,10,4,1,1,66,0,36,9,48,9,2,26,0,13,1,16,4,0,0,0,0,0,0,0,0,88,10,91,47,36,3,20,38,40,54,6,27,12,1,1,1,0,0
1136609,2018,2018-05-15,Eden Gardens,Kolkata,Rajasthan Royals,Rajasthan Royals,Kolkata Knight Riders,Kolkata Knight Riders,1,true,Kolkata Knight Riders,field,Kolkata Knight Riders,false,142,10,114,88,16,4,47,2,1,0,68,1,36,15,58,10,3,50,6,54,22,18,3,1,24,3,24,10,12,3,0,145,4,108,51,36,2,18,38,65,54,1,18,34,29,18,1,6,22
1136609,2018,2018-05-15,Eden Gardens,Kolkata,Kolkata Knight Riders,Kolkata Knight Riders,Rajasthan Royals,Rajasthan Royals,2,false,Kolkata Knight Riders,field,Kolkata Knight Riders,true,145,4,108,94,16,5,42,2,1,0,51,2,36,18,38,5,3,65,1,54,18,34,7,1,29,1,18,6,22,4,1,142,10,114,68,36,1,15,58,50,54,6,22,18,24,24,3,10,12
1136610,2018,2018-05-16,Wankhede Stadium,Mumbai,Mumbai Indians,Mumbai Indians,Kings XI Punjab,Punjab Kings,1,true,Punjab Kings,field,Mumbai Indians,true,186,8,120,114,12,11,38,11,5,1,60,3,36,15,46,4,5,91,2,54,11,54,6,5,35,3,30,12,14,2,1,183,5,120,57,36,1,14,42,70,54,0,7,24,56,30,4,6,34
1136610,2018,2018-05-16,Wankhede Stadium,Mumbai,Kings XI Punjab,Punjab Kings,Mumbai Indians,Mumbai Indians,2,false,Punjab Kings,field,Mumbai Indians,false,183,5,120,100,16,6,27,9,5,0,57,1,36,14,42,6,3,70,0,54,7,24,6,0,56,4,30,6,34,4,3,186,8,120,60,36,3,15,46,91,54,2,11,54,35,30,3,12,14
1136611,2018,2018-05-17,M Chinnaswamy Stadium,Bengaluru,Royal Challengers Bangalore,Royal Challengers Bengaluru,Sunrisers Hyderabad,Sunrisers Hyderabad,1,true,Sunrisers Hyderabad,field,Royal Challengers Bengaluru,true,218,6,120,152,20,12,33,4,2,0,44,2,36,16,32,8,0,105,2,54,13,74,8,7,69,2,30,4,46,4,5,204,3,120,56,36,1,15,42,96,54,1,14,68,52,30,1,5,26
1136611,2018,2018-05-17,M Chinnaswamy Stadium,Bengaluru,Sunrisers Hyderabad,Sunrisers Hyderabad,Royal Challengers Bangalore,Royal Challengers Bengaluru,2,false,Sunrisers Hyderabad,field,Royal Challengers Bengaluru,false,204,3,120,136,16,12,34,5,3,0,56,1,36,15,42,3,5,96,1,54,14,68,8,6,52,1,30,5,26,5,1,218,6,120,44,36,2,16,32,105,54,2,13,74,69,30,2,4,46
1136612,2018,2018-05-18,Arun Jaitley Stadium,Delhi,Delhi Daredevils,Delhi Capitals,Chennai Super Kings,Chennai Super Kings,1,true,Chennai Super Kings,field,Delhi Capitals,true,162,5,120,94,10,9,47,9,6,0,39,1,36,20,22,4,1,63,4,54,20,32,5,2,60,0,30,7,40,1,6,128,6,120,44,36,0,20,32,50,54,4,21,22,34,30,2,10,12
1136612,2018,2018-05-18,Arun Jaitley Stadium,Delhi,Chennai Super Kings,Chennai Super Kings,Delhi Daredevils,Delhi Capitals,2,false,Chennai Super Kings,field,Delhi Capitals,false,128,6,120,66,6,7,51,2,0,0,44,0,36,20,32,2,4,50,4,54,21,22,4,1,34,2,30,10,12,0,2,162,5,120,39,36,1,20,22,63,54,4,20,32,60,30,0,7,40
1136613,2018,2018-05-19,Sawai Mansingh Stadium,Jaipur,Rajasthan Royals,Rajasthan Royals,Royal Challengers Bangalore,Royal Challengers Bengaluru,1,true,Rajasthan Royals,bat,Rajasthan Royals,true,164,5,120,80,11,6,37,5,4,0,45,1,36,17,30,6,1,68,2,54,12,20,2,2,51,2,30,8,30,3,3,134,10,116,55,36,1,13,40,53,54,5,19,16,26,26,4,13,16
1136613,2018,2018-05-19,Sawai Mansingh Stadium,Jaipur,Royal Challengers Bangalore,Royal Challengers Bengaluru,Rajasthan Royals,Rajasthan Royals,2,false,Rajasthan Royals,bat,Rajasthan Royals,false,134,10,116,72,15,2,45,3,1,0,55,1,36,13,40,7,2,53,5,54,19,16,4,0,26,4,26,13,16,4,0,164,5,120,45,36,1,17,30,68,54,2,12,20,51,30,2,8,30
1136614,2018,2018-05-19,"Rajiv Gandhi International Stadium, Uppal",Hyderabad,Sunrisers Hyderabad,Sunrisers Hyderabad,Kolkata Knight Riders,Kolkata Knight Riders,1,true,Sunrisers Hyderabad,bat,Kolkata Knight Riders,false,172,9,120,92,14,6,40,11,5,1,60,0,36,15,40,7,2,81,2,54,12,38,5,3,31,7,30,13,14,2,1,173,5,118,66,36,1,15,54,66,54,1,16,28,41,28,3,8,22
1136614,2018,2018-05-19,"Rajiv Gandhi International Stadium, Uppal",Hyderabad,Kolkata Knight Riders,Kolkata Knight Riders,Sunrisers Hyderabad,Sunrisers Hyderabad,2,false,Sunrisers Hyderabad,bat,Kolkata Knight Riders,true,173,5,118,104,14,8,39,7,5,0,66,1,36,15,54,9,3,66,1,54,16,28,1,4,41,3,28,8,22,4,1,172,9,120,60,36,0,15,40,81,54,2,12,38,31,30,7,13,14
1136615,2018,2018-05-20,Arun Jaitley Stadium,Delhi,Delhi Daredevils,Delhi Capitals,Mumbai Indians,Mumbai Indians,1,true,Delhi Capitals,bat,Delhi Capitals,true,174,4,120,94,13,7,34,12,5,0,46,2,36,15,28,7,0,74,1,54,12,38,5,3,54,1,30,7,28,1,4,163,10,117,57,36,1,14,40,65,54,6,23,28,41,27,3,11,26
1136615,2018,2018-05-20,Arun Jaitley Stadium,Delhi,Mumbai Indians,Mumbai Indians,Delhi Daredevils,Delhi Capitals,2,false,Delhi Capitals,bat,Delhi Capitals,false,163,10,117,94,10,9,48,7,6,0,57,1,36,14,40,4,4,65,6,54,23,28,4,2,41,3,27,11,26,2,3,174,4,120,46,36,2,15,28,74,54,1,12,38,54,30,1,7,28
1136616,2018,2018-05-20,Maharashtra Cricket Association Stadium,Pune,Kings XI Punjab,Punjab Kings,Chennai Super Kings,Chennai Super Kings,1,true,Chennai Super Kings,field,Chennai Super Kings,false,153,10,118,84,9,8,45,11,5,1,29,3,36,19,12,3,0,73,2,54,17,36,3,4,51,5,28,9,36,3,4,159,5,115,33,36,3,24,24,69,54,1,16,26,57,25,1,2,36
1136616,2018,2018-05-20,Maharashtra Cricket Association Stadium,Pune,Chennai Super Kings,Chennai Super Kings,Kings XI Punjab,Punjab Kings,2,false,Chennai Super Kings,field,Chennai Super Kings,true,159,5,115,86,11,7,42,9,7,1,33,3,36,24,24,6,0,69,1,54,16,26,2,3,57,1,25,2,36,3,4,153,10,118,29,36,3,19,12,73,54,2,17,36,51,28,5,9,36
1136617,2018,2018-05-22,Wankhede Stadium,Mumbai,Sunrisers Hyderabad,Sunrisers Hyderabad,Chennai Super Kings,Chennai Super Kings,1,true,Chennai Super Kings,field,Chennai Super Kings,false,139,7,120,72,12,4,54,9,9,0,47,3,36,16,32,8,0,41,3,54,29,12,3,0,51,1,30,9,28,1,4,140,8,115,33,36,3,21,20,59,54,4,20,26,48,25,1,7,36
1136617,2018,2018-05-22,Wankhede Stadium,Mumbai,Chennai Super Kings,Chennai Super Kings,Sunrisers Hyderabad,Sunrisers Hyderabad,2,false,Chennai Super Kings,field,Chennai Super Kings,true,140,8,115,82,13,5,48,5,3,0,33,3,36,21,20,5,0,59,4,54,20,26,2,3,48,1,25,7,36,6,2,139,7,120,47,36,3,16,32,41,54,3,29,12,51,30,1,9,28
1136618,2018,2018-05-23,Eden Gardens,Kolkata,Kolkata Knight Riders,Kolkata Knight Riders,Rajasthan Royals,Rajasthan Royals,1,true,Rajasthan Royals,field,Kolkata Knight Riders,true,169,7,120,100,13,8,46,10,5,1,46,3,36,16,24,6,0,68,2,54,19,34,4,3,55,2,30,11,42,3,5,144,4,120,51,36,1,14,34,60,54,1,22,28,33,30,2,9,12
1136618,2018,2018-05-23,Eden Gardens,Kolkata,Rajasthan Royals,Rajasthan Royals,Kolkata Knight Riders,Kolkata Knight Riders,2,false,Rajasthan Royals,field,Kolkata Knight Riders,false,144,4,120,74,11,5,45,1,1,0,51,1,36,14,34,4,3,60,1,54,22,28,4,2,33,2,30,9,12,3,0,169,7,120,46,36,3,16,24,68,54,2,19,34,55,30,2,11,42
1136619,2018,2018-05-25,Eden Gardens,Kolkata,Sunrisers Hyderabad,Sunrisers Hyderabad,Kolkata Knight Riders,Kolkata Knight Riders,1,true,Kolkata Knight Riders,field,Sunrisers Hyderabad,true,174,7,120,106,16,7,38,5,4,0,45,0,36,11,22,4,1,68,3,54,16,36,9,0,61,4,30,11,48,3,6,160,9,120,67,36,1,13,54,51,54,5,23,24,42,30,3,9,24
1136619,2018,2018-05-25,Eden Gardens,Kolkata,Kolkata Knight Riders,Kolkata Knight Riders,Sunrisers Hyderabad,Sunrisers Hyderabad,2,false,Kolkata Knight Riders,field,Sunrisers Hyderabad,false,160,9,120,102,15,7,45,3,1,0,67,1,36,13,54,6,5,51,5,54,23,24,6,0,42,3,30,9,24,3,2,174,7,120,45,36,0,11,22,68,54,3,16,36,61,30,4,11,48
1136620,2018,2018-05-27,Wankhede Stadium,Mumbai,Sunrisers Hyderabad,Sunrisers Hyderabad,Chennai Super Kings,Chennai Super Kings,1,true,Chennai Super Kings,field,Chennai Super Kings,false,178,6,120,106,13,9,38,8,6,1,42,1,36,15,20,2,2,84,2,54,15,54,9,3,52,3,30,8,32,2,4,181,2,111,35,36,1,20,18,111,54,1,11,80,35,21,0,6,26
1136620,2018,2018-05-27,Wankhede Stadium,Mumbai,Chennai Super Kings,Chennai Super Kings,Sunrisers Hyderabad,Sunrisers Hyderabad,2,false,Chennai Super Kings,field,Chennai Super Kings,true,181,2,111,124,16,10,37,6,3,0,35,1,36,20,18,3,1,111,1,54,11,80,8,8,35,0,21,6,26,5,1,178,6,120,42,36,1,15,20,84,54,2,15,54,52,30,3,8,32
1175356,2019,2019-03-23,MA Chidambaram Stadium,Chennai,Royal Challengers Bangalore,Royal Challengers Bengaluru,Chennai Super Kings,Chennai Super Kings,1,true,Chennai Super Kings,field,Chennai Super Kings,false,70,10,103,18,3,1,57,4,0,1,33,2,36,16,10,1,1,33,6,54,32,8,2,0,4,2,13,9,0,0,0,71,3,106,16,36,1,25,6,47,54,2,32,24,8,16,0,10,0
1175356,2019,2019-03-23,MA Chidambaram Stadium,Chennai,Chennai Super Kings,Chennai Super Kings,Royal Challengers Bangalore,Royal Challengers Bengaluru,2,false,Chennai Super Kings,field,Chennai Super Kings,true,71,3,106,30,6,1,67,5,3,1,16,1,36,25,6,0,1,47,2,54,32,24,6,0,8,0,16,10,0,0,0,70,10,103,33,36,2,16,10,33,54,6,32,8,4,13,2,9,0
1175357,2019,2019-03-24,Eden Gardens,Kolkata,Sunrisers Hyderabad,Sunrisers Hyderabad,Kolkata Knight Riders,Kolkata Knight Riders,1,true,Kolkata Knight Riders,field,Kolkata Knight Riders,false,181,3,120,96,15,6,30,8,2,1,54,0,36,14,30,6,1,80,1,54,11,42,6,3,47,2,30,5,24,3,2,183,4,118,47,36,1,18,36,67,54,2,18,34,69,28,1,6,56
1175357,2019,2019-03-24,Eden Gardens,Kolkata,Kolkata Knight Riders,Kolkata Knight Riders,Sunrisers Hyderabad,Sunrisers Hyderabad,2,false,Kolkata Knight Riders,field,Kolkata Knight Riders,true,183,4,118,126,15,11,42,4,3,0,47,1,36,18,36,6,2,67,2,54,18,34,4,3,69,1,28,6,56,5,6,181,3,120,54,36,0,14,30,80,54,1,11,42,47,30,2,5,24
1175358,2019,2019-03-24,Wankhede Stadium,Mumbai,Delhi Capitals,Delhi Capitals,Mumbai Indians,Mumbai Indians,1,true,Mumbai Indians,field,Delhi Capitals,true,213,6,120,154,22,11,37,6,2,2,45,2,36,15,26,5,1,86,1,54,17,62,11,3,82,3,30,5,66,6,7,176,9,116,46,36,3,14,30,88,54,3,19,62,42,26,3,9,24
1175358,2019,2019-03-24,Wankhede Stadium,Mumbai,Mumbai Indians,Mumbai Indians,Delhi Capitals,Delhi Capitals,2,false,Mumbai Indians,field,Delhi Capitals,false,176,9,116,116,20,6,42,9,7,0,46,3,36,14,30,6,1,88,3,54,19,62,11,3,42,3,26,9,24,3,2,213,6,120,45,36,2,15,26,86,54,1,17,62,82,30,3,5,66
1175359,2019,2019-03-25,Sawai Mansingh Stadium,Jaipur,Kings XI Punjab,Punjab Kings,Rajasthan Royals,Rajasthan Royals,1,true,Rajasthan Royals,field,Punjab Kings,true,184,4,120,110,17,7,43,16,8,0,32,1,36,22,18,3,1,93,1,54,14,60,9,4,59,2,30,7,32,5,2,170,9,120,64,36,0,16,56,71,54,2,12,22,35,30,7,12,16
1175359,2019,2019-03-25,Sawai Mansingh Stadium,Jaipur,Rajasthan Royals,Rajasthan Royals,Kings XI Punjab,Punjab Kings,2,false,Rajasthan Royals,field,Punjab Kings,false,170,9,120,94,16,5,40,5,2,2,64,0,36,16,56,11,2,71,2,54,12,22,4,1,35,7,30,12,16,1,2,184,4,120,32,36,1,22,18,93,54,1,14,60,59,30,2,7,32
1175360,2019,2019-03-26,Arun Jaitley Stadium,Delhi,Delhi Capitals,Delhi Capitals,Chennai Super Kings,Chennai Super Kings,1,true,Delhi Capitals,bat,Chennai Super Kings,false,147,6,120,76,16,2,44,7,5,0,43,1,36,20,32,8,0,75,1,54,13,36,6,2,29,4,30,11,8,2,0,150,4,118,58,36,1,13,42,62,54,2,21,30,30,28,1,12,14
1175360,2019,2019-03-26,Arun Jaitley Stadium,Delhi,Chennai Super Kings,Chennai Super Kings,Delhi Capitals,Delhi Capitals,2,false,Delhi Capitals,bat,Chennai Super Kings,true,150,4,118,86,14,5,46,8,2,1,58,1,36,13,42,9,1,62,2,54,21,30,3,3,30,1,28,12,14,2,1,147,6,120,43,36,1,20,32,75,54,1,13,36,29,30,4,11,8
1175361,2019,2019-03-27,Eden Gardens,Kolkata,Kolkata Knight Riders,Kolkata Knight Riders,Kings XI Punjab,Punjab Kings,1,true,Punjab Kings,field,Kolkata Knight Riders,true,218,4,120,158,14,17,40,5,3,1,53,2,36,19,42,3,5,94,1,54,17,62,5,7,71,1,30,4,54,6,5,190,4,120,51,36,2,19,36,82,54,1,16,46,57,30,1,6,36
1175361,2019,2019-03-27,Eden Gardens,Kolkata,Kings XI Punjab,Punjab Kings,Kolkata Knight Riders,Kolkata Knight Riders,2,false,Punjab Kings,field,Kolkata Knight Riders,false,190,4,120,118,19,7,41,6,5,0,51,2,36,19,36,6,2,82,1,54,16,46,7,3,57,1,30,6,36,6,2,218,4,120,53,36,2,19,42,94,54,1,17,62,71,30,1,4,54
1175362,2019,2019-03-28,M Chinnaswamy Stadium,Bengaluru,Mumbai Indians,Mumbai Indians,Royal Challengers Bangalore,Royal Challengers Bengaluru,1,true,Royal Challengers Bengaluru,field,Mumbai Indians,true,187,8,120,122,17,9,42,10,4,1,52,0,36,18,44,8,2,87,3,54,12,48,6,4,48,5,30,12,30,3,3,181,5,120,60,36,1,13,48,67,54,2,13,28,54,30,2,10,38
1175362,2019,2019-03-28,M Chinnaswamy Stadium,Bengaluru,Royal Challengers Bangalore,Royal Challengers Bengaluru,Mumbai Indians,Mumbai Indians,2,false,Royal Challengers Bengaluru,field,Mumbai Indians,false,181,5,120,114,15,9,36,5,3,0,60,1,36,13,48,9,2,67,2,54,13,28,4,2,54,2,30,10,38,2,5,187,8,120,52,36,0,18,44,87,54,3,12,48,48,30,5,12,30
1175363,2019,2019-03-29,"Rajiv Gandhi International Stadium, Uppal",Hyderabad,Rajasthan Royals,Rajasthan Royals,Sunrisers Hyderabad,Sunrisers Hyderabad,1,true,Rajasthan Royals,bat,Sunrisers Hyderabad,false,198,2,120,114,18,7,31,5,4,1,35,1,36,16,12,3,0,87,0,54,12,48,6,4,76,1,30,3,54,9,3,201,5,114,69,36,0,10,50,96,54,3,11,58,36,24,2,7,16
1175363,2019,2019-03-29,"Rajiv Gandhi International Stadium, Uppal",Hyderabad,Sunrisers Hyderabad,Sunrisers Hyderabad,Rajasthan Royals,Rajasthan Royals,2,false,Rajasthan Royals,bat,Sunrisers Hyderabad,true,201,5,114,124,19,8,28,6,5,0,69,0,36,10,50,11,1,96,3,54,11,58,7,5,36,2,24,7,16,1,2,198,2,120,35,36,1,16,12,87,54,0,12,48,76,30,1,3,54
1175364,2019,2019-03-30,"Punjab Cricket Association IS Bindra Stadium, Mohali",Chandigarh,Mumbai Indians,Mumbai Indians,Kings XI Punjab,Punjab Kings,1,true,Punjab Kings,field,Punjab Kings,false,176,7,120,98,20,3,34,7,4,0,62,1,36,6,36,9,0,69,3,54,19,40,7,2,45,3,30,9,22,4,1,177,2,112,38,36,0,20,28,102,54,2,8,54,37,22,0,5,20
1175364,2019,2019-03-30,"Punjab Cricket Association IS Bindra Stadium, Mohali",Chandigarh,Kings XI Punjab,Punjab Kings,Mumbai Indians,Mumbai Indians,2,false,Punjab Kings,field,Punjab Kings,true,177,2,112,102,15,7,33,8,7,0,38,0,36,20,28,4,2,102,2,54,8,54,6,5,37,0,22,5,20,5,0,176,7,120,62,36,1,6,36,69,54,3,19,40,45,30,3,9,22
1175365,2019,2019-03-30,Arun Jaitley Stadium,Delhi,Kolkata Knight Riders,Kolkata Knight Riders,Delhi Capitals,Delhi Capitals,1,true,Delhi Capitals,field,Unknown,false,185,8,120,122,17,9,44,8,3,1,36,2,36,20,24,6,0,82,3,54,18,50,5,5,67,3,30,6,48,6,4,185,6,120,45,36,1,17,32,95,54,1,10,60,45,30,4,7,24
1175365,2019,2019-03-30,Arun Jaitley Stadium,Delhi,Delhi Capitals,Delhi Capitals,Kolkata Knight Riders,Kolkata Knight Riders,2,false,Delhi Capitals,field,Unknown,false,185,6,120,116,20,6,34,4,3,0,45,1,36,17,32,5,2,95,1,54,10,60,9,4,45,4,30,7,24,6,0,185,8,120,36,36,2,20,24,82,54,3,18,50,67,30,3,6,48
1175365,2019,2019-03-30,Arun Jaitley Stadium,Delhi,Delhi Capitals,Delhi Capitals,Kolkata Knight Riders,Kolkata Knight Riders,3,false,Delhi Capitals,field,Unknown,false,10,1,6,4,1,0,1,0,0,0,10,1,6,1,4,1,0,0,0,0,0,0,0,0,0,0,0,0,0,0,0,185,8,120,36,36,2,20,24,82,54,3,18,50,67,30,3,6,48
1175365,2019,2019-03-30,Arun Jaitley Stadium,Delhi,Kolkata Knight Riders,Kolkata Knight Riders,Kolkata Knight Riders,Kolkata Knight Riders,4,false,Delhi Capitals,field,Unknown,false,7,1,6,4,1,0,2,0,0,0,7,1,6,2,4,1,0,0,0,0,0,0,0,0,0,0,0,0,0,0,0,185,8,120,36,36,2,20,24,82,54,3,18,50,67,30,3,6,48
1175366,2019,2019-03-31,"Rajiv Gandhi International Stadium, Uppal",Hyderabad,Sunrisers Hyderabad,Sunrisers Hyderabad,Royal Challengers Bangalore,Royal Challengers Bengaluru,1,true,Royal Challengers Bengaluru,field,Sunrisers Hyderabad,true,231,2,120,146,17,13,24,2,1,0,59,0,36,12,42,9,1,105,0,54,9,62,5,7,67,2,30,3,42,3,5,113,10,119,30,36,3,20,14,56,54,3,27,36,27,29,4,15,10
1175366,2019,2019-03-31,"Rajiv Gandhi International Stadium, Uppal",Hyderabad,Royal Challengers Bangalore,Royal Challengers Bengaluru,Sunrisers Hyderabad,Sunrisers Hyderabad,2,false,Royal Challengers Bengaluru,field,Sunrisers Hyderabad,false,113,10,119,60,9,4,62,8,3,1,30,3,36,20,14,2,1,56,3,54,27,36,6,2,27,4,29,15,10,1,1,231,2,120,59,36,0,12,42,105,54,0,9,62,67,30,2,3,42
1175367,2019,2019-03-31,MA Chidambaram Stadium,Chennai,Chennai Super Kings,Chennai Super Kings,Rajasthan Royals,Rajasthan Royals,1,true,Rajasthan Royals,field,Chennai Super Kings,true,175,5,120,104,14,8,45,7,5,1,29,3,36,25,22,4,1,70,1,54,17,34,7,1,76,1,30,3,48,3,6,167,8,120,45,36,3,19,30,66,54,2,12,18,56,30,3,8,38
1175367,2019,2019-03-31,MA Chidambaram Stadium,Chennai,Rajasthan Royals,Rajasthan Royals,Chennai Super Kings,Chennai Super Kings,2,false,Rajasthan Royals,field,Chennai Super Kings,false,167,8,120,86,11,7,39,7,4,1,45,3,36,19,30,6,1,66,2,54,12,18,3,1,56,3,30,8,38,2,5,175,5,120,29,36,3,25,22,70,54,1,17,34,76,30,1,3,48
1175368,2019,2019-04-01,"Punjab Cricket Association IS Bindra Stadium, Mohali",Chandigarh,Kings XI Punjab,Punjab Kings,Delhi Capitals,Delhi Capitals,1,true,Delhi Capitals,field,Punjab Kings,true,166,9,120,98,17,5,42,9,8,0,54,2,36,18,44,8,2,75,2,54,15,36,6,2,37,5,30,9,18,3,1,152,10,116,49,36,1,13,28,79,54,2,16,42,24,26,7,16,16
1175368,2019,2019-04-01,"Punjab Cricket Association IS Bindra Stadium, Mohali",Chandigarh,Delhi Capitals,Delhi Capitals,Kings XI Punjab,Punjab Kings,2,false,Delhi Capitals,field,Punjab Kings,false,152,10,116,86,17,3,45,11,5,0,49,1,36,13,28,7,0,79,2,54,16,42,9,1,24,7,26,16,16,1,2,166,9,120,54,36,2,18,44,75,54,2,15,36,37,30,5,9,18
1175369,2019,2019-04-02,Sawai Mansingh Stadium,Jaipur,Royal Challengers Bangalore,Royal Challengers Bengaluru,Rajasthan Royals,Rajasthan Royals,1,true,Rajasthan Royals,field,Rajasthan Royals,false,158,4,120,90,18,3,42,5,1,1,48,0,36,12,28,7,0,59,3,54,25,32,5,2,51,1,30,5,30,6,1,164,3,119,55,36,0,15,36,66,54,2,19,30,43,29,1,8,20
1175369,2019,2019-04-02,Sawai Mansingh Stadium,Jaipur,Rajasthan Royals,Rajasthan Royals,Royal Challengers Bangalore,Royal Challengers Bengaluru,2,false,Rajasthan Royals,field,Rajasthan Royals,true,164,3,119,86,17,3,42,10,5,0,55,0,36,15,36,9,0,66,2,54,19,30,6,1,43,1,29,8,20,2,2,158,4,120,48,36,0,12,28,59,54,3,25,32,51,30,1,5,30
1175370,2019,2019-04-03,Wankhede Stadium,Mumbai,Mumbai Indians,Mumbai Indians,Chennai Super Kings,Chennai Super Kings,1,true,Chennai Super Kings,field,Mumbai Indians,true,170,5,120,106,16,7,45,6,4,1,40,1,36,18,28,7,0,53,2,54,21,22,4,1,77,2,30,6,56,5,6,133,8,120,34,36,3,26,28,60,54,2,22,20,39,30,3,13,28
1175370,2019,2019-04-03,Wankhede Stadium,Mumbai,Chennai Super Kings,Chennai Super Kings,Mumbai Indians,Mumbai Indians,2,false,Chennai Super Kings,field,Mumbai Indians,false,133,8,120,76,13,4,61,14,5,2,34,3,36,26,28,4,2,60,2,54,22,20,5,0,39,3,30,13,28,4,2,170,5,120,40,36,1,18,28,53,54,2,21,22,77,30,2,6,56
1175371,2019,2019-04-04,Arun Jaitley Stadium,Delhi,Delhi Capitals,Delhi Capitals,Sunrisers Hyderabad,Sunrisers Hyderabad,1,true,Sunrisers Hyderabad,field,Sunrisers Hyderabad,false,129,8,120,60,9,4,47,5,2,0,36,2,36,15,18,3,1,49,3,54,22,20,5,0,44,3,30,10,22,1,3,131,5,111,62,36,0,14,42,41,54,4,24,8,28,21,1,8,18
1175371,2019,2019-04-04,Arun Jaitley Stadium,Delhi,Sunrisers Hyderabad,Sunrisers Hyderabad,Delhi Capitals,Delhi Capitals,2,false,Sunrisers Hyderabad,field,Sunrisers Hyderabad,true,131,5,111,68,14,2,46,11,3,0,62,0,36,14,42,9,1,41,4,54,24,8,2,0,28,1,21,8,18,3,1,129,8,120,36,36,2,15,18,49,54,3,22,20,44,30,3,10,22
1175372,2019,2019-04-05,M Chinnaswamy Stadium,Bengaluru,Royal Challengers Bangalore,Royal Challengers Bengaluru,Kolkata Knight Riders,Kolkata Knight Riders,1,true,Kolkata Knight Riders,field,Kolkata Knight Riders,false,205,3,120,122,20,7,31,5,4,0,53,0,36,10,32,8,0,89,1,54,12,48,6,4,63,2,30,9,42,6,3,206,5,115,59,36,1,16,38,75,54,2,18,38,72,25,2,6,56
1175372,2019,2019-04-05,M Chinnaswamy Stadium,Bengaluru,Kolkata Knight Riders,Kolkata Knight Riders,Royal Challengers Bangalore,Royal Challengers Bengaluru,2,false,Kolkata Knight Riders,field,Kolkata Knight Riders,true,206,5,115,132,15,12,40,13,8,3,59,1,36,16,38,8,1,75,2,54,18,38,5,3,72,2,25,6,56,2,8,205,3,120,53,36,0,10,32,89,54,1,12,48,63,30,2,9,42
1178393,2019,2019-04-06,MA Chidambaram Stadium,Chennai,Chennai Super Kings,Chennai Super Kings,Kings XI Punjab,Punjab Kings,1,true,Chennai Super Kings,bat,Chennai Super Kings,true,160,3,120,86,11,7,37,5,5,0,54,0,36,13,38,5,3,54,3,54,19,20,2,2,52,0,30,5,28,4,2,138,5,120,46,36,2,14,24,59,54,0,15,22,33,30,3,10,8
1178393,2019,2019-04-06,MA Chidambaram Stadium,Chennai,Kings XI Punjab,Punjab Kings,Chennai Super Kings,Chennai Super Kings,2,false,Chennai Super Kings,bat,Chennai Super Kings,false,138,5,120,54,9,3,39,4,2,2,46,2,36,14,24,3,2,59,0,54,15,22,4,1,33,3,30,10,8,2,0,160,3,120,54,36,0,13,38,54,54,3,19,20,52,30,0,5,28
1178394,2019,2019-04-06,"Rajiv Gandhi International Stadium, Uppal",Hyderabad,Mumbai Indians,Mumbai Indians,Sunrisers Hyderabad,Sunrisers Hyderabad,1,true,Sunrisers Hyderabad,field,Mumbai Indians,true,136,7,120,74,8,7,57,6,5,1,30,2,36,21,16,1,2,45,3,54,24,12,3,0,61,2,30,12,46,4,5,96,10,106,39,36,2,19,24,45,54,3,22,10,12,16,5,9,4
1178394,2019,2019-04-06,"Rajiv Gandhi International Stadium, Uppal",Hyderabad,Sunrisers Hyderabad,Sunrisers Hyderabad,Mumbai Indians,Mumbai Indians,2,false,Sunrisers Hyderabad,field,Mumbai Indians,false,96,10,106,38,8,1,50,6,3,0,39,2,36,19,24,6,0,45,3,54,22,10,1,1,12,5,16,9,4,1,0,136,7,120,30,36,2,21,16,45,54,3,24,12,61,30,2,12,46
1178395,2019,2019-04-07,M Chinnaswamy Stadium,Bengaluru,Royal Challengers Bangalore,Royal Challengers Bengaluru,Delhi Capitals,Delhi Capitals,1,true,Delhi Capitals,field,Delhi Capitals,false,149,8,120,74,8,7,41,5,3,1,40,2,36,15,18,3,1,68,2,54,15,32,2,4,41,4,30,11,24,3,2,152,6,113,53,36,1,17,34,70,54,2,21,38,29,23,3,10,18
1178395,2019,2019-04-07,M Chinnaswamy Stadium,Bengaluru,Delhi Capitals,Delhi Capitals,Royal Challengers Bangalore,Royal Challengers Bengaluru,2,false,Delhi Capitals,field,Delhi Capitals,true,152,6,113,90,18,3,48,12,6,1,53,1,36,17,34,7,1,70,2,54,21,38,8,1,29,3,23,10,18,3,1,149,8,120,40,36,2,15,18,68,54,2,15,32,41,30,4,11,24
1178396,2019,2019-04-07,Sawai Mansingh Stadium,Jaipur,Rajasthan Royals,Rajasthan Royals,Kolkata Knight Riders,Kolkata Knight Riders,1,true,Kolkata Knight Riders,field,Kolkata Knight Riders,false,139,3,120,64,13,2,45,11,4,2,28,1,36,21,16,4,0,75,1,54,13,34,7,1,36,1,30,11,14,2,1,140,2,83,65,36,0,16,56,75,47,2,16,44,0,0,0,0,0
1178396,2019,2019-04-07,Sawai Mansingh Stadium,Jaipur,Kolkata Knight Riders,Kolkata Knight Riders,Rajasthan Royals,Rajasthan Royals,2,false,Kolkata Knight Riders,field,Kolkata Knight Riders,true,140,2,83,100,13,8,32,11,3,0,65,0,36,16,56,11,2,75,2,47,16,44,2,6,0,0,0,0,0,0,0,139,3,120,28,36,1,21,16,75,54,1,13,34,36,30,1,11,14
1178397,2019,2019-04-08,"Punjab Cricket Association IS Bindra Stadium, Mohali",Chandigarh,Sunrisers Hyderabad,Sunrisers Hyderabad,Kings XI Punjab,Punjab Kings,1,true,Punjab Kings,field,Punjab Kings,false,150,4,120,60,12,2,41,8,3,0,27,1,36,22,8,2,0,65,2,54,15,16,4,0,58,1,30,4,36,6,2,151,4,119,38,36,1,18,24,73,54,0,15,36,40,29,3,6,14
1178397,2019,2019-04-08,"Punjab Cricket Association IS Bindra Stadium, Mohali",Chandigarh,Kings XI Punjab,Punjab Kings,Sunrisers Hyderabad,Sunrisers Hyderabad,2,false,Punjab Kings,field,Punjab Kings,true,151,4,119,74,11,5,39,1,0,0,38,1,36,18,24,3,2,73,0,54,15,36,6,2,40,3,29,6,14,2,1,150,4,120,27,36,1,22,8,65,54,2,15,16,58,30,1,4,36
1178398,2019,2019-04-09,MA Chidambaram Stadium,Chennai,Kolkata Knight Riders,Kolkata Knight Riders,Chennai Super Kings,Chennai Super Kings,1,true,Chennai Super Kings,field,Chennai Super Kings,false,108,9,120,64,10,4,74,4,3,0,29,4,36,24,16,4,0,46,2,54,31,24,3,2,33,3,30,19,24,3,2,111,3,104,40,36,2,22,28,45,54,1,21,12,26,14,0,4,8
1178398,2019,2019-04-09,MA Chidambaram Stadium,Chennai,Chennai Super Kings,Chennai Super Kings,Kolkata Knight Riders,Kolkata Knight Riders,2,false,Chennai Super Kings,field,Chennai Super Kings,true,111,3,104,48,9,2,47,8,6,2,40,2,36,22,28,4,2,45,1,54,21,12,3,0,26,0,14,4,8,2,0,108,9,120,29,36,4,24,16,46,54,2,31,24,33,30,3,19,24
1178399,2019,2019-04-10,Wankhede Stadium,Mumbai,Kings XI Punjab,Punjab Kings,Mumbai Indians,Mumbai Indians,1,true,Mumbai Indians,field,Mumbai Indians,false,197,4,120,130,13,13,41,7,6,0,50,0,36,15,36,3,4,81,2,54,21,50,5,5,66,2,30,5,44,5,4,198,7,120,50,36,1,14,34,85,54,3,19,46,63,30,3,11,46
1178399,2019,2019-04-10,Wankhede Stadium,Mumbai,Mumbai Indians,Mumbai Indians,Kings XI Punjab,Punjab Kings,2,false,Mumbai Indians,field,Mumbai Indians,true,198,7,120,126,15,11,44,12,11,1,50,1,36,14,34,7,1,85,3,54,19,46,4,5,63,3,30,11,46,4,5,197,4,120,50,36,0,15,36,81,54,2,21,50,66,30,2,5,44
1178400,2019,2019-04-11,Sawai Mansingh Stadium,Jaipur,Rajasthan Royals,Rajasthan Royals,Chennai Super Kings,Chennai Super Kings,1,true,Chennai Super Kings,field,Chennai Super Kings,false,151,7,120,76,16,2,41,7,6,0,54,3,36,19,42,9,1,49,3,54,19,12,3,0,48,1,30,3,22,4,1,155,6,120,24,36,4,24,10,77,54,0,13,38,54,30,2,4,20
1178400,2019,2019-04-11,Sawai Mansingh Stadium,Jaipur,Chennai Super Kings,Chennai Super Kings,Rajasthan Royals,Rajasthan Royals,2,false,Chennai Super Kings,field,Chennai Super Kings,true,155,6,120,68,5,8,41,9,3,1,24,4,36,24,10,1,1,77,0,54,13,38,2,5,54,2,30,4,20,2,2,151,7,120,54,36,3,19,42,49,54,3,19,12,48,30,1,3,22
1178401,2019,2019-04-12,Eden Gardens,Kolkata,Kolkata Knight Riders,Kolkata Knight Riders,Delhi Capitals,Delhi Capitals,1,true,Delhi Capitals,field,Delhi Capitals,false,178,7,120,112,16,8,42,5,3,1,41,1,36,19,32,8,0,81,3,54,16,44,5,4,56,3,30,7,36,3,4,180,3,113,57,36,2,17,48,81,54,0,10,38,42,23,1,3,24
1178401,2019,2019-04-12,Eden Gardens,Kolkata,Delhi Capitals,Delhi Capitals,Kolkata Knight Riders,Kolkata Knight Riders,2,false,Delhi Capitals,field,Delhi Capitals,true,180,3,113,110,17,7,30,3,2,0,57,2,36,17,48,6,4,81,0,54,10,38,8,1,42,1,23,3,24,3,2,178,7,120,41,36,1,19,32,81,54,3,16,44,56,30,3,7,36
1178402,2019,2019-04-13,Wankhede Stadium,Mumbai,Mumbai Indians,Mumbai Indians,Rajasthan Royals,Rajasthan Royals,1,true,Rajasthan Royals,field,Rajasthan Royals,false,187,5,120,110,14,9,34,4,3,0,57,0,36,10,36,6,2,69,2,54,17,36,3,4,61,3,30,7,38,5,3,188,6,117,59,36,0,15,48,99,54,2,14,66,30,27,4,11,16
1178402,2019,2019-04-13,Wankhede Stadium,Mumbai,Rajasthan Royals,Rajasthan Royals,Mumbai Indians,Mumbai Indians,2,false,Rajasthan Royals,field,Rajasthan Royals,true,188,6,117,130,19,9,40,4,2,0,59,0,36,15,48,9,2,99,2,54,14,66,6,7,30,4,27,11,16,4,0,187,5,120,57,36,0,10,36,69,54,2,17,36,61,30,3,7,38
1178403,2019,2019-04-13,"Punjab Cricket Association IS Bindra Stadium, Mohali",Chandigarh,Kings XI Punjab,Punjab Kings,Royal Challengers Bangalore,Royal Challengers Bengaluru,1,true,Royal Challengers Bengaluru,field,Royal Challengers Bengaluru,false,173,4,120,108,15,8,43,7,5,0,60,0,36,16,50,8,3,62,4,54,21,30,3,3,51,0,30,6,28,4,2,174,2,116,63,36,1,10,48,63,54,0,13,20,48,26,1,5,28
1178403,2019,2019-04-13,"Punjab Cricket Association IS Bindra Stadium, Mohali",Chandigarh,Royal Challengers Bangalore,Royal Challengers Bengaluru,Kings XI Punjab,Punjab Kings,2,false,Royal Challengers Bengaluru,field,Royal Challengers Bengaluru,true,174,2,116,96,21,2,28,1,1,0,63,1,36,10,48,12,0,63,0,54,13,20,5,0,48,1,26,5,28,4,2,173,4,120,60,36,0,16,50,62,54,4,21,30,51,30,0,6,28
1178404,2019,2019-04-14,Eden Gardens,Kolkata,Kolkata Knight Riders,Kolkata Knight Riders,Chennai Super Kings,Chennai Super Kings,1,true,Chennai Super Kings,field,Chennai Super Kings,false,161,8,120,94,13,7,46,9,8,0,49,1,36,19,38,8,1,84,4,54,18,52,4,6,28,3,30,9,4,1,0,162,5,118,44,36,2,19,36,76,54,2,16,42,42,28,1,8,24
1178404,2019,2019-04-14,Eden Gardens,Kolkata,Chennai Super Kings,Chennai Super Kings,Kolkata Knight Riders,Kolkata Knight Riders,2,false,Chennai Super Kings,field,Chennai Super Kings,true,162,5,118,102,21,3,43,2,2,0,44,2,36,19,36,9,0,76,2,54,16,42,6,3,42,1,28,8,24,6,0,161,8,120,49,36,1,19,38,84,54,4,18,52,28,30,3,9,4
1178405,2019,2019-04-14,"Rajiv Gandhi International Stadium, Uppal",Hyderabad,Delhi Capitals,Delhi Capitals,Sunrisers Hyderabad,Sunrisers Hyderabad,1,true,Sunrisers Hyderabad,field,Delhi Capitals,true,155,7,120,80,14,4,41,9,3,1,51,2,36,19,36,6,2,70,1,54,13,34,7,1,34,4,30,9,10,1,1,116,10,113,40,36,0,17,22,60,54,2,19,22,16,23,8,11,0
1178405,2019,2019-04-14,"Rajiv Gandhi International Stadium, Uppal",Hyderabad,Sunrisers Hyderabad,Sunrisers Hyderabad,Delhi Capitals,Delhi Capitals,2,false,Sunrisers Hyderabad,field,Delhi Capitals,false,116,10,113,44,8,2,47,5,4,1,40,0,36,17,22,4,1,60,2,54,19,22,4,1,16,8,23,11,0,0,0,155,7,120,51,36,2,19,36,70,54,1,13,34,34,30,4,9,10
1178406,2019,2019-04-15,Wankhede Stadium,Mumbai,Royal Challengers Bangalore,Royal Challengers Bengaluru,Mumbai Indians,Mumbai Indians,1,true,Mumbai Indians,field,Mumbai Indians,false,171,7,120,108,12,10,41,8,1,0,45,1,36,16,30,6,1,74,1,54,14,42,3,5,52,5,30,11,36,3,4,172,5,114,67,36,0,15,52,60,54,3,25,36,45,24,2,8,32
1178406,2019,2019-04-15,Wankhede Stadium,Mumbai,Mumbai Indians,Mumbai Indians,Royal Challengers Bangalore,Royal Challengers Bengaluru,2,false,Mumbai Indians,field,Mumbai Indians,true,172,5,114,120,15,10,48,6,6,0,67,0,36,15,52,7,4,60,3,54,25,36,3,4,45,2,24,8,32,5,2,171,7,120,45,36,1,16,30,74,54,1,14,42,52,30,5,11,36
1178407,2019,2019-04-16,"Punjab Cricket Association IS Bindra Stadium, Mohali",Chandigarh,Kings XI Punjab,Punjab Kings,Rajasthan Royals,Rajasthan Royals,1,true,Rajasthan Royals,field,Punjab Kings,true,182,6,120,102,9,11,38,12,1,0,39,1,36,21,26,2,3,97,1,54,7,52,4,6,46,4,30,10,24,3,2,170,7,120,54,36,1,12,24,68,54,1,10,20,48,30,5,10,26
1178407,2019,2019-04-16,"Punjab Cricket Association IS Bindra Stadium, Mohali",Chandigarh,Rajasthan Royals,Rajasthan Royals,Kings XI Punjab,Punjab Kings,2,false,Rajasthan Royals,field,Punjab Kings,false,170,7,120,70,10,5,32,10,9,0,54,1,36,12,24,3,2,68,1,54,10,20,5,0,48,5,30,10,26,2,3,182,6,120,39,36,1,21,26,97,54,1,7,52,46,30,4,10,24
1178408,2019,2019-04-17,"Rajiv Gandhi International Stadium, Uppal",Hyderabad,Chennai Super Kings,Chennai Super Kings,Sunrisers Hyderabad,Sunrisers Hyderabad,1,true,Chennai Super Kings,bat,Sunrisers Hyderabad,false,132,5,120,62,11,3,48,7,3,0,41,0,36,18,26,5,1,61,5,54,18,28,4,2,30,0,30,12,8,2,0,137,4,101,68,36,1,10,48,48,54,2,23,16,21,11,1,1,10
1178408,2019,2019-04-17,"Rajiv Gandhi International Stadium, Uppal",Hyderabad,Sunrisers Hyderabad,Sunrisers Hyderabad,Chennai Super Kings,Chennai Super Kings,2,false,Chennai Super Kings,bat,Sunrisers Hyderabad,true,137,4,101,74,14,3,34,3,3,0,68,1,36,10,48,12,0,48,2,54,23,16,1,2,21,1,11,1,10,1,1,132,5,120,41,36,0,18,26,61,54,5,18,28,30,30,0,12,8
1178409,2019,2019-04-18,Arun Jaitley Stadium,Delhi,Mumbai Indians,Mumbai Indians,Delhi Capitals,Delhi Capitals,1,true,Mumbai Indians,bat,Mumbai Indians,true,168,5,120,92,14,6,32,6,3,1,57,0,36,9,34,4,3,47,3,54,17,12,3,0,64,2,30,6,46,7,3,128,9,120,48,36,0,16,34,38,54,5,27,4,42,30,4,10,18
1178409,2019,2019-04-18,Arun Jaitley Stadium,Delhi,Delhi Capitals,Delhi Capitals,Mumbai Indians,Mumbai Indians,2,false,Mumbai Indians,bat,Mumbai Indians,false,128,9,120,56,8,4,53,8,3,0,48,0,36,16,34,7,1,38,5,54,27,4,1,0,42,4,30,10,18,0,3,168,5,120,57,36,0,9,34,47,54,3,17,12,64,30,2,6,46
1178410,2019,2019-04-19,Eden Gardens,Kolkata,Royal Challengers Bangalore,Royal Challengers Bengaluru,Kolkata Knight Riders,Kolkata Knight Riders,1,true,Kolkata Knight Riders,field,Royal Challengers Bengaluru,true,213,4,120,144,18,12,33,6,5,0,42,1,36,15,22,4,1,80,1,54,14,48,6,4,91,2,30,4,74,8,7,203,5,120,37,36,3,22,24,84,54,1,25,56,82,30,1,11,72
1178410,2019,2019-04-19,Eden Gardens,Kolkata,Kolkata Knight Riders,Kolkata Knight Riders,Royal Challengers Bangalore,Royal Challengers Bengaluru,2,false,Kolkata Knight Riders,field,Royal Challengers Bengaluru,false,203,5,120,152,17,14,58,16,12,0,37,3,36,22,24,6,0,84,1,54,25,56,8,4,82,1,30,11,72,3,10,213,4,120,42,36,1,15,22,80,54,1,14,48,91,30,2,4,74
1178411,2019,2019-04-20,Sawai Mansingh Stadium,Jaipur,Mumbai Indians,Mumbai Indians,Rajasthan Royals,Rajasthan Royals,1,true,Rajasthan Royals,field,Rajasthan Royals,false,161,5,120,80,11,6,42,9,4,0,46,1,36,16,26,5,1,66,2,54,15,24,3,2,49,2,30,11,30,3,3,162,5,115,60,36,1,11,40,68,54,2,19,38,34,25,2,6,16
1178411,2019,2019-04-20,Sawai Mansingh Stadium,Jaipur,Rajasthan Royals,Rajasthan Royals,Mumbai Indians,Mumbai Indians,2,false,Rajasthan Royals,field,Rajasthan Royals,true,162,5,115,94,19,3,36,6,0,0,60,1,36,11,40,10,0,68,2,54,19,38,5,3,34,2,25,6,16,4,0,161,5,120,46,36,1,16,26,66,54,2,15,24,49,30,2,11,30
1178412,2019,2019-04-20,Arun Jaitley Stadium,Delhi,Kings XI Punjab,Punjab Kings,Delhi Capitals,Delhi Capitals,1,true,Delhi Capitals,field,Delhi Capitals,false,163,7,120,100,13,8,42,5,2,0,50,2,36,20,44,8,2,68,3,54,16,34,1,5,45,2,30,6,22,4,1,166,5,118,60,36,1,12,44,68,54,1,17,26,38,28,3,7,20
1178412,2019,2019-04-20,Arun Jaitley Stadium,Delhi,Delhi Capitals,Delhi Capitals,Kings XI Punjab,Punjab Kings,2,false,Delhi Capitals,field,Delhi Capitals,true,166,5,118,90,18,3,36,11,7,2,60,1,36,12,44,8,2,68,1,54,17,26,5,1,38,3,28,7,20,5,0,163,7,120,50,36,2,20,44,68,54,3,16,34,45,30,2,6,22
1178413,2019,2019-04-21,"Rajiv Gandhi International Stadium, Uppal",Hyderabad,Kolkata Knight Riders,Kolkata Knight Riders,Sunrisers Hyderabad,Sunrisers Hyderabad,1,true,Sunrisers Hyderabad,field,Sunrisers Hyderabad,false,159,8,120,92,11,8,44,5,4,0,61,2,36,10,42,6,3,55,2,54,18,18,3,1,43,4,30,16,32,2,4,161,1,90,72,36,0,10,50,89,54,1,9,44,0,0,0,0,0
1178413,2019,2019-04-21,"Rajiv Gandhi International Stadium, Uppal",Hyderabad,Sunrisers Hyderabad,Sunrisers Hyderabad,Kolkata Knight Riders,Kolkata Knight Riders,2,false,Sunrisers Hyderabad,field,Sunrisers Hyderabad,true,161,1,90,94,10,9,19,6,4,0,72,0,36,10,50,5,5,89,1,54,9,44,5,4,0,0,0,0,0,0,0,159,8,120,61,36,2,10,42,55,54,2,18,18,43,30,4,16,32
1178414,2019,2019-04-21,M Chinnaswamy Stadium,Bengaluru,Royal Challengers Bangalore,Royal Challengers Bengaluru,Chennai Super Kings,Chennai Super Kings,1,true,Chennai Super Kings,field,Royal Challengers Bengaluru,true,161,7,120,94,13,7,44,4,2,0,49,1,36,19,38,5,3,69,2,54,15,32,2,4,43,4,30,10,24,6,0,160,8,120,32,36,4,20,16,60,54,1,19,28,68,30,3,7,44
1178414,2019,2019-04-21,M Chinnaswamy Stadium,Bengaluru,Chennai Super Kings,Chennai Super Kings,Royal Challengers Bangalore,Royal Challengers Bengaluru,2,false,Chennai Super Kings,field,Royal Challengers Bengaluru,false,160,8,120,88,10,8,46,12,2,1,32,4,36,20,16,4,0,60,1,54,19,28,4,2,68,3,30,7,44,2,6,161,7,120,49,36,1,19,38,69,54,2,15,32,43,30,4,10,24
1178415,2019,2019-04-22,Sawai Mansingh Stadium,Jaipur,Rajasthan Royals,Rajasthan Royals,Delhi Capitals,Delhi Capitals,1,true,Delhi Capitals,field,Delhi Capitals,false,191,6,120,110,23,3,34,5,4,0,52,1,36,15,36,6,2,98,1,54,10,58,13,1,41,4,30,9,16,4,0,193,4,116,59,36,0,11,44,83,54,2,12,44,51,26,2,8,36
1178415,2019,2019-04-22,Sawai Mansingh Stadium,Jaipur,Delhi Capitals,Delhi Capitals,Rajasthan Royals,Rajasthan Royals,2,false,Delhi Capitals,field,Delhi Capitals,true,193,4,116,124,19,8,31,1,0,1,59,0,36,11,44,8,2,83,2,54,12,44,8,2,51,2,26,8,36,3,4,191,6,120,52,36,1,15,36,98,54,1,10,58,41,30,4,9,16
1178416,2019,2019-04-23,MA Chidambaram Stadium,Chennai,Sunrisers Hyderabad,Sunrisers Hyderabad,Chennai Super Kings,Chennai Super Kings,1,true,Chennai Super Kings,field,Chennai Super Kings,false,175,3,120,84,12,6,33,4,3,0,54,1,36,17,36,6,2,80,1,54,10,34,4,3,41,1,30,6,14,2,1,176,4,119,49,36,1,19,40,86,54,1,14,50,41,29,2,8,22
1178416,2019,2019-04-23,MA Chidambaram Stadium,Chennai,Chennai Super Kings,Chennai Super Kings,Sunrisers Hyderabad,Sunrisers Hyderabad,2,false,Chennai Super Kings,field,Chennai Super Kings,true,176,4,119,112,16,8,41,9,2,0,49,1,36,19,40,7,2,86,1,54,14,50,8,3,41,2,29,8,22,1,3,175,3,120,54,36,1,17,36,80,54,1,10,34,41,30,1,6,14
1178417,2019,2019-04-24,M Chinnaswamy Stadium,Bengaluru,Royal Challengers Bangalore,Royal Challengers Bengaluru,Kings XI Punjab,Punjab Kings,1,true,Punjab Kings,field,Royal Challengers Bengaluru,true,202,4,120,132,15,12,35,11,3,2,70,1,36,12,52,10,2,52,3,54,19,20,2,2,80,0,30,4,60,3,8,185,7,120,68,36,1,17,60,75,54,2,17,44,42,30,4,11,26
1178417,2019,2019-04-24,M Chinnaswamy Stadium,Bengaluru,Kings XI Punjab,Punjab Kings,Royal Challengers Bangalore,Royal Challengers Bengaluru,2,false,Punjab Kings,field,Royal Challengers Bengaluru,false,185,7,120,130,19,9,45,4,4,0,68,1,36,17,60,12,2,75,2,54,17,44,5,4,42,4,30,11,26,2,3,202,4,120,70,36,1,12,52,52,54,3,19,20,80,30,0,4,60
1178418,2019,2019-04-25,Eden Gardens,Kolkata,Kolkata Knight Riders,Kolkata Knight Riders,Rajasthan Royals,Rajasthan Royals,1,true,Rajasthan Royals,field,Rajasthan Royals,false,175,6,120,122,14,11,51,10,2,1,32,2,36,21,16,4,0,68,2,54,25,48,6,4,75,2,30,5,58,4,7,177,7,116,55,36,1,13,38,67,54,4,27,42,55,26,2,5,40
1178418,2019,2019-04-25,Eden Gardens,Kolkata,Rajasthan Royals,Rajasthan Royals,Kolkata Knight Riders,Kolkata Knight Riders,2,false,Rajasthan Royals,field,Rajasthan Royals,true,177,7,116,120,18,8,45,5,5,0,55,1,36,13,38,5,3,67,4,54,27,42,9,1,55,2,26,5,40,4,4,175,6,120,32,36,2,21,16,68,54,2,25,48,75,30,2,5,58
1178419,2019,2019-04-26,MA Chidambaram Stadium,Chennai,Mumbai Indians,Mumbai Indians,Chennai Super Kings,Chennai Super Kings,1,true,Chennai Super Kings,field,Mumbai Indians,true,155,4,120,88,13,6,47,4,3,0,45,1,36,17,26,5,1,60,2,54,20,30,3,3,50,1,30,10,32,5,2,109,10,106,40,36,3,20,26,48,54,3,20,8,21,16,4,7,12
1178419,2019,2019-04-26,MA Chidambaram Stadium,Chennai,Chennai Super Kings,Chennai Super Kings,Mumbai Indians,Mumbai Indians,2,false,Chennai Super Kings,field,Mumbai Indians,false,109,10,106,46,7,3,47,7,5,1,40,3,36,20,26,5,1,48,3,54,20,8,2,0,21,4,16,7,12,0,2,155,4,120,45,36,1,17,26,60,54,2,20,30,50,30,1,10,32
1178420,2019,2019-04-27,Sawai Mansingh Stadium,Jaipur,Sunrisers Hyderabad,Sunrisers Hyderabad,Rajasthan Royals,Rajasthan Royals,1,true,Rajasthan Royals,field,Rajasthan Royals,false,160,8,120,54,12,1,29,9,3,0,51,1,36,12,20,5,0,70,2,54,9,24,6,0,39,5,30,8,10,1,1,161,3,115,60,36,0,16,48,72,54,2,18,30,29,25,1,8,12
1178420,2019,2019-04-27,Sawai Mansingh Stadium,Jaipur,Rajasthan Royals,Rajasthan Royals,Sunrisers Hyderabad,Sunrisers Hyderabad,2,false,Rajasthan Royals,field,Rajasthan Royals,true,161,3,115,90,15,5,42,5,3,0,60,0,36,16,48,6,4,72,2,54,18,30,6,1,29,1,25,8,12,3,0,160,8,120,51,36,1,12,20,70,54,2,9,24,39,30,5,8,10
1178421,2019,2019-04-28,Arun Jaitley Stadium,Delhi,Delhi Capitals,Delhi Capitals,Royal Challengers Bangalore,Royal Challengers Bengaluru,1,true,Delhi Capitals,bat,Delhi Capitals,true,187,5,120,122,17,9,37,5,0,0,59,1,36,14,48,9,2,68,2,54,14,30,3,3,60,2,30,9,44,5,4,171,7,120,64,36,1,10,48,62,54,4,16,22,45,30,2,8,26
1178421,2019,2019-04-28,Arun Jaitley Stadium,Delhi,Royal Challengers Bangalore,Royal Challengers Bengaluru,Delhi Capitals,Delhi Capitals,2,false,Delhi Capitals,bat,Delhi Capitals,false,171,7,120,96,12,8,34,5,2,0,64,1,36,10,48,9,2,62,4,54,16,22,1,3,45,2,30,8,26,2,3,187,5,120,59,36,1,14,48,68,54,2,14,30,60,30,2,9,44
1178422,2019,2019-04-28,Eden Gardens,Kolkata,Kolkata Knight Riders,Kolkata Knight Riders,Mumbai Indians,Mumbai Indians,1,true,Mumbai Indians,field,Kolkata Knight Riders,true,232,2,120,174,21,15,36,7,5,1,50,0,36,12,34,7,1,107,1,54,16,78,9,7,75,1,30,8,62,5,7,198,7,120,41,36,2,20,32,99,54,3,11,68,58,30,2,10,40
1178422,2019,2019-04-28,Eden Gardens,Kolkata,Mumbai Indians,Mumbai Indians,Kolkata Knight Riders,Kolkata Knight Riders,2,false,Mumbai Indians,field,Kolkata Knight Riders,false,198,7,120,140,14,14,41,6,0,0,41,2,36,20,32,5,2,99,3,54,11,68,5,8,58,2,30,10,40,4,4,232,2,120,50,36,0,12,34,107,54,1,16,78,75,30,1,8,62
1178423,2019,2019-04-29,"Rajiv Gandhi International Stadium, Uppal",Hyderabad,Sunrisers Hyderabad,Sunrisers Hyderabad,Kings XI Punjab,Punjab Kings,1,true,Punjab Kings,field,Sunrisers Hyderabad,true,212,6,120,102,15,7,22,20,14,0,77,0,36,8,46,7,3,82,1,54,8,30,6,1,53,5,30,6,26,2,3,167,8,120,44,36,1,14,22,79,54,4,21,50,44,30,3,13,26
1178423,2019,2019-04-29,"Rajiv Gandhi International Stadium, Uppal",Hyderabad,Kings XI Punjab,Punjab Kings,Sunrisers Hyderabad,Sunrisers Hyderabad,2,false,Punjab Kings,field,Sunrisers Hyderabad,false,167,8,120,98,11,9,48,7,6,1,44,1,36,14,22,4,1,79,4,54,21,50,5,5,44,3,30,13,26,2,3,212,6,120,77,36,0,8,46,82,54,1,8,30,53,30,5,6,26
1178424,2019,2019-04-30,M Chinnaswamy Stadium,Bengaluru,Royal Challengers Bangalore,Royal Challengers Bengaluru,Rajasthan Royals,Rajasthan Royals,1,true,Rajasthan Royals,field,Unknown,false,62,7,30,42,6,3,8,3,0,1,62,7,30,8,42,6,3,0,0,0,0,0,0,0,0,0,0,0,0,0,0,41,1,20,41,20,1,8,36,0,0,0,0,0,0,0,0,0,0
1178424,2019,2019-04-30,M Chinnaswamy Stadium,Bengaluru,Rajasthan Royals,Rajasthan Royals,Royal Challengers Bangalore,Royal Challengers Bengaluru,2,false,Rajasthan Royals,field,Unknown,false,41,1,20,36,3,4,8,2,0,0,41,1,20,8,36,3,4,0,0,0,0,0,0,0,0,0,0,0,0,0,0,62,7,30,62,30,7,8,42,0,0,0,0,0,0,0,0,0,0
1178425,2019,2019-05-01,MA Chidambaram Stadium,Chennai,Chennai Super Kings,Chennai Super Kings,Delhi Capitals,Delhi Capitals,1,true,Delhi Capitals,field,Chennai Super Kings,true,179,4,120,116,17,8,43,7,5,1,27,1,36,22,16,4,0,75,2,54,17,42,6,3,77,1,30,4,58,7,5,99,10,98,59,36,2,11,36,33,54,6,28,8,7,8,2,4,4
1178425,2019,2019-05-01,MA Chidambaram Stadium,Chennai,Delhi Capitals,Delhi Capitals,Chennai Super Kings,Chennai Super Kings,2,false,Delhi Capitals,field,Chennai Super Kings,false,99,10,98,48,9,2,43,0,0,0,59,2,36,11,36,6,2,33,6,54,28,8,2,0,7,2,8,4,4,1,0,179,4,120,27,36,1,22,16,75,54,2,17,42,77,30,1,4,58
1178426,2019,2019-05-02,Wankhede Stadium,Mumbai,Mumbai Indians,Mumbai Indians,Sunrisers Hyderabad,Sunrisers Hyderabad,1,true,Mumbai Indians,bat,Unknown,false,162,5,120,96,15,6,43,8,1,1,44,1,36,20,36,9,0,69,2,54,17,34,4,3,49,2,30,6,26,2,3,162,6,120,59,36,2,14,44,47,54,3,19,12,56,30,1,6,38
1178426,2019,2019-05-02,Wankhede Stadium,Mumbai,Sunrisers Hyderabad,Sunrisers Hyderabad,Mumbai Indians,Mumbai Indians,2,false,Mumbai Indians,bat,Unknown,false,162,6,120,94,16,5,39,3,2,0,59,2,36,14,44,8,2,47,3,54,19,12,3,0,56,1,30,6,38,5,3,162,5,120,44,36,1,20,36,69,54,2,17,34,49,30,2,6,26
1178426,2019,2019-05-02,Wankhede Stadium,Mumbai,Sunrisers Hyderabad,Sunrisers Hyderabad,Mumbai Indians,Mumbai Indians,3,false,Mumbai Indians,bat,Unknown,false,8,2,4,6,0,1,1,0,0,0,8,2,4,1,6,0,1,0,0,0,0,0,0,0,0,0,0,0,0,0,0,162,5,120,44,36,1,20,36,69,54,2,17,34,49,30,2,6,26
1178426,2019,2019-05-02,Wankhede Stadium,Mumbai,Mumbai Indians,Mumbai Indians,Mumbai Indians,Mumbai Indians,4,false,Mumbai Indians,bat,Unknown,false,9,0,3,6,0,1,0,0,0,0,9,0,3,0,6,0,1,0,0,0,0,0,0,0,0,0,0,0,0,0,0,162,5,120,44,36,1,20,36,69,54,2,17,34,49,30,2,6,26
1178427,2019,2019-05-03,"Punjab Cricket Association IS Bindra Stadium, Mohali",Chandigarh,Kings XI Punjab,Punjab Kings,Kolkata Knight Riders,Kolkata Knight Riders,1,true,Kolkata Knight Riders,field,Kolkata Knight Riders,false,183,6,120,108,15,8,36,3,1,0,41,2,36,17,22,4,1,84,2,54,12,46,4,5,58,2,30,7,40,7,2,185,3,108,62,36,1,13,46,89,54,2,15,54,34,18,0,2,18
1178427,2019,2019-05-03,"Punjab Cricket Association IS Bindra Stadium, Mohali",Chandigarh,Kolkata Knight Riders,Kolkata Knight Riders,Kings XI Punjab,Punjab Kings,2,false,Kolkata Knight Riders,field,Kolkata Knight Riders,true,185,3,108,118,16,9,30,7,5,0,62,1,36,13,46,7,3,89,2,54,15,54,6,5,34,0,18,2,18,3,1,183,6,120,41,36,2,17,22,84,54,2,12,46,58,30,2,7,40
1178428,2019,2019-05-04,Arun Jaitley Stadium,Delhi,Rajasthan Royals,Rajasthan Royals,Delhi Capitals,Delhi Capitals,1,true,Rajasthan Royals,bat,Delhi Capitals,false,115,9,120,50,8,3,56,9,9,0,30,4,36,22,18,3,1,40,3,54,24,12,3,0,45,2,30,10,20,2,2,121,5,97,46,36,2,16,28,54,54,2,21,22,21,7,1,1,18
1178428,2019,2019-05-04,Arun Jaitley Stadium,Delhi,Delhi Capitals,Delhi Capitals,Rajasthan Royals,Rajasthan Royals,2,false,Rajasthan Royals,bat,Delhi Capitals,true,121,5,97,68,5,8,38,5,1,0,46,2,36,16,28,4,2,54,2,54,21,22,1,3,21,1,7,1,18,0,3,115,9,120,30,36,4,22,18,40,54,3,24,12,45,30,2,10,20
1178429,2019,2019-05-04,M Chinnaswamy Stadium,Bengaluru,Sunrisers Hyderabad,Sunrisers Hyderabad,Royal Challengers Bangalore,Royal Challengers Bengaluru,1,true,Royal Challengers Bengaluru,field,Royal Challengers Bengaluru,false,175,7,120,110,14,9,43,4,2,1,52,1,36,16,36,6,2,70,3,54,21,42,3,5,53,3,30,6,32,5,2,178,6,116,49,36,3,16,32,81,54,0,12,48,48,26,3,6,32
1178429,2019,2019-05-04,M Chinnaswamy Stadium,Bengaluru,Royal Challengers Bangalore,Royal Challengers Bengaluru,Sunrisers Hyderabad,Sunrisers Hyderabad,2,false,Royal Challengers Bengaluru,field,Royal Challengers Bengaluru,true,178,6,116,112,16,8,34,9,7,0,49,3,36,16,32,5,2,81,0,54,12,48,6,4,48,3,26,6,32,5,2,175,7,120,52,36,1,16,36,70,54,3,21,42,53,30,3,6,32
1178430,2019,2019-05-05,"Punjab Cricket Association IS Bindra Stadium, Mohali",Chandigarh,Chennai Super Kings,Chennai Super Kings,Kings XI Punjab,Punjab Kings,1,true,Punjab Kings,field,Punjab Kings,false,170,5,120,100,16,6,34,2,1,0,42,1,36,14,24,6,0,82,0,54,12,50,8,3,46,4,30,8,26,2,3,173,4,108,68,36,0,17,54,83,54,3,17,52,22,18,1,7,10
1178430,2019,2019-05-05,"Punjab Cricket Association IS Bindra Stadium, Mohali",Chandigarh,Kings XI Punjab,Punjab Kings,Chennai Super Kings,Chennai Super Kings,2,false,Punjab Kings,field,Punjab Kings,true,173,4,108,116,14,10,41,14,5,0,68,0,36,17,54,6,5,83,3,54,17,52,7,4,22,1,18,7,10,1,1,170,5,120,42,36,1,14,24,82,54,0,12,50,46,30,4,8,26
1178431,2019,2019-05-05,Wankhede Stadium,Mumbai,Kolkata Knight Riders,Kolkata Knight Riders,Mumbai Indians,Mumbai Indians,1,true,Mumbai Indians,field,Mumbai Indians,false,133,7,120,72,3,10,58,10,7,1,49,0,36,17,32,2,4,50,4,54,30,28,1,4,34,3,30,11,12,0,2,134,1,97,46,36,0,18,30,75,54,1,17,46,13,7,0,2,10
1178431,2019,2019-05-05,Wankhede Stadium,Mumbai,Mumbai Indians,Mumbai Indians,Kolkata Knight Riders,Kolkata Knight Riders,2,false,Mumbai Indians,field,Mumbai Indians,true,134,1,97,86,14,5,37,3,2,1,46,0,36,18,30,3,3,75,1,54,17,46,10,1,13,0,7,2,10,1,1,133,7,120,49,36,0,17,32,50,54,4,30,28,34,30,3,11,12
1181764,2019,2019-05-07,MA Chidambaram Stadium,Chennai,Chennai Super Kings,Chennai Super Kings,Mumbai Indians,Mumbai Indians,1,true,Chennai Super Kings,bat,Mumbai Indians,false,131,4,120,64,10,4,49,5,1,3,32,3,36,23,24,6,0,59,1,54,19,24,3,2,40,0,30,7,16,1,2,132,4,111,44,36,2,22,34,64,54,2,17,24,24,21,0,7,8
1181764,2019,2019-05-07,MA Chidambaram Stadium,Chennai,Mumbai Indians,Mumbai Indians,Chennai Super Kings,Chennai Super Kings,2,false,Chennai Super Kings,bat,Mumbai Indians,true,132,4,111,66,15,1,46,8,7,0,44,2,36,22,34,7,1,64,2,54,17,24,6,0,24,0,21,7,8,2,0,131,4,120,32,36,3,23,24,59,54,1,19,24,40,30,0,7,16
1181766,2019,2019-05-08,Dr Y.S. Rajasekhara Reddy ACA-VDCA Cricket Stadium,Visakhapatnam,Sunrisers Hyderabad,Sunrisers Hyderabad,Delhi Capitals,Delhi Capitals,1,true,Delhi Capitals,field,Delhi Capitals,false,162,8,120,90,12,7,44,10,7,1,54,1,36,15,40,4,4,50,2,54,18,8,2,0,58,5,30,11,42,6,3,165,8,119,55,36,0,16,42,56,54,5,23,26,54,29,3,12,42
1181766,2019,2019-05-08,Dr Y.S. Rajasekhara Reddy ACA-VDCA Cricket Stadium,Visakhapatnam,Delhi Capitals,Delhi Capitals,Sunrisers Hyderabad,Sunrisers Hyderabad,2,false,Delhi Capitals,field,Delhi Capitals,true,165,8,119,110,14,9,51,6,5,0,55,0,36,16,42,9,1,56,5,54,23,26,2,3,54,3,29,12,42,3,5,162,8,120,54,36,1,15,40,50,54,2,18,8,58,30,5,11,42
1181767,2019,2019-05-10,Dr Y.S. Rajasekhara Reddy ACA-VDCA Cricket Stadium,Visakhapatnam,Delhi Capitals,Delhi Capitals,Chennai Super Kings,Chennai Super Kings,1,true,Chennai Super Kings,field,Chennai Super Kings,false,147,9,120,76,13,4,45,8,2,1,41,2,36,15,24,6,0,52,3,54,20,16,4,0,54,4,30,10,36,3,4,151,4,114,42,36,0,14,26,77,54,2,19,44,32,24,2,10,16
1181767,2019,2019-05-10,Dr Y.S. Rajasekhara Reddy ACA-VDCA Cricket Stadium,Visakhapatnam,Chennai Super Kings,Chennai Super Kings,Delhi Capitals,Delhi Capitals,2,false,Chennai Super Kings,field,Chennai Super Kings,true,151,4,114,86,14,5,43,11,6,0,42,0,36,14,26,5,1,77,2,54,19,44,5,4,32,2,24,10,16,4,0,147,9,120,41,36,2,15,24,52,54,3,20,16,54,30,4,10,36
1181768,2019,2019-05-12,"Rajiv Gandhi International Stadium, Uppal",Hyderabad,Mumbai Indians,Mumbai Indians,Chennai Super Kings,Chennai Super Kings,1,true,Mumbai Indians,bat,Mumbai Indians,true,149,8,120,90,9,9,51,3,3,0,45,2,36,21,34,1,5,57,3,54,20,22,4,1,47,3,30,10,34,4,3,148,7,120,53,36,1,18,36,35,54,3,31,8,60,30,3,6,36
1181768,2019,2019-05-12,"Rajiv Gandhi International Stadium, Uppal",Hyderabad,Chennai Super Kings,Chennai Super Kings,Mumbai Indians,Mumbai Indians,2,false,Mumbai Indians,bat,Mumbai Indians,false,148,7,120,80,11,6,55,9,4,0,53,1,36,18,36,6,2,35,3,54,31,8,2,0,60,3,30,6,36,3,4,149,8,120,45,36,2,21,34,57,54,3,20,22,47,30,3,10,34
1216492,2021,2020-09-19,Sheikh Zayed Stadium,Abu Dhabi,Mumbai Indians,Mumbai Indians,Chennai Super Kings,Chennai Super Kings,1,true,Chennai Super Kings,field,Chennai Super Kings,false,162,9,120,84,15,4,39,5,4,0,51,2,36,12,28,7,0,75,3,54,16,38,5,3,36,4,30,11,18,3,1,166,5,116,37,36,2,25,26,79,54,0,6,32,50,26,3,5,36
1216492,2021,2020-09-19,Sheikh Zayed Stadium,Abu Dhabi,Chennai Super Kings,Chennai Super Kings,Mumbai Indians,Mumbai Indians,2,false,Chennai Super Kings,field,Chennai Super Kings,true,166,5,116,94,16,5,36,4,3,1,37,2,36,25,26,5,1,79,0,54,6,32,5,2,50,3,26,5,36,6,2,162,9,120,51,36,2,12,28,75,54,3,16,38,36,30,4,11,18
1216493,2021,2020-09-20,Dubai International Cricket Stadium,Unknown,Delhi Capitals,Delhi Capitals,Kings XI Punjab,Punjab Kings,1,true,Punjab Kings,field,Unknown,false,157,8,120,88,13,6,49,9,6,2,23,3,36,25,12,3,0,70,2,54,15,30,3,3,64,3,30,9,46,7,3,157,8,120,35,36,3,19,14,63,54,2,19,32,59,30,3,8,38
1216493,2021,2020-09-20,Dubai International Cricket Stadium,Unknown,Kings XI Punjab,Punjab Kings,Delhi Capitals,Delhi Capitals,2,false,Punjab Kings,field,Unknown,false,157,8,120,84,12,6,46,8,1,1,35,3,36,19,14,2,1,63,2,54,19,32,5,2,59,3,30,8,38,5,3,157,8,120,23,36,3,25,12,70,54,2,15,30,64,30,3,9,46
1216493,2021,2020-09-20,Dubai International Cricket Stadium,Unknown,Kings XI Punjab,Punjab Kings,Delhi Capitals,Delhi Capitals,3,false,Punjab Kings,field,Unknown,false,2,2,3,0,0,0,2,0,0,0,2,2,3,2,0,0,0,0,0,0,0,0,0,0,0,0,0,0,0,0,0,157,8,120,23,36,3,25,12,70,54,2,15,30,64,30,3,9,46
1216493,2021,2020-09-20,Dubai International Cricket Stadium,Unknown,Delhi Capitals,Delhi Capitals,Delhi Capitals,Delhi Capitals,4,false,Punjab Kings,field,Unknown,false,3,0,2,0,0,0,1,1,1,0,3,0,2,1,0,0,0,0,0,0,0,0,0,0,0,0,0,0,0,0,0,157,8,120,23,36,3,25,12,70,54,2,15,30,64,30,3,9,46
1216534,2021,2020-09-21,Dubai International Cricket Stadium,Unknown,Royal Challengers Bangalore,Royal Challengers Bengaluru,Sunrisers Hyderabad,Sunrisers Hyderabad,1,true,Sunrisers Hyderabad,field,Royal Challengers Bengaluru,true,163,5,120,76,13,4,34,5,2,2,53,0,36,17,34,7,1,63,2,54,10,14,2,1,47,3,30,7,28,4,2,153,10,118,48,36,1,16,30,73,54,1,18,32,32,28,8,11,12
1216534,2021,2020-09-21,Dubai International Cricket Stadium,Unknown,Sunrisers Hyderabad,Sunrisers Hyderabad,Royal Challengers Bangalore,Royal Challengers Bengaluru,2,false,Sunrisers Hyderabad,field,Royal Challengers Bengaluru,false,153,10,118,74,14,3,45,15,8,0,48,1,36,16,30,6,1,73,1,54,18,32,5,2,32,8,28,11,12,3,0,163,5,120,53,36,0,17,34,63,54,2,10,14,47,30,3,7,28
1216496,2021,2020-09-22,Sharjah Cricket Stadium,Unknown,Rajasthan Royals,Rajasthan Royals,Chennai Super Kings,Chennai Super Kings,1,true,Chennai Super Kings,field,Rajasthan Royals,true,216,7,120,138,9,17,33,9,5,3,54,1,36,13,34,4,3,100,3,54,12,64,1,10,62,3,30,8,40,4,4,200,6,120,53,36,0,16,40,78,54,5,12,40,69,30,1,6,52
1216496,2021,2020-09-22,Sharjah Cricket Stadium,Unknown,Chennai Super Kings,Chennai Super Kings,Rajasthan Royals,Rajasthan Royals,2,false,Chennai Super Kings,field,Rajasthan Royals,false,200,6,120,132,9,16,34,5,3,1,53,0,36,16,40,4,4,78,5,54,12,40,4,4,69,1,30,6,52,1,8,216,7,120,54,36,1,13,34,100,54,3,12,64,62,30,3,8,40
1216508,2021,2020-09-23,Sheikh Zayed Stadium,Abu Dhabi,Mumbai Indians,Mumbai Indians,Kolkata Knight Riders,Kolkata Knight Riders,1,true,Kolkata Knight Riders,field,Mumbai Indians,true,195,5,120,106,13,9,34,14,11,1,59,1,36,17,42,6,3,88,1,54,8,42,3,5,48,3,30,9,22,4,1,146,9,120,33,36,2,23,24,67,54,2,19,38,46,30,5,14,32
1216508,2021,2020-09-23,Sheikh Zayed Stadium,Abu Dhabi,Kolkata Knight Riders,Kolkata Knight Riders,Mumbai Indians,Mumbai Indians,2,false,Kolkata Knight Riders,field,Mumbai Indians,false,146,9,120,94,13,7,56,5,3,0,33,2,36,23,24,3,2,67,2,54,19,38,8,1,46,5,30,14,32,2,4,195,5,120,59,36,1,17,42,88,54,1,8,42,48,30,3,9,22
1216510,2021,2020-09-24,Dubai International Cricket Stadium,Unknown,Kings XI Punjab,Punjab Kings,Royal Challengers Bangalore,Royal Challengers Bengaluru,1,true,Royal Challengers Bengaluru,field,Punjab Kings,true,206,3,120,126,21,7,31,11,4,0,50,0,36,14,32,8,0,76,2,54,14,34,7,1,80,1,30,3,60,6,6,109,10,102,40,36,3,22,26,55,54,4,22,22,14,12,3,7,10
1216510,2021,2020-09-24,Dubai International Cricket Stadium,Unknown,Royal Challengers Bangalore,Royal Challengers Bengaluru,Kings XI Punjab,Punjab Kings,2,false,Royal Challengers Bengaluru,field,Punjab Kings,false,109,10,102,58,10,3,51,9,7,0,40,3,36,22,26,5,1,55,4,54,22,22,4,1,14,3,12,7,10,1,1,206,3,120,50,36,0,14,32,76,54,2,14,34,80,30,1,3,60
1216539,2021,2020-09-25,Dubai International Cricket Stadium,Unknown,Delhi Capitals,Delhi Capitals,Chennai Super Kings,Chennai Super Kings,1,true,Chennai Super Kings,field,Delhi Capitals,true,175,3,120,92,20,2,34,8,3,0,36,0,36,16,16,4,0,88,2,54,12,52,10,2,51,1,30,6,24,6,0,131,7,120,34,36,2,19,18,61,54,1,16,24,36,30,4,10,12
1216539,2021,2020-09-25,Dubai International Cricket Stadium,Unknown,Chennai Super Kings,Chennai Super Kings,Delhi Capitals,Delhi Capitals,2,false,Chennai Super Kings,field,Delhi Capitals,false,131,7,120,54,12,1,45,5,4,0,34,2,36,19,18,3,1,61,1,54,16,24,6,0,36,4,30,10,12,3,0,175,3,120,36,36,0,16,16,88,54,2,12,52,51,30,1,6,24
1216545,2021,2020-09-26,Sheikh Zayed Stadium,Abu Dhabi,Sunrisers Hyderabad,Sunrisers Hyderabad,Kolkata Knight Riders,Kolkata Knight Riders,1,true,Sunrisers Hyderabad,bat,Kolkata Knight Riders,false,142,4,120,56,8,4,36,7,3,0,40,1,36,14,20,2,2,59,1,54,14,14,2,1,43,2,30,8,22,4,1,145,3,108,52,36,2,19,42,61,54,1,12,18,32,18,0,3,20
1216545,2021,2020-09-26,Sheikh Zayed Stadium,Abu Dhabi,Kolkata Knight Riders,Kolkata Knight Riders,Sunrisers Hyderabad,Sunrisers Hyderabad,2,false,Sunrisers Hyderabad,bat,Kolkata Knight Riders,true,145,3,108,80,14,4,34,7,4,1,52,2,36,19,42,9,1,61,1,54,12,18,3,1,32,0,18,3,20,2,2,142,4,120,40,36,1,14,20,59,54,1,14,14,43,30,2,8,22
1216527,2021,2020-09-27,Sharjah Cricket Stadium,Unknown,Kings XI Punjab,Punjab Kings,Rajasthan Royals,Rajasthan Royals,1,true,Rajasthan Royals,field,Rajasthan Royals,false,223,2,120,146,20,11,29,10,8,0,60,0,36,13,40,7,2,112,0,54,7,72,9,6,51,2,30,9,34,4,3,226,6,117,69,36,1,18,54,71,54,1,14,32,86,27,4,7,78
1216527,2021,2020-09-27,Sharjah Cricket Stadium,Unknown,Rajasthan Royals,Rajasthan Royals,Kings XI Punjab,Punjab Kings,2,false,Rajasthan Royals,field,Rajasthan Royals,true,226,6,117,164,14,18,39,8,6,0,69,1,36,18,54,9,3,71,1,54,14,32,2,4,86,4,27,7,78,3,11,223,2,120,60,36,0,13,40,112,54,0,7,72,51,30,2,9,34
1216547,2021,2020-09-28,Dubai International Cricket Stadium,Unknown,Royal Challengers Bangalore,Royal Challengers Bengaluru,Mumbai Indians,Mumbai Indians,1,true,Mumbai Indians,field,Unknown,false,201,3,120,128,17,10,36,10,3,0,59,0,36,14,34,7,1,64,2,54,19,32,5,2,78,1,30,3,62,5,7,201,5,120,35,36,2,20,20,77,54,2,11,34,89,30,1,2,66
1216547,2021,2020-09-28,Dubai International Cricket Stadium,Unknown,Mumbai Indians,Mumbai Indians,Royal Challengers Bangalore,Royal Challengers Bengaluru,2,false,Mumbai Indians,field,Unknown,false,201,5,120,120,6,16,33,5,5,0,35,2,36,20,20,2,2,77,2,54,11,34,1,5,89,1,30,2,66,3,9,201,3,120,59,36,0,14,34,64,54,2,19,32,78,30,1,3,62
1216547,2021,2020-09-28,Dubai International Cricket Stadium,Unknown,Mumbai Indians,Mumbai Indians,Royal Challengers Bangalore,Royal Challengers Bengaluru,3,false,Mumbai Indians,field,Unknown,false,7,1,6,4,1,0,2,1,0,0,7,1,6,2,4,1,0,0,0,0,0,0,0,0,0,0,0,0,0,0,0,201,3,120,59,36,0,14,34,64,54,2,19,32,78,30,1,3,62
1216547,2021,2020-09-28,Dubai International Cricket Stadium,Unknown,Royal Challengers Bangalore,Royal Challengers Bengaluru,Royal Challengers Bangalore,Royal Challengers Bengaluru,4,false,Mumbai Indians,field,Unknown,false,11,0,6,8,2,0,1,0,0,0,11,0,6,1,8,2,0,0,0,0,0,0,0,0,0,0,0,0,0,0,0,201,3,120,59,36,0,14,34,64,54,2,19,32,78,30,1,3,62
1216532,2021,2020-09-29,Sheikh Zayed Stadium,Abu Dhabi,Sunrisers Hyderabad,Sunrisers Hyderabad,Delhi Capitals,Delhi Capitals,1,true,Delhi Capitals,field,Sunrisers Hyderabad,true,162,4,120,68,11,4,29,7,3,0,38,0,36,13,14,2,1,79,2,54,9,28,4,2,45,2,30,7,26,5,1,147,7,120,34,36,1,20,20,70,54,2,17,28,43,30,4,7,18
1216532,2021,2020-09-29,Sheikh Zayed Stadium,Abu Dhabi,Delhi Capitals,Delhi Capitals,Sunrisers Hyderabad,Sunrisers Hyderabad,2,false,Delhi Capitals,field,Sunrisers Hyderabad,false,147,7,120,66,9,5,44,11,5,0,34,1,36,20,20,5,0,70,2,54,17,28,1,4,43,4,30,7,18,3,1,162,4,120,38,36,0,13,14,79,54,2,9,28,45,30,2,7,26
1216504,2021,2020-09-30,Dubai International Cricket Stadium,Unknown,Kolkata Knight Riders,Kolkata Knight Riders,Rajasthan Royals,Rajasthan Royals,1,true,Rajasthan Royals,field,Kolkata Knight Riders,true,174,6,120,96,12,8,43,11,8,0,42,1,36,19,28,4,2,78,4,54,21,44,5,4,54,1,30,3,24,3,2,137,9,120,39,36,2,18,20,51,54,6,23,16,47,30,1,10,28
1216504,2021,2020-09-30,Dubai International Cricket Stadium,Unknown,Rajasthan Royals,Rajasthan Royals,Kolkata Knight Riders,Kolkata Knight Riders,2,false,Rajasthan Royals,field,Kolkata Knight Riders,false,137,9,120,64,4,8,51,7,1,0,39,2,36,18,20,2,2,51,6,54,23,16,1,2,47,1,30,10,28,1,4,174,6,120,42,36,1,19,28,78,54,4,21,44,54,30,1,3,24
1216503,2021,2020-10-01,Sheikh Zayed Stadium,Abu Dhabi,Mumbai Indians,Mumbai Indians,Kings XI Punjab,Punjab Kings,1,true,Punjab Kings,field,Mumbai Indians,true,191,4,120,128,17,10,40,6,5,0,41,2,36,19,28,7,0,61,1,54,17,26,2,3,89,1,30,4,74,8,7,143,8,120,41,36,2,12,16,68,54,3,17,24,34,30,3,12,18
1216503,2021,2020-10-01,Sheikh Zayed Stadium,Abu Dhabi,Kings XI Punjab,Punjab Kings,Mumbai Indians,Mumbai Indians,2,false,Punjab Kings,field,Mumbai Indians,false,143,8,120,58,10,3,41,7,5,0,41,2,36,12,16,4,0,68,3,54,17,24,3,2,34,3,30,12,18,3,1,191,4,120,41,36,2,19,28,61,54,1,17,26,89,30,1,4,74
1216516,2021,2020-10-02,Dubai International Cricket Stadium,Unknown,Sunrisers Hyderabad,Sunrisers Hyderabad,Chennai Super Kings,Chennai Super Kings,1,true,Sunrisers Hyderabad,bat,Sunrisers Hyderabad,true,164,5,120,88,19,2,43,8,6,2,42,1,36,16,24,6,0,58,3,54,22,30,6,1,64,1,30,5,34,7,1,157,5,120,36,36,3,19,20,43,54,1,26,14,78,30,1,4,52
1216516,2021,2020-10-02,Dubai International Cricket Stadium,Unknown,Chennai Super Kings,Chennai Super Kings,Sunrisers Hyderabad,Sunrisers Hyderabad,2,false,Sunrisers Hyderabad,bat,Sunrisers Hyderabad,false,157,5,120,86,14,5,49,11,8,0,36,3,36,19,20,5,0,43,1,54,26,14,2,1,78,1,30,4,52,7,4,164,5,120,42,36,1,16,24,58,54,3,22,30,64,30,1,5,34
1216514,2021,2020-10-03,Sheikh Zayed Stadium,Abu Dhabi,Rajasthan Royals,Rajasthan Royals,Royal Challengers Bangalore,Royal Challengers Bengaluru,1,true,Rajasthan Royals,bat,Royal Challengers Bengaluru,false,154,6,120,84,9,8,40,3,1,1,38,3,36,19,26,5,1,61,1,54,14,24,3,2,55,2,30,7,34,1,5,158,2,115,50,36,1,15,34,68,54,0,16,28,40,25,1,4,20
1216514,2021,2020-10-03,Sheikh Zayed Stadium,Abu Dhabi,Royal Challengers Bangalore,Royal Challengers Bengaluru,Rajasthan Royals,Rajasthan Royals,2,false,Rajasthan Royals,bat,Royal Challengers Bengaluru,true,158,2,115,82,16,3,35,3,2,0,50,1,36,15,34,7,1,68,0,54,16,28,4,2,40,1,25,4,20,5,0,154,6,120,38,36,3,19,26,61,54,1,14,24,55,30,2,7,34
1216515,2021,2020-10-03,Sharjah Cricket Stadium,Unknown,Delhi Capitals,Delhi Capitals,Kolkata Knight Riders,Kolkata Knight Riders,1,true,Kolkata Knight Riders,field,Delhi Capitals,true,228,4,120,156,18,14,23,2,2,0,57,1,36,10,38,5,3,94,1,54,7,52,4,6,77,2,30,6,66,9,5,210,8,120,59,36,1,11,34,78,54,5,18,40,73,30,2,6,58
1216515,2021,2020-10-03,Sharjah Cricket Stadium,Unknown,Kolkata Knight Riders,Kolkata Knight Riders,Delhi Capitals,Delhi Capitals,2,false,Kolkata Knight Riders,field,Delhi Capitals,false,210,8,120,132,12,14,35,13,5,2,59,1,36,11,34,4,3,78,5,54,18,40,4,4,73,2,30,6,58,4,7,228,4,120,57,36,1,10,38,94,54,1,7,52,77,30,2,6,66
1216513,2021,2020-10-04,Dubai International Cricket Stadium,Unknown,Kings XI Punjab,Punjab Kings,Chennai Super Kings,Chennai Super Kings,1,true,Punjab Kings,bat,Chennai Super Kings,false,178,4,120,92,14,6,35,4,3,0,46,0,36,11,24,6,0,84,2,54,15,44,5,4,48,2,30,9,24,3,2,181,0,106,60,36,0,12,36,90,54,0,14,54,31,16,0,4,22
1216513,2021,2020-10-04,Dubai International Cricket Stadium,Unknown,Chennai Super Kings,Chennai Super Kings,Kings XI Punjab,Punjab Kings,2,false,Punjab Kings,bat,Chennai Super Kings,true,181,0,106,112,22,4,30,11,11,0,60,0,36,12,36,9,0,90,0,54,14,54,9,3,31,0,16,4,22,4,1,178,4,120,46,36,0,11,24,84,54,2,15,44,48,30,2,9,24
1216538,2021,2020-10-04,Sharjah Cricket Stadium,Unknown,Mumbai Indians,Mumbai Indians,Sunrisers Hyderabad,Sunrisers Hyderabad,1,true,Mumbai Indians,bat,Mumbai Indians,true,208,5,120,144,15,14,37,4,2,1,48,2,36,18,38,8,1,99,2,54,10,58,4,7,61,1,30,9,48,3,6,174,7,120,56,36,1,15,40,83,54,3,11,34,35,30,3,15,16
1216538,2021,2020-10-04,Sharjah Cricket Stadium,Unknown,Sunrisers Hyderabad,Sunrisers Hyderabad,Mumbai Indians,Mumbai Indians,2,false,Mumbai Indians,bat,Mumbai Indians,false,174,7,120,90,12,7,41,15,10,0,56,1,36,15,40,7,2,83,3,54,11,34,4,3,35,3,30,15,16,1,2,208,5,120,48,36,2,18,38,99,54,2,10,58,61,30,1,9,48
1216519,2021,2020-10-05,Dubai International Cricket Stadium,Unknown,Delhi Capitals,Delhi Capitals,Royal Challengers Bangalore,Royal Challengers Bengaluru,1,true,Royal Challengers Bengaluru,field,Delhi Capitals,true,196,4,120,114,18,7,31,10,4,2,63,0,36,9,40,7,2,71,3,54,17,36,6,2,62,1,30,5,38,5,3,137,9,120,43,36,3,12,20,62,54,2,16,20,32,30,4,14,16
1216519,2021,2020-10-05,Dubai International Cricket Stadium,Unknown,Royal Challengers Bangalore,Royal Challengers Bengaluru,Delhi Capitals,Delhi Capitals,2,false,Royal Challengers Bengaluru,field,Delhi Capitals,false,137,9,120,56,11,2,42,11,7,0,43,3,36,12,20,5,0,62,2,54,16,20,2,2,32,4,30,14,16,4,0,196,4,120,63,36,0,9,40,71,54,3,17,36,62,30,1,5,38
1216511,2021,2020-10-06,Sheikh Zayed Stadium,Abu Dhabi,Mumbai Indians,Mumbai Indians,Rajasthan Royals,Rajasthan Royals,1,true,Mumbai Indians,bat,Mumbai Indians,true,193,4,120,120,18,8,41,14,5,1,57,1,36,14,42,6,3,68,3,54,21,36,6,2,68,0,30,6,42,6,3,136,10,109,31,36,3,21,20,82,54,3,16,46,23,19,4,8,14
1216511,2021,2020-10-06,Sheikh Zayed Stadium,Abu Dhabi,Rajasthan Royals,Rajasthan Royals,Mumbai Indians,Mumbai Indians,2,false,Mumbai Indians,bat,Mumbai Indians,false,136,10,109,80,11,6,45,2,1,0,31,3,36,21,20,5,0,82,3,54,16,46,4,5,23,4,19,8,14,2,1,193,4,120,57,36,1,14,42,68,54,3,21,36,68,30,0,6,42
1216501,2021,2020-10-07,Sheikh Zayed Stadium,Abu Dhabi,Kolkata Knight Riders,Kolkata Knight Riders,Chennai Super Kings,Chennai Super Kings,1,true,Kolkata Knight Riders,bat,Kolkata Knight Riders,true,167,10,120,86,14,5,36,10,6,0,52,1,36,13,34,7,1,76,3,54,12,34,4,3,39,6,30,11,18,3,1,157,5,120,54,36,1,10,34,56,54,2,18,20,47,30,2,11,36
1216501,2021,2020-10-07,Sheikh Zayed Stadium,Abu Dhabi,Chennai Super Kings,Chennai Super Kings,Kolkata Knight Riders,Kolkata Knight Riders,2,false,Kolkata Knight Riders,bat,Kolkata Knight Riders,false,157,5,120,90,18,3,39,4,2,0,54,1,36,10,34,7,1,56,2,54,18,20,5,0,47,2,30,11,36,6,2,167,10,120,52,36,1,13,34,76,54,3,12,34,39,30,6,11,18
1216542,2021,2020-10-08,Dubai International Cricket Stadium,Unknown,Sunrisers Hyderabad,Sunrisers Hyderabad,Kings XI Punjab,Punjab Kings,1,true,Sunrisers Hyderabad,bat,Sunrisers Hyderabad,true,201,6,120,114,15,9,38,11,9,1,58,0,36,15,36,9,0,102,0,54,10,54,3,7,41,6,30,13,24,3,2,132,10,101,45,36,2,14,22,81,54,6,20,52,6,11,2,8,4
1216542,2021,2020-10-08,Dubai International Cricket Stadium,Unknown,Kings XI Punjab,Punjab Kings,Sunrisers Hyderabad,Sunrisers Hyderabad,2,false,Sunrisers Hyderabad,bat,Sunrisers Hyderabad,false,132,10,101,78,9,7,42,4,2,0,45,2,36,14,22,4,1,81,6,54,20,52,4,6,6,2,11,8,4,1,0,201,6,120,58,36,0,15,36,102,54,0,10,54,41,30,6,13,24
1216500,2021,2020-10-09,Sharjah Cricket Stadium,Unknown,Delhi Capitals,Delhi Capitals,Rajasthan Royals,Rajasthan Royals,1,true,Rajasthan Royals,field,Delhi Capitals,true,184,8,120,110,11,11,42,14,5,1,51,3,36,17,34,7,1,71,2,54,17,36,0,6,62,3,30,8,40,4,4,138,10,118,41,36,1,17,24,60,54,6,20,24,37,28,3,11,20
1216500,2021,2020-10-09,Sharjah Cricket Stadium,Unknown,Rajasthan Royals,Rajasthan Royals,Delhi Capitals,Delhi Capitals,2,false,Rajasthan Royals,field,Delhi Capitals,false,138,10,118,68,8,6,48,10,7,0,41,1,36,17,24,3,2,60,6,54,20,24,3,2,37,3,28,11,20,2,2,184,8,120,51,36,3,17,34,71,54,2,17,36,62,30,3,8,40
1216523,2021,2020-10-10,Sheikh Zayed Stadium,Abu Dhabi,Kolkata Knight Riders,Kolkata Knight Riders,Kings XI Punjab,Punjab Kings,1,true,Kolkata Knight Riders,bat,Kolkata Knight Riders,true,164,6,120,86,17,3,44,9,6,0,25,2,36,24,16,4,0,76,1,54,14,28,4,2,63,3,30,6,42,9,1,162,5,120,47,36,0,13,26,70,54,1,9,24,45,30,4,10,26
1216523,2021,2020-10-10,Sheikh Zayed Stadium,Abu Dhabi,Kings XI Punjab,Punjab Kings,Kolkata Knight Riders,Kolkata Knight Riders,2,false,Kolkata Knight Riders,bat,Kolkata Knight Riders,false,162,5,120,76,16,2,32,2,0,0,47,0,36,13,26,5,1,70,1,54,9,24,6,0,45,4,30,10,26,5,1,164,6,120,25,36,2,24,16,76,54,1,14,28,63,30,3,6,42
1216525,2021,2020-10-10,Dubai International Cricket Stadium,Unknown,Royal Challengers Bangalore,Royal Challengers Bengaluru,Chennai Super Kings,Chennai Super Kings,1,true,Royal Challengers Bengaluru,bat,Royal Challengers Bengaluru,true,169,4,120,74,8,7,37,12,10,1,36,1,36,16,12,3,0,59,3,54,17,22,1,3,74,0,30,4,40,4,4,132,8,120,26,36,2,23,12,70,54,1,15,32,36,30,5,10,10
1216525,2021,2020-10-10,Dubai International Cricket Stadium,Unknown,Chennai Super Kings,Chennai Super Kings,Royal Challengers Bangalore,Royal Challengers Bengaluru,2,false,Royal Challengers Bengaluru,bat,Royal Challengers Bengaluru,false,132,8,120,54,12,1,48,5,5,0,26,2,36,23,12,3,0,70,1,54,15,32,8,0,36,5,30,10,10,1,1,169,4,120,36,36,1,16,12,59,54,3,17,22,74,30,0,4,40
1216507,2021,2020-10-11,Dubai International Cricket Stadium,Unknown,Sunrisers Hyderabad,Sunrisers Hyderabad,Rajasthan Royals,Rajasthan Royals,1,true,Sunrisers Hyderabad,bat,Rajasthan Royals,false,158,4,120,78,6,9,42,3,2,1,26,1,36,20,10,1,1,70,1,54,16,32,2,4,62,2,30,6,36,3,4,163,5,119,36,36,3,21,24,58,54,2,13,12,69,29,0,2,48
1216507,2021,2020-10-11,Dubai International Cricket Stadium,Unknown,Rajasthan Royals,Rajasthan Royals,Sunrisers Hyderabad,Sunrisers Hyderabad,2,false,Sunrisers Hyderabad,bat,Rajasthan Royals,true,163,5,119,84,12,6,36,6,2,0,36,3,36,21,24,3,2,58,2,54,13,12,3,0,69,0,29,2,48,6,4,158,4,120,26,36,1,20,10,70,54,1,16,32,62,30,2,6,36
1216529,2021,2020-10-11,Sheikh Zayed Stadium,Abu Dhabi,Delhi Capitals,Delhi Capitals,Mumbai Indians,Mumbai Indians,1,true,Delhi Capitals,bat,Mumbai Indians,false,162,4,120,74,17,1,33,5,5,0,46,2,36,19,34,7,1,65,1,54,11,20,5,0,51,1,30,3,20,5,0,166,5,118,44,36,1,17,26,86,54,2,10,48,36,28,2,10,22
1216529,2021,2020-10-11,Sheikh Zayed Stadium,Abu Dhabi,Mumbai Indians,Mumbai Indians,Delhi Capitals,Delhi Capitals,2,false,Delhi Capitals,bat,Mumbai Indians,true,166,5,118,96,15,6,37,4,4,0,44,1,36,17,26,2,3,86,2,54,10,48,9,2,36,2,28,10,22,4,1,162,4,120,46,36,2,19,34,65,54,1,11,20,51,30,1,3,20
1216540,2021,2020-10-12,Sharjah Cricket Stadium,Unknown,Royal Challengers Bangalore,Royal Challengers Bengaluru,Kolkata Knight Riders,Kolkata Knight Riders,1,true,Royal Challengers Bengaluru,bat,Royal Challengers Bengaluru,true,194,2,120,104,14,8,33,9,6,1,47,0,36,13,30,6,1,64,2,54,14,18,3,1,83,0,30,6,56,5,6,112,9,120,43,36,1,13,22,47,54,6,22,18,22,30,2,14,4
1216540,2021,2020-10-12,Sharjah Cricket Stadium,Unknown,Kolkata Knight Riders,Kolkata Knight Riders,Royal Challengers Bangalore,Royal Challengers Bengaluru,2,false,Royal Challengers Bengaluru,bat,Royal Challengers Bengaluru,false,112,9,120,44,8,2,49,6,3,0,43,1,36,13,22,4,1,47,6,54,22,18,3,1,22,2,30,14,4,1,0,194,2,120,47,36,0,13,30,64,54,2,14,18,83,30,0,6,56
1216528,2021,2020-10-13,Dubai International Cricket Stadium,Unknown,Chennai Super Kings,Chennai Super Kings,Sunrisers Hyderabad,Sunrisers Hyderabad,1,true,Chennai Super Kings,bat,Chennai Super Kings,true,167,6,120,102,12,9,44,5,2,0,44,2,36,20,32,5,2,72,0,54,16,38,2,5,51,4,30,8,32,5,2,147,8,120,40,36,2,17,20,61,54,2,14,16,46,30,4,10,28
1216528,2021,2020-10-13,Dubai International Cricket Stadium,Unknown,Sunrisers Hyderabad,Sunrisers Hyderabad,Chennai Super Kings,Chennai Super Kings,2,false,Chennai Super Kings,bat,Chennai Super Kings,false,147,8,120,64,13,2,41,6,6,0,40,2,36,17,20,5,0,61,2,54,14,16,4,0,46,4,30,10,28,4,2,167,6,120,44,36,2,20,32,72,54,0,16,38,51,30,4,8,32
1216543,2021,2020-10-14,Dubai International Cricket Stadium,Unknown,Delhi Capitals,Delhi Capitals,Rajasthan Royals,Rajasthan Royals,1,true,Delhi Capitals,bat,Delhi Capitals,true,161,7,120,74,11,5,37,10,6,2,47,2,36,18,26,5,1,82,1,54,10,38,5,3,32,4,30,9,10,1,1,148,8,120,50,36,2,12,34,73,54,3,16,38,25,30,3,13,8
1216543,2021,2020-10-14,Dubai International Cricket Stadium,Unknown,Rajasthan Royals,Rajasthan Royals,Delhi Capitals,Delhi Capitals,2,false,Delhi Capitals,bat,Delhi Capitals,false,148,8,120,80,14,4,41,5,3,1,50,2,36,12,34,7,1,73,3,54,16,38,5,3,25,3,30,13,8,2,0,161,7,120,47,36,2,18,26,82,54,1,10,38,32,30,4,9,10
1216531,2021,2020-10-15,Sharjah Cricket Stadium,Unknown,Royal Challengers Bangalore,Royal Challengers Bengaluru,Kings XI Punjab,Punjab Kings,1,true,Royal Challengers Bengaluru,bat,Punjab Kings,false,171,6,120,80,8,8,30,12,6,0,57,1,36,10,32,5,2,65,2,54,13,20,2,2,49,3,30,7,28,1,4,177,2,120,56,36,0,15,40,70,54,1,17,34,51,30,1,11,34
1216531,2021,2020-10-15,Sharjah Cricket Stadium,Unknown,Kings XI Punjab,Punjab Kings,Royal Challengers Bangalore,Royal Challengers Bengaluru,2,false,Royal Challengers Bengaluru,bat,Punjab Kings,true,177,2,120,108,6,14,43,12,9,0,56,0,36,15,40,4,4,70,1,54,17,34,1,5,51,1,30,11,34,1,5,171,6,120,57,36,1,10,32,65,54,2,13,20,49,30,3,7,28
1216526,2021,2020-10-16,Sheikh Zayed Stadium,Abu Dhabi,Kolkata Knight Riders,Kolkata Knight Riders,Mumbai Indians,Mumbai Indians,1,true,Kolkata Knight Riders,bat,Mumbai Indians,false,148,5,120,82,13,5,52,7,5,0,33,2,36,20,16,4,0,62,3,54,24,32,5,2,53,0,30,8,34,4,3,149,2,101,51,36,0,16,36,75,54,2,22,48,23,11,0,2,18
1216526,2021,2020-10-16,Sheikh Zayed Stadium,Abu Dhabi,Mumbai Indians,Mumbai Indians,Kolkata Knight Riders,Kolkata Knight Riders,2,false,Kolkata Knight Riders,bat,Mumbai Indians,true,149,2,101,102,18,5,40,5,0,0,51,0,36,16,36,9,0,75,2,54,22,48,6,4,23,0,11,2,18,3,1,148,5,120,33,36,2,20,16,62,54,3,24,32,53,30,0,8,34
1216509,2021,2020-10-17,Sharjah Cricket Stadium,Unknown,Chennai Super Kings,Chennai Super Kings,Delhi Capitals,Delhi Capitals,1,true,Chennai Super Kings,bat,Delhi Capitals,false,179,4,120,112,13,10,42,4,3,1,39,1,36,22,30,6,1,73,2,54,15,36,6,2,67,1,30,5,46,1,7,185,5,119,41,36,2,16,26,88,54,1,7,46,56,29,2,8,38
1216509,2021,2020-10-17,Sharjah Cricket Stadium,Unknown,Delhi Capitals,Delhi Capitals,Chennai Super Kings,Chennai Super Kings,2,false,Chennai Super Kings,bat,Delhi Capitals,true,185,5,119,110,17,7,31,4,3,0,41,2,36,16,26,5,1,88,1,54,7,46,10,1,56,2,29,8,38,2,5,179,4,120,39,36,1,22,30,73,54,2,15,36,67,30,1,5,46
1216522,2021,2020-10-17,Dubai International Cricket Stadium,Unknown,Rajasthan Royals,Rajasthan Royals,Royal Challengers Bangalore,Royal Challengers Bengaluru,1,true,Rajasthan Royals,bat,Royal Challengers Bengaluru,false,177,6,120,98,17,5,40,10,7,2,52,1,36,16,34,7,1,67,2,54,17,32,5,2,58,3,30,7,32,5,2,179,3,118,47,36,1,15,24,67,54,2,16,12,65,28,0,5,44
1216522,2021,2020-10-17,Dubai International Cricket Stadium,Unknown,Royal Challengers Bangalore,Royal Challengers Bengaluru,Rajasthan Royals,Rajasthan Royals,2,false,Rajasthan Royals,bat,Royal Challengers Bengaluru,true,179,3,118,80,5,10,36,13,11,1,47,1,36,15,24,3,2,67,2,54,16,12,0,2,65,0,28,5,44,2,6,177,6,120,52,36,1,16,34,67,54,2,17,32,58,30,3,7,32
1216512,2021,2020-10-18,Sheikh Zayed Stadium,Abu Dhabi,Kolkata Knight Riders,Kolkata Knight Riders,Sunrisers Hyderabad,Sunrisers Hyderabad,1,true,Sunrisers Hyderabad,field,Unknown,false,163,5,120,94,16,5,40,3,0,1,48,1,36,12,30,6,1,57,3,54,24,30,6,1,58,1,30,4,34,4,3,163,6,120,58,36,0,16,46,51,54,4,19,8,54,30,2,8,30
1216512,2021,2020-10-18,Sheikh Zayed Stadium,Abu Dhabi,Sunrisers Hyderabad,Sunrisers Hyderabad,Kolkata Knight Riders,Kolkata Knight Riders,2,false,Sunrisers Hyderabad,field,Unknown,false,163,6,120,84,18,2,43,10,2,1,58,0,36,16,46,10,1,51,4,54,19,8,2,0,54,2,30,8,30,6,1,163,5,120,48,36,1,12,30,57,54,3,24,30,58,30,1,4,34
1216512,2021,2020-10-18,Sheikh Zayed Stadium,Abu Dhabi,Sunrisers Hyderabad,Sunrisers Hyderabad,Kolkata Knight Riders,Kolkata Knight Riders,3,false,Sunrisers Hyderabad,field,Unknown,false,2,2,3,0,0,0,2,0,0,0,2,2,3,2,0,0,0,0,0,0,0,0,0,0,0,0,0,0,0,0,0,163,5,120,48,36,1,12,30,57,54,3,24,30,58,30,1,4,34
1216512,2021,2020-10-18,Sheikh Zayed Stadium,Abu Dhabi,Kolkata Knight Riders,Kolkata Knight Riders,Kolkata Knight Riders,Kolkata Knight Riders,4,false,Sunrisers Hyderabad,field,Unknown,false,3,0,4,0,0,0,2,2,0,0,3,0,4,2,0,0,0,0,0,0,0,0,0,0,0,0,0,0,0,0,0,163,5,120,48,36,1,12,30,57,54,3,24,30,58,30,1,4,34
1216517,2021,2020-10-18,Dubai International Cricket Stadium,Unknown,Mumbai Indians,Mumbai Indians,Kings XI Punjab,Punjab Kings,1,true,Mumbai Indians,bat,Unknown,false,176,6,120,114,15,9,46,7,1,0,43,3,36,18,26,5,1,71,1,54,21,44,5,4,62,2,30,7,44,5,4,176,6,120,51,36,1,18,38,74,54,3,20,40,51,30,2,6,26
1216517,2021,2020-10-18,Dubai International Cricket Stadium,Unknown,Kings XI Punjab,Punjab Kings,Mumbai Indians,Mumbai Indians,2,false,Mumbai Indians,bat,Unknown,false,176,6,120,104,14,8,44,4,4,0,51,1,36,18,38,5,3,74,3,54,20,40,4,4,51,2,30,6,26,5,1,176,6,120,43,36,3,18,26,71,54,1,21,44,62,30,2,7,44
1216517,2021,2020-10-18,Dubai International Cricket Stadium,Unknown,Kings XI Punjab,Punjab Kings,Mumbai Indians,Mumbai Indians,3,false,Mumbai Indians,bat,Unknown,false,5,2,6,0,0,0,2,0,0,0,5,2,6,2,0,0,0,0,0,0,0,0,0,0,0,0,0,0,0,0,0,176,6,120,43,36,3,18,26,71,54,1,21,44,62,30,2,7,44
1216517,2021,2020-10-18,Dubai International Cricket Stadium,Unknown,Mumbai Indians,Mumbai Indians,Mumbai Indians,Mumbai Indians,4,false,Mumbai Indians,bat,Unknown,false,5,1,6,0,0,0,1,0,0,0,5,1,6,1,0,0,0,0,0,0,0,0,0,0,0,0,0,0,0,0,0,176,6,120,43,36,3,18,26,71,54,1,21,44,62,30,2,7,44
1216517,2021,2020-10-18,Dubai International Cricket Stadium,Unknown,Mumbai Indians,Mumbai Indians,Mumbai Indians,Mumbai Indians,5,false,Mumbai Indians,bat,Unknown,false,11,1,6,4,1,0,1,2,2,0,11,1,6,1,4,1,0,0,0,0,0,0,0,0,0,0,0,0,0,0,0,176,6,120,43,36,3,18,26,71,54,1,21,44,62,30,2,7,44
1216517,2021,2020-10-18,Dubai International Cricket Stadium,Unknown,Kings XI Punjab,Punjab Kings,Mumbai Indians,Mumbai Indians,6,false,Mumbai Indians,bat,Unknown,false,15,0,4,14,2,1,0,0,0,0,15,0,4,0,14,2,1,0,0,0,0,0,0,0,0,0,0,0,0,0,0,176,6,120,43,36,3,18,26,71,54,1,21,44,62,30,2,7,44
1216533,2021,2020-10-19,Sheikh Zayed Stadium,Abu Dhabi,Chennai Super Kings,Chennai Super Kings,Rajasthan Royals,Rajasthan Royals,1,true,Chennai Super Kings,bat,Rajasthan Royals,false,125,5,120,54,12,1,48,5,1,1,43,2,36,18,30,6,1,46,2,54,25,12,3,0,36,1,30,5,12,3,0,126,3,105,31,36,3,23,12,77,54,0,17,38,18,15,0,5,10
1216533,2021,2020-10-19,Sheikh Zayed Stadium,Abu Dhabi,Rajasthan Royals,Rajasthan Royals,Chennai Super Kings,Chennai Super Kings,2,false,Chennai Super Kings,bat,Rajasthan Royals,true,126,3,105,60,12,2,45,7,1,0,31,3,36,23,12,3,0,77,0,54,17,38,8,1,18,0,15,5,10,1,1,125,5,120,43,36,2,18,30,46,54,2,25,12,36,30,1,5,12
1216546,2021,2020-10-20,Dubai International Cricket Stadium,Unknown,Delhi Capitals,Delhi Capitals,Kings XI Punjab,Punjab Kings,1,true,Delhi Capitals,bat,Punjab Kings,false,164,5,120,86,14,5,34,4,3,0,53,1,36,17,40,7,2,64,2,54,12,26,5,1,47,2,30,5,20,2,2,167,5,114,57,36,3,15,38,84,54,1,15,46,26,24,1,9,14
1216546,2021,2020-10-20,Dubai International Cricket Stadium,Unknown,Kings XI Punjab,Punjab Kings,Delhi Capitals,Delhi Capitals,2,false,Delhi Capitals,bat,Punjab Kings,true,167,5,114,98,14,7,39,8,6,1,57,3,36,15,38,5,3,84,1,54,15,46,7,3,26,1,24,9,14,2,1,164,5,120,53,36,1,17,40,64,54,2,12,26,47,30,2,5,20
1216494,2021,2020-10-21,Sheikh Zayed Stadium,Abu Dhabi,Kolkata Knight Riders,Kolkata Knight Riders,Royal Challengers Bangalore,Royal Challengers Bengaluru,1,true,Kolkata Knight Riders,bat,Royal Challengers Bengaluru,false,84,8,120,36,6,2,70,3,1,0,17,4,36,28,10,1,1,35,2,54,31,14,2,1,32,2,30,11,12,3,0,85,2,81,44,36,0,14,20,41,45,2,24,24,0,0,0,0,0
1216494,2021,2020-10-21,Sheikh Zayed Stadium,Abu Dhabi,Royal Challengers Bangalore,Royal Challengers Bengaluru,Kolkata Knight Riders,Kolkata Knight Riders,2,false,Kolkata Knight Riders,bat,Royal Challengers Bengaluru,true,85,2,81,44,11,0,38,5,3,0,44,0,36,14,20,5,0,41,2,45,24,24,6,0,0,0,0,0,0,0,0,84,8,120,17,36,4,28,10,35,54,2,31,14,32,30,2,11,12
1216518,2021,2020-10-22,Dubai International Cricket Stadium,Unknown,Rajasthan Royals,Rajasthan Royals,Sunrisers Hyderabad,Sunrisers Hyderabad,1,true,Sunrisers Hyderabad,field,Sunrisers Hyderabad,false,154,6,120,72,12,4,41,3,3,0,47,1,36,14,30,6,1,58,2,54,18,14,2,1,49,3,30,9,28,4,2,156,2,109,58,36,2,22,50,60,54,0,17,24,38,19,0,5,28
1216518,2021,2020-10-22,Dubai International Cricket Stadium,Unknown,Sunrisers Hyderabad,Sunrisers Hyderabad,Rajasthan Royals,Rajasthan Royals,2,false,Sunrisers Hyderabad,field,Sunrisers Hyderabad,true,156,2,109,102,12,9,44,7,6,0,58,2,36,22,50,5,5,60,0,54,17,24,3,2,38,0,19,5,28,4,2,154,6,120,47,36,1,14,30,58,54,2,18,14,49,30,3,9,28
1216521,2021,2020-10-23,Sharjah Cricket Stadium,Unknown,Chennai Super Kings,Chennai Super Kings,Mumbai Indians,Mumbai Indians,1,true,Mumbai Indians,field,Mumbai Indians,false,114,9,120,54,9,3,65,12,8,0,24,5,36,26,12,3,0,47,3,54,27,18,0,3,43,1,30,12,24,6,0,116,0,74,52,36,0,17,42,64,38,0,11,44,0,0,0,0,0
1216521,2021,2020-10-23,Sharjah Cricket Stadium,Unknown,Mumbai Indians,Mumbai Indians,Chennai Super Kings,Chennai Super Kings,2,false,Mumbai Indians,field,Mumbai Indians,true,116,0,74,86,11,7,28,2,0,0,52,0,36,17,42,9,1,64,0,38,11,44,2,6,0,0,0,0,0,0,0,114,9,120,24,36,5,26,12,47,54,3,27,18,43,30,1,12,24
1216497,2021,2020-10-24,Sheikh Zayed Stadium,Abu Dhabi,Kolkata Knight Riders,Kolkata Knight Riders,Delhi Capitals,Delhi Capitals,1,true,Delhi Capitals,field,Kolkata Knight Riders,true,194,6,120,132,24,6,42,7,6,0,36,2,36,18,20,5,0,106,1,54,12,74,11,5,52,3,30,12,38,8,1,135,9,120,36,36,2,21,22,74,54,3,13,28,25,30,4,14,12
1216497,2021,2020-10-24,Sheikh Zayed Stadium,Abu Dhabi,Delhi Capitals,Delhi Capitals,Kolkata Knight Riders,Kolkata Knight Riders,2,false,Delhi Capitals,field,Kolkata Knight Riders,false,135,9,120,62,11,3,48,6,3,1,36,2,36,21,22,4,1,74,3,54,13,28,4,2,25,4,30,14,12,3,0,194,6,120,36,36,2,18,20,106,54,1,12,74,52,30,3,12,38
1216498,2021,2020-10-24,Dubai International Cricket Stadium,Unknown,Kings XI Punjab,Punjab Kings,Sunrisers Hyderabad,Sunrisers Hyderabad,1,true,Sunrisers Hyderabad,field,Punjab Kings,true,126,7,120,40,7,2,46,7,5,0,47,1,36,15,26,5,1,41,4,54,23,6,0,1,38,2,30,8,8,2,0,114,10,119,52,36,0,17,36,45,54,3,25,20,17,29,7,16,4
1216498,2021,2020-10-24,Dubai International Cricket Stadium,Unknown,Sunrisers Hyderabad,Sunrisers Hyderabad,Kings XI Punjab,Punjab Kings,2,false,Sunrisers Hyderabad,field,Punjab Kings,false,114,10,119,60,12,2,58,4,4,0,52,0,36,17,36,6,2,45,3,54,25,20,5,0,17,7,29,16,4,1,0,126,7,120,47,36,1,15,26,41,54,4,23,6,38,30,2,8,8
1216541,2021,2020-10-25,Sheikh Zayed Stadium,Abu Dhabi,Mumbai Indians,Mumbai Indians,Rajasthan Royals,Rajasthan Royals,1,true,Mumbai Indians,bat,Rajasthan Royals,false,195,5,120,128,14,12,39,9,5,0,59,1,36,15,38,5,3,57,3,54,20,26,5,1,79,1,30,4,64,4,8,196,2,110,55,36,2,18,42,102,54,0,10,62,39,20,0,3,22
1216541,2021,2020-10-25,Sheikh Zayed Stadium,Abu Dhabi,Rajasthan Royals,Rajasthan Royals,Mumbai Indians,Mumbai Indians,2,false,Mumbai Indians,bat,Rajasthan Royals,true,196,2,110,126,21,7,31,11,7,0,55,2,36,18,42,9,1,102,0,54,10,62,8,5,39,0,20,3,22,4,1,195,5,120,59,36,1,15,38,57,54,3,20,26,79,30,1,4,64
1216544,2021,2020-10-25,Dubai International Cricket Stadium,Unknown,Royal Challengers Bangalore,Royal Challengers Bengaluru,Chennai Super Kings,Chennai Super Kings,1,true,Royal Challengers Bengaluru,bat,Chennai Super Kings,false,145,6,120,56,11,2,36,9,5,2,46,1,36,14,26,5,1,55,1,54,16,16,4,0,44,4,30,6,14,2,1,150,2,112,48,36,1,16,30,79,54,1,14,46,23,22,0,10,14
1216544,2021,2020-10-25,Dubai International Cricket Stadium,Unknown,Chennai Super Kings,Chennai Super Kings,Royal Challengers Bangalore,Royal Challengers Bengaluru,2,false,Royal Challengers Bengaluru,bat,Chennai Super Kings,true,150,2,112,90,12,7,40,2,1,0,48,1,36,16,30,3,3,79,1,54,14,46,7,3,23,0,22,10,14,2,1,145,6,120,46,36,1,14,26,55,54,1,16,16,44,30,4,6,14
1216520,2021,2020-10-26,Sharjah Cricket Stadium,Unknown,Kolkata Knight Riders,Kolkata Knight Riders,Kings XI Punjab,Punjab Kings,1,true,Punjab Kings,field,Punjab Kings,false,149,9,120,96,12,8,55,6,3,0,54,3,36,17,42,6,3,60,3,54,25,32,2,4,35,3,30,13,22,4,1,150,2,113,36,36,0,19,22,77,54,1,19,48,37,23,1,8,28
1216520,2021,2020-10-26,Sharjah Cricket Stadium,Unknown,Kings XI Punjab,Punjab Kings,Kolkata Knight Riders,Kolkata Knight Riders,2,false,Punjab Kings,field,Punjab Kings,true,150,2,113,98,14,7,46,3,1,0,36,0,36,19,22,4,1,77,1,54,19,48,6,4,37,1,23,8,28,4,2,149,9,120,54,36,3,17,42,60,54,3,25,32,35,30,3,13,22
1216524,2021,2020-10-27,Dubai International Cricket Stadium,Unknown,Sunrisers Hyderabad,Sunrisers Hyderabad,Delhi Capitals,Delhi Capitals,1,true,Delhi Capitals,field,Sunrisers Hyderabad,true,219,2,120,130,25,5,29,11,4,0,77,0,36,9,56,11,2,98,2,54,10,52,10,2,44,0,30,10,22,4,1,131,10,114,54,36,2,14,34,42,54,4,26,14,35,24,4,9,22
1216524,2021,2020-10-27,Dubai International Cricket Stadium,Unknown,Delhi Capitals,Delhi Capitals,Sunrisers Hyderabad,Sunrisers Hyderabad,2,false,Delhi Capitals,field,Sunrisers Hyderabad,false,131,10,114,70,13,3,49,9,5,0,54,2,36,14,34,7,1,42,4,54,26,14,2,1,35,4,24,9,22,4,1,219,2,120,77,36,0,9,56,98,54,2,10,52,44,30,0,10,22
1216499,2021,2020-10-28,Sheikh Zayed Stadium,Abu Dhabi,Royal Challengers Bangalore,Royal Challengers Bengaluru,Mumbai Indians,Mumbai Indians,1,true,Mumbai Indians,field,Mumbai Indians,false,164,6,120,102,21,3,47,3,3,0,54,0,36,16,42,9,1,75,2,54,19,44,8,2,35,4,30,12,16,4,0,166,5,115,45,36,1,17,24,72,54,3,21,42,49,25,1,8,36
1216499,2021,2020-10-28,Sheikh Zayed Stadium,Abu Dhabi,Mumbai Indians,Mumbai Indians,Royal Challengers Bangalore,Royal Challengers Bengaluru,2,false,Mumbai Indians,field,Mumbai Indians,true,166,5,115,102,15,7,46,8,6,0,45,1,36,17,24,3,2,72,3,54,21,42,6,3,49,1,25,8,36,6,2,164,6,120,54,36,0,16,42,75,54,2,19,44,35,30,4,12,16
1216536,2021,2020-10-29,Dubai International Cricket Stadium,Unknown,Kolkata Knight Riders,Kolkata Knight Riders,Chennai Super Kings,Chennai Super Kings,1,true,Chennai Super Kings,field,Chennai Super Kings,false,172,5,120,110,20,5,41,2,1,0,48,0,36,17,38,8,1,58,3,54,18,26,5,1,66,2,30,6,46,7,3,178,4,120,44,36,0,19,28,77,54,3,12,40,57,30,1,7,34
1216536,2021,2020-10-29,Dubai International Cricket Stadium,Unknown,Chennai Super Kings,Chennai Super Kings,Kolkata Knight Riders,Kolkata Knight Riders,2,false,Chennai Super Kings,field,Chennai Super Kings,true,178,4,120,102,15,7,38,9,8,1,44,0,36,19,28,4,2,77,3,54,12,40,7,2,57,1,30,7,34,4,3,172,5,120,48,36,0,17,38,58,54,3,18,26,66,30,2,6,46
1216537,2021,2020-10-30,Sheikh Zayed Stadium,Abu Dhabi,Kings XI Punjab,Punjab Kings,Rajasthan Royals,Rajasthan Royals,1,true,Rajasthan Royals,field,Rajasthan Royals,false,185,4,120,118,10,13,46,11,8,2,53,1,36,21,38,5,3,70,1,54,16,36,3,4,62,2,30,9,44,2,6,186,3,105,66,36,1,13,52,80,54,2,15,48,40,15,0,2,28
1216537,2021,2020-10-30,Sheikh Zayed Stadium,Abu Dhabi,Rajasthan Royals,Rajasthan Royals,Kings XI Punjab,Punjab Kings,2,false,Rajasthan Royals,field,Rajasthan Royals,true,186,3,105,128,17,10,30,5,3,0,66,1,36,13,52,7,4,80,2,54,15,48,6,4,40,0,15,2,28,4,2,185,4,120,53,36,1,21,38,70,54,1,16,36,62,30,2,9,44
1216502,2021,2020-10-31,Sharjah Cricket Stadium,Unknown,Royal Challengers Bangalore,Royal Challengers Bengaluru,Sunrisers Hyderabad,Sunrisers Hyderabad,1,true,Sunrisers Hyderabad,field,Sunrisers Hyderabad,false,120,7,120,42,9,1,47,11,8,0,30,2,36,18,12,3,0,63,2,54,18,22,4,1,27,3,30,11,8,2,0,121,5,85,58,36,1,16,38,63,49,4,19,36,0,0,0,0,0
1216502,2021,2020-10-31,Sharjah Cricket Stadium,Unknown,Sunrisers Hyderabad,Sunrisers Hyderabad,Royal Challengers Bangalore,Royal Challengers Bengaluru,2,false,Sunrisers Hyderabad,field,Sunrisers Hyderabad,true,121,5,85,74,8,7,35,6,6,0,58,1,36,16,38,5,3,63,4,49,19,36,3,4,0,0,0,0,0,0,0,120,7,120,30,36,2,18,12,63,54,2,18,22,27,30,3,11,8
1216535,2021,2020-10-31,Dubai International Cricket Stadium,Unknown,Delhi Capitals,Delhi Capitals,Mumbai Indians,Mumbai Indians,1,true,Mumbai Indians,field,Mumbai Indians,false,110,9,120,46,7,3,60,5,2,0,22,2,36,24,12,3,0,56,4,54,22,22,4,1,32,3,30,14,12,0,2,111,1,86,38,36,0,16,20,73,50,1,16,42,0,0,0,0,0
1216535,2021,2020-10-31,Dubai International Cricket Stadium,Unknown,Mumbai Indians,Mumbai Indians,Delhi Capitals,Delhi Capitals,2,false,Mumbai Indians,field,Mumbai Indians,true,111,1,86,62,11,3,32,1,1,0,38,0,36,16,20,5,0,73,1,50,16,42,6,3,0,0,0,0,0,0,0,110,9,120,22,36,2,24,12,56,54,4,22,22,32,30,3,14,12
1216506,2021,2020-11-01,Sheikh Zayed Stadium,Abu Dhabi,Kings XI Punjab,Punjab Kings,Chennai Super Kings,Chennai Super Kings,1,true,Chennai Super Kings,field,Chennai Super Kings,false,153,6,120,78,12,5,37,2,1,0,53,1,36,12,38,8,1,42,3,54,21,8,2,0,58,2,30,4,32,2,4,154,1,113,57,36,0,18,34,61,54,1,15,16,36,23,0,3,16
1216506,2021,2020-11-01,Sheikh Zayed Stadium,Abu Dhabi,Chennai Super Kings,Chennai Super Kings,Kings XI Punjab,Punjab Kings,2,false,Chennai Super Kings,field,Chennai Super Kings,true,154,1,113,66,12,3,36,14,7,0,57,0,36,18,34,4,3,61,1,54,15,16,4,0,36,0,23,3,16,4,0,153,6,120,53,36,1,12,38,42,54,3,21,8,58,30,2,4,32
1216530,2021,2020-11-01,Dubai International Cricket Stadium,Unknown,Kolkata Knight Riders,Kolkata Knight Riders,Rajasthan Royals,Rajasthan Royals,1,true,Rajasthan Royals,field,Kolkata Knight Riders,true,191,7,120,136,16,12,45,7,2,0,55,1,36,14,42,9,1,77,4,54,21,50,5,5,59,2,30,10,44,2,6,131,9,120,41,36,5,21,28,66,54,2,20,32,24,30,2,14,8
1216530,2021,2020-11-01,Dubai International Cricket Stadium,Unknown,Rajasthan Royals,Rajasthan Royals,Kolkata Knight Riders,Kolkata Knight Riders,2,false,Rajasthan Royals,field,Kolkata Knight Riders,false,131,9,120,68,11,4,55,5,4,0,41,5,36,21,28,4,2,66,2,54,20,32,5,2,24,2,30,14,8,2,0,191,7,120,55,36,1,14,42,77,54,4,21,50,59,30,2,10,44
1216505,2021,2020-11-02,Sheikh Zayed Stadium,Abu Dhabi,Royal Challengers Bangalore,Royal Challengers Bengaluru,Delhi Capitals,Delhi Capitals,1,true,Delhi Capitals,field,Delhi Capitals,false,152,7,120,72,12,4,41,4,3,0,40,1,36,16,20,5,0,63,1,54,14,18,3,1,49,5,30,11,34,4,3,154,4,114,53,36,1,12,36,68,54,1,11,22,33,24,2,5,10
1216505,2021,2020-11-02,Sheikh Zayed Stadium,Abu Dhabi,Delhi Capitals,Delhi Capitals,Royal Challengers Bangalore,Royal Challengers Bengaluru,2,false,Delhi Capitals,field,Delhi Capitals,true,154,4,114,68,14,2,28,6,3,0,53,1,36,12,36,9,0,68,1,54,11,22,4,1,33,2,24,5,10,1,1,152,7,120,40,36,1,16,20,63,54,1,14,18,49,30,5,11,34
1216495,2021,2020-11-03,Sharjah Cricket Stadium,Unknown,Mumbai Indians,Mumbai Indians,Sunrisers Hyderabad,Sunrisers Hyderabad,1,true,Sunrisers Hyderabad,field,Sunrisers Hyderabad,false,149,8,120,88,10,8,46,1,0,0,48,2,36,18,36,6,2,50,3,54,17,14,2,1,51,3,30,11,38,2,5,151,0,103,56,36,0,15,42,81,54,0,10,30,14,13,0,5,8
1216495,2021,2020-11-03,Sharjah Cricket Stadium,Unknown,Sunrisers Hyderabad,Sunrisers Hyderabad,Mumbai Indians,Mumbai Indians,2,false,Sunrisers Hyderabad,field,Sunrisers Hyderabad,true,151,0,103,80,17,2,30,8,8,0,56,0,36,15,42,9,1,81,0,54,10,30,6,1,14,0,13,5,8,2,0,149,8,120,48,36,2,18,36,50,54,3,17,14,51,30,3,11,38
1237177,2021,2020-11-05,Dubai International Cricket Stadium,Unknown,Mumbai Indians,Mumbai Indians,Delhi Capitals,Delhi Capitals,1,true,Delhi Capitals,field,Mumbai Indians,true,200,5,120,132,15,12,35,4,1,0,63,1,36,11,44,8,2,59,3,54,20,28,4,2,78,1,30,4,60,3,8,143,8,120,32,36,4,25,24,80,54,1,16,50,31,30,3,15,14
1237177,2021,2020-11-05,Dubai International Cricket Stadium,Unknown,Delhi Capitals,Delhi Capitals,Mumbai Indians,Mumbai Indians,2,false,Delhi Capitals,field,Mumbai Indians,false,143,8,120,88,13,6,56,6,6,0,32,4,36,25,24,6,0,80,1,54,16,50,5,5,31,3,30,15,14,2,1,200,5,120,63,36,1,11,44,59,54,3,20,28,78,30,1,4,60
1237178,2021,2020-11-06,Sheikh Zayed Stadium,Abu Dhabi,Royal Challengers Bangalore,Royal Challengers Bengaluru,Sunrisers Hyderabad,Sunrisers Hyderabad,1,true,Sunrisers Hyderabad,field,Sunrisers Hyderabad,false,131,7,120,46,10,1,40,4,3,1,32,2,36,16,12,3,0,61,2,54,16,22,4,1,38,3,30,8,12,3,0,132,4,118,48,36,2,18,30,39,54,2,26,6,45,28,0,5,26
1237178,2021,2020-11-06,Sheikh Zayed Stadium,Abu Dhabi,Sunrisers Hyderabad,Sunrisers Hyderabad,Royal Challengers Bangalore,Royal Challengers Bengaluru,2,false,Sunrisers Hyderabad,field,Sunrisers Hyderabad,true,132,4,118,62,11,3,49,10,4,1,48,2,36,18,30,6,1,39,2,54,26,6,0,1,45,0,28,5,26,5,1,131,7,120,32,36,2,16,12,61,54,2,16,22,38,30,3,8,12
1237180,2021,2020-11-08,Sheikh Zayed Stadium,Abu Dhabi,Delhi Capitals,Delhi Capitals,Sunrisers Hyderabad,Sunrisers Hyderabad,1,true,Delhi Capitals,bat,Delhi Capitals,true,189,3,120,94,16,5,24,8,3,2,65,0,36,11,48,9,2,74,2,54,11,24,3,2,50,1,30,2,22,4,1,172,8,120,49,36,3,14,28,80,54,1,16,50,43,30,4,9,24
1237180,2021,2020-11-08,Sheikh Zayed Stadium,Abu Dhabi,Sunrisers Hyderabad,Sunrisers Hyderabad,Delhi Capitals,Delhi Capitals,2,false,Delhi Capitals,bat,Delhi Capitals,false,172,8,120,102,12,9,39,6,5,0,49,3,36,14,28,4,2,80,1,54,16,50,5,5,43,4,30,9,24,3,2,189,3,120,65,36,0,11,48,74,54,2,11,24,50,30,1,2,22
1237181,2021,2020-11-10,Dubai International Cricket Stadium,Unknown,Delhi Capitals,Delhi Capitals,Mumbai Indians,Mumbai Indians,1,true,Delhi Capitals,bat,Mumbai Indians,false,156,7,120,84,15,4,41,4,3,0,41,3,36,17,28,7,0,77,1,54,13,34,4,3,38,3,30,11,22,4,1,157,5,112,61,36,1,15,44,65,54,1,17,34,31,22,3,6,20
1237181,2021,2020-11-10,Dubai International Cricket Stadium,Unknown,Mumbai Indians,Mumbai Indians,Delhi Capitals,Delhi Capitals,2,false,Delhi Capitals,bat,Mumbai Indians,true,157,5,112,98,14,7,38,4,0,0,61,1,36,15,44,5,4,65,1,54,17,34,4,3,31,3,22,6,20,5,0,156,7,120,41,36,3,17,28,77,54,1,13,34,38,30,3,11,22
1254058,2021,2021-04-09,MA Chidambaram Stadium,Chennai,Mumbai Indians,Mumbai Indians,Royal Challengers Bangalore,Royal Challengers Bengaluru,1,true,Royal Challengers Bengaluru,field,Royal Challengers Bengaluru,false,159,9,120,96,15,6,50,4,2,2,41,1,36,20,28,4,2,87,2,54,14,52,7,4,31,6,30,16,16,4,0,160,8,120,46,36,2,17,20,60,54,3,21,24,54,30,3,4,28
1254058,2021,2021-04-09,MA Chidambaram Stadium,Chennai,Royal Challengers Bangalore,Royal Challengers Bengaluru,Mumbai Indians,Mumbai Indians,2,false,Royal Challengers Bengaluru,field,Royal Challengers Bengaluru,true,160,8,120,72,12,4,42,12,9,1,46,2,36,17,20,5,0,60,3,54,21,24,3,2,54,3,30,4,28,4,2,159,9,120,41,36,1,20,28,87,54,2,14,52,31,30,6,16,16
1254059,2021,2021-04-10,Wankhede Stadium,Mumbai,Chennai Super Kings,Chennai Super Kings,Delhi Capitals,Delhi Capitals,1,true,Delhi Capitals,field,Delhi Capitals,false,188,7,120,124,16,10,42,10,2,1,33,2,36,22,24,6,0,103,2,54,14,68,5,8,52,3,30,6,32,5,2,190,3,112,65,36,0,11,52,86,54,1,8,46,39,22,2,8,28
1254059,2021,2021-04-10,Wankhede Stadium,Mumbai,Delhi Capitals,Delhi Capitals,Chennai Super Kings,Chennai Super Kings,2,false,Delhi Capitals,field,Delhi Capitals,true,190,3,112,126,24,5,27,4,3,1,65,0,36,11,52,10,2,86,1,54,8,46,7,3,39,2,22,8,28,7,0,188,7,120,33,36,2,22,24,103,54,2,14,68,52,30,3,6,32
1254060,2021,2021-04-11,MA Chidambaram Stadium,Chennai,Kolkata Knight Riders,Kolkata Knight Riders,Sunrisers Hyderabad,Sunrisers Hyderabad,1,true,Sunrisers Hyderabad,field,Kolkata Knight Riders,true,187,6,120,120,18,8,41,7,7,0,50,0,36,18,42,9,1,95,1,54,12,60,6,6,42,5,30,11,18,3,1,177,5,120,35,36,2,20,16,84,54,1,14,48,58,30,2,6,32
1254060,2021,2021-04-11,MA Chidambaram Stadium,Chennai,Sunrisers Hyderabad,Sunrisers Hyderabad,Kolkata Knight Riders,Kolkata Knight Riders,2,false,Sunrisers Hyderabad,field,Kolkata Knight Riders,false,177,5,120,96,9,10,40,7,5,0,35,2,36,20,16,1,2,84,1,54,14,48,6,4,58,2,30,6,32,2,4,187,6,120,50,36,0,18,42,95,54,1,12,60,42,30,5,11,18
1254061,2021,2021-04-12,Wankhede Stadium,Mumbai,Punjab Kings,Punjab Kings,Rajasthan Royals,Rajasthan Royals,1,true,Rajasthan Royals,field,Punjab Kings,true,221,6,120,150,18,13,35,6,4,2,46,1,36,15,24,6,0,115,1,54,11,84,6,10,60,4,30,9,42,6,3,217,7,120,59,36,2,17,50,95,54,2,11,56,63,30,3,10,48
1254061,2021,2021-04-12,Wankhede Stadium,Mumbai,Rajasthan Royals,Rajasthan Royals,Punjab Kings,Punjab Kings,2,false,Rajasthan Royals,field,Punjab Kings,false,217,7,120,154,22,11,38,9,6,1,59,2,36,17,50,11,1,95,2,54,11,56,8,4,63,3,30,10,48,3,6,221,6,120,46,36,1,15,24,115,54,1,11,84,60,30,4,9,42
1254062,2021,2021-04-13,MA Chidambaram Stadium,Chennai,Mumbai Indians,Mumbai Indians,Kolkata Knight Riders,Kolkata Knight Riders,1,true,Kolkata Knight Riders,field,Mumbai Indians,true,152,10,120,82,16,3,44,7,3,0,42,1,36,16,24,6,0,72,2,54,14,38,5,3,38,7,30,14,20,5,0,142,7,120,45,36,0,20,34,77,54,4,14,36,20,30,3,15,4
1254062,2021,2021-04-13,MA Chidambaram Stadium,Chennai,Kolkata Knight Riders,Kolkata Knight Riders,Mumbai Indians,Mumbai Indians,2,false,Kolkata Knight Riders,field,Mumbai Indians,false,142,7,120,74,14,3,49,12,2,1,45,0,36,20,34,7,1,77,4,54,14,36,6,2,20,3,30,15,4,1,0,152,10,120,42,36,1,16,24,72,54,2,14,38,38,30,7,14,20
1254063,2021,2021-04-14,MA Chidambaram Stadium,Chennai,Royal Challengers Bangalore,Royal Challengers Bengaluru,Sunrisers Hyderabad,Sunrisers Hyderabad,1,true,Sunrisers Hyderabad,field,Royal Challengers Bengaluru,true,149,8,120,80,14,4,46,10,7,0,47,1,36,13,26,5,1,56,3,54,23,28,4,2,46,4,30,10,26,5,1,143,9,120,50,36,1,19,32,58,54,1,22,26,35,30,7,13,10
1254063,2021,2021-04-14,MA Chidambaram Stadium,Chennai,Sunrisers Hyderabad,Sunrisers Hyderabad,Royal Challengers Bangalore,Royal Challengers Bengaluru,2,false,Sunrisers Hyderabad,field,Royal Challengers Bengaluru,false,143,9,120,68,11,4,54,12,4,2,50,1,36,19,32,5,2,58,1,54,22,26,5,1,35,7,30,13,10,1,1,149,8,120,47,36,1,13,26,56,54,3,23,28,46,30,4,10,26
1254064,2021,2021-04-15,Wankhede Stadium,Mumbai,Delhi Capitals,Delhi Capitals,Rajasthan Royals,Rajasthan Royals,1,true,Rajasthan Royals,field,Rajasthan Royals,false,147,8,120,80,20,0,47,5,5,0,36,3,36,18,20,5,0,66,3,54,23,40,10,0,45,2,30,6,20,5,0,150,7,118,26,36,3,22,16,64,54,3,17,32,60,28,1,6,42
1254064,2021,2021-04-15,Wankhede Stadium,Mumbai,Rajasthan Royals,Rajasthan Royals,Delhi Capitals,Delhi Capitals,2,false,Rajasthan Royals,field,Rajasthan Royals,true,150,7,118,90,12,7,45,3,1,0,26,3,36,22,16,4,0,64,3,54,17,32,8,0,60,1,28,6,42,0,7,147,8,120,36,36,3,18,20,66,54,3,23,40,45,30,2,6,20
1254065,2021,2021-04-16,Wankhede Stadium,Mumbai,Punjab Kings,Punjab Kings,Chennai Super Kings,Chennai Super Kings,1,true,Chennai Super Kings,field,Chennai Super Kings,false,106,8,120,52,10,2,64,4,4,0,26,4,36,24,16,4,0,47,2,54,27,24,3,2,33,2,30,13,12,3,0,107,4,94,32,36,1,21,18,70,54,3,24,42,5,4,0,2,4
1254065,2021,2021-04-16,Wankhede Stadium,Mumbai,Chennai Super Kings,Chennai Super Kings,Punjab Kings,Punjab Kings,2,false,Chennai Super Kings,field,Chennai Super Kings,true,107,4,94,64,13,2,47,7,2,0,32,1,36,21,18,3,1,70,3,54,24,42,9,1,5,0,4,2,4,1,0,106,8,120,26,36,4,24,16,47,54,2,27,24,33,30,2,13,12
1254066,2021,2021-04-17,MA Chidambaram Stadium,Chennai,Mumbai Indians,Mumbai Indians,Sunrisers Hyderabad,Sunrisers Hyderabad,1,true,Mumbai Indians,bat,Mumbai Indians,true,150,5,120,76,10,6,46,11,4,1,53,0,36,15,32,5,2,48,3,54,23,18,3,1,49,2,30,8,26,2,3,137,10,118,57,36,0,17,44,47,54,5,24,16,33,28,5,11,16
1254066,2021,2021-04-17,MA Chidambaram Stadium,Chennai,Sunrisers Hyderabad,Sunrisers Hyderabad,Mumbai Indians,Mumbai Indians,2,false,Mumbai Indians,bat,Mumbai Indians,false,137,10,118,76,7,8,52,5,2,0,57,0,36,17,44,5,4,47,5,54,24,16,1,2,33,5,28,11,16,1,2,150,5,120,53,36,0,15,32,48,54,3,23,18,49,30,2,8,26
1254067,2021,2021-04-18,MA Chidambaram Stadium,Chennai,Royal Challengers Bangalore,Royal Challengers Bengaluru,Kolkata Knight Riders,Kolkata Knight Riders,1,true,Royal Challengers Bengaluru,bat,Royal Challengers Bengaluru,true,204,4,120,130,22,7,37,8,5,3,45,2,36,15,26,5,1,89,1,54,14,48,9,2,70,1,30,8,56,8,4,166,8,120,57,36,2,16,46,64,54,3,19,34,45,30,3,10,30
1254067,2021,2021-04-18,MA Chidambaram Stadium,Chennai,Kolkata Knight Riders,Kolkata Knight Riders,Royal Challengers Bangalore,Royal Challengers Bengaluru,2,false,Royal Challengers Bengaluru,bat,Royal Challengers Bengaluru,false,166,8,120,110,14,9,45,4,4,0,57,2,36,16,46,7,3,64,3,54,19,34,4,3,45,3,30,10,30,3,3,204,4,120,45,36,2,15,26,89,54,1,14,48,70,30,1,8,56
1254068,2021,2021-04-18,Wankhede Stadium,Mumbai,Punjab Kings,Punjab Kings,Delhi Capitals,Delhi Capitals,1,true,Delhi Capitals,field,Delhi Capitals,false,195,4,120,128,17,10,37,8,0,2,59,0,36,15,42,9,1,81,1,54,15,50,5,5,55,3,30,7,36,3,4,198,4,110,62,36,1,11,44,90,54,2,14,50,46,20,1,2,26
1254068,2021,2021-04-18,Wankhede Stadium,Mumbai,Delhi Capitals,Delhi Capitals,Punjab Kings,Punjab Kings,2,false,Delhi Capitals,field,Delhi Capitals,true,198,4,110,120,21,6,27,11,6,3,62,1,36,11,44,8,2,90,2,54,14,50,8,3,46,1,20,2,26,5,1,195,4,120,59,36,0,15,42,81,54,1,15,50,55,30,3,7,36
1254069,2021,2021-04-19,Wankhede Stadium,Mumbai,Chennai Super Kings,Chennai Super Kings,Rajasthan Royals,Rajasthan Royals,1,true,Rajasthan Royals,field,Chennai Super Kings,true,188,9,120,108,12,10,44,14,8,1,46,2,36,15,32,5,2,81,3,54,23,44,2,6,61,4,30,6,32,5,2,143,9,120,45,36,2,18,28,52,54,5,25,22,46,30,2,11,26
1254069,2021,2021-04-19,Wankhede Stadium,Mumbai,Rajasthan Royals,Rajasthan Royals,Chennai Super Kings,Chennai Super Kings,2,false,Rajasthan Royals,field,Chennai Super Kings,false,143,9,120,76,10,6,54,13,8,1,45,2,36,18,28,4,2,52,5,54,25,22,4,1,46,2,30,11,26,2,3,188,9,120,46,36,2,15,32,81,54,3,23,44,61,30,4,6,32
1254070,2021,2021-04-20,MA Chidambaram Stadium,Chennai,Mumbai Indians,Mumbai Indians,Delhi Capitals,Delhi Capitals,1,true,Mumbai Indians,bat,Delhi Capitals,false,137,9,120,64,10,4,46,5,0,0,55,1,36,13,36,6,2,46,5,54,23,14,2,1,36,3,30,10,14,2,1,138,4,115,39,36,1,16,20,62,54,2,18,26,37,25,1,7,16
1254070,2021,2021-04-20,MA Chidambaram Stadium,Chennai,Delhi Capitals,Delhi Capitals,Mumbai Indians,Mumbai Indians,2,false,Mumbai Indians,bat,Delhi Capitals,true,138,4,115,62,14,1,41,10,4,3,39,1,36,16,20,5,0,62,2,54,18,26,5,1,37,1,25,7,16,4,0,137,9,120,55,36,1,13,36,46,54,5,23,14,36,30,3,10,14
1254071,2021,2021-04-21,MA Chidambaram Stadium,Chennai,Punjab Kings,Punjab Kings,Sunrisers Hyderabad,Sunrisers Hyderabad,1,true,Punjab Kings,bat,Sunrisers Hyderabad,false,120,10,118,40,7,2,45,11,1,1,32,1,36,16,12,3,0,62,5,54,21,24,3,2,26,4,28,8,4,1,0,121,1,112,50,36,0,16,32,45,54,1,22,6,26,22,0,7,10
1254071,2021,2021-04-21,MA Chidambaram Stadium,Chennai,Sunrisers Hyderabad,Sunrisers Hyderabad,Punjab Kings,Punjab Kings,2,false,Punjab Kings,bat,Sunrisers Hyderabad,true,121,1,112,48,6,4,45,5,4,0,50,0,36,16,32,5,2,45,1,54,22,6,0,1,26,0,22,7,10,1,1,120,10,118,32,36,1,16,12,62,54,5,21,24,26,28,4,8,4
1254072,2021,2021-04-21,Wankhede Stadium,Mumbai,Chennai Super Kings,Chennai Super Kings,Kolkata Knight Riders,Kolkata Knight Riders,1,true,Kolkata Knight Riders,field,Chennai Super Kings,true,220,3,120,148,19,12,39,13,10,3,54,0,36,14,36,6,2,90,1,54,14,48,6,4,76,2,30,11,64,7,6,202,10,115,45,36,5,21,34,101,54,2,18,76,56,25,3,9,38
1254072,2021,2021-04-21,Wankhede Stadium,Mumbai,Kolkata Knight Riders,Kolkata Knight Riders,Chennai Super Kings,Chennai Super Kings,2,false,Kolkata Knight Riders,field,Chennai Super Kings,false,202,10,115,148,16,14,48,14,7,1,45,5,36,21,34,7,1,101,2,54,18,76,7,8,56,3,25,9,38,2,5,220,3,120,54,36,0,14,36,90,54,1,14,48,76,30,2,11,64
1254073,2021,2021-04-22,Wankhede Stadium,Mumbai,Rajasthan Royals,Rajasthan Royals,Royal Challengers Bangalore,Royal Challengers Bengaluru,1,true,Royal Challengers Bengaluru,field,Royal Challengers Bengaluru,false,177,9,120,114,18,7,47,13,8,0,32,3,36,23,24,6,0,96,2,54,13,60,9,4,49,4,30,11,30,3,3,181,0,99,59,36,0,15,46,103,54,0,7,68,19,9,0,1,8
1254073,2021,2021-04-22,Wankhede Stadium,Mumbai,Royal Challengers Bangalore,Royal Challengers Bengaluru,Rajasthan Royals,Rajasthan Royals,2,false,Royal Challengers Bengaluru,field,Royal Challengers Bengaluru,true,181,0,99,122,17,9,23,8,6,0,59,0,36,15,46,7,3,103,0,54,7,68,8,6,19,0,9,1,8,2,0,177,9,120,32,36,3,23,24,96,54,2,13,60,49,30,4,11,30
1254074,2021,2021-04-23,MA Chidambaram Stadium,Chennai,Mumbai Indians,Mumbai Indians,Punjab Kings,Punjab Kings,1,true,Punjab Kings,field,Punjab Kings,false,131,6,120,56,8,4,43,6,2,0,21,1,36,18,4,1,0,76,1,54,15,42,6,3,34,4,30,10,10,1,1,132,1,106,45,36,0,19,32,54,54,1,24,28,33,16,0,5,24
1254074,2021,2021-04-23,MA Chidambaram Stadium,Chennai,Punjab Kings,Punjab Kings,Mumbai Indians,Mumbai Indians,2,false,Punjab Kings,field,Punjab Kings,true,132,1,106,84,12,6,48,4,3,1,45,0,36,19,32,5,2,54,1,54,24,28,4,2,33,0,16,5,24,3,2,131,6,120,21,36,1,18,4,76,54,1,15,42,34,30,4,10,10
1254075,2021,2021-04-24,Wankhede Stadium,Mumbai,Kolkata Knight Riders,Kolkata Knight Riders,Rajasthan Royals,Rajasthan Royals,1,true,Rajasthan Royals,field,Rajasthan Royals,false,133,9,120,66,9,5,53,9,5,1,25,1,36,22,8,2,0,68,3,54,16,34,4,3,40,5,30,15,24,3,2,134,4,113,50,36,2,17,38,54,54,2,19,14,30,23,0,7,12
1254075,2021,2021-04-24,Wankhede Stadium,Mumbai,Rajasthan Royals,Rajasthan Royals,Kolkata Knight Riders,Kolkata Knight Riders,2,false,Rajasthan Royals,field,Rajasthan Royals,true,134,4,113,64,13,2,43,14,6,1,50,2,36,17,38,8,1,54,2,54,19,14,2,1,30,0,23,7,12,3,0,133,9,120,25,36,1,22,8,68,54,3,16,34,40,30,5,15,24
1254076,2021,2021-04-25,Wankhede Stadium,Mumbai,Chennai Super Kings,Chennai Super Kings,Royal Challengers Bangalore,Royal Challengers Bengaluru,1,true,Chennai Super Kings,bat,Chennai Super Kings,true,191,4,120,126,15,11,43,6,3,2,51,0,36,14,34,7,1,66,3,54,24,40,4,4,74,1,30,5,52,4,6,122,9,120,65,36,2,12,44,30,54,6,34,8,27,30,1,15,12
1254076,2021,2021-04-25,Wankhede Stadium,Mumbai,Royal Challengers Bangalore,Royal Challengers Bengaluru,Chennai Super Kings,Chennai Super Kings,2,false,Chennai Super Kings,bat,Chennai Super Kings,false,122,9,120,64,10,4,61,8,5,0,65,2,36,12,44,8,2,30,6,54,34,8,2,0,27,1,30,15,12,0,2,191,4,120,51,36,0,14,34,66,54,3,24,40,74,30,1,5,52
1254077,2021,2021-04-25,MA Chidambaram Stadium,Chennai,Delhi Capitals,Delhi Capitals,Sunrisers Hyderabad,Sunrisers Hyderabad,1,true,Delhi Capitals,bat,Unknown,false,159,4,120,86,17,3,38,4,2,1,51,0,36,13,34,7,1,65,2,54,18,26,5,1,43,2,30,7,26,5,1,159,7,120,56,36,2,17,44,54,54,2,22,20,49,30,3,6,22
1254077,2021,2021-04-25,MA Chidambaram Stadium,Chennai,Sunrisers Hyderabad,Sunrisers Hyderabad,Delhi Capitals,Delhi Capitals,2,false,Delhi Capitals,bat,Unknown,false,159,7,120,86,14,5,45,9,5,0,56,2,36,17,44,5,4,54,2,54,22,20,5,0,49,3,30,6,22,4,1,159,4,120,51,36,0,13,34,65,54,2,18,26,43,30,2,7,26
1254077,2021,2021-04-25,MA Chidambaram Stadium,Chennai,Sunrisers Hyderabad,Sunrisers Hyderabad,Delhi Capitals,Delhi Capitals,3,false,Delhi Capitals,bat,Unknown,false,7,0,6,4,1,0,2,1,0,0,7,0,6,2,4,1,0,0,0,0,0,0,0,0,0,0,0,0,0,0,0,159,4,120,51,36,0,13,34,65,54,2,18,26,43,30,2,7,26
1254077,2021,2021-04-25,MA Chidambaram Stadium,Chennai,Delhi Capitals,Delhi Capitals,Delhi Capitals,Delhi Capitals,4,false,Delhi Capitals,bat,Unknown,false,8,0,6,4,1,0,1,3,0,0,8,0,6,1,4,1,0,0,0,0,0,0,0,0,0,0,0,0,0,0,0,159,4,120,51,36,0,13,34,65,54,2,18,26,43,30,2,7,26
1254078,2021,2021-04-26,Narendra Modi Stadium,Ahmedabad,Punjab Kings,Punjab Kings,Kolkata Knight Riders,Kolkata Knight Riders,1,true,Kolkata Knight Riders,field,Kolkata Knight Riders,false,123,9,120,68,5,8,59,5,4,0,37,1,36,19,24,3,2,45,5,54,26,16,1,2,41,3,30,14,28,1,4,126,5,100,42,36,3,21,34,60,54,2,21,28,24,10,0,1,18
1254078,2021,2021-04-26,Narendra Modi Stadium,Ahmedabad,Kolkata Knight Riders,Kolkata Knight Riders,Punjab Kings,Punjab Kings,2,false,Kolkata Knight Riders,field,Kolkata Knight Riders,true,126,5,100,80,17,2,43,7,1,0,42,3,36,21,34,7,1,60,2,54,21,28,7,0,24,0,10,1,18,3,1,123,9,120,37,36,1,19,24,45,54,5,26,16,41,30,3,14,28
1254079,2021,2021-04-27,Narendra Modi Stadium,Ahmedabad,Royal Challengers Bangalore,Royal Challengers Bengaluru,Delhi Capitals,Delhi Capitals,1,true,Delhi Capitals,field,Royal Challengers Bengaluru,true,171,5,120,90,9,9,36,2,2,0,36,2,36,20,24,6,0,79,2,54,10,34,1,5,56,1,30,6,32,2,4,170,4,120,43,36,2,16,24,68,54,2,14,30,59,30,0,4,34
1254079,2021,2021-04-27,Narendra Modi Stadium,Ahmedabad,Delhi Capitals,Delhi Capitals,Royal Challengers Bangalore,Royal Challengers Bengaluru,2,false,Delhi Capitals,field,Royal Challengers Bengaluru,false,170,4,120,88,16,4,34,6,2,0,43,2,36,16,24,6,0,68,2,54,14,30,6,1,59,0,30,4,34,4,3,171,5,120,36,36,2,20,24,79,54,2,10,34,56,30,1,6,32
1254080,2021,2021-04-28,Arun Jaitley Stadium,Delhi,Sunrisers Hyderabad,Sunrisers Hyderabad,Chennai Super Kings,Chennai Super Kings,1,true,Sunrisers Hyderabad,bat,Chennai Super Kings,false,171,3,120,86,14,5,34,8,6,0,39,1,36,14,16,4,0,74,0,54,13,28,4,2,58,2,30,7,42,6,3,173,3,111,50,36,0,13,28,98,54,3,10,62,25,21,0,9,16
1254080,2021,2021-04-28,Arun Jaitley Stadium,Delhi,Chennai Super Kings,Chennai Super Kings,Sunrisers Hyderabad,Sunrisers Hyderabad,2,false,Sunrisers Hyderabad,bat,Chennai Super Kings,true,173,3,111,106,25,1,32,3,3,0,50,0,36,13,28,7,0,98,3,54,10,62,14,1,25,0,21,9,16,4,0,171,3,120,39,36,1,14,16,74,54,0,13,28,58,30,2,7,42
1254081,2021,2021-04-29,Arun Jaitley Stadium,Delhi,Rajasthan Royals,Rajasthan Royals,Mumbai Indians,Mumbai Indians,1,true,Mumbai Indians,field,Mumbai Indians,false,171,4,120,98,14,7,35,6,3,1,47,0,36,16,32,5,2,79,2,54,13,44,5,4,45,2,30,6,22,4,1,172,3,111,49,36,1,13,26,82,54,1,11,34,41,21,1,5,28
1254081,2021,2021-04-29,Arun Jaitley Stadium,Delhi,Mumbai Indians,Mumbai Indians,Rajasthan Royals,Rajasthan Royals,2,false,Mumbai Indians,field,Mumbai Indians,true,172,3,111,88,13,6,29,17,2,0,49,1,36,13,26,2,3,82,1,54,11,34,7,1,41,1,21,5,28,4,2,171,4,120,47,36,0,16,32,79,54,2,13,44,45,30,2,6,22
1254082,2021,2021-04-29,Narendra Modi Stadium,Ahmedabad,Kolkata Knight Riders,Kolkata Knight Riders,Delhi Capitals,Delhi Capitals,1,true,Delhi Capitals,field,Delhi Capitals,false,154,6,120,82,10,7,41,7,1,0,45,1,36,12,26,5,1,50,4,54,19,16,1,2,59,1,30,10,40,4,4,156,3,99,67,36,0,13,50,79,54,1,16,44,10,9,2,6,8
1254082,2021,2021-04-29,Narendra Modi Stadium,Ahmedabad,Delhi Capitals,Delhi Capitals,Kolkata Knight Riders,Kolkata Knight Riders,2,false,Delhi Capitals,field,Delhi Capitals,true,156,3,99,102,18,5,35,6,4,1,67,0,36,13,50,11,1,79,1,54,16,44,5,4,10,2,9,6,8,2,0,154,6,120,45,36,1,12,26,50,54,4,19,16,59,30,1,10,40
1254083,2021,2021-04-30,Narendra Modi Stadium,Ahmedabad,Punjab Kings,Punjab Kings,Royal Challengers Bangalore,Royal Challengers Bengaluru,1,true,Royal Challengers Bengaluru,field,Punjab Kings,true,179,5,120,114,15,9,40,5,4,0,49,1,36,16,34,7,1,70,4,54,21,42,3,5,60,0,30,3,38,5,3,145,8,120,36,36,1,14,18,56,54,4,23,24,53,30,3,7,34
1254083,2021,2021-04-30,Narendra Modi Stadium,Ahmedabad,Royal Challengers Bangalore,Royal Challengers Bengaluru,Punjab Kings,Punjab Kings,2,false,Royal Challengers Bengaluru,field,Punjab Kings,false,145,8,120,76,10,6,44,11,3,0,36,1,36,14,18,3,1,56,4,54,23,24,3,2,53,3,30,7,34,4,3,179,5,120,49,36,1,16,34,70,54,4,21,42,60,30,0,3,38
1254084,2021,2021-05-01,Arun Jaitley Stadium,Delhi,Chennai Super Kings,Chennai Super Kings,Mumbai Indians,Mumbai Indians,1,true,Mumbai Indians,field,Mumbai Indians,false,218,4,120,152,14,16,35,10,7,1,49,1,36,17,38,5,3,87,3,54,17,58,4,7,82,0,30,1,56,5,6,219,6,120,58,36,0,12,40,95,54,3,14,58,66,30,3,10,50
1254084,2021,2021-05-01,Arun Jaitley Stadium,Delhi,Mumbai Indians,Mumbai Indians,Chennai Super Kings,Chennai Super Kings,2,false,Mumbai Indians,field,Mumbai Indians,true,219,6,120,148,16,14,36,8,8,0,58,0,36,12,40,7,2,95,3,54,14,58,4,7,66,3,30,10,50,5,5,218,4,120,49,36,1,17,38,87,54,3,17,58,82,30,0,1,56
1254085,2021,2021-05-02,Arun Jaitley Stadium,Delhi,Rajasthan Royals,Rajasthan Royals,Sunrisers Hyderabad,Sunrisers Hyderabad,1,true,Sunrisers Hyderabad,field,Rajasthan Royals,true,220,3,120,140,17,12,35,14,8,1,42,1,36,18,26,5,1,104,0,54,12,64,7,6,74,2,30,5,50,5,5,165,8,120,57,36,0,14,42,72,54,5,15,34,36,30,3,12,18
1254085,2021,2021-05-02,Arun Jaitley Stadium,Delhi,Sunrisers Hyderabad,Sunrisers Hyderabad,Rajasthan Royals,Rajasthan Royals,2,false,Sunrisers Hyderabad,field,Rajasthan Royals,false,165,8,120,94,13,7,41,8,7,0,57,0,36,14,42,6,3,72,5,54,15,34,4,3,36,3,30,12,18,3,1,220,3,120,42,36,1,18,26,104,54,0,12,64,74,30,2,5,50
1254086,2021,2021-05-02,Narendra Modi Stadium,Ahmedabad,Punjab Kings,Punjab Kings,Delhi Capitals,Delhi Capitals,1,true,Delhi Capitals,field,Delhi Capitals,false,166,6,120,86,11,7,34,5,3,0,39,2,36,14,20,2,2,63,2,54,16,24,3,2,64,2,30,4,42,6,3,167,3,106,63,36,0,11,46,76,54,2,13,34,28,16,1,5,16
1254086,2021,2021-05-02,Narendra Modi Stadium,Ahmedabad,Delhi Capitals,Delhi Capitals,Punjab Kings,Punjab Kings,2,false,Delhi Capitals,field,Delhi Capitals,true,167,3,106,96,12,8,29,5,3,0,63,0,36,11,46,7,3,76,2,54,13,34,4,3,28,1,16,5,16,1,2,166,6,120,39,36,2,14,20,63,54,2,16,24,64,30,2,4,42
1254104,2021,2021-09-19,Dubai International Cricket Stadium,Dubai,Chennai Super Kings,Chennai Super Kings,Mumbai Indians,Mumbai Indians,1,true,Chennai Super Kings,bat,Chennai Super Kings,true,156,7,120,86,11,7,51,11,8,0,24,5,36,24,16,4,0,63,0,54,21,18,3,1,69,2,30,6,52,4,6,136,8,120,41,36,3,20,30,56,54,3,18,22,39,30,2,8,14
1254104,2021,2021-09-19,Dubai International Cricket Stadium,Dubai,Mumbai Indians,Mumbai Indians,Chennai Super Kings,Chennai Super Kings,2,false,Chennai Super Kings,bat,Chennai Super Kings,false,136,8,120,66,12,3,46,4,4,0,41,3,36,20,30,6,1,56,3,54,18,22,4,1,39,2,30,8,14,2,1,156,7,120,24,36,5,24,16,63,54,0,21,18,69,30,2,6,52
1254087,2021,2021-09-20,"Zayed Cricket Stadium, Abu Dhabi",Abu Dhabi,Royal Challengers Bangalore,Royal Challengers Bengaluru,Kolkata Knight Riders,Kolkata Knight Riders,1,true,Royal Challengers Bengaluru,bat,Kolkata Knight Riders,false,92,10,114,32,8,0,60,6,1,3,41,2,36,17,20,5,0,34,5,54,29,4,1,0,17,3,24,14,8,2,0,94,1,60,56,36,0,16,38,38,24,1,8,26,0,0,0,0,0
1254087,2021,2021-09-20,"Zayed Cricket Stadium, Abu Dhabi",Abu Dhabi,Kolkata Knight Riders,Kolkata Knight Riders,Royal Challengers Bangalore,Royal Challengers Bengaluru,2,false,Royal Challengers Bengaluru,bat,Kolkata Knight Riders,true,94,1,60,64,13,2,24,5,4,1,56,0,36,16,38,8,1,38,1,24,8,26,5,1,0,0,0,0,0,0,0,92,10,114,41,36,2,17,20,34,54,5,29,4,17,24,3,14,8
1254111,2021,2021-09-21,Dubai International Cricket Stadium,Dubai,Rajasthan Royals,Rajasthan Royals,Punjab Kings,Punjab Kings,1,true,Punjab Kings,field,Rajasthan Royals,true,185,10,120,120,18,8,42,9,5,0,57,1,36,16,46,10,1,83,3,54,15,50,5,5,45,6,30,11,24,3,2,183,4,120,49,36,0,11,24,99,54,2,10,58,35,30,2,11,16
1254111,2021,2021-09-21,Dubai International Cricket Stadium,Dubai,Punjab Kings,Punjab Kings,Rajasthan Royals,Rajasthan Royals,2,false,Punjab Kings,field,Rajasthan Royals,false,183,4,120,98,14,7,32,9,8,1,49,0,36,11,24,3,2,99,2,54,10,58,10,3,35,2,30,11,16,1,2,185,10,120,57,36,1,16,46,83,54,3,15,50,45,30,6,11,24
1254105,2021,2021-09-22,Dubai International Cricket Stadium,Dubai,Sunrisers Hyderabad,Sunrisers Hyderabad,Delhi Capitals,Delhi Capitals,1,true,Sunrisers Hyderabad,bat,Delhi Capitals,false,134,9,120,60,9,4,50,13,3,3,32,2,36,20,14,2,1,58,3,54,17,18,3,1,44,4,30,13,28,4,2,139,2,107,39,36,1,19,26,60,54,1,22,30,40,17,0,2,26
1254105,2021,2021-09-22,Dubai International Cricket Stadium,Dubai,Delhi Capitals,Delhi Capitals,Sunrisers Hyderabad,Sunrisers Hyderabad,2,false,Sunrisers Hyderabad,bat,Delhi Capitals,true,139,2,107,82,13,5,43,4,4,0,39,1,36,19,26,5,1,60,1,54,22,30,6,1,40,0,17,2,26,2,3,134,9,120,32,36,2,20,14,58,54,3,17,18,44,30,4,13,28
1254096,2021,2021-09-23,"Zayed Cricket Stadium, Abu Dhabi",Abu Dhabi,Mumbai Indians,Mumbai Indians,Kolkata Knight Riders,Kolkata Knight Riders,1,true,Kolkata Knight Riders,field,Kolkata Knight Riders,false,155,6,120,80,11,6,45,9,6,2,56,0,36,14,38,5,3,50,3,54,19,12,3,0,49,3,30,12,30,3,3,159,3,91,63,36,1,12,42,92,54,2,18,58,4,1,0,0,4
1254096,2021,2021-09-23,"Zayed Cricket Stadium, Abu Dhabi",Abu Dhabi,Kolkata Knight Riders,Kolkata Knight Riders,Mumbai Indians,Mumbai Indians,2,false,Kolkata Knight Riders,field,Kolkata Knight Riders,true,159,3,91,104,14,8,30,7,6,0,63,1,36,12,42,6,3,92,2,54,18,58,7,5,4,0,1,0,4,1,0,155,6,120,56,36,0,14,38,50,54,3,19,12,49,30,3,12,30
1254113,2021,2021-09-24,Sharjah Cricket Stadium,Sharjah,Royal Challengers Bangalore,Royal Challengers Bengaluru,Chennai Super Kings,Chennai Super Kings,1,true,Chennai Super Kings,field,Chennai Super Kings,false,156,6,120,80,11,6,37,5,2,0,55,0,36,11,36,6,2,63,1,54,15,26,5,1,38,5,30,11,18,0,3,157,4,109,59,36,0,10,38,66,54,3,17,30,32,19,1,8,26
1254113,2021,2021-09-24,Sharjah Cricket Stadium,Sharjah,Chennai Super Kings,Chennai Super Kings,Royal Challengers Bangalore,Royal Challengers Bengaluru,2,false,Chennai Super Kings,field,Chennai Super Kings,true,157,4,109,94,13,7,35,5,2,2,59,0,36,10,38,5,3,66,3,54,17,30,3,3,32,1,19,8,26,5,1,156,6,120,55,36,0,11,36,63,54,1,15,26,38,30,5,11,18
1254097,2021,2021-09-25,"Zayed Cricket Stadium, Abu Dhabi",Abu Dhabi,Delhi Capitals,Delhi Capitals,Rajasthan Royals,Rajasthan Royals,1,true,Rajasthan Royals,field,Delhi Capitals,true,154,6,120,58,10,3,32,9,6,0,36,2,36,16,12,3,0,68,2,54,11,24,3,2,50,2,30,5,22,4,1,121,6,120,21,36,3,21,0,61,54,2,19,30,39,30,1,9,14
1254097,2021,2021-09-25,"Zayed Cricket Stadium, Abu Dhabi",Abu Dhabi,Rajasthan Royals,Rajasthan Royals,Delhi Capitals,Delhi Capitals,2,false,Rajasthan Royals,field,Delhi Capitals,false,121,6,120,44,8,2,49,6,5,0,21,3,36,21,0,0,0,61,2,54,19,30,6,1,39,1,30,9,14,2,1,154,6,120,36,36,2,16,12,68,54,2,11,24,50,30,2,5,22
1254107,2021,2021-09-25,Sharjah Cricket Stadium,Sharjah,Punjab Kings,Punjab Kings,Sunrisers Hyderabad,Sunrisers Hyderabad,1,true,Sunrisers Hyderabad,field,Punjab Kings,true,125,7,120,44,8,2,44,7,3,0,29,2,36,20,12,3,0,64,3,54,12,22,4,1,32,2,30,12,10,1,1,120,7,120,20,36,2,23,4,55,54,3,17,10,45,30,2,10,24
1254107,2021,2021-09-25,Sharjah Cricket Stadium,Sharjah,Sunrisers Hyderabad,Sunrisers Hyderabad,Punjab Kings,Punjab Kings,2,false,Sunrisers Hyderabad,field,Punjab Kings,false,120,7,120,38,2,5,50,7,4,0,20,2,36,23,4,1,0,55,3,54,17,10,1,1,45,2,30,10,24,0,4,125,7,120,29,36,2,20,12,64,54,3,12,22,32,30,2,12,10
1254098,2021,2021-09-26,"Zayed Cricket Stadium, Abu Dhabi",Abu Dhabi,Kolkata Knight Riders,Kolkata Knight Riders,Chennai Super Kings,Chennai Super Kings,1,true,Kolkata Knight Riders,bat,Chennai Super Kings,false,171,6,120,92,17,4,34,8,5,1,50,2,36,14,34,7,1,68,2,54,14,28,4,2,53,2,30,6,30,6,1,172,8,120,52,36,0,15,38,75,54,3,14,38,45,30,5,9,20
1254098,2021,2021-09-26,"Zayed Cricket Stadium, Abu Dhabi",Abu Dhabi,Chennai Super Kings,Chennai Super Kings,Kolkata Knight Riders,Kolkata Knight Riders,2,false,Kolkata Knight Riders,bat,Chennai Super Kings,true,172,8,120,96,15,6,38,5,2,1,52,0,36,15,38,8,1,75,3,54,14,38,5,3,45,5,30,9,20,2,2,171,6,120,50,36,2,14,34,68,54,2,14,28,53,30,2,6,30
1254108,2021,2021-09-26,Dubai International Cricket Stadium,Dubai,Royal Challengers Bangalore,Royal Challengers Bengaluru,Mumbai Indians,Mumbai Indians,1,true,Mumbai Indians,field,Royal Challengers Bengaluru,true,165,6,120,102,12,9,51,11,6,1,48,1,36,17,34,4,3,71,1,54,22,36,3,4,46,4,30,12,32,5,2,111,10,109,56,36,0,14,36,43,54,5,23,10,12,19,5,12,4
1254108,2021,2021-09-26,Dubai International Cricket Stadium,Dubai,Mumbai Indians,Mumbai Indians,Royal Challengers Bangalore,Royal Challengers Bengaluru,2,false,Mumbai Indians,field,Royal Challengers Bengaluru,false,111,10,109,50,11,1,49,7,4,1,56,0,36,14,36,9,0,43,5,54,23,10,1,1,12,5,19,12,4,1,0,165,6,120,48,36,1,17,34,71,54,1,22,36,46,30,4,12,32
1254100,2021,2021-09-27,Dubai International Cricket Stadium,Dubai,Rajasthan Royals,Rajasthan Royals,Sunrisers Hyderabad,Sunrisers Hyderabad,1,true,Rajasthan Royals,bat,Sunrisers Hyderabad,false,164,5,120,86,14,5,34,7,3,0,49,1,36,12,32,8,0,64,2,54,17,30,3,3,51,2,30,5,24,3,2,167,3,111,63,36,1,12,38,68,54,2,17,32,36,21,0,6,18
1254100,2021,2021-09-27,Dubai International Cricket Stadium,Dubai,Sunrisers Hyderabad,Sunrisers Hyderabad,Rajasthan Royals,Rajasthan Royals,2,false,Rajasthan Royals,bat,Sunrisers Hyderabad,true,167,3,111,88,16,4,35,17,9,0,63,1,36,12,38,8,1,68,2,54,17,32,5,2,36,0,21,6,18,3,1,164,5,120,49,36,1,12,32,64,54,2,17,30,51,30,2,5,24
1254092,2021,2021-09-28,Sharjah Cricket Stadium,Sharjah,Delhi Capitals,Delhi Capitals,Kolkata Knight Riders,Kolkata Knight Riders,1,true,Kolkata Knight Riders,field,Kolkata Knight Riders,false,127,9,120,56,14,0,45,6,4,0,39,1,36,17,24,6,0,50,4,54,19,16,4,0,38,4,30,9,16,4,0,130,7,110,44,36,2,14,24,54,54,3,28,30,32,20,2,9,20
1254092,2021,2021-09-28,Sharjah Cricket Stadium,Sharjah,Kolkata Knight Riders,Kolkata Knight Riders,Delhi Capitals,Delhi Capitals,2,false,Kolkata Knight Riders,field,Kolkata Knight Riders,true,130,7,110,74,8,7,51,5,2,1,44,2,36,14,24,3,2,54,3,54,28,30,3,3,32,2,20,9,20,2,2,127,9,120,39,36,1,17,24,50,54,4,19,16,38,30,4,9,16
1254099,2021,2021-09-28,"Zayed Cricket Stadium, Abu Dhabi",Abu Dhabi,Punjab Kings,Punjab Kings,Mumbai Indians,Mumbai Indians,1,true,Mumbai Indians,field,Mumbai Indians,false,135,6,120,50,11,1,39,6,2,1,38,1,36,13,16,4,0,67,3,54,17,30,6,1,30,2,30,9,4,1,0,137,4,114,30,36,2,19,12,62,54,1,17,28,45,24,1,9,34
1254099,2021,2021-09-28,"Zayed Cricket Stadium, Abu Dhabi",Abu Dhabi,Mumbai Indians,Mumbai Indians,Punjab Kings,Punjab Kings,2,false,Mumbai Indians,field,Mumbai Indians,true,137,4,114,74,11,5,45,2,2,0,30,2,36,19,12,3,0,62,1,54,17,28,4,2,45,1,24,9,34,4,3,135,6,120,38,36,1,13,16,67,54,3,17,30,30,30,2,9,4
1254103,2021,2021-09-29,Dubai International Cricket Stadium,Dubai,Rajasthan Royals,Rajasthan Royals,Royal Challengers Bangalore,Royal Challengers Bengaluru,1,true,Royal Challengers Bengaluru,field,Royal Challengers Bengaluru,false,149,9,120,82,10,7,45,4,3,0,56,0,36,14,40,4,4,64,5,54,21,34,4,3,29,4,30,10,8,2,0,153,3,103,54,36,1,16,32,69,54,1,12,30,30,13,1,2,22
1254103,2021,2021-09-29,Dubai International Cricket Stadium,Dubai,Royal Challengers Bangalore,Royal Challengers Bengaluru,Rajasthan Royals,Rajasthan Royals,2,false,Royal Challengers Bengaluru,field,Royal Challengers Bengaluru,true,153,3,103,84,18,2,30,8,6,0,54,1,36,16,32,8,0,69,1,54,12,30,6,1,30,1,13,2,22,4,1,149,9,120,56,36,0,14,40,64,54,5,21,34,29,30,4,10,8
1254091,2021,2021-09-30,Sharjah Cricket Stadium,Sharjah,Sunrisers Hyderabad,Sunrisers Hyderabad,Chennai Super Kings,Chennai Super Kings,1,true,Chennai Super Kings,field,Chennai Super Kings,false,134,7,120,52,7,4,44,10,4,1,41,1,36,18,24,3,2,56,3,54,18,14,2,1,37,3,30,8,14,2,1,139,4,118,47,36,0,20,34,58,54,2,22,26,34,28,2,12,20
1254091,2021,2021-09-30,Sharjah Cricket Stadium,Sharjah,Chennai Super Kings,Chennai Super Kings,Sunrisers Hyderabad,Sunrisers Hyderabad,2,false,Chennai Super Kings,field,Chennai Super Kings,true,139,4,118,80,11,6,54,3,3,0,47,0,36,20,34,4,3,58,2,54,22,26,5,1,34,2,28,12,20,2,2,134,7,120,41,36,1,18,24,56,54,3,18,14,37,30,3,8,14
1254102,2021,2021-10-01,Dubai International Cricket Stadium,Dubai,Kolkata Knight Riders,Kolkata Knight Riders,Punjab Kings,Punjab Kings,1,true,Punjab Kings,field,Punjab Kings,false,165,7,120,84,15,4,35,8,4,0,48,1,36,14,28,7,0,73,2,54,14,40,7,2,44,4,30,7,16,1,2,168,5,117,46,36,0,14,28,75,54,2,9,28,47,27,3,8,30
1254102,2021,2021-10-01,Dubai International Cricket Stadium,Dubai,Punjab Kings,Punjab Kings,Kolkata Knight Riders,Kolkata Knight Riders,2,false,Punjab Kings,field,Punjab Kings,true,168,5,117,86,8,9,31,6,3,1,46,0,36,14,28,4,2,75,2,54,9,28,1,4,47,3,27,8,30,3,3,165,7,120,48,36,1,14,28,73,54,2,14,40,44,30,4,7,16
1254089,2021,2021-10-02,"Zayed Cricket Stadium, Abu Dhabi",Abu Dhabi,Chennai Super Kings,Chennai Super Kings,Rajasthan Royals,Rajasthan Royals,1,true,Rajasthan Royals,field,Rajasthan Royals,false,189,4,120,112,16,8,33,5,5,0,44,0,36,14,26,5,1,72,3,54,14,34,4,3,73,1,30,5,52,7,4,190,3,105,81,36,1,10,66,84,54,1,17,48,25,15,1,4,14
1254089,2021,2021-10-02,"Zayed Cricket Stadium, Abu Dhabi",Abu Dhabi,Rajasthan Royals,Rajasthan Royals,Chennai Super Kings,Chennai Super Kings,2,false,Rajasthan Royals,field,Rajasthan Royals,true,190,3,105,128,17,10,31,7,4,2,81,1,36,10,66,9,5,84,1,54,17,48,6,4,25,1,15,4,14,2,1,189,4,120,44,36,0,14,26,72,54,3,14,34,73,30,1,5,52
1254112,2021,2021-10-02,Sharjah Cricket Stadium,Sharjah,Mumbai Indians,Mumbai Indians,Delhi Capitals,Delhi Capitals,1,true,Delhi Capitals,field,Delhi Capitals,false,129,8,120,66,9,5,54,6,5,1,35,1,36,20,20,2,2,52,4,54,21,18,3,1,42,3,30,13,28,4,2,132,6,115,46,36,3,18,34,54,54,3,18,12,32,25,0,7,14
1254112,2021,2021-10-02,Sharjah Cricket Stadium,Sharjah,Delhi Capitals,Delhi Capitals,Mumbai Indians,Mumbai Indians,2,false,Delhi Capitals,field,Delhi Capitals,true,132,6,115,60,9,4,43,6,4,0,46,3,36,18,34,4,3,54,3,54,18,12,3,0,32,0,25,7,14,2,1,129,8,120,35,36,1,20,20,52,54,4,21,18,42,30,3,13,28
1254090,2021,2021-10-03,Sharjah Cricket Stadium,Sharjah,Royal Challengers Bangalore,Royal Challengers Bengaluru,Punjab Kings,Punjab Kings,1,true,Royal Challengers Bengaluru,bat,Royal Challengers Bengaluru,true,164,7,120,100,10,10,49,10,5,0,55,0,36,15,36,6,2,54,3,54,27,30,0,5,55,4,30,7,34,4,3,158,6,120,49,36,0,13,26,64,54,2,18,30,45,30,4,10,26
1254090,2021,2021-10-03,Sharjah Cricket Stadium,Sharjah,Punjab Kings,Punjab Kings,Royal Challengers Bangalore,Royal Challengers Bengaluru,2,false,Royal Challengers Bengaluru,bat,Royal Challengers Bengaluru,false,158,6,120,82,10,7,41,8,5,1,49,0,36,13,26,2,3,64,2,54,18,30,6,1,45,4,30,10,26,2,3,164,7,120,55,36,0,15,36,54,54,3,27,30,55,30,4,7,34
1254109,2021,2021-10-03,Dubai International Cricket Stadium,Dubai,Sunrisers Hyderabad,Sunrisers Hyderabad,Kolkata Knight Riders,Kolkata Knight Riders,1,true,Sunrisers Hyderabad,bat,Kolkata Knight Riders,false,115,8,120,56,8,4,55,3,0,1,35,2,36,23,24,6,0,44,3,54,22,12,0,2,36,3,30,10,20,2,2,119,4,118,36,36,1,19,20,48,54,1,31,28,35,28,2,9,20
1254109,2021,2021-10-03,Dubai International Cricket Stadium,Dubai,Kolkata Knight Riders,Kolkata Knight Riders,Sunrisers Hyderabad,Sunrisers Hyderabad,2,false,Sunrisers Hyderabad,bat,Kolkata Knight Riders,true,119,4,118,68,17,0,59,2,2,0,36,1,36,19,20,5,0,48,1,54,31,28,7,0,35,2,28,9,20,5,0,115,8,120,35,36,2,23,24,44,54,3,22,12,36,30,3,10,20
1254110,2021,2021-10-04,Dubai International Cricket Stadium,Dubai,Chennai Super Kings,Chennai Super Kings,Delhi Capitals,Delhi Capitals,1,true,Delhi Capitals,field,Delhi Capitals,false,136,5,120,52,10,2,44,15,10,0,48,2,36,16,20,5,0,45,2,54,19,8,2,0,43,1,30,9,24,3,2,139,7,118,51,36,2,17,36,48,54,4,26,18,40,28,1,9,18
1254110,2021,2021-10-04,Dubai International Cricket Stadium,Dubai,Delhi Capitals,Delhi Capitals,Chennai Super Kings,Chennai Super Kings,2,false,Delhi Capitals,field,Delhi Capitals,true,139,7,118,72,12,4,52,8,7,0,51,2,36,17,36,6,2,48,4,54,26,18,3,1,40,1,28,9,18,3,1,136,5,120,48,36,2,16,20,45,54,2,19,8,43,30,1,9,24
1254093,2021,2021-10-05,Sharjah Cricket Stadium,Sharjah,Rajasthan Royals,Rajasthan Royals,Mumbai Indians,Mumbai Indians,1,true,Mumbai Indians,field,Mumbai Indians,false,90,9,120,40,7,2,66,3,2,1,41,2,36,20,30,6,1,30,4,54,25,0,0,0,19,3,30,21,10,1,1,94,2,50,56,36,2,18,40,38,14,0,3,26,0,0,0,0,0
1254093,2021,2021-10-05,Sharjah Cricket Stadium,Sharjah,Mumbai Indians,Mumbai Indians,Rajasthan Royals,Rajasthan Royals,2,false,Mumbai Indians,field,Mumbai Indians,true,94,2,50,66,9,5,21,4,1,2,56,2,36,18,40,7,2,38,0,14,3,26,2,3,0,0,0,0,0,0,0,90,9,120,41,36,2,20,30,30,54,4,25,0,19,30,3,21,10
1254095,2021,2021-10-06,"Zayed Cricket Stadium, Abu Dhabi",Abu Dhabi,Sunrisers Hyderabad,Sunrisers Hyderabad,Royal Challengers Bangalore,Royal Challengers Bengaluru,1,true,Royal Challengers Bengaluru,field,Sunrisers Hyderabad,true,141,7,120,68,14,2,46,4,3,1,50,1,36,16,34,7,1,57,3,54,19,18,3,1,34,3,30,11,16,4,0,137,6,120,37,36,2,21,26,61,54,2,21,28,39,30,2,9,18
1254095,2021,2021-10-06,"Zayed Cricket Stadium, Abu Dhabi",Abu Dhabi,Royal Challengers Bangalore,Royal Challengers Bengaluru,Sunrisers Hyderabad,Sunrisers Hyderabad,2,false,Royal Challengers Bengaluru,field,Sunrisers Hyderabad,false,137,6,120,72,12,4,51,3,2,0,37,2,36,21,26,5,1,61,2,54,21,28,4,2,39,2,30,9,18,3,1,141,7,120,50,36,1,16,34,57,54,3,19,18,34,30,3,11,16
1254094,2021,2021-10-07,Dubai International Cricket Stadium,Dubai,Chennai Super Kings,Chennai Super Kings,Punjab Kings,Punjab Kings,1,true,Punjab Kings,field,Punjab Kings,false,134,6,120,64,13,2,48,9,8,0,30,2,36,18,12,3,0,52,3,54,23,20,5,0,52,1,30,7,32,5,2,139,4,78,51,36,2,18,40,88,42,2,9,56,0,0,0,0,0
1254094,2021,2021-10-07,Dubai International Cricket Stadium,Dubai,Punjab Kings,Punjab Kings,Chennai Super Kings,Chennai Super Kings,2,false,Punjab Kings,field,Punjab Kings,true,139,4,78,96,9,10,27,5,5,0,51,2,36,18,40,7,2,88,2,42,9,56,2,8,0,0,0,0,0,0,0,134,6,120,30,36,2,18,12,52,54,3,23,20,52,30,1,7,32
1254106,2021,2021-10-07,Sharjah Cricket Stadium,Sharjah,Kolkata Knight Riders,Kolkata Knight Riders,Rajasthan Royals,Rajasthan Royals,1,true,Rajasthan Royals,field,Kolkata Knight Riders,true,171,4,120,90,12,7,38,17,9,0,34,0,36,20,18,3,1,93,2,54,9,52,7,4,44,2,30,9,20,2,2,85,10,97,17,36,4,24,4,66,54,4,30,48,2,7,2,5,0
1254106,2021,2021-10-07,Sharjah Cricket Stadium,Sharjah,Rajasthan Royals,Rajasthan Royals,Kolkata Knight Riders,Kolkata Knight Riders,2,false,Rajasthan Royals,field,Kolkata Knight Riders,false,85,10,97,52,7,4,59,1,0,0,17,4,36,24,4,1,0,66,4,54,30,48,6,4,2,2,7,5,0,0,0,171,4,120,34,36,0,20,18,93,54,2,9,52,44,30,2,9,20
1254088,2021,2021-10-08,"Zayed Cricket Stadium, Abu Dhabi",Abu Dhabi,Mumbai Indians,Mumbai Indians,Sunrisers Hyderabad,Sunrisers Hyderabad,1,true,Mumbai Indians,bat,Mumbai Indians,true,235,9,120,168,30,8,31,11,9,0,83,1,36,6,64,13,2,94,4,54,13,56,8,4,58,4,30,12,48,9,2,193,8,120,70,36,1,11,46,86,54,3,8,42,37,30,4,11,20
1254088,2021,2021-10-08,"Zayed Cricket Stadium, Abu Dhabi",Abu Dhabi,Sunrisers Hyderabad,Sunrisers Hyderabad,Mumbai Indians,Mumbai Indians,2,false,Mumbai Indians,bat,Mumbai Indians,false,193,8,120,108,21,4,30,10,7,1,70,1,36,11,46,10,1,86,3,54,8,42,6,3,37,4,30,11,20,5,0,235,9,120,83,36,1,6,64,94,54,4,13,56,58,30,4,12,48
1254101,2021,2021-10-08,Dubai International Cricket Stadium,Dubai,Delhi Capitals,Delhi Capitals,Royal Challengers Bangalore,Royal Challengers Bengaluru,1,true,Royal Challengers Bengaluru,field,Royal Challengers Bengaluru,false,164,5,120,84,12,6,35,9,5,1,55,0,36,8,30,6,1,73,3,54,16,40,4,4,36,2,30,11,14,2,1,166,3,120,29,36,2,18,10,79,54,1,15,44,58,30,0,3,28
1254101,2021,2021-10-08,Dubai International Cricket Stadium,Dubai,Royal Challengers Bangalore,Royal Challengers Bengaluru,Delhi Capitals,Delhi Capitals,2,false,Royal Challengers Bengaluru,field,Royal Challengers Bengaluru,true,166,3,120,82,13,5,36,7,5,0,29,2,36,18,10,1,1,79,1,54,15,44,8,2,58,0,30,3,28,4,2,164,5,120,55,36,0,8,30,73,54,3,16,40,36,30,2,11,14
1254114,2021,2021-10-10,Dubai International Cricket Stadium,Dubai,Delhi Capitals,Delhi Capitals,Chennai Super Kings,Chennai Super Kings,1,true,Chennai Super Kings,field,Chennai Super Kings,false,172,5,120,96,15,6,36,6,6,0,51,2,36,18,42,6,3,63,2,54,12,22,4,1,58,1,30,6,32,5,2,173,6,118,59,36,1,12,42,62,54,3,13,18,52,28,2,7,38
1254114,2021,2021-10-10,Dubai International Cricket Stadium,Dubai,Chennai Super Kings,Chennai Super Kings,Delhi Capitals,Delhi Capitals,2,false,Chennai Super Kings,field,Chennai Super Kings,true,173,6,118,98,17,5,32,4,3,0,59,1,36,12,42,6,3,62,3,54,13,18,3,1,52,2,28,7,38,8,1,172,5,120,51,36,2,18,42,63,54,2,12,22,58,30,1,6,32
1254115,2021,2021-10-11,Sharjah Cricket Stadium,Sharjah,Royal Challengers Bangalore,Royal Challengers Bengaluru,Kolkata Knight Riders,Kolkata Knight Riders,1,true,Royal Challengers Bengaluru,bat,Kolkata Knight Riders,false,138,7,120,48,12,0,36,13,4,2,53,1,36,9,24,6,0,55,3,54,15,16,4,0,30,3,30,12,8,2,0,139,6,118,48,36,1,11,26,64,54,3,16,28,27,28,2,8,8
1254115,2021,2021-10-11,Sharjah Cricket Stadium,Sharjah,Kolkata Knight Riders,Kolkata Knight Riders,Royal Challengers Bangalore,Royal Challengers Bengaluru,2,false,Royal Challengers Bengaluru,bat,Kolkata Knight Riders,true,139,6,118,62,8,5,35,5,3,0,48,1,36,11,26,5,1,64,3,54,16,28,1,4,27,2,28,8,8,2,0,138,7,120,53,36,1,9,24,55,54,3,15,16,30,30,3,12,8
1254116,2021,2021-10-13,Sharjah Cricket Stadium,Sharjah,Delhi Capitals,Delhi Capitals,Kolkata Knight Riders,Kolkata Knight Riders,1,true,Kolkata Knight Riders,field,Kolkata Knight Riders,false,135,5,120,60,6,6,44,6,4,1,38,1,36,19,26,2,3,52,2,54,18,12,3,0,45,2,30,7,22,1,3,136,7,119,51,36,0,10,24,62,54,1,19,20,23,29,6,17,12
1254116,2021,2021-10-13,Sharjah Cricket Stadium,Sharjah,Kolkata Knight Riders,Kolkata Knight Riders,Delhi Capitals,Delhi Capitals,2,false,Kolkata Knight Riders,field,Kolkata Knight Riders,true,136,7,119,56,5,6,46,10,9,0,51,0,36,10,24,3,2,62,1,54,19,20,2,2,23,6,29,17,12,0,2,135,5,120,38,36,1,19,26,52,54,2,18,12,45,30,2,7,22
1254117,2021,2021-10-15,Dubai International Cricket Stadium,Dubai,Chennai Super Kings,Chennai Super Kings,Kolkata Knight Riders,Kolkata Knight Riders,1,true,Kolkata Knight Riders,field,Chennai Super Kings,true,192,3,120,108,12,10,29,6,3,1,50,0,36,12,30,6,1,81,2,54,11,38,2,5,61,1,30,6,40,4,4,165,9,120,55,36,0,14,38,65,54,6,21,30,45,30,3,14,26
1254117,2021,2021-10-15,Dubai International Cricket Stadium,Dubai,Kolkata Knight Riders,Kolkata Knight Riders,Chennai Super Kings,Chennai Super Kings,2,false,Kolkata Knight Riders,field,Chennai Super Kings,false,165,9,120,94,13,7,49,9,8,1,55,0,36,14,38,8,1,65,6,54,21,30,3,3,45,3,30,14,26,2,3,192,3,120,50,36,0,12,30,81,54,2,11,38,61,30,1,6,40
1304047,2022,2022-03-26,Wankhede Stadium,Mumbai,Chennai Super Kings,Chennai Super Kings,Kolkata Knight Riders,Kolkata Knight Riders,1,true,Kolkata Knight Riders,field,Kolkata Knight Riders,false,131,5,120,70,10,5,55,6,4,2,35,2,36,23,24,3,2,38,3,54,25,6,0,1,58,0,30,7,40,7,2,133,4,111,43,36,0,20,30,61,54,3,17,22,29,21,1,5,14
1304047,2022,2022-03-26,Wankhede Stadium,Mumbai,Kolkata Knight Riders,Kolkata Knight Riders,Chennai Super Kings,Chennai Super Kings,2,false,Kolkata Knight Riders,field,Kolkata Knight Riders,true,133,4,111,66,12,3,42,4,0,0,43,0,36,20,30,6,1,61,3,54,17,22,4,1,29,1,21,5,14,2,1,131,5,120,35,36,2,23,24,38,54,3,25,6,58,30,0,7,40
1304048,2022,2022-03-27,Brabourne Stadium,Mumbai,Mumbai Indians,Mumbai Indians,Delhi Capitals,Delhi Capitals,1,true,Delhi Capitals,field,Delhi Capitals,false,177,5,120,108,18,6,37,3,2,0,53,0,36,18,42,6,3,65,3,54,15,28,7,0,59,2,30,4,38,5,3,179,6,110,46,36,3,20,32,76,54,3,17,42,57,20,0,1,40
1304048,2022,2022-03-27,Brabourne Stadium,Mumbai,Delhi Capitals,Delhi Capitals,Mumbai Indians,Mumbai Indians,2,false,Delhi Capitals,field,Delhi Capitals,true,179,6,110,114,18,7,38,11,7,0,46,3,36,20,32,5,2,76,3,54,17,42,9,1,57,0,20,1,40,4,4,177,5,120,53,36,0,18,42,65,54,3,15,28,59,30,2,4,38
1304049,2022,2022-03-27,"Dr DY Patil Sports Academy, Mumbai",Mumbai,Royal Challengers Bangalore,Royal Challengers Bengaluru,Punjab Kings,Punjab Kings,1,true,Punjab Kings,field,Punjab Kings,false,205,2,120,114,9,13,39,23,12,0,41,0,36,21,18,3,1,101,1,54,13,50,2,7,63,1,30,5,46,4,5,208,5,114,63,36,0,13,36,93,54,5,17,54,52,24,0,10,38
1304049,2022,2022-03-27,"Dr DY Patil Sports Academy, Mumbai",Mumbai,Punjab Kings,Punjab Kings,Royal Challengers Bangalore,Royal Challengers Bengaluru,2,false,Punjab Kings,field,Punjab Kings,true,208,5,114,128,11,14,40,22,21,0,63,0,36,13,36,6,2,93,5,54,17,54,3,7,52,0,24,10,38,2,5,205,2,120,41,36,0,21,18,101,54,1,13,50,63,30,1,5,46
1304050,2022,2022-03-28,Wankhede Stadium,Mumbai,Lucknow Super Giants,Lucknow Super Giants,Gujarat Titans,Gujarat Titans,1,true,Gujarat Titans,field,Gujarat Titans,false,158,6,120,98,17,5,47,4,4,0,32,4,36,21,16,4,0,77,0,54,18,50,8,3,49,2,30,8,32,5,2,161,5,118,44,36,2,20,28,47,54,2,21,14,70,28,1,7,60
1304050,2022,2022-03-28,Wankhede Stadium,Mumbai,Gujarat Titans,Gujarat Titans,Lucknow Super Giants,Lucknow Super Giants,2,false,Gujarat Titans,field,Gujarat Titans,true,161,5,118,102,18,5,48,9,3,0,44,2,36,20,28,7,0,47,2,54,21,14,2,1,70,1,28,7,60,9,4,158,6,120,32,36,4,21,16,77,54,0,18,50,49,30,2,8,32
1304051,2022,2022-03-29,Maharashtra Cricket Association Stadium,Pune,Rajasthan Royals,Rajasthan Royals,Sunrisers Hyderabad,Sunrisers Hyderabad,1,true,Sunrisers Hyderabad,field,Rajasthan Royals,true,210,6,120,148,16,14,46,14,6,4,58,0,36,20,44,5,4,90,3,54,18,58,7,5,62,3,30,8,46,4,5,149,7,120,14,36,3,30,4,63,54,2,16,24,72,30,2,4,52
1304051,2022,2022-03-29,Maharashtra Cricket Association Stadium,Pune,Sunrisers Hyderabad,Sunrisers Hyderabad,Rajasthan Royals,Rajasthan Royals,2,false,Sunrisers Hyderabad,field,Rajasthan Royals,false,149,7,120,80,11,6,50,10,4,1,14,3,36,30,4,1,0,63,2,54,16,24,3,2,72,2,30,4,52,7,4,210,6,120,58,36,0,20,44,90,54,3,18,58,62,30,3,8,46
1304052,2022,2022-03-30,"Dr DY Patil Sports Academy, Mumbai",Mumbai,Kolkata Knight Riders,Kolkata Knight Riders,Royal Challengers Bangalore,Royal Challengers Bengaluru,1,true,Royal Challengers Bengaluru,field,Royal Challengers Bengaluru,false,128,10,113,86,11,7,62,6,1,1,44,3,36,16,26,5,1,57,6,54,33,38,2,5,27,1,23,13,22,4,1,132,7,116,36,36,3,23,16,57,54,1,27,30,39,26,3,10,28
1304052,2022,2022-03-30,"Dr DY Patil Sports Academy, Mumbai",Mumbai,Royal Challengers Bangalore,Royal Challengers Bengaluru,Kolkata Knight Riders,Kolkata Knight Riders,2,false,Royal Challengers Bengaluru,field,Royal Challengers Bengaluru,true,132,7,116,74,11,5,60,14,8,1,36,3,36,23,16,4,0,57,1,54,27,30,3,3,39,3,26,10,28,4,2,128,10,113,44,36,3,16,26,57,54,6,33,38,27,23,1,13,22
1304053,2022,2022-03-31,Brabourne Stadium,Mumbai,Chennai Super Kings,Chennai Super Kings,Lucknow Super Giants,Lucknow Super Giants,1,true,Lucknow Super Giants,field,Lucknow Super Giants,false,210,7,120,144,24,8,39,14,3,0,73,1,36,14,58,10,3,74,2,54,18,44,8,2,63,4,30,7,42,6,3,211,4,117,55,36,0,16,38,89,54,3,11,42,67,27,1,6,46
1304053,2022,2022-03-31,Brabourne Stadium,Mumbai,Lucknow Super Giants,Lucknow Super Giants,Chennai Super Kings,Chennai Super Kings,2,false,Lucknow Super Giants,field,Lucknow Super Giants,true,211,4,117,126,18,9,33,18,12,0,55,0,36,16,38,8,1,89,3,54,11,42,6,3,67,1,27,6,46,4,5,210,7,120,73,36,1,14,58,74,54,2,18,44,63,30,4,7,42
1304054,2022,2022-04-01,Wankhede Stadium,Mumbai,Punjab Kings,Punjab Kings,Kolkata Knight Riders,Kolkata Knight Riders,1,true,Kolkata Knight Riders,field,Kolkata Knight Riders,false,137,10,110,92,11,8,58,11,7,2,62,3,36,15,46,4,5,40,5,54,33,18,3,1,35,2,20,10,28,4,2,141,4,87,51,36,2,16,36,90,51,2,21,62,0,0,0,0,0
1304054,2022,2022-04-01,Wankhede Stadium,Mumbai,Kolkata Knight Riders,Kolkata Knight Riders,Punjab Kings,Punjab Kings,2,false,Kolkata Knight Riders,field,Kolkata Knight Riders,true,141,4,87,98,11,9,37,6,3,2,51,2,36,16,36,9,0,90,2,51,21,62,2,9,0,0,0,0,0,0,0,137,10,110,62,36,3,15,46,40,54,5,33,18,35,20,2,10,28
1304055,2022,2022-04-02,"Dr DY Patil Sports Academy, Mumbai",Mumbai,Rajasthan Royals,Rajasthan Royals,Mumbai Indians,Mumbai Indians,1,true,Mumbai Indians,field,Rajasthan Royals,true,193,8,120,134,17,11,46,11,6,0,48,2,36,21,40,4,4,90,1,54,16,60,9,4,55,5,30,9,34,4,3,170,8,120,50,36,2,17,32,86,54,2,12,46,34,30,4,20,22
1304055,2022,2022-04-02,"Dr DY Patil Sports Academy, Mumbai",Mumbai,Mumbai Indians,Mumbai Indians,Rajasthan Royals,Rajasthan Royals,2,false,Mumbai Indians,field,Rajasthan Royals,false,170,8,120,100,13,8,49,11,8,2,50,2,36,17,32,5,2,86,2,54,12,46,4,5,34,4,30,20,22,4,1,193,8,120,48,36,2,21,40,90,54,1,16,60,55,30,5,9,34
1304056,2022,2022-04-02,Maharashtra Cricket Association Stadium,Pune,Gujarat Titans,Gujarat Titans,Delhi Capitals,Delhi Capitals,1,true,Delhi Capitals,field,Gujarat Titans,true,171,6,120,86,14,5,34,7,3,1,44,1,36,11,18,3,1,76,2,54,17,42,9,1,51,3,30,6,26,2,3,157,9,120,43,36,3,17,28,83,54,3,15,52,31,30,3,13,10
1304056,2022,2022-04-02,Maharashtra Cricket Association Stadium,Pune,Delhi Capitals,Delhi Capitals,Gujarat Titans,Gujarat Titans,2,false,Delhi Capitals,field,Gujarat Titans,false,157,9,120,90,18,3,45,11,7,0,43,3,36,17,28,7,0,83,3,54,15,52,10,2,31,3,30,13,10,1,1,171,6,120,44,36,1,11,18,76,54,2,17,42,51,30,3,6,26
1304057,2022,2022-04-03,Brabourne Stadium,Mumbai,Punjab Kings,Punjab Kings,Chennai Super Kings,Chennai Super Kings,1,true,Chennai Super Kings,field,Punjab Kings,true,180,8,120,114,12,11,54,14,13,0,72,2,36,18,58,7,5,75,3,54,21,42,3,5,33,3,30,15,14,2,1,126,10,108,27,36,4,23,16,71,54,3,22,42,28,18,3,7,16
1304057,2022,2022-04-03,Brabourne Stadium,Mumbai,Chennai Super Kings,Chennai Super Kings,Punjab Kings,Punjab Kings,2,false,Chennai Super Kings,field,Punjab Kings,false,126,10,108,74,11,5,52,4,2,2,27,4,36,23,16,4,0,71,3,54,22,42,6,3,28,3,18,7,16,1,2,180,8,120,72,36,2,18,58,75,54,3,21,42,33,30,3,15,14
1304058,2022,2022-04-04,"Dr DY Patil Sports Academy, Mumbai",Mumbai,Lucknow Super Giants,Lucknow Super Giants,Sunrisers Hyderabad,Sunrisers Hyderabad,1,true,Sunrisers Hyderabad,field,Lucknow Super Giants,true,169,7,120,92,14,6,37,4,3,0,32,3,36,19,18,3,1,82,0,54,11,42,6,3,55,4,30,7,32,5,2,157,9,120,40,36,2,16,18,80,54,2,13,40,37,30,5,12,20
1304058,2022,2022-04-04,"Dr DY Patil Sports Academy, Mumbai",Mumbai,Sunrisers Hyderabad,Sunrisers Hyderabad,Lucknow Super Giants,Lucknow Super Giants,2,false,Sunrisers Hyderabad,field,Lucknow Super Giants,false,157,9,120,78,12,5,41,10,5,1,40,2,36,16,18,3,1,80,2,54,13,40,7,2,37,5,30,12,20,2,2,169,7,120,32,36,3,19,18,82,54,0,11,42,55,30,4,7,32
1304059,2022,2022-04-05,Wankhede Stadium,Mumbai,Rajasthan Royals,Rajasthan Royals,Royal Challengers Bangalore,Royal Challengers Bengaluru,1,true,Royal Challengers Bengaluru,field,Royal Challengers Bengaluru,false,169,3,120,90,6,11,40,8,4,1,35,1,36,15,10,1,1,68,2,54,21,36,3,4,66,0,30,4,44,2,6,173,6,115,48,36,0,14,32,77,54,5,19,44,48,25,1,6,34
1304059,2022,2022-04-05,Wankhede Stadium,Mumbai,Royal Challengers Bangalore,Royal Challengers Bengaluru,Rajasthan Royals,Rajasthan Royals,2,false,Royal Challengers Bengaluru,field,Royal Challengers Bengaluru,true,173,6,115,110,20,5,39,10,6,1,48,0,36,14,32,8,0,77,5,54,19,44,8,2,48,1,25,6,34,4,3,169,3,120,35,36,1,15,10,68,54,2,21,36,66,30,0,4,44
1304060,2022,2022-04-06,Maharashtra Cricket Association Stadium,Pune,Mumbai Indians,Mumbai Indians,Kolkata Knight Riders,Kolkata Knight Riders,1,true,Kolkata Knight Riders,field,Kolkata Knight Riders,false,161,4,120,98,11,9,44,3,1,0,35,1,36,17,18,3,1,50,2,54,22,20,2,2,76,1,30,5,60,6,6,162,5,96,35,36,2,18,20,92,54,3,19,66,35,6,0,0,32
1304060,2022,2022-04-06,Maharashtra Cricket Association Stadium,Pune,Kolkata Knight Riders,Kolkata Knight Riders,Mumbai Indians,Mumbai Indians,2,false,Kolkata Knight Riders,field,Kolkata Knight Riders,true,162,5,96,118,13,11,37,3,0,1,35,2,36,18,20,5,0,92,3,54,19,66,6,7,35,0,6,0,32,2,4,161,4,120,35,36,1,17,18,50,54,2,22,20,76,30,1,5,60
1304061,2022,2022-04-07,"Dr DY Patil Sports Academy, Mumbai",Mumbai,Delhi Capitals,Delhi Capitals,Lucknow Super Giants,Lucknow Super Giants,1,true,Lucknow Super Giants,field,Lucknow Super Giants,false,149,3,120,84,15,4,48,6,4,0,52,0,36,18,38,8,1,47,3,54,24,18,3,1,50,0,30,6,28,4,2,155,4,118,48,36,0,12,26,63,54,2,19,24,44,28,2,8,24
1304061,2022,2022-04-07,"Dr DY Patil Sports Academy, Mumbai",Mumbai,Lucknow Super Giants,Lucknow Super Giants,Delhi Capitals,Delhi Capitals,2,false,Lucknow Super Giants,field,Lucknow Super Giants,true,155,4,118,74,11,5,39,6,2,2,48,0,36,12,26,5,1,63,2,54,19,24,3,2,44,2,28,8,24,3,2,149,3,120,52,36,0,18,38,47,54,3,24,18,50,30,0,6,28
1304062,2022,2022-04-08,Brabourne Stadium,Mumbai,Punjab Kings,Punjab Kings,Gujarat Titans,Gujarat Titans,1,true,Gujarat Titans,field,Gujarat Titans,false,189,9,120,126,18,9,44,4,3,0,43,2,36,18,32,8,0,109,3,54,14,76,7,8,37,4,30,12,18,3,1,190,4,120,53,36,1,11,36,81,54,1,12,40,56,30,2,9,36
1304062,2022,2022-04-08,Brabourne Stadium,Mumbai,Gujarat Titans,Gujarat Titans,Punjab Kings,Punjab Kings,2,false,Gujarat Titans,field,Gujarat Titans,true,190,4,120,112,22,4,32,7,4,1,53,1,36,11,36,9,0,81,1,54,12,40,7,2,56,2,30,9,36,6,2,189,9,120,43,36,2,18,32,109,54,3,14,76,37,30,4,12,18
1304063,2022,2022-04-09,"Dr DY Patil Sports Academy, Mumbai",Mumbai,Chennai Super Kings,Chennai Super Kings,Sunrisers Hyderabad,Sunrisers Hyderabad,1,true,Sunrisers Hyderabad,field,Sunrisers Hyderabad,false,154,7,120,74,14,3,44,5,5,0,41,2,36,19,20,5,0,67,2,54,17,36,6,2,46,3,30,8,18,3,1,155,2,106,37,36,0,18,22,84,54,1,12,44,34,16,1,3,22
1304063,2022,2022-04-09,"Dr DY Patil Sports Academy, Mumbai",Mumbai,Sunrisers Hyderabad,Sunrisers Hyderabad,Chennai Super Kings,Chennai Super Kings,2,false,Sunrisers Hyderabad,field,Sunrisers Hyderabad,true,155,2,106,88,13,6,33,4,3,1,37,0,36,18,22,4,1,84,1,54,12,44,5,4,34,1,16,3,22,4,1,154,7,120,41,36,2,19,20,67,54,2,17,36,46,30,3,8,18
1304064,2022,2022-04-09,Maharashtra Cricket Association Stadium,Pune,Mumbai Indians,Mumbai Indians,Royal Challengers Bangalore,Royal Challengers Bengaluru,1,true,Royal Challengers Bengaluru,field,Royal Challengers Bengaluru,false,151,6,120,98,14,7,59,4,1,1,49,0,36,19,34,7,1,43,6,54,29,22,4,1,59,0,30,11,42,3,5,152,3,111,30,36,0,19,12,81,54,1,13,44,41,21,2,5,26
1304064,2022,2022-04-09,Maharashtra Cricket Association Stadium,Pune,Royal Challengers Bangalore,Royal Challengers Bengaluru,Mumbai Indians,Mumbai Indians,2,false,Royal Challengers Bengaluru,field,Royal Challengers Bengaluru,true,152,3,111,82,10,7,37,7,3,0,30,0,36,19,12,0,2,81,1,54,13,44,8,2,41,2,21,5,26,2,3,151,6,120,49,36,0,19,34,43,54,6,29,22,59,30,0,11,42
1304065,2022,2022-04-10,Brabourne Stadium,Mumbai,Delhi Capitals,Delhi Capitals,Kolkata Knight Riders,Kolkata Knight Riders,1,true,Kolkata Knight Riders,field,Delhi Capitals,true,215,5,120,138,18,11,34,16,2,2,68,0,36,13,52,10,2,93,3,54,12,50,5,5,54,2,30,9,36,3,4,171,10,118,43,36,2,17,28,94,54,3,13,56,34,28,5,14,20
1304065,2022,2022-04-10,Brabourne Stadium,Mumbai,Kolkata Knight Riders,Kolkata Knight Riders,Delhi Capitals,Delhi Capitals,2,false,Kolkata Knight Riders,field,Delhi Capitals,false,171,10,118,104,14,8,44,6,3,0,43,2,36,17,28,4,2,94,3,54,13,56,5,6,34,5,28,14,20,5,0,215,5,120,68,36,0,13,52,93,54,3,12,50,54,30,2,9,36
1304066,2022,2022-04-10,Wankhede Stadium,Mumbai,Rajasthan Royals,Rajasthan Royals,Lucknow Super Giants,Lucknow Super Giants,1,true,Lucknow Super Giants,field,Rajasthan Royals,true,165,6,120,100,10,10,47,9,6,0,44,1,36,19,30,6,1,48,3,54,24,18,3,1,73,2,30,4,52,1,8,162,8,120,31,36,3,21,16,66,54,2,13,26,65,30,3,10,46
1304066,2022,2022-04-10,Wankhede Stadium,Mumbai,Lucknow Super Giants,Lucknow Super Giants,Rajasthan Royals,Rajasthan Royals,2,false,Lucknow Super Giants,field,Rajasthan Royals,false,162,8,120,88,13,6,44,5,4,0,31,3,36,21,16,4,0,66,2,54,13,26,5,1,65,3,30,10,46,4,5,165,6,120,44,36,1,19,30,48,54,3,24,18,73,30,2,4,52
1304067,2022,2022-04-11,"Dr DY Patil Sports Academy, Mumbai",Mumbai,Gujarat Titans,Gujarat Titans,Sunrisers Hyderabad,Sunrisers Hyderabad,1,true,Sunrisers Hyderabad,field,Sunrisers Hyderabad,false,162,7,120,76,16,2,41,22,20,0,51,2,36,17,28,7,0,67,2,54,17,26,5,1,44,3,30,7,22,4,1,168,3,115,42,36,0,16,26,74,54,2,14,30,52,25,1,5,34
1304067,2022,2022-04-11,"Dr DY Patil Sports Academy, Mumbai",Mumbai,Sunrisers Hyderabad,Sunrisers Hyderabad,Gujarat Titans,Gujarat Titans,2,false,Sunrisers Hyderabad,field,Sunrisers Hyderabad,true,168,3,115,90,12,7,35,6,3,0,42,0,36,16,26,5,1,74,2,54,14,30,3,3,52,1,25,5,34,4,3,162,7,120,51,36,2,17,28,67,54,2,17,26,44,30,3,7,22
1304068,2022,2022-04-12,"Dr DY Patil Sports Academy, Mumbai",Mumbai,Chennai Super Kings,Chennai Super Kings,Royal Challengers Bangalore,Royal Challengers Bengaluru,1,true,Royal Challengers Bengaluru,field,Chennai Super Kings,true,216,4,120,150,12,17,42,13,6,1,35,1,36,19,22,4,1,98,1,54,16,66,6,7,83,2,30,7,62,2,9,193,9,120,42,36,3,17,20,98,54,3,11,56,53,30,3,12,34
1304068,2022,2022-04-12,"Dr DY Patil Sports Academy, Mumbai",Mumbai,Royal Challengers Bangalore,Royal Challengers Bengaluru,Chennai Super Kings,Chennai Super Kings,2,false,Royal Challengers Bengaluru,field,Chennai Super Kings,false,193,9,120,110,17,7,40,9,8,1,42,3,36,17,20,2,2,98,3,54,11,56,11,2,53,3,30,12,34,4,3,216,4,120,35,36,1,19,22,98,54,1,16,66,83,30,2,7,62
1304069,2022,2022-04-13,Maharashtra Cricket Association Stadium,Pune,Punjab Kings,Punjab Kings,Mumbai Indians,Mumbai Indians,1,true,Mumbai Indians,field,Punjab Kings,true,198,5,120,110,14,9,29,16,8,0,65,0,36,11,40,7,2,67,3,54,12,28,4,2,66,2,30,6,42,3,5,186,9,120,42,36,2,21,32,104,54,2,17,78,40,30,5,13,22
1304069,2022,2022-04-13,Maharashtra Cricket Association Stadium,Pune,Mumbai Indians,Mumbai Indians,Punjab Kings,Punjab Kings,2,false,Mumbai Indians,field,Punjab Kings,false,186,9,120,132,12,14,51,5,4,1,42,2,36,21,32,5,2,104,2,54,17,78,6,9,40,5,30,13,22,1,3,198,5,120,65,36,0,11,40,67,54,3,12,28,66,30,2,6,42
1304070,2022,2022-04-14,"Dr DY Patil Sports Academy, Mumbai",Mumbai,Gujarat Titans,Gujarat Titans,Rajasthan Royals,Rajasthan Royals,1,true,Rajasthan Royals,field,Gujarat Titans,true,192,4,120,130,22,7,39,4,3,1,42,2,36,16,28,7,0,88,1,54,13,56,8,4,62,1,30,10,46,7,3,155,9,120,65,36,3,16,56,65,54,3,18,24,25,30,3,15,10
1304070,2022,2022-04-14,"Dr DY Patil Sports Academy, Mumbai",Mumbai,Rajasthan Royals,Rajasthan Royals,Gujarat Titans,Gujarat Titans,2,false,Rajasthan Royals,field,Gujarat Titans,false,155,9,120,90,12,7,49,3,2,0,65,3,36,16,56,8,4,65,3,54,18,24,3,2,25,3,30,15,10,1,1,192,4,120,42,36,2,16,28,88,54,1,13,56,62,30,1,10,46
1304071,2022,2022-04-15,Brabourne Stadium,Mumbai,Kolkata Knight Riders,Kolkata Knight Riders,Sunrisers Hyderabad,Sunrisers Hyderabad,1,true,Sunrisers Hyderabad,field,Sunrisers Hyderabad,false,175,8,120,114,15,9,52,9,3,0,38,3,36,21,24,3,2,82,2,54,19,48,6,4,55,3,30,12,42,6,3,176,3,107,46,36,2,18,26,94,54,1,14,60,36,17,0,2,26
1304071,2022,2022-04-15,Brabourne Stadium,Mumbai,Sunrisers Hyderabad,Sunrisers Hyderabad,Kolkata Knight Riders,Kolkata Knight Riders,2,false,Sunrisers Hyderabad,field,Sunrisers Hyderabad,true,176,3,107,112,13,10,34,12,8,0,46,2,36,18,26,5,1,94,1,54,14,60,6,6,36,0,17,2,26,2,3,175,8,120,38,36,3,21,24,82,54,2,19,48,55,30,3,12,42
1304072,2022,2022-04-16,Brabourne Stadium,Mumbai,Lucknow Super Giants,Lucknow Super Giants,Mumbai Indians,Mumbai Indians,1,true,Mumbai Indians,field,Lucknow Super Giants,true,199,4,120,128,20,8,33,8,5,0,57,1,36,14,44,8,2,93,1,54,14,62,8,5,49,2,30,5,22,4,1,181,9,120,57,36,2,18,42,68,54,2,10,20,56,30,5,11,40
1304072,2022,2022-04-16,Brabourne Stadium,Mumbai,Mumbai Indians,Mumbai Indians,Lucknow Super Giants,Lucknow Super Giants,2,false,Mumbai Indians,field,Lucknow Super Giants,false,181,9,120,102,18,5,39,15,9,0,57,2,36,18,42,9,1,68,2,54,10,20,5,0,56,5,30,11,40,4,4,199,4,120,57,36,1,14,44,93,54,1,14,62,49,30,2,5,22
1304073,2022,2022-04-16,Wankhede Stadium,Mumbai,Royal Challengers Bangalore,Royal Challengers Bengaluru,Delhi Capitals,Delhi Capitals,1,true,Delhi Capitals,field,Royal Challengers Bengaluru,true,189,5,120,124,19,8,43,10,7,0,40,2,36,19,28,7,0,75,3,54,19,42,6,3,74,0,30,5,54,6,5,173,7,120,57,36,1,14,40,58,54,4,20,24,58,30,2,8,40
1304073,2022,2022-04-16,Wankhede Stadium,Mumbai,Delhi Capitals,Delhi Capitals,Royal Challengers Bangalore,Royal Challengers Bengaluru,2,false,Delhi Capitals,field,Royal Challengers Bengaluru,false,173,7,120,104,11,10,42,5,4,0,57,1,36,14,40,4,4,58,4,54,20,24,3,2,58,2,30,8,40,4,4,189,5,120,40,36,2,19,28,75,54,3,19,42,74,30,0,5,54
1304074,2022,2022-04-17,"Dr DY Patil Sports Academy, Mumbai",Mumbai,Punjab Kings,Punjab Kings,Sunrisers Hyderabad,Sunrisers Hyderabad,1,true,Sunrisers Hyderabad,field,Sunrisers Hyderabad,false,151,10,120,94,13,7,57,7,7,0,48,2,36,18,34,7,1,74,2,54,22,50,5,5,29,6,30,17,10,1,1,152,3,113,39,36,1,18,24,72,54,2,15,26,41,23,0,4,22
1304074,2022,2022-04-17,"Dr DY Patil Sports Academy, Mumbai",Mumbai,Sunrisers Hyderabad,Sunrisers Hyderabad,Punjab Kings,Punjab Kings,2,false,Sunrisers Hyderabad,field,Sunrisers Hyderabad,true,152,3,113,72,12,4,37,8,7,0,39,1,36,18,24,6,0,72,2,54,15,26,2,3,41,0,23,4,22,4,1,151,10,120,48,36,2,18,34,74,54,2,22,50,29,30,6,17,10
1304075,2022,2022-04-17,Maharashtra Cricket Association Stadium,Pune,Chennai Super Kings,Chennai Super Kings,Gujarat Titans,Gujarat Titans,1,true,Gujarat Titans,field,Gujarat Titans,false,169,5,120,98,11,9,41,5,4,1,39,2,36,21,24,3,2,86,1,54,14,54,6,5,44,2,30,6,20,2,2,170,7,119,37,36,3,15,16,71,54,2,19,44,62,29,2,7,42
1304075,2022,2022-04-17,Maharashtra Cricket Association Stadium,Pune,Gujarat Titans,Gujarat Titans,Chennai Super Kings,Chennai Super Kings,2,false,Gujarat Titans,field,Gujarat Titans,true,170,7,119,102,12,9,41,7,1,1,37,3,36,15,16,4,0,71,2,54,19,44,5,4,62,2,29,7,42,3,5,169,5,120,39,36,2,21,24,86,54,1,14,54,44,30,2,6,20
1304076,2022,2022-04-18,Brabourne Stadium,Mumbai,Rajasthan Royals,Rajasthan Royals,Kolkata Knight Riders,Kolkata Knight Riders,1,true,Kolkata Knight Riders,field,Rajasthan Royals,true,217,5,120,136,19,10,35,16,6,1,60,0,36,14,42,6,3,103,1,54,12,60,9,4,54,4,30,9,34,4,3,210,10,118,57,36,1,14,42,110,54,3,11,62,43,28,6,8,22
1304076,2022,2022-04-18,Brabourne Stadium,Mumbai,Kolkata Knight Riders,Kolkata Knight Riders,Rajasthan Royals,Rajasthan Royals,2,false,Kolkata Knight Riders,field,Rajasthan Royals,false,210,10,118,126,18,9,33,13,13,0,57,1,36,14,42,9,1,110,3,54,11,62,8,5,43,6,28,8,22,1,3,217,5,120,60,36,0,14,42,103,54,1,12,60,54,30,4,9,34
1304077,2022,2022-04-19,"Dr DY Patil Sports Academy, Mumbai",Mumbai,Royal Challengers Bangalore,Royal Challengers Bengaluru,Lucknow Super Giants,Lucknow Super Giants,1,true,Lucknow Super Giants,field,Royal Challengers Bengaluru,true,181,6,120,94,16,5,32,9,6,1,47,3,36,16,30,6,1,83,1,54,12,42,6,3,51,2,30,4,22,4,1,163,8,120,44,36,2,14,26,73,54,3,23,40,46,30,3,9,26
1304077,2022,2022-04-19,"Dr DY Patil Sports Academy, Mumbai",Mumbai,Lucknow Super Giants,Lucknow Super Giants,Royal Challengers Bangalore,Royal Challengers Bengaluru,2,false,Lucknow Super Giants,field,Royal Challengers Bengaluru,false,163,8,120,92,14,6,46,15,11,0,44,2,36,14,26,5,1,73,3,54,23,40,7,2,46,3,30,9,26,2,3,181,6,120,47,36,3,16,30,83,54,1,12,42,51,30,2,4,22
1304078,2022,2022-04-20,Brabourne Stadium,Mumbai,Punjab Kings,Punjab Kings,Delhi Capitals,Delhi Capitals,1,true,Delhi Capitals,field,Delhi Capitals,false,115,10,120,66,15,1,62,2,1,0,47,3,36,15,28,7,0,49,5,54,25,24,6,0,19,2,30,22,14,2,1,119,1,63,81,36,0,9,62,38,27,1,8,22,0,0,0,0,0
1304078,2022,2022-04-20,Brabourne Stadium,Mumbai,Delhi Capitals,Delhi Capitals,Punjab Kings,Punjab Kings,2,false,Delhi Capitals,field,Delhi Capitals,true,119,1,63,84,18,2,17,6,6,0,81,0,36,9,62,14,1,38,1,27,8,22,4,1,0,0,0,0,0,0,0,115,10,120,47,36,3,15,28,49,54,5,25,24,19,30,2,22,14
1304079,2022,2022-04-21,"Dr DY Patil Sports Academy, Mumbai",Navi Mumbai,Mumbai Indians,Mumbai Indians,Chennai Super Kings,Chennai Super Kings,1,true,Chennai Super Kings,field,Chennai Super Kings,false,155,7,120,78,12,5,44,5,3,0,42,3,36,17,22,4,1,58,2,54,21,28,4,2,55,2,30,6,28,4,2,156,7,120,46,36,2,20,34,57,54,3,23,26,53,30,2,7,32
1304079,2022,2022-04-21,"Dr DY Patil Sports Academy, Mumbai",Navi Mumbai,Chennai Super Kings,Chennai Super Kings,Mumbai Indians,Mumbai Indians,2,false,Chennai Super Kings,field,Chennai Super Kings,true,156,7,120,92,11,8,50,8,7,0,46,2,36,20,34,4,3,57,3,54,23,26,2,3,53,2,30,7,32,5,2,155,7,120,42,36,3,17,22,58,54,2,21,28,55,30,2,6,28
1304080,2022,2022-04-22,Wankhede Stadium,Mumbai,Rajasthan Royals,Rajasthan Royals,Delhi Capitals,Delhi Capitals,1,true,Delhi Capitals,field,Rajasthan Royals,true,222,2,120,168,21,14,40,5,4,0,44,0,36,19,32,5,2,111,0,54,14,88,10,8,67,2,30,7,48,6,4,207,8,120,55,36,2,16,46,94,54,3,12,48,58,30,3,13,46
1304080,2022,2022-04-22,Wankhede Stadium,Mumbai,Delhi Capitals,Delhi Capitals,Rajasthan Royals,Rajasthan Royals,2,false,Delhi Capitals,field,Rajasthan Royals,false,207,8,120,140,17,12,41,13,8,0,55,2,36,16,46,10,1,94,3,54,12,48,6,4,58,3,30,13,46,1,7,222,2,120,44,36,0,19,32,111,54,0,14,88,67,30,2,7,48
1304081,2022,2022-04-23,"Dr DY Patil Sports Academy, Mumbai",Navi Mumbai,Gujarat Titans,Gujarat Titans,Kolkata Knight Riders,Kolkata Knight Riders,1,true,Gujarat Titans,bat,Gujarat Titans,true,156,9,120,70,10,5,40,10,7,0,47,1,36,12,22,4,1,80,1,54,17,40,4,4,29,7,30,11,8,2,0,148,8,120,34,36,3,24,24,73,54,3,24,46,41,30,2,14,28
1304081,2022,2022-04-23,"Dr DY Patil Sports Academy, Mumbai",Navi Mumbai,Kolkata Knight Riders,Kolkata Knight Riders,Gujarat Titans,Gujarat Titans,2,false,Gujarat Titans,bat,Gujarat Titans,false,148,8,120,98,11,9,62,7,6,1,34,3,36,24,24,3,2,73,3,54,24,46,7,3,41,2,30,14,28,1,4,156,9,120,47,36,1,12,22,80,54,1,17,40,29,30,7,11,8
1304082,2022,2022-04-23,Brabourne Stadium,Mumbai,Royal Challengers Bangalore,Royal Challengers Bengaluru,Sunrisers Hyderabad,Sunrisers Hyderabad,1,true,Sunrisers Hyderabad,field,Sunrisers Hyderabad,false,68,10,97,24,6,0,66,12,11,1,31,4,36,25,16,4,0,34,4,54,37,8,2,0,3,2,7,4,0,0,0,72,1,48,56,36,0,15,42,16,12,1,4,10,0,0,0,0,0
1304082,2022,2022-04-23,Brabourne Stadium,Mumbai,Sunrisers Hyderabad,Sunrisers Hyderabad,Royal Challengers Bangalore,Royal Challengers Bengaluru,2,false,Sunrisers Hyderabad,field,Sunrisers Hyderabad,true,72,1,48,52,10,2,19,2,1,0,56,0,36,15,42,9,1,16,1,12,4,10,1,1,0,0,0,0,0,0,0,68,10,97,31,36,4,25,16,34,54,4,37,8,3,7,2,4,0
1304083,2022,2022-04-24,Wankhede Stadium,Mumbai,Lucknow Super Giants,Lucknow Super Giants,Mumbai Indians,Mumbai Indians,1,true,Mumbai Indians,field,Lucknow Super Giants,true,168,6,120,94,13,7,41,8,6,0,32,1,36,20,18,3,1,84,3,54,13,40,4,4,52,2,30,8,36,6,2,132,8,120,43,36,0,19,26,55,54,4,19,16,34,30,4,12,14
1304083,2022,2022-04-24,Wankhede Stadium,Mumbai,Mumbai Indians,Mumbai Indians,Lucknow Super Giants,Lucknow Super Giants,2,false,Mumbai Indians,field,Lucknow Super Giants,false,132,8,120,56,8,4,50,14,12,0,43,0,36,19,26,5,1,55,4,54,19,16,1,2,34,4,30,12,14,2,1,168,6,120,32,36,1,20,18,84,54,3,13,40,52,30,2,8,36
1304084,2022,2022-04-25,Wankhede Stadium,Mumbai,Punjab Kings,Punjab Kings,Chennai Super Kings,Chennai Super Kings,1,true,Chennai Super Kings,field,Punjab Kings,true,187,4,120,96,15,6,28,14,11,2,37,1,36,14,14,2,1,86,0,54,10,40,7,2,64,3,30,4,42,6,3,176,6,120,32,36,2,21,12,86,54,2,15,54,58,30,2,8,42
1304084,2022,2022-04-25,Wankhede Stadium,Mumbai,Chennai Super Kings,Chennai Super Kings,Punjab Kings,Punjab Kings,2,false,Chennai Super Kings,field,Punjab Kings,false,176,6,120,108,15,8,44,16,7,0,32,2,36,21,12,3,0,86,2,54,15,54,9,3,58,2,30,8,42,3,5,187,4,120,37,36,1,14,14,86,54,0,10,40,64,30,3,4,42
1304085,2022,2022-04-26,Maharashtra Cricket Association Stadium,Pune,Rajasthan Royals,Rajasthan Royals,Royal Challengers Bangalore,Royal Challengers Bengaluru,1,true,Royal Challengers Bengaluru,field,Rajasthan Royals,true,144,8,120,84,9,8,51,3,3,0,43,3,36,23,36,6,2,57,2,54,18,22,1,3,44,3,30,10,26,2,3,115,10,117,37,36,1,21,26,53,54,5,24,20,25,27,4,17,14
1304085,2022,2022-04-26,Maharashtra Cricket Association Stadium,Pune,Royal Challengers Bangalore,Royal Challengers Bengaluru,Rajasthan Royals,Rajasthan Royals,2,false,Royal Challengers Bengaluru,field,Rajasthan Royals,false,115,10,117,60,9,4,62,11,6,0,37,1,36,21,26,5,1,53,5,54,24,20,2,2,25,4,27,17,14,2,1,144,8,120,43,36,3,23,36,57,54,2,18,22,44,30,3,10,26
1304086,2022,2022-04-27,Wankhede Stadium,Mumbai,Sunrisers Hyderabad,Sunrisers Hyderabad,Gujarat Titans,Gujarat Titans,1,true,Gujarat Titans,field,Gujarat Titans,false,195,6,120,114,12,11,38,14,14,0,53,2,36,20,34,7,1,87,0,54,11,46,4,5,55,4,30,7,34,1,5,199,5,120,59,36,0,12,38,76,54,3,14,42,64,30,2,7,44
1304086,2022,2022-04-27,Wankhede Stadium,Mumbai,Gujarat Titans,Gujarat Titans,Sunrisers Hyderabad,Sunrisers Hyderabad,2,false,Gujarat Titans,field,Gujarat Titans,true,199,5,120,124,19,8,33,11,10,0,59,0,36,12,38,8,1,76,3,54,14,42,9,1,64,2,30,7,44,2,6,195,6,120,53,36,2,20,34,87,54,0,11,46,55,30,4,7,34
1304087,2022,2022-04-28,Wankhede Stadium,Mumbai,Kolkata Knight Riders,Kolkata Knight Riders,Delhi Capitals,Delhi Capitals,1,true,Delhi Capitals,field,Delhi Capitals,false,146,9,120,64,10,4,35,9,3,1,29,2,36,15,4,1,0,60,4,54,13,22,4,1,57,3,30,7,38,5,3,150,6,114,47,36,2,16,28,66,54,4,19,36,37,24,0,8,22
1304087,2022,2022-04-28,Wankhede Stadium,Mumbai,Delhi Capitals,Delhi Capitals,Kolkata Knight Riders,Kolkata Knight Riders,2,false,Delhi Capitals,field,Delhi Capitals,true,150,6,114,86,14,5,43,6,2,1,47,2,36,16,28,7,0,66,4,54,19,36,6,2,37,0,24,8,22,1,3,146,9,120,29,36,2,15,4,60,54,4,13,22,57,30,3,7,38
1304088,2022,2022-04-29,Maharashtra Cricket Association Stadium,Pune,Lucknow Super Giants,Lucknow Super Giants,Punjab Kings,Punjab Kings,1,true,Punjab Kings,field,Lucknow Super Giants,true,153,8,120,80,8,8,49,12,4,0,39,1,36,18,16,1,2,70,4,54,21,36,6,2,44,3,30,10,28,1,4,133,8,120,46,36,1,17,28,57,54,4,27,28,30,30,3,20,22
1304088,2022,2022-04-29,Maharashtra Cricket Association Stadium,Pune,Punjab Kings,Punjab Kings,Lucknow Super Giants,Lucknow Super Giants,2,false,Punjab Kings,field,Lucknow Super Giants,false,133,8,120,78,12,5,64,15,8,1,46,1,36,17,28,4,2,57,4,54,27,28,4,2,30,3,30,20,22,4,1,153,8,120,39,36,1,18,16,70,54,4,21,36,44,30,3,10,28
1304089,2022,2022-04-30,Brabourne Stadium,Mumbai,Royal Challengers Bangalore,Royal Challengers Bengaluru,Gujarat Titans,Gujarat Titans,1,true,Royal Challengers Bengaluru,bat,Gujarat Titans,false,170,6,120,100,16,6,39,7,2,0,43,1,36,17,28,7,0,74,1,54,15,38,5,3,53,4,30,7,34,4,3,174,4,117,46,36,0,12,24,67,54,4,18,36,61,27,0,3,36
1304089,2022,2022-04-30,Brabourne Stadium,Mumbai,Gujarat Titans,Gujarat Titans,Royal Challengers Bangalore,Royal Challengers Bengaluru,2,false,Royal Challengers Bengaluru,bat,Gujarat Titans,true,174,4,117,96,18,4,33,9,4,1,46,0,36,12,24,6,0,67,4,54,18,36,6,2,61,0,27,3,36,6,2,170,6,120,43,36,1,17,28,74,54,1,15,38,53,30,4,7,34
1304090,2022,2022-04-30,"Dr DY Patil Sports Academy, Mumbai",Navi Mumbai,Rajasthan Royals,Rajasthan Royals,Mumbai Indians,Mumbai Indians,1,true,Mumbai Indians,field,Mumbai Indians,false,158,6,120,90,12,7,52,12,10,1,40,1,36,21,24,6,0,62,2,54,20,24,3,2,56,3,30,11,42,3,5,161,5,116,41,36,2,20,30,81,54,1,14,40,39,26,2,8,20
1304090,2022,2022-04-30,"Dr DY Patil Sports Academy, Mumbai",Navi Mumbai,Mumbai Indians,Mumbai Indians,Rajasthan Royals,Rajasthan Royals,2,false,Mumbai Indians,field,Mumbai Indians,true,161,5,116,90,12,7,42,11,8,0,41,2,36,20,30,6,1,81,1,54,14,40,4,4,39,2,26,8,20,2,2,158,6,120,40,36,1,21,24,62,54,2,20,24,56,30,3,11,42
1304091,2022,2022-05-01,Wankhede Stadium,Mumbai,Lucknow Super Giants,Lucknow Super Giants,Delhi Capitals,Delhi Capitals,1,true,Lucknow Super Giants,bat,Lucknow Super Giants,true,195,3,120,104,14,8,29,17,13,0,57,1,36,12,36,6,2,88,1,54,11,46,7,3,50,1,30,6,22,1,3,189,7,120,66,36,2,16,56,69,54,3,21,38,54,30,2,7,30
1304091,2022,2022-05-01,Wankhede Stadium,Mumbai,Delhi Capitals,Delhi Capitals,Lucknow Super Giants,Lucknow Super Giants,2,false,Lucknow Super Giants,bat,Lucknow Super Giants,false,189,7,120,124,16,10,44,3,3,0,66,2,36,16,56,8,4,69,3,54,21,38,5,3,54,2,30,7,30,3,3,195,3,120,57,36,1,12,36,88,54,1,11,46,50,30,1,6,22
1304092,2022,2022-05-01,Maharashtra Cricket Association Stadium,Pune,Chennai Super Kings,Chennai Super Kings,Sunrisers Hyderabad,Sunrisers Hyderabad,1,true,Sunrisers Hyderabad,field,Chennai Super Kings,true,202,2,120,120,15,10,30,9,3,0,40,0,36,15,20,2,2,113,0,54,10,78,9,7,49,2,30,5,22,4,1,189,6,120,58,36,2,11,36,73,54,2,14,34,58,30,2,9,40
1304092,2022,2022-05-01,Maharashtra Cricket Association Stadium,Pune,Sunrisers Hyderabad,Sunrisers Hyderabad,Chennai Super Kings,Chennai Super Kings,2,false,Sunrisers Hyderabad,field,Chennai Super Kings,false,189,6,120,110,11,11,34,5,2,1,58,2,36,11,36,6,2,73,2,54,14,34,1,5,58,2,30,9,40,4,4,202,2,120,40,36,0,15,20,113,54,0,10,78,49,30,2,5,22
1304093,2022,2022-05-02,Wankhede Stadium,Mumbai,Rajasthan Royals,Rajasthan Royals,Kolkata Knight Riders,Kolkata Knight Riders,1,true,Kolkata Knight Riders,field,Kolkata Knight Riders,false,152,5,120,82,13,5,48,9,5,2,38,1,36,21,26,5,1,67,2,54,16,34,7,1,47,2,30,11,22,1,3,158,3,115,32,36,2,19,12,75,54,1,13,36,51,25,0,6,32
1304093,2022,2022-05-02,Wankhede Stadium,Mumbai,Kolkata Knight Riders,Kolkata Knight Riders,Rajasthan Royals,Rajasthan Royals,2,false,Kolkata Knight Riders,field,Kolkata Knight Riders,true,158,3,115,80,14,4,38,15,11,0,32,2,36,19,12,3,0,75,1,54,13,36,6,2,51,0,25,6,32,5,2,152,5,120,38,36,1,21,26,67,54,2,16,34,47,30,2,11,22
1304094,2022,2022-05-03,"Dr DY Patil Sports Academy, Mumbai",Navi Mumbai,Gujarat Titans,Gujarat Titans,Punjab Kings,Punjab Kings,1,true,Gujarat Titans,bat,Punjab Kings,false,143,8,120,56,11,2,45,14,8,1,42,2,36,21,26,5,1,56,2,54,16,12,3,0,45,4,30,8,18,3,1,145,2,96,43,36,1,21,34,74,54,1,15,30,28,6,0,0,26
1304094,2022,2022-05-03,"Dr DY Patil Sports Academy, Mumbai",Navi Mumbai,Punjab Kings,Punjab Kings,Gujarat Titans,Gujarat Titans,2,false,Gujarat Titans,bat,Punjab Kings,true,145,2,96,90,15,5,36,12,7,1,43,1,36,21,34,7,1,74,1,54,15,30,6,1,28,0,6,0,26,2,3,143,8,120,42,36,2,21,26,56,54,2,16,12,45,30,4,8,18
1304095,2022,2022-05-04,Maharashtra Cricket Association Stadium,Pune,Royal Challengers Bangalore,Royal Challengers Bengaluru,Chennai Super Kings,Chennai Super Kings,1,true,Chennai Super Kings,field,Royal Challengers Bengaluru,true,173,8,120,90,12,7,39,12,7,0,57,0,36,14,36,6,2,66,3,54,14,24,3,2,50,5,30,11,30,3,3,160,8,120,51,36,0,14,36,67,54,4,18,38,42,30,4,11,22
1304095,2022,2022-05-04,Maharashtra Cricket Association Stadium,Pune,Chennai Super Kings,Chennai Super Kings,Royal Challengers Bangalore,Royal Challengers Bengaluru,2,false,Chennai Super Kings,field,Royal Challengers Bengaluru,false,160,8,120,96,12,8,43,4,0,0,51,0,36,14,36,6,2,67,4,54,18,38,5,3,42,4,30,11,22,1,3,173,8,120,57,36,0,14,36,66,54,3,14,24,50,30,5,11,30
1304096,2022,2022-05-05,Brabourne Stadium,Mumbai,Delhi Capitals,Delhi Capitals,Sunrisers Hyderabad,Sunrisers Hyderabad,1,true,Sunrisers Hyderabad,field,Delhi Capitals,true,207,3,120,144,18,12,46,12,10,1,50,2,36,20,34,7,1,87,1,54,17,52,4,6,70,0,30,9,58,7,5,186,8,120,35,36,2,20,22,99,54,3,21,70,52,30,3,12,38
1304096,2022,2022-05-05,Brabourne Stadium,Mumbai,Sunrisers Hyderabad,Sunrisers Hyderabad,Delhi Capitals,Delhi Capitals,2,false,Sunrisers Hyderabad,field,Delhi Capitals,false,186,8,120,130,16,11,53,11,10,0,35,2,36,20,22,4,1,99,3,54,21,70,7,7,52,3,30,12,38,5,3,207,3,120,50,36,2,20,34,87,54,1,17,52,70,30,0,9,58
1304097,2022,2022-05-06,Brabourne Stadium,Mumbai,Mumbai Indians,Mumbai Indians,Gujarat Titans,Gujarat Titans,1,true,Gujarat Titans,field,Mumbai Indians,true,177,6,120,104,14,8,43,7,4,1,63,0,36,11,44,8,2,57,4,54,23,24,3,2,57,2,30,9,36,3,4,172,5,120,54,36,0,17,42,76,54,2,12,42,42,30,3,9,24
1304097,2022,2022-05-06,Brabourne Stadium,Mumbai,Gujarat Titans,Gujarat Titans,Mumbai Indians,Mumbai Indians,2,false,Gujarat Titans,field,Mumbai Indians,false,172,5,120,108,18,6,38,4,1,0,54,0,36,17,42,6,3,76,2,54,12,42,9,1,42,3,30,9,24,3,2,177,6,120,63,36,0,11,44,57,54,4,23,24,57,30,2,9,36
1304098,2022,2022-05-07,Wankhede Stadium,Mumbai,Punjab Kings,Punjab Kings,Rajasthan Royals,Rajasthan Royals,1,true,Punjab Kings,bat,Rajasthan Royals,false,189,5,120,122,20,7,40,14,10,1,48,1,36,18,34,7,1,74,3,54,15,40,7,2,67,1,30,7,48,6,4,190,4,118,67,36,1,13,56,76,54,2,14,38,47,28,1,9,32
1304098,2022,2022-05-07,Wankhede Stadium,Mumbai,Rajasthan Royals,Rajasthan Royals,Punjab Kings,Punjab Kings,2,false,Punjab Kings,bat,Rajasthan Royals,true,190,4,118,126,24,5,36,7,7,0,67,1,36,13,56,11,2,76,2,54,14,38,8,1,47,1,28,9,32,5,2,189,5,120,48,36,1,18,34,74,54,3,15,40,67,30,1,7,48
1304099,2022,2022-05-07,Maharashtra Cricket Association Stadium,Pune,Lucknow Super Giants,Lucknow Super Giants,Kolkata Knight Riders,Kolkata Knight Riders,1,true,Kolkata Knight Riders,field,Lucknow Super Giants,true,176,7,120,104,11,10,42,4,2,0,66,1,36,15,52,7,4,57,3,54,18,18,3,1,53,3,30,9,34,1,5,101,10,87,25,36,3,21,8,76,51,7,27,60,0,0,0,0,0
1304099,2022,2022-05-07,Maharashtra Cricket Association Stadium,Pune,Kolkata Knight Riders,Kolkata Knight Riders,Lucknow Super Giants,Lucknow Super Giants,2,false,Kolkata Knight Riders,field,Lucknow Super Giants,false,101,10,87,68,8,6,48,3,2,0,25,3,36,21,8,2,0,76,7,51,27,60,6,6,0,0,0,0,0,0,0,176,7,120,66,36,1,15,52,57,54,3,18,18,53,30,3,9,34
1304100,2022,2022-05-08,Wankhede Stadium,Mumbai,Royal Challengers Bangalore,Royal Challengers Bengaluru,Sunrisers Hyderabad,Sunrisers Hyderabad,1,true,Royal Challengers Bengaluru,bat,Royal Challengers Bengaluru,true,192,3,120,124,16,10,40,8,6,1,47,1,36,16,28,4,2,78,1,54,19,50,8,3,67,1,30,5,46,4,5,125,10,116,39,36,2,18,24,72,54,3,18,42,14,26,5,16,4
1304100,2022,2022-05-08,Wankhede Stadium,Mumbai,Sunrisers Hyderabad,Sunrisers Hyderabad,Royal Challengers Bangalore,Royal Challengers Bengaluru,2,false,Royal Challengers Bengaluru,bat,Royal Challengers Bengaluru,false,125,10,116,70,10,5,52,7,4,0,39,2,36,18,24,3,2,72,3,54,18,42,6,3,14,5,26,16,4,1,0,192,3,120,47,36,1,16,28,78,54,1,19,50,67,30,1,5,46
1304101,2022,2022-05-08,"Dr DY Patil Sports Academy, Mumbai",Navi Mumbai,Chennai Super Kings,Chennai Super Kings,Delhi Capitals,Delhi Capitals,1,true,Delhi Capitals,field,Chennai Super Kings,true,208,6,120,132,18,10,33,12,11,1,57,0,36,11,34,4,3,91,1,54,11,54,9,3,60,5,30,11,44,5,4,117,10,106,59,36,2,18,50,40,54,5,28,14,18,16,3,10,14
1304101,2022,2022-05-08,"Dr DY Patil Sports Academy, Mumbai",Navi Mumbai,Delhi Capitals,Delhi Capitals,Chennai Super Kings,Chennai Super Kings,2,false,Delhi Capitals,field,Chennai Super Kings,false,117,10,106,78,12,5,56,4,2,0,59,2,36,18,50,8,3,40,5,54,28,14,2,1,18,3,16,10,14,2,1,208,6,120,57,36,0,11,34,91,54,1,11,54,60,30,5,11,44
1304102,2022,2022-05-09,"Dr DY Patil Sports Academy, Mumbai",Navi Mumbai,Kolkata Knight Riders,Kolkata Knight Riders,Mumbai Indians,Mumbai Indians,1,true,Mumbai Indians,field,Kolkata Knight Riders,true,165,9,120,108,12,10,57,11,10,0,64,1,36,16,44,5,4,76,4,54,23,50,5,5,25,4,30,18,14,2,1,113,10,105,37,36,2,18,16,65,54,5,17,32,11,15,3,6,0
1304102,2022,2022-05-09,"Dr DY Patil Sports Academy, Mumbai",Navi Mumbai,Mumbai Indians,Mumbai Indians,Kolkata Knight Riders,Kolkata Knight Riders,2,false,Mumbai Indians,field,Kolkata Knight Riders,false,113,10,105,48,9,2,41,10,2,0,37,2,36,18,16,4,0,65,5,54,17,32,5,2,11,3,15,6,0,0,0,165,9,120,64,36,1,16,44,76,54,4,23,50,25,30,4,18,14
1304103,2022,2022-05-10,Maharashtra Cricket Association Stadium,Pune,Gujarat Titans,Gujarat Titans,Lucknow Super Giants,Lucknow Super Giants,1,true,Gujarat Titans,bat,Gujarat Titans,true,144,4,120,66,15,1,37,7,6,0,35,2,36,19,24,6,0,57,1,54,12,12,3,0,52,1,30,6,30,6,1,82,10,83,37,36,3,21,26,45,47,7,20,20,0,0,0,0,0
1304103,2022,2022-05-10,Maharashtra Cricket Association Stadium,Pune,Lucknow Super Giants,Lucknow Super Giants,Gujarat Titans,Gujarat Titans,2,false,Gujarat Titans,bat,Gujarat Titans,false,82,10,83,46,7,3,41,3,3,0,37,3,36,21,26,5,1,45,7,47,20,20,2,2,0,0,0,0,0,0,0,144,4,120,35,36,2,19,24,57,54,1,12,12,52,30,1,6,30
1304104,2022,2022-05-11,"Dr DY Patil Sports Academy, Mumbai",Navi Mumbai,Rajasthan Royals,Rajasthan Royals,Delhi Capitals,Delhi Capitals,1,true,Delhi Capitals,field,Delhi Capitals,false,160,6,120,92,14,6,41,6,5,0,43,1,36,20,32,5,2,73,2,54,13,38,5,3,44,3,30,8,22,4,1,161,2,109,38,36,1,18,20,76,54,0,17,44,47,19,1,4,36
1304104,2022,2022-05-11,"Dr DY Patil Sports Academy, Mumbai",Navi Mumbai,Delhi Capitals,Delhi Capitals,Rajasthan Royals,Rajasthan Royals,2,false,Delhi Capitals,field,Delhi Capitals,true,161,2,109,100,10,10,39,7,5,0,38,1,36,18,20,2,2,76,0,54,17,44,5,4,47,1,19,4,36,3,4,160,6,120,43,36,1,20,32,73,54,2,13,38,44,30,3,8,22
1304105,2022,2022-05-12,Wankhede Stadium,Mumbai,Chennai Super Kings,Chennai Super Kings,Mumbai Indians,Mumbai Indians,1,true,Mumbai Indians,field,Mumbai Indians,false,97,10,96,54,9,3,60,15,12,0,32,5,36,24,16,4,0,55,4,54,32,28,4,2,10,1,6,4,10,1,1,103,5,89,36,36,4,23,20,67,53,1,21,36,0,0,0,0,0
1304105,2022,2022-05-12,Wankhede Stadium,Mumbai,Mumbai Indians,Mumbai Indians,Chennai Super Kings,Chennai Super Kings,2,false,Mumbai Indians,field,Mumbai Indians,true,103,5,89,56,11,2,44,10,9,0,36,4,36,23,20,5,0,67,1,53,21,36,6,2,0,0,0,0,0,0,0,97,10,96,32,36,5,24,16,55,54,4,32,28,10,6,1,4,10
1304106,2022,2022-05-13,Brabourne Stadium,Mumbai,Punjab Kings,Punjab Kings,Royal Challengers Bangalore,Royal Challengers Bengaluru,1,true,Royal Challengers Bengaluru,field,Punjab Kings,true,209,9,120,148,16,14,38,7,3,1,83,1,36,12,68,5,8,69,3,54,18,40,7,2,57,5,30,8,40,4,4,155,9,120,44,36,3,19,28,76,54,3,17,38,35,30,3,13,16
1304106,2022,2022-05-13,Brabourne Stadium,Mumbai,Royal Challengers Bangalore,Royal Challengers Bengaluru,Punjab Kings,Punjab Kings,2,false,Royal Challengers Bengaluru,field,Punjab Kings,false,155,9,120,82,13,5,49,10,9,0,44,3,36,19,28,4,2,76,3,54,17,38,5,3,35,3,30,13,16,4,0,209,9,120,83,36,1,12,68,69,54,3,18,40,57,30,5,8,40
1304107,2022,2022-05-14,Maharashtra Cricket Association Stadium,Pune,Kolkata Knight Riders,Kolkata Knight Riders,Sunrisers Hyderabad,Sunrisers Hyderabad,1,true,Kolkata Knight Riders,bat,Kolkata Knight Riders,true,177,6,120,106,10,11,45,12,8,0,55,1,36,15,38,2,5,64,4,54,21,28,4,2,58,1,30,9,40,4,4,123,8,120,31,36,1,20,16,69,54,4,19,38,23,30,3,16,8
1304107,2022,2022-05-14,Maharashtra Cricket Association Stadium,Pune,Sunrisers Hyderabad,Sunrisers Hyderabad,Kolkata Knight Riders,Kolkata Knight Riders,2,false,Kolkata Knight Riders,bat,Kolkata Knight Riders,false,123,8,120,62,8,5,55,3,3,0,31,1,36,20,16,4,0,69,4,54,19,38,2,5,23,3,30,16,8,2,0,177,6,120,55,36,1,15,38,64,54,4,21,28,58,30,1,9,40
1304108,2022,2022-05-15,Wankhede Stadium,Mumbai,Chennai Super Kings,Chennai Super Kings,Gujarat Titans,Gujarat Titans,1,true,Chennai Super Kings,bat,Gujarat Titans,false,133,5,120,52,7,4,42,7,4,1,47,1,36,15,26,2,3,62,1,54,15,26,5,1,24,3,30,12,0,0,0,137,3,115,53,36,0,19,46,55,54,3,16,12,29,25,0,4,8
1304108,2022,2022-05-15,Wankhede Stadium,Mumbai,Gujarat Titans,Gujarat Titans,Chennai Super Kings,Chennai Super Kings,2,false,Chennai Super Kings,bat,Gujarat Titans,true,137,3,115,66,15,1,39,10,4,0,53,0,36,19,46,10,1,55,3,54,16,12,3,0,29,0,25,4,8,2,0,133,5,120,47,36,1,15,26,62,54,1,15,26,24,30,3,12,0
1304109,2022,2022-05-15,Brabourne Stadium,Mumbai,Rajasthan Royals,Rajasthan Royals,Lucknow Super Giants,Lucknow Super Giants,1,true,Rajasthan Royals,bat,Rajasthan Royals,true,178,6,120,112,22,4,45,4,2,1,51,1,36,21,42,9,1,79,3,54,17,48,9,2,48,2,30,7,22,4,1,154,8,120,34,36,3,22,18,73,54,1,12,30,47,30,4,11,24
1304109,2022,2022-05-15,Brabourne Stadium,Mumbai,Lucknow Super Giants,Lucknow Super Giants,Rajasthan Royals,Rajasthan Royals,2,false,Rajasthan Royals,bat,Rajasthan Royals,false,154,8,120,72,9,6,45,15,12,0,34,3,36,22,18,3,1,73,1,54,12,30,3,3,47,4,30,11,24,3,2,178,6,120,51,36,1,21,42,79,54,3,17,48,48,30,2,7,22
1304110,2022,2022-05-16,"Dr DY Patil Sports Academy, Mumbai",Navi Mumbai,Delhi Capitals,Delhi Capitals,Punjab Kings,Punjab Kings,1,true,Punjab Kings,field,Delhi Capitals,true,159,7,120,84,12,6,42,9,2,1,59,2,36,14,42,6,3,57,3,54,20,22,1,3,43,2,30,8,20,5,0,142,9,120,54,36,3,14,38,47,54,4,28,18,41,30,2,14,26
1304110,2022,2022-05-16,"Dr DY Patil Sports Academy, Mumbai",Navi Mumbai,Punjab Kings,Punjab Kings,Delhi Capitals,Delhi Capitals,2,false,Punjab Kings,field,Delhi Capitals,false,142,9,120,82,13,5,56,6,5,1,54,3,36,14,38,8,1,47,4,54,28,18,3,1,41,2,30,14,26,2,3,159,7,120,59,36,2,14,42,57,54,3,20,22,43,30,2,8,20
1304111,2022,2022-05-17,Wankhede Stadium,Mumbai,Sunrisers Hyderabad,Sunrisers Hyderabad,Mumbai Indians,Mumbai Indians,1,true,Mumbai Indians,field,Sunrisers Hyderabad,true,193,6,120,116,17,8,37,9,5,0,57,1,36,15,40,7,2,91,1,54,11,52,7,4,45,4,30,11,24,3,2,190,7,120,51,36,0,15,34,76,54,4,15,34,63,30,3,11,46
1304111,2022,2022-05-17,Wankhede Stadium,Mumbai,Mumbai Indians,Mumbai Indians,Sunrisers Hyderabad,Sunrisers Hyderabad,2,false,Mumbai Indians,field,Sunrisers Hyderabad,false,190,7,120,114,12,11,41,14,8,1,51,0,36,15,34,4,3,76,4,54,15,34,4,3,63,3,30,11,46,4,5,193,6,120,57,36,1,15,40,91,54,1,11,52,45,30,4,11,24
1304112,2022,2022-05-18,"Dr DY Patil Sports Academy, Mumbai",Navi Mumbai,Lucknow Super Giants,Lucknow Super Giants,Kolkata Knight Riders,Kolkata Knight Riders,1,true,Lucknow Super Giants,bat,Lucknow Super Giants,true,210,0,120,136,13,14,30,2,1,1,44,0,36,16,28,4,2,78,0,54,12,38,2,5,88,0,30,2,70,7,7,208,8,120,60,36,2,19,54,74,54,2,18,40,74,30,4,6,56
1304112,2022,2022-05-18,"Dr DY Patil Sports Academy, Mumbai",Navi Mumbai,Kolkata Knight Riders,Kolkata Knight Riders,Lucknow Super Giants,Lucknow Super Giants,2,false,Lucknow Super Giants,bat,Lucknow Super Giants,false,208,8,120,150,18,13,43,10,6,1,60,2,36,19,54,12,1,74,2,54,18,40,4,4,74,4,30,6,56,2,8,210,0,120,44,36,0,16,28,78,54,0,12,38,88,30,0,2,70
1304113,2022,2022-05-19,Wankhede Stadium,Mumbai,Gujarat Titans,Gujarat Titans,Royal Challengers Bangalore,Royal Challengers Bengaluru,1,true,Gujarat Titans,bat,Royal Challengers Bengaluru,false,168,5,120,104,11,10,45,3,2,0,38,2,36,23,32,5,2,80,1,54,17,42,3,5,50,2,30,5,30,3,3,170,2,112,55,36,0,15,36,66,54,1,12,22,49,22,1,5,38
1304113,2022,2022-05-19,Wankhede Stadium,Mumbai,Royal Challengers Bangalore,Royal Challengers Bengaluru,Gujarat Titans,Gujarat Titans,2,false,Gujarat Titans,bat,Royal Challengers Bengaluru,true,170,2,112,96,18,4,32,11,7,0,55,0,36,15,36,9,0,66,1,54,12,22,4,1,49,1,22,5,38,5,3,168,5,120,38,36,2,23,32,80,54,1,17,42,50,30,2,5,30
1304114,2022,2022-05-20,Brabourne Stadium,Mumbai,Chennai Super Kings,Chennai Super Kings,Rajasthan Royals,Rajasthan Royals,1,true,Chennai Super Kings,bat,Rajasthan Royals,false,150,6,120,90,15,5,51,5,5,0,75,1,36,16,68,11,4,42,3,54,22,8,2,0,33,2,30,13,14,2,1,151,5,118,52,36,1,16,36,52,54,3,23,16,47,28,1,7,28
1304114,2022,2022-05-20,Brabourne Stadium,Mumbai,Rajasthan Royals,Rajasthan Royals,Chennai Super Kings,Chennai Super Kings,2,false,Chennai Super Kings,bat,Rajasthan Royals,true,151,5,118,80,14,4,46,16,8,0,52,1,36,16,36,9,0,52,3,54,23,16,1,2,47,1,28,7,28,4,2,150,6,120,75,36,1,16,68,42,54,3,22,8,33,30,2,13,14
1304115,2022,2022-05-21,Wankhede Stadium,Mumbai,Delhi Capitals,Delhi Capitals,Mumbai Indians,Mumbai Indians,1,true,Mumbai Indians,field,Mumbai Indians,false,159,7,120,86,8,9,49,14,8,0,37,3,36,20,24,3,2,69,1,54,20,30,3,3,53,3,30,9,32,2,4,160,5,115,27,36,1,26,20,74,54,2,18,44,59,25,2,5,44
1304115,2022,2022-05-21,Wankhede Stadium,Mumbai,Mumbai Indians,Mumbai Indians,Delhi Capitals,Delhi Capitals,2,false,Mumbai Indians,field,Mumbai Indians,true,160,5,115,108,9,12,49,5,3,1,27,1,36,26,20,2,2,74,2,54,18,44,2,6,59,2,25,5,44,5,4,159,7,120,37,36,3,20,24,69,54,1,20,30,53,30,3,9,32
1304116,2022,2022-05-22,Wankhede Stadium,Mumbai,Sunrisers Hyderabad,Sunrisers Hyderabad,Punjab Kings,Punjab Kings,1,true,Sunrisers Hyderabad,bat,Punjab Kings,false,157,8,120,88,13,6,47,12,8,1,43,1,36,19,30,6,1,53,4,54,21,20,2,2,61,3,30,7,38,5,3,160,5,91,62,36,1,12,46,94,54,4,16,64,4,1,0,0,4
1304116,2022,2022-05-22,Wankhede Stadium,Mumbai,Punjab Kings,Punjab Kings,Sunrisers Hyderabad,Sunrisers Hyderabad,2,false,Sunrisers Hyderabad,bat,Punjab Kings,true,160,5,91,114,15,9,28,6,4,0,62,1,36,12,46,7,3,94,4,54,16,64,7,6,4,0,1,0,4,1,0,157,8,120,43,36,1,19,30,53,54,4,21,20,61,30,3,7,38
1312197,2022,2022-05-24,Eden Gardens,Kolkata,Rajasthan Royals,Rajasthan Royals,Gujarat Titans,Gujarat Titans,1,true,Gujarat Titans,field,Gujarat Titans,false,188,6,120,118,19,7,44,11,10,1,55,1,36,22,42,6,3,69,2,54,15,32,5,2,64,3,30,7,44,8,2,191,3,117,64,36,1,15,46,75,54,2,13,34,52,27,0,3,32
1312197,2022,2022-05-24,Eden Gardens,Kolkata,Gujarat Titans,Gujarat Titans,Rajasthan Royals,Rajasthan Royals,2,false,Gujarat Titans,field,Gujarat Titans,true,191,3,117,112,19,6,31,13,11,1,64,1,36,15,46,10,1,75,2,54,13,34,7,1,52,0,27,3,32,2,4,188,6,120,55,36,1,22,42,69,54,2,15,32,64,30,3,7,44
1312198,2022,2022-05-25,Eden Gardens,Kolkata,Royal Challengers Bangalore,Royal Challengers Bengaluru,Lucknow Super Giants,Lucknow Super Giants,1,true,Lucknow Super Giants,field,Royal Challengers Bengaluru,true,207,4,120,138,21,9,42,10,9,1,52,1,36,17,38,8,1,71,3,54,17,32,5,2,84,0,30,8,68,8,6,193,6,120,62,36,2,16,42,81,54,1,11,40,50,30,3,12,26
1312198,2022,2022-05-25,Eden Gardens,Kolkata,Lucknow Super Giants,Lucknow Super Giants,Royal Challengers Bangalore,Royal Challengers Bengaluru,2,false,Lucknow Super Giants,field,Royal Challengers Bengaluru,false,193,6,120,108,6,14,39,22,15,0,62,2,36,16,42,3,5,81,1,54,11,40,1,6,50,3,30,12,26,2,3,207,4,120,52,36,1,17,38,71,54,3,17,32,84,30,0,8,68
1312199,2022,2022-05-27,Narendra Modi Stadium,Ahmedabad,Royal Challengers Bangalore,Royal Challengers Bengaluru,Rajasthan Royals,Rajasthan Royals,1,true,Rajasthan Royals,field,Rajasthan Royals,false,157,8,120,78,9,7,45,15,7,0,46,1,36,20,30,6,1,77,2,54,12,32,2,4,34,5,30,13,16,1,2,161,3,109,67,36,1,16,54,59,54,1,21,32,35,19,1,4,22
1312199,2022,2022-05-27,Narendra Modi Stadium,Ahmedabad,Rajasthan Royals,Rajasthan Royals,Royal Challengers Bangalore,Royal Challengers Bengaluru,2,false,Rajasthan Royals,field,Rajasthan Royals,true,161,3,109,108,12,10,41,0,0,0,67,1,36,16,54,6,5,59,1,54,21,32,5,2,35,1,19,4,22,1,3,157,8,120,46,36,1,20,30,77,54,2,12,32,34,30,5,13,16
1312200,2022,2022-05-29,Narendra Modi Stadium,Ahmedabad,Rajasthan Royals,Rajasthan Royals,Gujarat Titans,Gujarat Titans,1,true,Rajasthan Royals,bat,Gujarat Titans,false,130,9,120,68,11,4,50,2,0,0,44,1,36,17,28,4,2,50,4,54,24,24,6,0,36,4,30,9,16,1,2,133,3,109,31,36,2,27,18,66,54,1,15,26,36,19,0,4,20
1312200,2022,2022-05-29,Narendra Modi Stadium,Ahmedabad,Gujarat Titans,Gujarat Titans,Rajasthan Royals,Rajasthan Royals,2,false,Rajasthan Royals,bat,Gujarat Titans,true,133,3,109,64,10,4,46,9,8,0,31,2,36,27,18,3,1,66,1,54,15,26,5,1,36,0,19,4,20,2,2,130,9,120,44,36,1,17,28,50,54,4,24,24,36,30,4,9,16
1359475,2023,2023-03-31,Narendra Modi Stadium,Ahmedabad,Chennai Super Kings,Chennai Super Kings,Gujarat Titans,Gujarat Titans,1,true,Gujarat Titans,field,Gujarat Titans,false,178,7,120,118,10,13,45,8,0,1,51,2,36,17,40,7,2,82,2,54,21,56,2,8,45,3,30,7,22,1,3,182,5,116,65,36,1,12,46,73,54,3,15,32,44,26,1,10,30
1359475,2023,2023-03-31,Narendra Modi Stadium,Ahmedabad,Gujarat Titans,Gujarat Titans,Chennai Super Kings,Chennai Super Kings,2,false,Gujarat Titans,field,Gujarat Titans,true,182,5,116,108,15,8,37,12,4,2,65,1,36,12,46,7,3,73,3,54,15,32,5,2,44,1,26,10,30,3,3,178,7,120,51,36,2,17,40,82,54,2,21,56,45,30,3,7,22
1359476,2023,2023-04-01,"Punjab Cricket Association IS Bindra Stadium, Mohali",Chandigarh,Punjab Kings,Punjab Kings,Kolkata Knight Riders,Kolkata Knight Riders,1,true,Kolkata Knight Riders,field,Punjab Kings,true,191,5,120,122,17,9,42,4,2,1,56,1,36,18,46,7,3,87,3,54,16,50,8,3,48,1,30,8,26,2,3,146,7,96,46,36,3,18,34,90,54,3,15,54,10,6,1,1,6
1359476,2023,2023-04-01,"Punjab Cricket Association IS Bindra Stadium, Mohali",Chandigarh,Kolkata Knight Riders,Kolkata Knight Riders,Punjab Kings,Punjab Kings,2,false,Kolkata Knight Riders,field,Punjab Kings,false,146,7,96,94,13,7,34,6,1,2,46,3,36,18,34,7,1,90,3,54,15,54,6,5,10,1,6,1,6,0,1,191,5,120,56,36,1,18,46,87,54,3,16,50,48,30,1,8,26
1359477,2023,2023-04-01,Bharat Ratna Shri Atal Bihari Vajpayee Ekana Cricket Stadium,Lucknow,Lucknow Super Giants,Lucknow Super Giants,Delhi Capitals,Delhi Capitals,1,true,Delhi Capitals,field,Lucknow Super Giants,true,193,6,120,116,5,16,40,8,5,0,30,1,36,18,10,1,1,97,3,54,14,62,2,9,66,2,30,8,44,2,6,143,9,120,47,36,2,19,32,63,54,3,18,26,33,30,4,15,14
1359477,2023,2023-04-01,Bharat Ratna Shri Atal Bihari Vajpayee Ekana Cricket Stadium,Lucknow,Delhi Capitals,Delhi Capitals,Lucknow Super Giants,Lucknow Super Giants,2,false,Delhi Capitals,field,Lucknow Super Giants,false,143,9,120,72,15,2,52,10,9,1,47,2,36,19,32,8,0,63,3,54,18,26,5,1,33,4,30,15,14,2,1,193,6,120,30,36,1,18,10,97,54,3,14,62,66,30,2,8,44
1359478,2023,2023-04-02,"Rajiv Gandhi International Stadium, Uppal",Hyderabad,Rajasthan Royals,Rajasthan Royals,Sunrisers Hyderabad,Sunrisers Hyderabad,1,true,Sunrisers Hyderabad,field,Rajasthan Royals,true,203,5,120,132,21,8,36,8,2,0,85,1,36,12,70,13,3,75,2,54,15,42,6,3,43,2,30,9,20,2,2,131,8,120,30,36,2,21,16,55,54,5,24,16,46,30,1,12,30
1359478,2023,2023-04-02,"Rajiv Gandhi International Stadium, Uppal",Hyderabad,Sunrisers Hyderabad,Sunrisers Hyderabad,Rajasthan Royals,Rajasthan Royals,2,false,Sunrisers Hyderabad,field,Rajasthan Royals,false,131,8,120,62,8,5,57,7,3,3,30,2,36,21,16,4,0,55,5,54,24,16,1,2,46,1,30,12,30,3,3,203,5,120,85,36,1,12,70,75,54,2,15,42,43,30,2,9,20
1359479,2023,2023-04-02,M Chinnaswamy Stadium,Bengaluru,Mumbai Indians,Mumbai Indians,Royal Challengers Bangalore,Royal Challengers Bengaluru,1,true,Royal Challengers Bengaluru,field,Royal Challengers Bengaluru,false,171,7,120,102,15,7,49,11,10,1,29,3,36,23,18,3,1,73,2,54,18,42,6,3,69,2,30,8,42,6,3,172,2,98,53,36,0,17,38,95,54,1,17,62,24,8,1,3,22
1359479,2023,2023-04-02,M Chinnaswamy Stadium,Bengaluru,Royal Challengers Bangalore,Royal Challengers Bengaluru,Mumbai Indians,Mumbai Indians,2,false,Royal Challengers Bengaluru,field,Royal Challengers Bengaluru,true,172,2,98,122,11,13,37,5,4,0,53,0,36,17,38,5,3,95,1,54,17,62,5,7,24,1,8,3,22,1,3,171,7,120,29,36,3,23,18,73,54,2,18,42,69,30,2,8,42
1359480,2023,2023-04-03,MA Chidambaram Stadium,Chennai,Chennai Super Kings,Chennai Super Kings,Lucknow Super Giants,Lucknow Super Giants,1,true,Lucknow Super Giants,field,Chennai Super Kings,true,217,7,120,138,15,13,32,16,7,1,79,0,36,8,48,6,4,85,3,54,17,54,6,5,53,4,30,7,36,3,4,205,7,120,80,36,1,11,52,70,54,4,19,38,55,30,2,7,16
1359480,2023,2023-04-03,MA Chidambaram Stadium,Chennai,Lucknow Super Giants,Lucknow Super Giants,Chennai Super Kings,Chennai Super Kings,2,false,Lucknow Super Giants,field,Chennai Super Kings,false,205,7,120,106,13,9,37,18,13,2,80,1,36,11,52,10,2,70,4,54,19,38,2,5,55,2,30,7,16,1,2,217,7,120,79,36,0,8,48,85,54,3,17,54,53,30,4,7,36
1359481,2023,2023-04-04,Arun Jaitley Stadium,Delhi,Delhi Capitals,Delhi Capitals,Gujarat Titans,Gujarat Titans,1,true,Gujarat Titans,field,Gujarat Titans,false,162,8,120,92,14,6,53,15,11,0,52,2,36,21,28,7,0,69,3,54,20,38,5,3,41,3,30,12,26,2,3,163,4,109,54,36,3,20,44,63,54,1,12,16,46,19,0,1,30
1359481,2023,2023-04-04,Arun Jaitley Stadium,Delhi,Gujarat Titans,Gujarat Titans,Delhi Capitals,Delhi Capitals,2,false,Gujarat Titans,field,Gujarat Titans,true,163,4,109,90,15,5,33,8,4,2,54,3,36,20,44,8,2,63,1,54,12,16,4,0,46,0,19,1,30,3,3,162,8,120,52,36,2,21,28,69,54,3,20,38,41,30,3,12,26
1359482,2023,2023-04-05,Barsapara Cricket Stadium,Guwahati,Punjab Kings,Punjab Kings,Rajasthan Royals,Rajasthan Royals,1,true,Rajasthan Royals,field,Punjab Kings,true,197,5,120,118,19,7,34,10,8,0,63,0,36,15,48,9,2,89,2,54,10,46,7,3,45,3,30,9,24,3,2,192,7,120,57,36,3,18,42,67,54,3,19,24,68,30,1,2,46
1359482,2023,2023-04-05,Barsapara Cricket Stadium,Guwahati,Rajasthan Royals,Rajasthan Royals,Punjab Kings,Punjab Kings,2,false,Rajasthan Royals,field,Punjab Kings,false,192,7,120,112,13,10,39,10,9,0,57,3,36,18,42,6,3,67,3,54,19,24,3,2,68,1,30,2,46,4,5,197,5,120,63,36,0,15,48,89,54,2,10,46,45,30,3,9,24
1359483,2023,2023-04-06,Eden Gardens,Kolkata,Kolkata Knight Riders,Kolkata Knight Riders,Royal Challengers Bangalore,Royal Challengers Bengaluru,1,true,Royal Challengers Bengaluru,field,Kolkata Knight Riders,true,204,7,120,126,18,9,45,23,10,3,47,2,36,22,22,4,1,93,3,54,14,58,7,5,64,2,30,9,46,7,3,123,10,106,50,36,2,17,36,52,54,7,24,22,21,16,1,7,14
1359483,2023,2023-04-06,Eden Gardens,Kolkata,Royal Challengers Bangalore,Royal Challengers Bengaluru,Kolkata Knight Riders,Kolkata Knight Riders,2,false,Royal Challengers Bengaluru,field,Kolkata Knight Riders,false,123,10,106,72,12,4,48,6,1,0,50,2,36,17,36,6,2,52,7,54,24,22,4,1,21,1,16,7,14,2,1,204,7,120,47,36,2,22,22,93,54,3,14,58,64,30,2,9,46
1359484,2023,2023-04-07,Bharat Ratna Shri Atal Bihari Vajpayee Ekana Cricket Stadium,Lucknow,Sunrisers Hyderabad,Sunrisers Hyderabad,Lucknow Super Giants,Lucknow Super Giants,1,true,Sunrisers Hyderabad,bat,Lucknow Super Giants,false,121,8,120,58,10,3,50,4,2,0,43,1,36,15,26,5,1,40,3,54,22,8,2,0,38,4,30,13,24,3,2,127,5,96,45,36,2,18,26,73,54,3,25,38,9,6,0,2,6
1359484,2023,2023-04-07,Bharat Ratna Shri Atal Bihari Vajpayee Ekana Cricket Stadium,Lucknow,Lucknow Super Giants,Lucknow Super Giants,Sunrisers Hyderabad,Sunrisers Hyderabad,2,false,Sunrisers Hyderabad,bat,Lucknow Super Giants,true,127,5,96,70,13,3,45,17,15,0,45,2,36,18,26,5,1,73,3,54,25,38,8,1,9,0,6,2,6,0,1,121,8,120,43,36,1,15,26,40,54,3,22,8,38,30,4,13,24
1359485,2023,2023-04-08,Barsapara Cricket Stadium,Guwahati,Rajasthan Royals,Rajasthan Royals,Delhi Capitals,Delhi Capitals,1,true,Delhi Capitals,field,Rajasthan Royals,true,199,4,120,134,23,7,38,6,4,1,68,0,36,14,56,14,0,62,3,54,19,28,4,2,69,1,30,5,50,5,5,142,9,120,38,36,3,21,24,75,54,2,9,28,29,30,4,12,8
1359485,2023,2023-04-08,Barsapara Cricket Stadium,Guwahati,Delhi Capitals,Delhi Capitals,Rajasthan Royals,Rajasthan Royals,2,false,Delhi Capitals,field,Rajasthan Royals,false,142,9,120,60,15,0,42,10,7,1,38,3,36,21,24,6,0,75,2,54,9,28,7,0,29,4,30,12,8,2,0,199,4,120,68,36,0,14,56,62,54,3,19,28,69,30,1,5,50
1359486,2023,2023-04-08,Wankhede Stadium,Mumbai,Mumbai Indians,Mumbai Indians,Chennai Super Kings,Chennai Super Kings,1,true,Chennai Super Kings,field,Chennai Super Kings,false,157,8,120,84,15,4,36,8,5,0,61,1,36,10,42,9,1,48,5,54,20,14,2,1,48,2,30,6,28,4,2,159,3,109,68,36,1,10,42,66,54,2,17,32,25,19,0,7,12
1359486,2023,2023-04-08,Wankhede Stadium,Mumbai,Chennai Super Kings,Chennai Super Kings,Mumbai Indians,Mumbai Indians,2,false,Chennai Super Kings,field,Chennai Super Kings,true,159,3,109,86,14,5,34,10,6,0,68,1,36,10,42,6,3,66,2,54,17,32,5,2,25,0,19,7,12,3,0,157,8,120,61,36,1,10,42,48,54,5,20,14,48,30,2,6,28
1359487,2023,2023-04-09,Narendra Modi Stadium,Ahmedabad,Gujarat Titans,Gujarat Titans,Kolkata Knight Riders,Kolkata Knight Riders,1,true,Gujarat Titans,bat,Kolkata Knight Riders,false,204,4,120,114,18,7,29,16,10,1,54,1,36,13,28,7,0,78,2,54,14,40,7,2,72,1,30,2,46,4,5,207,7,120,43,36,2,18,28,106,54,1,14,78,58,30,4,10,44
1359487,2023,2023-04-09,Narendra Modi Stadium,Ahmedabad,Kolkata Knight Riders,Kolkata Knight Riders,Gujarat Titans,Gujarat Titans,2,false,Gujarat Titans,bat,Kolkata Knight Riders,true,207,7,120,150,15,15,42,4,3,0,43,2,36,18,28,4,2,106,1,54,14,78,9,7,58,4,30,10,44,2,6,204,4,120,54,36,1,13,28,78,54,2,14,40,72,30,1,2,46
1359488,2023,2023-04-09,"Rajiv Gandhi International Stadium, Uppal",Hyderabad,Punjab Kings,Punjab Kings,Sunrisers Hyderabad,Sunrisers Hyderabad,1,true,Sunrisers Hyderabad,field,Sunrisers Hyderabad,false,143,9,120,104,17,6,68,6,5,0,41,3,36,23,30,6,1,47,6,54,31,28,7,0,55,0,30,14,46,4,5,145,2,103,34,36,1,20,24,84,54,1,20,62,27,13,0,2,20
1359488,2023,2023-04-09,"Rajiv Gandhi International Stadium, Uppal",Hyderabad,Sunrisers Hyderabad,Sunrisers Hyderabad,Punjab Kings,Punjab Kings,2,false,Sunrisers Hyderabad,field,Sunrisers Hyderabad,true,145,2,103,106,22,3,42,0,0,0,34,1,36,20,24,6,0,84,1,54,20,62,11,3,27,0,13,2,20,5,0,143,9,120,41,36,3,23,30,47,54,6,31,28,55,30,0,14,46
1359489,2023,2023-04-10,M Chinnaswamy Stadium,Bengaluru,Royal Challengers Bangalore,Royal Challengers Bengaluru,Lucknow Super Giants,Lucknow Super Giants,1,true,Lucknow Super Giants,field,Lucknow Super Giants,false,212,2,120,138,12,15,31,12,4,0,56,0,36,12,38,5,3,81,1,54,12,42,3,5,75,1,30,7,58,4,7,213,9,120,37,36,3,18,16,134,54,2,10,106,42,30,4,8,18
1359489,2023,2023-04-10,M Chinnaswamy Stadium,Bengaluru,Lucknow Super Giants,Lucknow Super Giants,Royal Challengers Bangalore,Royal Challengers Bengaluru,2,false,Lucknow Super Giants,field,Lucknow Super Giants,true,213,9,120,140,17,12,36,16,9,0,37,3,36,18,16,4,0,134,2,54,10,106,10,11,42,4,30,8,18,3,1,212,2,120,56,36,0,12,38,81,54,1,12,42,75,30,1,7,58
1359490,2023,2023-04-11,Arun Jaitley Stadium,Delhi,Delhi Capitals,Delhi Capitals,Mumbai Indians,Mumbai Indians,1,true,Mumbai Indians,field,Mumbai Indians,false,172,10,118,110,20,5,44,11,8,2,51,1,36,16,40,10,0,72,4,54,19,36,6,2,49,5,28,9,34,4,3,173,4,120,68,36,0,14,58,55,54,1,22,22,50,30,3,12,36
1359490,2023,2023-04-11,Arun Jaitley Stadium,Delhi,Mumbai Indians,Mumbai Indians,Delhi Capitals,Delhi Capitals,2,false,Mumbai Indians,field,Mumbai Indians,true,173,4,120,116,14,10,48,6,2,0,68,0,36,14,58,10,3,55,1,54,22,22,1,3,50,3,30,12,36,3,4,172,10,118,51,36,1,16,40,72,54,4,19,36,49,28,5,9,34
1359491,2023,2023-04-12,MA Chidambaram Stadium,Chennai,Rajasthan Royals,Rajasthan Royals,Chennai Super Kings,Chennai Super Kings,1,true,Chennai Super Kings,field,Rajasthan Royals,true,175,8,120,86,11,7,34,10,10,0,57,1,36,10,38,8,1,78,3,54,15,28,1,4,40,4,30,9,20,2,2,172,6,120,45,36,1,15,26,68,54,5,15,20,59,30,0,5,38
1359491,2023,2023-04-12,MA Chidambaram Stadium,Chennai,Chennai Super Kings,Chennai Super Kings,Rajasthan Royals,Rajasthan Royals,2,false,Chennai Super Kings,field,Rajasthan Royals,false,172,6,120,84,12,6,35,10,8,0,45,1,36,15,26,5,1,68,5,54,15,20,5,0,59,0,30,5,38,2,5,175,8,120,57,36,1,10,38,78,54,3,15,28,40,30,4,9,20
1359492,2023,2023-04-13,"Punjab Cricket Association IS Bindra Stadium, Mohali",Chandigarh,Punjab Kings,Punjab Kings,Gujarat Titans,Gujarat Titans,1,true,Gujarat Titans,field,Gujarat Titans,false,153,8,120,94,16,5,54,11,9,0,52,2,36,20,38,8,1,47,2,54,26,24,6,0,54,4,30,8,32,2,4,154,4,119,56,36,1,12,36,55,54,2,17,16,43,29,1,5,22
1359492,2023,2023-04-13,"Punjab Cricket Association IS Bindra Stadium, Mohali",Chandigarh,Gujarat Titans,Gujarat Titans,Punjab Kings,Punjab Kings,2,false,Gujarat Titans,field,Gujarat Titans,true,154,4,119,74,17,1,34,8,0,0,56,1,36,12,36,9,0,55,2,54,17,16,4,0,43,1,29,5,22,4,1,153,8,120,52,36,2,20,38,47,54,2,26,24,54,30,4,8,32
1359493,2023,2023-04-14,Eden Gardens,Kolkata,Sunrisers Hyderabad,Sunrisers Hyderabad,Kolkata Knight Riders,Kolkata Knight Riders,1,true,Kolkata Knight Riders,field,Sunrisers Hyderabad,true,228,4,120,150,21,11,30,12,11,1,65,2,36,11,40,7,2,92,1,54,16,60,6,6,71,1,30,3,50,8,3,205,7,120,62,36,3,15,50,80,54,2,17,44,63,30,2,10,44
1359493,2023,2023-04-14,Eden Gardens,Kolkata,Kolkata Knight Riders,Kolkata Knight Riders,Sunrisers Hyderabad,Sunrisers Hyderabad,2,false,Kolkata Knight Riders,field,Sunrisers Hyderabad,false,205,7,120,138,18,11,42,10,6,1,62,3,36,15,50,8,3,80,2,54,17,44,5,4,63,2,30,10,44,5,4,228,4,120,65,36,2,11,40,92,54,1,16,60,71,30,1,3,50
1359494,2023,2023-04-15,M Chinnaswamy Stadium,Bengaluru,Royal Challengers Bangalore,Royal Challengers Bengaluru,Delhi Capitals,Delhi Capitals,1,true,Delhi Capitals,field,Royal Challengers Bengaluru,true,174,6,120,100,13,8,36,11,3,1,47,1,36,14,30,6,1,87,5,54,16,54,3,7,40,0,30,6,16,4,0,151,9,120,32,36,4,20,20,76,54,3,15,40,43,30,2,11,24
1359494,2023,2023-04-15,M Chinnaswamy Stadium,Bengaluru,Delhi Capitals,Delhi Capitals,Royal Challengers Bangalore,Royal Challengers Bengaluru,2,false,Delhi Capitals,field,Royal Challengers Bengaluru,false,151,9,120,84,18,2,46,3,3,0,32,4,36,20,20,5,0,76,3,54,15,40,7,2,43,2,30,11,24,6,0,174,6,120,47,36,1,14,30,87,54,5,16,54,40,30,0,6,16
1359495,2023,2023-04-15,Bharat Ratna Shri Atal Bihari Vajpayee Ekana Cricket Stadium,Lucknow,Lucknow Super Giants,Lucknow Super Giants,Punjab Kings,Punjab Kings,1,true,Punjab Kings,field,Punjab Kings,false,159,8,120,80,11,6,46,12,6,0,49,0,36,16,34,4,3,62,4,54,22,24,6,0,48,4,30,8,22,1,3,161,8,117,45,36,3,19,34,70,54,2,21,38,46,27,3,10,28
1359495,2023,2023-04-15,Bharat Ratna Shri Atal Bihari Vajpayee Ekana Cricket Stadium,Lucknow,Punjab Kings,Punjab Kings,Lucknow Super Giants,Lucknow Super Giants,2,false,Punjab Kings,field,Punjab Kings,true,161,8,117,100,16,6,50,7,5,0,45,3,36,19,34,7,1,70,2,54,21,38,5,3,46,3,27,10,28,4,2,159,8,120,49,36,0,16,34,62,54,4,22,24,48,30,4,8,22
1359496,2023,2023-04-16,Wankhede Stadium,Mumbai,Kolkata Knight Riders,Kolkata Knight Riders,Mumbai Indians,Mumbai Indians,1,true,Mumbai Indians,field,Mumbai Indians,false,185,6,120,108,12,10,42,14,12,0,57,2,36,16,32,2,4,83,2,54,14,46,4,5,45,2,30,12,30,6,1,186,5,106,72,36,1,14,60,91,54,2,21,66,23,16,2,3,12
1359496,2023,2023-04-16,Wankhede Stadium,Mumbai,Mumbai Indians,Mumbai Indians,Kolkata Knight Riders,Kolkata Knight Riders,2,false,Mumbai Indians,field,Mumbai Indians,true,186,5,106,138,15,13,38,4,4,0,72,1,36,14,60,6,6,91,2,54,21,66,6,7,23,2,16,3,12,3,0,185,6,120,57,36,2,16,32,83,54,2,14,46,45,30,2,12,30
1359497,2023,2023-04-16,Narendra Modi Stadium,Ahmedabad,Gujarat Titans,Gujarat Titans,Rajasthan Royals,Rajasthan Royals,1,true,Rajasthan Royals,field,Rajasthan Royals,false,177,7,120,94,13,7,32,5,4,0,42,2,36,17,24,6,0,77,1,54,10,34,4,3,58,4,30,5,36,3,4,179,7,116,26,36,2,27,20,88,54,3,14,58,65,26,2,7,52
1359497,2023,2023-04-16,Narendra Modi Stadium,Ahmedabad,Rajasthan Royals,Rajasthan Royals,Gujarat Titans,Gujarat Titans,2,false,Rajasthan Royals,field,Rajasthan Royals,true,179,7,116,130,10,15,48,3,2,0,26,2,36,27,20,2,2,88,3,54,14,58,4,7,65,2,26,7,52,4,6,177,7,120,42,36,2,17,24,77,54,1,10,34,58,30,4,5,36
1359498,2023,2023-04-17,M Chinnaswamy Stadium,Bengaluru,Chennai Super Kings,Chennai Super Kings,Royal Challengers Bangalore,Royal Challengers Bengaluru,1,true,Royal Challengers Bengaluru,field,Chennai Super Kings,true,226,6,120,150,12,17,32,7,4,2,53,1,36,13,34,4,3,112,1,54,12,78,6,9,61,4,30,7,38,2,5,218,8,120,75,36,2,14,60,94,54,2,11,60,49,30,4,10,24
1359498,2023,2023-04-17,M Chinnaswamy Stadium,Bengaluru,Royal Challengers Bangalore,Royal Challengers Bengaluru,Chennai Super Kings,Chennai Super Kings,2,false,Royal Challengers Bengaluru,field,Chennai Super Kings,false,218,8,120,144,12,16,35,11,6,0,75,2,36,14,60,6,6,94,2,54,11,60,3,8,49,4,30,10,24,3,2,226,6,120,53,36,1,13,34,112,54,1,12,78,61,30,4,7,38
1359499,2023,2023-04-18,"Rajiv Gandhi International Stadium, Uppal",Hyderabad,Mumbai Indians,Mumbai Indians,Sunrisers Hyderabad,Sunrisers Hyderabad,1,true,Sunrisers Hyderabad,field,Mumbai Indians,true,192,5,120,130,19,9,41,2,2,0,53,1,36,16,40,7,2,77,2,54,19,48,6,4,62,2,30,6,42,6,3,178,10,119,42,36,2,14,22,91,54,4,11,50,45,29,4,10,24
1359499,2023,2023-04-18,"Rajiv Gandhi International Stadium, Uppal",Hyderabad,Sunrisers Hyderabad,Sunrisers Hyderabad,Mumbai Indians,Mumbai Indians,2,false,Sunrisers Hyderabad,field,Mumbai Indians,false,178,10,119,96,18,4,35,19,13,0,42,2,36,14,22,4,1,91,4,54,11,50,8,3,45,4,29,10,24,6,0,192,5,120,53,36,1,16,40,77,54,2,19,48,62,30,2,6,42
1359500,2023,2023-04-19,Sawai Mansingh Stadium,Jaipur,Lucknow Super Giants,Lucknow Super Giants,Rajasthan Royals,Rajasthan Royals,1,true,Rajasthan Royals,field,Lucknow Super Giants,true,154,7,120,82,13,5,43,6,1,1,37,0,36,20,22,4,1,72,4,54,16,38,5,3,45,3,30,7,22,4,1,144,6,120,47,36,0,19,32,57,54,3,16,18,40,30,3,11,26
1359500,2023,2023-04-19,Sawai Mansingh Stadium,Jaipur,Rajasthan Royals,Rajasthan Royals,Lucknow Super Giants,Lucknow Super Giants,2,false,Rajasthan Royals,field,Lucknow Super Giants,false,144,6,120,76,13,4,46,12,6,1,47,0,36,19,32,5,2,57,3,54,16,18,3,1,40,3,30,11,26,5,1,154,7,120,37,36,0,20,22,72,54,4,16,38,45,30,3,7,22
1359501,2023,2023-04-20,"Punjab Cricket Association IS Bindra Stadium, Mohali",Chandigarh,Royal Challengers Bangalore,Royal Challengers Bengaluru,Punjab Kings,Punjab Kings,1,true,Punjab Kings,field,Royal Challengers Bengaluru,true,174,4,120,84,12,6,31,12,3,1,59,0,36,10,36,6,2,71,0,54,11,28,4,2,44,4,30,10,20,2,2,150,10,110,49,36,4,18,38,76,54,3,21,48,25,20,3,5,10
1359501,2023,2023-04-20,"Punjab Cricket Association IS Bindra Stadium, Mohali",Chandigarh,Punjab Kings,Punjab Kings,Royal Challengers Bangalore,Royal Challengers Bengaluru,2,false,Punjab Kings,field,Royal Challengers Bengaluru,false,150,10,110,96,9,10,44,5,2,1,49,4,36,18,38,5,3,76,3,54,21,48,3,6,25,3,20,5,10,1,1,174,4,120,59,36,0,10,36,71,54,0,11,28,44,30,4,10,20
1359502,2023,2023-04-20,Arun Jaitley Stadium,Delhi,Kolkata Knight Riders,Kolkata Knight Riders,Delhi Capitals,Delhi Capitals,1,true,Delhi Capitals,field,Delhi Capitals,false,127,10,120,76,10,6,66,12,11,0,35,3,36,21,24,6,0,59,5,54,24,30,3,3,33,2,30,21,22,1,3,128,6,116,61,36,1,15,48,43,54,3,26,20,24,26,2,9,0
1359502,2023,2023-04-20,Arun Jaitley Stadium,Delhi,Delhi Capitals,Delhi Capitals,Kolkata Knight Riders,Kolkata Knight Riders,2,false,Delhi Capitals,field,Delhi Capitals,true,128,6,116,68,17,0,50,7,3,2,61,1,36,15,48,12,0,43,3,54,26,20,5,0,24,2,26,9,0,0,0,127,10,120,35,36,3,21,24,59,54,5,24,30,33,30,2,21,22
1359503,2023,2023-04-21,MA Chidambaram Stadium,Chennai,Sunrisers Hyderabad,Sunrisers Hyderabad,Chennai Super Kings,Chennai Super Kings,1,true,Chennai Super Kings,field,Chennai Super Kings,false,134,7,120,56,11,2,39,4,2,0,45,1,36,16,26,5,1,57,4,54,14,18,3,1,32,2,30,9,12,3,0,138,3,112,60,36,0,12,42,51,54,2,17,12,27,22,1,8,16
1359503,2023,2023-04-21,MA Chidambaram Stadium,Chennai,Chennai Super Kings,Chennai Super Kings,Sunrisers Hyderabad,Sunrisers Hyderabad,2,false,Chennai Super Kings,field,Chennai Super Kings,true,138,3,112,70,16,1,37,2,0,0,60,0,36,12,42,9,1,51,2,54,17,12,3,0,27,1,22,8,16,4,0,134,7,120,45,36,1,16,26,57,54,4,14,18,32,30,2,9,12
1359504,2023,2023-04-22,Bharat Ratna Shri Atal Bihari Vajpayee Ekana Cricket Stadium,Lucknow,Gujarat Titans,Gujarat Titans,Lucknow Super Giants,Lucknow Super Giants,1,true,Gujarat Titans,bat,Gujarat Titans,true,135,6,120,60,9,4,45,1,0,0,40,1,36,18,20,5,0,52,3,54,19,18,3,1,43,2,30,8,22,1,3,128,7,120,53,36,0,13,38,53,54,2,25,22,22,30,5,11,0
1359504,2023,2023-04-22,Bharat Ratna Shri Atal Bihari Vajpayee Ekana Cricket Stadium,Lucknow,Lucknow Super Giants,Lucknow Super Giants,Gujarat Titans,Gujarat Titans,2,false,Gujarat Titans,bat,Gujarat Titans,false,128,7,120,60,12,2,49,2,1,0,53,0,36,13,38,8,1,53,2,54,25,22,4,1,22,5,30,11,0,0,0,135,6,120,40,36,1,18,20,52,54,3,19,18,43,30,2,8,22
1359505,2023,2023-04-22,Wankhede Stadium,Mumbai,Punjab Kings,Punjab Kings,Mumbai Indians,Mumbai Indians,1,true,Mumbai Indians,field,Punjab Kings,true,214,8,120,148,16,14,44,12,7,2,58,1,36,13,34,4,3,60,3,54,25,28,4,2,96,4,30,6,86,8,9,201,6,120,54,36,1,15,38,95,54,1,10,64,52,30,4,8,32
1359505,2023,2023-04-22,Wankhede Stadium,Mumbai,Mumbai Indians,Mumbai Indians,Punjab Kings,Punjab Kings,2,false,Mumbai Indians,field,Punjab Kings,false,201,6,120,134,17,11,33,3,3,0,54,1,36,15,38,5,3,95,1,54,10,64,10,4,52,4,30,8,32,2,4,214,8,120,58,36,1,13,34,60,54,3,25,28,96,30,4,6,86
1359506,2023,2023-04-23,M Chinnaswamy Stadium,Bengaluru,Royal Challengers Bangalore,Royal Challengers Bengaluru,Rajasthan Royals,Rajasthan Royals,1,true,Rajasthan Royals,field,Royal Challengers Bengaluru,true,189,9,120,108,18,6,34,13,10,0,62,2,36,14,50,8,3,94,2,54,10,46,7,3,33,5,30,10,12,3,0,182,6,120,47,36,1,18,38,74,54,2,13,38,61,30,3,4,32
1359506,2023,2023-04-23,M Chinnaswamy Stadium,Bengaluru,Rajasthan Royals,Rajasthan Royals,Royal Challengers Bangalore,Royal Challengers Bengaluru,2,false,Rajasthan Royals,field,Royal Challengers Bengaluru,false,182,6,120,108,18,6,35,11,7,0,47,1,36,18,38,8,1,74,2,54,13,38,5,3,61,3,30,4,32,5,2,189,9,120,62,36,2,14,50,94,54,2,10,46,33,30,5,10,12
1359507,2023,2023-04-23,Eden Gardens,Kolkata,Chennai Super Kings,Chennai Super Kings,Kolkata Knight Riders,Kolkata Knight Riders,1,true,Kolkata Knight Riders,field,Chennai Super Kings,true,235,4,120,164,14,18,34,3,2,1,59,0,36,14,40,4,4,101,2,54,13,70,7,7,75,2,30,7,54,3,7,186,8,120,38,36,2,22,28,99,54,3,13,70,49,30,3,14,30
1359507,2023,2023-04-23,Eden Gardens,Kolkata,Kolkata Knight Riders,Kolkata Knight Riders,Chennai Super Kings,Chennai Super Kings,2,false,Kolkata Knight Riders,field,Chennai Super Kings,false,186,8,120,128,14,12,49,10,9,0,38,2,36,22,28,4,2,99,3,54,13,70,7,7,49,3,30,14,30,3,3,235,4,120,59,36,0,14,40,101,54,2,13,70,75,30,2,7,54
1359508,2023,2023-04-24,"Rajiv Gandhi International Stadium, Uppal",Hyderabad,Delhi Capitals,Delhi Capitals,Sunrisers Hyderabad,Sunrisers Hyderabad,1,true,Delhi Capitals,bat,Delhi Capitals,true,144,9,120,72,15,2,42,4,2,0,49,2,36,18,36,6,2,57,3,54,17,20,5,0,38,4,30,7,16,4,0,137,6,120,36,36,1,19,24,53,54,4,14,8,48,30,1,6,26
1359508,2023,2023-04-24,"Rajiv Gandhi International Stadium, Uppal",Hyderabad,Sunrisers Hyderabad,Sunrisers Hyderabad,Delhi Capitals,Delhi Capitals,2,false,Delhi Capitals,bat,Delhi Capitals,false,137,6,120,58,13,1,39,1,0,1,36,1,36,19,24,6,0,53,4,54,14,8,2,0,48,1,30,6,26,5,1,144,9,120,49,36,2,18,36,57,54,3,17,20,38,30,4,7,16
1359509,2023,2023-04-25,Narendra Modi Stadium,Ahmedabad,Gujarat Titans,Gujarat Titans,Mumbai Indians,Mumbai Indians,1,true,Mumbai Indians,field,Gujarat Titans,true,207,6,120,128,14,12,35,5,5,0,50,1,36,14,26,5,1,80,3,54,16,46,7,3,77,2,30,5,56,2,8,152,9,120,29,36,1,21,10,83,54,5,19,54,40,30,3,10,22
1359509,2023,2023-04-25,Narendra Modi Stadium,Ahmedabad,Mumbai Indians,Mumbai Indians,Gujarat Titans,Gujarat Titans,2,false,Mumbai Indians,field,Gujarat Titans,false,152,9,120,86,8,9,50,5,1,0,29,1,36,21,10,1,1,83,5,54,19,54,6,5,40,3,30,10,22,1,3,207,6,120,50,36,1,14,26,80,54,3,16,46,77,30,2,5,56
1359510,2023,2023-04-26,M Chinnaswamy Stadium,Bengaluru,Kolkata Knight Riders,Kolkata Knight Riders,Royal Challengers Bangalore,Royal Challengers Bengaluru,1,true,Royal Challengers Bengaluru,field,Kolkata Knight Riders,true,200,5,120,136,16,12,35,7,5,0,66,0,36,17,58,7,5,65,2,54,12,22,4,1,69,3,30,6,56,5,6,179,8,120,58,36,3,10,40,80,54,3,10,34,41,30,2,8,16
1359510,2023,2023-04-26,M Chinnaswamy Stadium,Bengaluru,Royal Challengers Bangalore,Royal Challengers Bengaluru,Kolkata Knight Riders,Kolkata Knight Riders,2,false,Royal Challengers Bengaluru,field,Kolkata Knight Riders,false,179,8,120,90,12,7,28,6,3,0,58,3,36,10,40,7,2,80,3,54,10,34,4,3,41,2,30,8,16,1,2,200,5,120,66,36,0,17,58,65,54,2,12,22,69,30,3,6,56
1359511,2023,2023-04-27,Sawai Mansingh Stadium,Jaipur,Rajasthan Royals,Rajasthan Royals,Chennai Super Kings,Chennai Super Kings,1,true,Rajasthan Royals,bat,Rajasthan Royals,true,202,5,120,120,21,6,33,11,4,0,64,0,36,14,52,10,2,75,3,54,13,24,3,2,63,2,30,6,44,8,2,170,6,120,42,36,1,15,22,83,54,4,13,46,45,30,1,6,26
1359511,2023,2023-04-27,Sawai Mansingh Stadium,Jaipur,Chennai Super Kings,Chennai Super Kings,Rajasthan Royals,Rajasthan Royals,2,false,Rajasthan Royals,bat,Rajasthan Royals,false,170,6,120,94,13,7,34,2,1,0,42,1,36,15,22,4,1,83,4,54,13,46,4,5,45,1,30,6,26,5,1,202,5,120,64,36,0,14,52,75,54,3,13,24,63,30,2,6,44
1359512,2023,2023-04-28,"Punjab Cricket Association IS Bindra Stadium, Mohali",Chandigarh,Lucknow Super Giants,Lucknow Super Giants,Punjab Kings,Punjab Kings,1,true,Punjab Kings,field,Lucknow Super Giants,true,257,5,120,192,27,14,37,15,5,3,74,2,36,19,66,9,5,110,1,54,12,76,10,6,73,2,30,6,50,8,3,201,10,119,55,36,2,15,34,97,54,2,12,60,49,29,6,13,26
1359512,2023,2023-04-28,"Punjab Cricket Association IS Bindra Stadium, Mohali",Chandigarh,Punjab Kings,Punjab Kings,Lucknow Super Giants,Lucknow Super Giants,2,false,Punjab Kings,field,Lucknow Super Giants,false,201,10,119,120,18,8,40,13,7,2,55,2,36,15,34,7,1,97,2,54,12,60,9,4,49,6,29,13,26,2,3,257,5,120,74,36,2,19,66,110,54,1,12,76,73,30,2,6,50
1359513,2023,2023-04-29,Eden Gardens,Kolkata,Kolkata Knight Riders,Kolkata Knight Riders,Gujarat Titans,Gujarat Titans,1,true,Gujarat Titans,field,Gujarat Titans,false,179,7,120,120,12,12,49,3,3,0,61,2,36,16,48,6,4,73,2,54,21,40,4,4,45,3,30,12,32,2,4,180,3,107,52,36,1,12,36,77,54,2,13,38,51,17,0,1,34
1359513,2023,2023-04-29,Eden Gardens,Kolkata,Gujarat Titans,Gujarat Titans,Kolkata Knight Riders,Kolkata Knight Riders,2,false,Gujarat Titans,field,Gujarat Titans,true,180,3,107,108,15,8,26,12,3,0,52,1,36,12,36,9,0,77,2,54,13,38,5,3,51,0,17,1,34,1,5,179,7,120,61,36,2,16,48,73,54,2,21,40,45,30,3,12,32
1359514,2023,2023-04-29,Arun Jaitley Stadium,Delhi,Sunrisers Hyderabad,Sunrisers Hyderabad,Delhi Capitals,Delhi Capitals,1,true,Sunrisers Hyderabad,bat,Sunrisers Hyderabad,true,197,6,120,122,17,9,37,10,8,1,62,2,36,15,46,10,1,73,3,54,17,38,5,3,62,1,30,5,38,2,5,188,6,120,57,36,1,10,36,81,54,3,11,44,50,30,2,5,24
1359514,2023,2023-04-29,Arun Jaitley Stadium,Delhi,Delhi Capitals,Delhi Capitals,Sunrisers Hyderabad,Sunrisers Hyderabad,2,false,Sunrisers Hyderabad,bat,Sunrisers Hyderabad,false,188,6,120,104,14,8,26,4,3,0,57,1,36,10,36,6,2,81,3,54,11,44,5,4,50,2,30,5,24,3,2,197,6,120,62,36,2,15,46,73,54,3,17,38,62,30,1,5,38
1359515,2023,2023-04-30,MA Chidambaram Stadium,Chennai,Chennai Super Kings,Chennai Super Kings,Punjab Kings,Punjab Kings,1,true,Chennai Super Kings,bat,Punjab Kings,false,200,4,120,128,23,6,35,8,7,0,57,0,36,14,42,9,1,89,2,54,13,54,9,3,54,2,30,8,32,5,2,201,6,120,62,36,1,10,40,67,54,2,16,24,72,30,3,5,42
1359515,2023,2023-04-30,MA Chidambaram Stadium,Chennai,Punjab Kings,Punjab Kings,Chennai Super Kings,Chennai Super Kings,2,false,Chennai Super Kings,bat,Punjab Kings,true,201,6,120,106,13,9,31,13,6,0,62,1,36,10,40,7,2,67,2,54,16,24,3,2,72,3,30,5,42,3,5,200,4,120,57,36,0,14,42,89,54,2,13,54,54,30,2,8,32
1359516,2023,2023-04-30,Wankhede Stadium,Mumbai,Rajasthan Royals,Rajasthan Royals,Mumbai Indians,Mumbai Indians,1,true,Rajasthan Royals,bat,Mumbai Indians,false,212,7,120,152,20,12,50,25,16,1,65,0,36,19,46,7,3,78,4,54,23,52,7,4,69,3,30,8,54,6,5,214,4,117,58,36,1,8,34,92,54,2,16,64,64,27,1,6,46
1359516,2023,2023-04-30,Wankhede Stadium,Mumbai,Mumbai Indians,Mumbai Indians,Rajasthan Royals,Rajasthan Royals,2,false,Rajasthan Royals,bat,Mumbai Indians,true,214,4,117,144,21,10,30,10,7,1,58,1,36,8,34,7,1,92,2,54,16,64,10,4,64,1,27,6,46,4,5,212,7,120,65,36,0,19,46,78,54,4,23,52,69,30,3,8,54
1359517,2023,2023-05-01,Bharat Ratna Shri Atal Bihari Vajpayee Ekana Cricket Stadium,Lucknow,Royal Challengers Bangalore,Royal Challengers Bengaluru,Lucknow Super Giants,Lucknow Super Giants,1,true,Royal Challengers Bengaluru,bat,Royal Challengers Bengaluru,true,126,9,120,36,6,2,38,2,2,0,42,0,36,11,18,3,1,50,4,54,18,4,1,0,34,5,30,9,14,2,1,108,10,119,34,36,4,24,24,44,54,4,23,16,30,29,2,15,16
1359517,2023,2023-05-01,Bharat Ratna Shri Atal Bihari Vajpayee Ekana Cricket Stadium,Lucknow,Lucknow Super Giants,Lucknow Super Giants,Royal Challengers Bangalore,Royal Challengers Bengaluru,2,false,Royal Challengers Bengaluru,bat,Royal Challengers Bengaluru,false,108,10,119,56,8,4,62,7,3,2,34,4,36,24,24,3,2,44,4,54,23,16,1,2,30,2,29,15,16,4,0,126,9,120,42,36,0,11,18,50,54,4,18,4,34,30,5,9,14
1359518,2023,2023-05-02,Narendra Modi Stadium,Ahmedabad,Delhi Capitals,Delhi Capitals,Gujarat Titans,Gujarat Titans,1,true,Delhi Capitals,bat,Delhi Capitals,true,130,8,120,66,9,5,57,5,3,1,28,5,36,23,12,3,0,50,1,54,26,20,2,2,52,2,30,8,34,4,3,125,6,120,31,36,3,26,24,48,54,1,21,14,46,30,2,7,22
1359518,2023,2023-05-02,Narendra Modi Stadium,Ahmedabad,Gujarat Titans,Gujarat Titans,Delhi Capitals,Delhi Capitals,2,false,Delhi Capitals,bat,Delhi Capitals,false,125,6,120,60,9,4,54,5,5,0,31,3,36,26,24,6,0,48,1,54,21,14,2,1,46,2,30,7,22,1,3,130,8,120,28,36,5,23,12,50,54,1,26,20,52,30,2,8,34
1359519,2023,2023-05-03,Bharat Ratna Shri Atal Bihari Vajpayee Ekana Cricket Stadium,Lucknow,Lucknow Super Giants,Lucknow Super Giants,,,1,true,Chennai Super Kings,field,Unknown,false,125,7,116,48,6,4,46,6,6,0,31,3,36,19,16,4,0,42,2,54,20,6,0,1,52,2,26,7,26,2,3,,,,,,,,,,,,,,,,,,
1359520,2023,2023-05-03,"Punjab Cricket Association IS Bindra Stadium, Mohali",Chandigarh,Punjab Kings,Punjab Kings,Mumbai Indians,Mumbai Indians,1,true,Mumbai Indians,field,Mumbai Indians,false,214,3,120,122,20,7,29,17,10,2,50,1,36,16,34,7,1,95,2,54,8,48,9,2,69,0,30,5,40,4,4,216,4,113,54,36,2,15,36,116,54,0,6,76,46,23,2,6,34
1359520,2023,2023-05-03,"Punjab Cricket Association IS Bindra Stadium, Mohali",Chandigarh,Mumbai Indians,Mumbai Indians,Punjab Kings,Punjab Kings,2,false,Mumbai Indians,field,Mumbai Indians,true,216,4,113,146,23,9,27,7,3,0,54,2,36,15,36,6,2,116,0,54,6,76,13,4,46,2,23,6,34,4,3,214,3,120,50,36,1,16,34,95,54,2,8,48,69,30,0,5,40
1359521,2023,2023-05-04,"Rajiv Gandhi International Stadium, Uppal",Hyderabad,Kolkata Knight Riders,Kolkata Knight Riders,Sunrisers Hyderabad,Sunrisers Hyderabad,1,true,Kolkata Knight Riders,bat,Kolkata Knight Riders,true,171,9,120,100,16,6,45,8,5,2,49,3,36,19,32,8,0,80,2,54,18,50,5,5,42,4,30,8,18,3,1,166,8,120,53,36,3,18,36,81,54,2,12,42,32,30,3,12,12
1359521,2023,2023-05-04,"Rajiv Gandhi International Stadium, Uppal",Hyderabad,Sunrisers Hyderabad,Sunrisers Hyderabad,Kolkata Knight Riders,Kolkata Knight Riders,2,false,Kolkata Knight Riders,bat,Kolkata Knight Riders,false,166,8,120,90,15,5,42,14,4,3,53,3,36,18,36,6,2,81,2,54,12,42,6,3,32,3,30,12,12,3,0,171,9,120,49,36,3,19,32,80,54,2,18,50,42,30,4,8,18
1359522,2023,2023-05-05,Sawai Mansingh Stadium,Jaipur,Rajasthan Royals,Rajasthan Royals,Gujarat Titans,Gujarat Titans,1,true,Rajasthan Royals,bat,Gujarat Titans,false,118,10,107,54,9,3,43,8,7,0,50,2,36,15,32,5,2,50,6,54,21,16,4,0,18,2,17,7,6,0,1,119,1,83,49,36,0,16,36,70,47,1,11,38,0,0,0,0,0
1359522,2023,2023-05-05,Sawai Mansingh Stadium,Jaipur,Gujarat Titans,Gujarat Titans,Rajasthan Royals,Rajasthan Royals,2,false,Rajasthan Royals,bat,Gujarat Titans,true,119,1,83,74,14,3,27,3,0,1,49,0,36,16,36,9,0,70,1,47,11,38,5,3,0,0,0,0,0,0,0,118,10,107,50,36,2,15,32,50,54,6,21,16,18,17,2,7,6
1359523,2023,2023-05-06,MA Chidambaram Stadium,Chennai,Mumbai Indians,Mumbai Indians,Chennai Super Kings,Chennai Super Kings,1,true,Chennai Super Kings,field,Chennai Super Kings,false,139,8,120,66,15,1,47,8,3,0,34,3,36,18,16,4,0,59,1,54,20,24,6,0,46,4,30,9,26,5,1,140,4,106,55,36,1,17,40,68,54,2,15,32,17,16,1,4,6
1359523,2023,2023-05-06,MA Chidambaram Stadium,Chennai,Chennai Super Kings,Chennai Super Kings,Mumbai Indians,Mumbai Indians,2,false,Chennai Super Kings,field,Chennai Super Kings,true,140,4,106,78,9,7,36,5,2,1,55,1,36,17,40,7,2,68,2,54,15,32,2,4,17,1,16,4,6,0,1,139,8,120,34,36,3,18,16,59,54,1,20,24,46,30,4,9,26
1359524,2023,2023-05-06,Arun Jaitley Stadium,Delhi,Royal Challengers Bangalore,Royal Challengers Bengaluru,Delhi Capitals,Delhi Capitals,1,true,Royal Challengers Bengaluru,bat,Delhi Capitals,false,181,4,120,100,16,6,31,8,6,0,51,0,36,14,34,7,1,75,2,54,10,34,4,3,55,2,30,7,32,5,2,187,3,100,70,36,1,13,58,96,54,1,17,58,21,10,1,2,16
1359524,2023,2023-05-06,Arun Jaitley Stadium,Delhi,Delhi Capitals,Delhi Capitals,Royal Challengers Bangalore,Royal Challengers Bengaluru,2,false,Royal Challengers Bengaluru,bat,Delhi Capitals,true,187,3,100,132,15,12,32,9,2,1,70,1,36,13,58,7,5,96,1,54,17,58,7,5,21,1,10,2,16,1,2,181,4,120,51,36,0,14,34,75,54,2,10,34,55,30,2,7,32
1359525,2023,2023-05-07,Narendra Modi Stadium,Ahmedabad,Gujarat Titans,Gujarat Titans,Lucknow Super Giants,Lucknow Super Giants,1,true,Lucknow Super Giants,field,Gujarat Titans,true,227,2,120,144,15,14,24,6,4,1,78,0,36,12,60,6,6,98,1,54,8,56,5,6,51,1,30,4,28,4,2,171,7,120,72,36,0,15,60,58,54,3,14,20,41,30,4,13,26
1359525,2023,2023-05-07,Narendra Modi Stadium,Ahmedabad,Lucknow Super Giants,Lucknow Super Giants,Gujarat Titans,Gujarat Titans,2,false,Lucknow Super Giants,field,Gujarat Titans,false,171,7,120,106,16,7,42,8,5,0,72,0,36,15,60,12,2,58,3,54,14,20,2,2,41,4,30,13,26,2,3,227,2,120,78,36,0,12,60,98,54,1,8,56,51,30,1,4,28
1359526,2023,2023-05-07,Sawai Mansingh Stadium,Jaipur,Rajasthan Royals,Rajasthan Royals,Sunrisers Hyderabad,Sunrisers Hyderabad,1,true,Rajasthan Royals,bat,Sunrisers Hyderabad,false,214,2,120,142,19,11,33,11,5,0,61,1,36,15,44,8,2,93,0,54,13,60,6,6,60,1,30,5,38,5,3,217,6,120,52,36,1,12,34,94,54,1,10,50,71,30,4,9,54
1359526,2023,2023-05-07,Sawai Mansingh Stadium,Jaipur,Sunrisers Hyderabad,Sunrisers Hyderabad,Rajasthan Royals,Rajasthan Royals,2,false,Rajasthan Royals,bat,Sunrisers Hyderabad,true,217,6,120,138,15,13,31,5,4,1,52,1,36,12,34,7,1,94,1,54,10,50,5,5,71,4,30,9,54,3,7,214,2,120,61,36,1,15,44,93,54,0,13,60,60,30,1,5,38
1359527,2023,2023-05-08,Eden Gardens,Kolkata,Punjab Kings,Punjab Kings,Kolkata Knight Riders,Kolkata Knight Riders,1,true,Punjab Kings,bat,Kolkata Knight Riders,false,179,7,120,120,21,6,49,13,4,2,58,3,36,15,44,11,0,66,2,54,24,38,5,3,55,2,30,10,38,5,3,182,5,120,52,36,1,16,38,70,54,2,15,38,60,30,2,7,40
1359527,2023,2023-05-08,Eden Gardens,Kolkata,Kolkata Knight Riders,Kolkata Knight Riders,Punjab Kings,Punjab Kings,2,false,Punjab Kings,bat,Kolkata Knight Riders,true,182,5,120,116,20,6,38,4,3,0,52,1,36,16,38,8,1,70,2,54,15,38,8,1,60,2,30,7,40,4,4,179,7,120,58,36,3,15,44,66,54,2,24,38,55,30,2,10,38
1359528,2023,2023-05-09,Wankhede Stadium,Mumbai,Royal Challengers Bangalore,Royal Challengers Bengaluru,Mumbai Indians,Mumbai Indians,1,true,Mumbai Indians,field,Mumbai Indians,false,199,6,120,132,21,8,36,4,2,1,56,2,36,15,46,10,1,96,3,54,11,56,5,6,47,1,30,10,30,6,1,200,4,99,62,36,2,17,50,112,54,0,10,70,26,9,2,3,22
1359528,2023,2023-05-09,Wankhede Stadium,Mumbai,Mumbai Indians,Mumbai Indians,Royal Challengers Bangalore,Royal Challengers Bengaluru,2,false,Mumbai Indians,field,Mumbai Indians,true,200,4,99,142,16,13,30,14,6,1,62,2,36,17,50,5,5,112,0,54,10,70,10,5,26,2,9,3,22,1,3,199,6,120,56,36,2,15,46,96,54,3,11,56,47,30,1,10,30
1359529,2023,2023-05-10,MA Chidambaram Stadium,Chennai,Chennai Super Kings,Chennai Super Kings,Delhi Capitals,Delhi Capitals,1,true,Chennai Super Kings,bat,Chennai Super Kings,true,167,8,120,82,10,7,35,15,10,0,49,1,36,13,28,7,0,68,4,54,13,28,1,4,50,3,30,9,26,2,3,140,8,120,47,36,3,17,34,44,54,2,25,16,49,30,3,10,26
1359529,2023,2023-05-10,MA Chidambaram Stadium,Chennai,Delhi Capitals,Delhi Capitals,Chennai Super Kings,Chennai Super Kings,2,false,Chennai Super Kings,bat,Chennai Super Kings,false,140,8,120,76,10,6,52,11,5,0,47,3,36,17,34,4,3,44,2,54,25,16,1,2,49,3,30,10,26,5,1,167,8,120,49,36,1,13,28,68,54,4,13,28,50,30,3,9,26
1359530,2023,2023-05-11,Eden Gardens,Kolkata,Kolkata Knight Riders,Kolkata Knight Riders,Rajasthan Royals,Rajasthan Royals,1,true,Rajasthan Royals,field,Rajasthan Royals,false,149,8,120,80,8,8,46,3,1,0,37,2,36,22,24,3,2,79,2,54,11,40,4,4,33,4,30,13,16,1,2,151,1,79,78,36,1,15,68,73,43,0,13,52,0,0,0,0,0
1359530,2023,2023-05-11,Eden Gardens,Kolkata,Rajasthan Royals,Rajasthan Royals,Kolkata Knight Riders,Kolkata Knight Riders,2,false,Rajasthan Royals,field,Rajasthan Royals,true,151,1,79,120,15,10,28,5,3,0,78,1,36,15,68,11,4,73,0,43,13,52,4,6,0,0,0,0,0,0,0,149,8,120,37,36,2,22,24,79,54,2,11,40,33,30,4,13,16
1359531,2023,2023-05-12,Wankhede Stadium,Mumbai,Mumbai Indians,Mumbai Indians,Gujarat Titans,Gujarat Titans,1,true,Gujarat Titans,field,Mumbai Indians,true,218,5,120,160,22,12,39,2,0,0,61,0,36,15,46,7,3,90,3,54,17,62,8,5,67,2,30,7,52,7,4,191,8,120,48,36,3,14,32,82,54,5,15,50,61,30,0,15,54
1359531,2023,2023-05-12,Wankhede Stadium,Mumbai,Gujarat Titans,Gujarat Titans,Mumbai Indians,Mumbai Indians,2,false,Gujarat Titans,field,Mumbai Indians,false,191,8,120,136,16,12,44,6,3,0,48,3,36,14,32,8,0,82,5,54,15,50,5,5,61,0,30,15,54,3,7,218,5,120,61,36,0,15,46,90,54,3,17,62,67,30,2,7,52
1359532,2023,2023-05-13,"Rajiv Gandhi International Stadium, Uppal",Hyderabad,Sunrisers Hyderabad,Sunrisers Hyderabad,Lucknow Super Giants,Lucknow Super Giants,1,true,Sunrisers Hyderabad,bat,Lucknow Super Giants,false,182,6,120,120,18,8,44,5,2,1,56,2,36,15,40,10,0,74,3,54,17,42,6,3,52,1,30,12,38,2,5,185,3,116,30,36,1,20,16,84,54,1,11,46,71,26,1,5,58
1359532,2023,2023-05-13,"Rajiv Gandhi International Stadium, Uppal",Hyderabad,Lucknow Super Giants,Lucknow Super Giants,Sunrisers Hyderabad,Sunrisers Hyderabad,2,false,Sunrisers Hyderabad,bat,Lucknow Super Giants,true,185,3,116,120,15,10,36,6,5,0,30,1,36,20,16,4,0,84,1,54,11,46,7,3,71,1,26,5,58,4,7,182,6,120,56,36,2,15,40,74,54,3,17,42,52,30,1,12,38
1359533,2023,2023-05-13,Arun Jaitley Stadium,Delhi,Punjab Kings,Punjab Kings,Delhi Capitals,Delhi Capitals,1,true,Delhi Capitals,field,Punjab Kings,true,167,7,120,100,13,8,49,13,11,0,46,3,36,22,32,5,2,71,1,54,18,36,3,4,50,3,30,9,32,5,2,136,8,120,65,36,0,11,50,50,54,6,30,30,21,30,2,10,0
1359533,2023,2023-05-13,Arun Jaitley Stadium,Delhi,Delhi Capitals,Delhi Capitals,Punjab Kings,Punjab Kings,2,false,Delhi Capitals,field,Punjab Kings,false,136,8,120,80,17,2,51,4,3,0,65,0,36,11,50,11,1,50,6,54,30,30,6,1,21,2,30,10,0,0,0,167,7,120,46,36,3,22,32,71,54,1,18,36,50,30,3,9,32
1359534,2023,2023-05-14,Sawai Mansingh Stadium,Jaipur,Royal Challengers Bangalore,Royal Challengers Bengaluru,Rajasthan Royals,Rajasthan Royals,1,true,Royal Challengers Bengaluru,bat,Royal Challengers Bengaluru,true,171,5,120,90,12,7,31,5,5,0,42,0,36,10,18,3,1,78,2,54,13,38,5,3,51,3,30,8,34,4,3,59,10,63,28,36,5,24,18,31,27,5,15,22,0,0,0,0,0
1359534,2023,2023-05-14,Sawai Mansingh Stadium,Jaipur,Rajasthan Royals,Rajasthan Royals,Royal Challengers Bangalore,Royal Challengers Bengaluru,2,false,Royal Challengers Bengaluru,bat,Royal Challengers Bengaluru,false,59,10,63,40,4,4,39,3,2,0,28,5,36,24,18,3,1,31,5,27,15,22,1,3,0,0,0,0,0,0,0,171,5,120,42,36,0,10,18,78,54,2,13,38,51,30,3,8,34
1359535,2023,2023-05-14,MA Chidambaram Stadium,Chennai,Chennai Super Kings,Chennai Super Kings,Kolkata Knight Riders,Kolkata Knight Riders,1,true,Chennai Super Kings,bat,Kolkata Knight Riders,false,144,6,120,58,7,5,40,6,4,2,52,1,36,11,30,6,1,40,4,54,21,6,0,1,52,1,30,8,22,1,3,147,4,111,46,36,3,17,28,71,54,0,17,40,30,21,1,6,8
1359535,2023,2023-05-14,MA Chidambaram Stadium,Chennai,Kolkata Knight Riders,Kolkata Knight Riders,Chennai Super Kings,Chennai Super Kings,2,false,Chennai Super Kings,bat,Kolkata Knight Riders,true,147,4,111,76,13,4,40,12,10,1,46,3,36,17,28,4,2,71,0,54,17,40,7,2,30,1,21,6,8,2,0,144,6,120,52,36,1,11,30,40,54,4,21,6,52,30,1,8,22
1359536,2023,2023-05-15,Narendra Modi Stadium,Ahmedabad,Gujarat Titans,Gujarat Titans,Sunrisers Hyderabad,Sunrisers Hyderabad,1,true,Sunrisers Hyderabad,field,Gujarat Titans,true,188,9,120,100,22,2,33,13,10,2,65,1,36,15,40,10,0,89,1,54,10,48,9,2,34,7,30,8,12,3,0,154,9,120,45,36,4,18,28,66,54,3,19,32,43,30,2,10,22
1359536,2023,2023-05-15,Narendra Modi Stadium,Ahmedabad,Sunrisers Hyderabad,Sunrisers Hyderabad,Gujarat Titans,Gujarat Titans,2,false,Sunrisers Hyderabad,field,Gujarat Titans,false,154,9,120,82,13,5,47,9,5,0,45,4,36,18,28,4,2,66,3,54,19,32,5,2,43,2,30,10,22,4,1,188,9,120,65,36,1,15,40,89,54,1,10,48,34,30,7,8,12
1359537,2023,2023-05-16,Bharat Ratna Shri Atal Bihari Vajpayee Ekana Cricket Stadium,Lucknow,Lucknow Super Giants,Lucknow Super Giants,Mumbai Indians,Mumbai Indians,1,true,Mumbai Indians,field,Lucknow Super Giants,true,177,4,120,90,6,11,37,10,5,0,35,2,36,19,16,1,2,73,1,54,12,22,1,3,69,1,30,6,52,4,6,172,5,120,58,36,0,11,36,67,54,3,21,36,47,30,2,12,18
1359537,2023,2023-05-16,Bharat Ratna Shri Atal Bihari Vajpayee Ekana Cricket Stadium,Lucknow,Mumbai Indians,Mumbai Indians,Lucknow Super Giants,Lucknow Super Giants,2,false,Mumbai Indians,field,Lucknow Super Giants,false,172,5,120,90,12,7,44,15,8,1,58,0,36,11,36,3,4,67,3,54,21,36,9,0,47,2,30,12,18,0,3,177,4,120,35,36,2,19,16,73,54,1,12,22,69,30,1,6,52
1359538,2023,2023-05-17,Himachal Pradesh Cricket Association Stadium,Dharamsala,Delhi Capitals,Delhi Capitals,Punjab Kings,Punjab Kings,1,true,Punjab Kings,field,Delhi Capitals,true,213,2,120,146,20,11,36,5,5,0,61,0,36,14,46,7,3,87,2,54,17,56,8,4,65,0,30,5,44,5,4,198,8,120,47,36,1,19,36,81,54,2,11,42,70,30,5,14,60
1359538,2023,2023-05-17,Himachal Pradesh Cricket Association Stadium,Dharamsala,Punjab Kings,Punjab Kings,Delhi Capitals,Delhi Capitals,2,false,Punjab Kings,field,Delhi Capitals,false,198,8,120,138,15,13,44,10,2,2,47,1,36,19,36,6,2,81,2,54,11,42,6,3,70,5,30,14,60,3,8,213,2,120,61,36,0,14,46,87,54,2,17,56,65,30,0,5,44
1359539,2023,2023-05-18,"Rajiv Gandhi International Stadium, Uppal",Hyderabad,Sunrisers Hyderabad,Sunrisers Hyderabad,Royal Challengers Bangalore,Royal Challengers Bengaluru,1,true,Royal Challengers Bengaluru,field,Royal Challengers Bengaluru,false,186,5,120,108,15,8,33,6,5,0,49,2,36,18,38,8,1,84,1,54,10,40,4,4,53,2,30,5,30,3,3,187,2,116,64,36,0,10,46,86,54,0,14,50,37,26,2,9,20
1359539,2023,2023-05-18,"Rajiv Gandhi International Stadium, Uppal",Hyderabad,Royal Challengers Bangalore,Royal Challengers Bengaluru,Sunrisers Hyderabad,Sunrisers Hyderabad,2,false,Royal Challengers Bengaluru,field,Royal Challengers Bengaluru,true,187,2,116,116,20,6,33,7,4,1,64,0,36,10,46,10,1,86,0,54,14,50,8,3,37,2,26,9,20,2,2,186,5,120,49,36,2,18,38,84,54,1,10,40,53,30,2,5,30
1359540,2023,2023-05-19,Himachal Pradesh Cricket Association Stadium,Dharamsala,Punjab Kings,Punjab Kings,Rajasthan Royals,Rajasthan Royals,1,true,Rajasthan Royals,field,Rajasthan Royals,false,187,5,120,122,17,9,42,6,5,1,48,3,36,19,36,6,2,69,2,54,19,34,4,3,70,0,30,4,52,7,4,189,6,118,57,36,1,16,44,84,54,3,16,48,48,28,2,12,34
1359540,2023,2023-05-19,Himachal Pradesh Cricket Association Stadium,Dharamsala,Rajasthan Royals,Rajasthan Royals,Punjab Kings,Punjab Kings,2,false,Rajasthan Royals,field,Rajasthan Royals,true,189,6,118,126,18,9,44,9,7,1,57,1,36,16,44,8,2,84,3,54,16,48,6,4,48,2,28,12,34,4,3,187,5,120,48,36,3,19,36,69,54,2,19,34,70,30,0,4,52
1359541,2023,2023-05-20,Arun Jaitley Stadium,Delhi,Chennai Super Kings,Chennai Super Kings,Delhi Capitals,Delhi Capitals,1,true,Chennai Super Kings,bat,Chennai Super Kings,true,223,3,120,152,17,14,31,10,7,2,52,0,36,13,36,6,2,96,1,54,11,62,5,7,75,2,30,7,54,6,5,146,9,120,34,36,3,22,24,82,54,2,14,44,30,30,4,13,12
1359541,2023,2023-05-20,Arun Jaitley Stadium,Delhi,Delhi Capitals,Delhi Capitals,Chennai Super Kings,Chennai Super Kings,2,false,Chennai Super Kings,bat,Chennai Super Kings,false,146,9,120,80,11,6,49,11,8,0,34,3,36,22,24,3,2,82,2,54,14,44,5,4,30,4,30,13,12,3,0,223,3,120,52,36,0,13,36,96,54,1,11,62,75,30,2,7,54
1359542,2023,2023-05-20,Eden Gardens,Kolkata,Lucknow Super Giants,Lucknow Super Giants,Kolkata Knight Riders,Kolkata Knight Riders,1,true,Kolkata Knight Riders,field,Lucknow Super Giants,true,176,8,120,108,12,10,47,12,5,2,54,1,36,15,32,5,2,65,4,54,24,40,4,4,57,3,30,8,36,3,4,175,7,120,61,36,1,14,48,53,54,3,19,16,61,30,3,11,46
1359542,2023,2023-05-20,Eden Gardens,Kolkata,Kolkata Knight Riders,Kolkata Knight Riders,Lucknow Super Giants,Lucknow Super Giants,2,false,Kolkata Knight Riders,field,Lucknow Super Giants,false,175,7,120,110,17,7,44,9,5,0,61,1,36,14,48,9,2,53,3,54,19,16,4,0,61,3,30,11,46,4,5,176,8,120,54,36,1,15,32,65,54,4,24,40,57,30,3,8,36
1359543,2023,2023-05-21,Wankhede Stadium,Mumbai,Sunrisers Hyderabad,Sunrisers Hyderabad,Mumbai Indians,Mumbai Indians,1,true,Mumbai Indians,field,Mumbai Indians,false,200,5,120,122,20,7,29,12,6,1,53,0,36,12,36,9,0,104,1,54,10,66,9,5,43,4,30,7,20,2,2,201,2,108,60,36,1,15,46,100,54,1,14,68,41,18,0,2,30
1359543,2023,2023-05-21,Wankhede Stadium,Mumbai,Mumbai Indians,Mumbai Indians,Sunrisers Hyderabad,Sunrisers Hyderabad,2,false,Mumbai Indians,field,Mumbai Indians,true,201,2,108,144,21,10,31,6,1,4,60,1,36,15,46,7,3,100,1,54,14,68,8,6,41,0,18,2,30,6,1,200,5,120,53,36,0,12,36,104,54,1,10,66,43,30,4,7,20
1359544,2023,2023-05-21,M Chinnaswamy Stadium,Bengaluru,Royal Challengers Bangalore,Royal Challengers Bengaluru,Gujarat Titans,Gujarat Titans,1,true,Gujarat Titans,field,Gujarat Titans,false,197,5,120,118,25,3,27,7,5,0,62,0,36,11,44,11,0,74,5,54,15,38,8,1,61,0,30,1,36,6,2,198,4,115,51,36,1,17,34,97,54,1,12,58,50,25,2,7,28
1359544,2023,2023-05-21,M Chinnaswamy Stadium,Bengaluru,Gujarat Titans,Gujarat Titans,Royal Challengers Bangalore,Royal Challengers Bengaluru,2,false,Gujarat Titans,field,Gujarat Titans,true,198,4,115,120,15,10,36,19,7,1,51,1,36,17,34,7,1,97,1,54,12,58,7,5,50,2,25,7,28,1,4,197,5,120,62,36,0,11,44,74,54,5,15,38,61,30,0,1,36
1370350,2023,2023-05-23,MA Chidambaram Stadium,Chennai,Chennai Super Kings,Chennai Super Kings,Gujarat Titans,Gujarat Titans,1,true,Gujarat Titans,field,Chennai Super Kings,true,172,7,120,80,14,4,32,5,0,1,49,0,36,17,30,6,1,76,3,54,10,30,6,1,47,4,30,5,20,2,2,157,10,120,41,36,2,15,26,61,54,4,21,18,55,30,4,12,38
1370350,2023,2023-05-23,MA Chidambaram Stadium,Chennai,Gujarat Titans,Gujarat Titans,Chennai Super Kings,Chennai Super Kings,2,false,Gujarat Titans,field,Chennai Super Kings,false,157,10,120,82,13,5,48,15,13,0,41,2,36,15,26,5,1,61,4,54,21,18,3,1,55,4,30,12,38,5,3,172,7,120,49,36,0,17,30,76,54,3,10,30,47,30,4,5,20
1370351,2023,2023-05-24,MA Chidambaram Stadium,Chennai,Mumbai Indians,Mumbai Indians,Lucknow Super Giants,Lucknow Super Giants,1,true,Mumbai Indians,bat,Mumbai Indians,true,182,8,120,108,15,8,42,16,6,0,62,2,36,16,48,9,2,69,2,54,13,30,3,3,51,4,30,13,30,3,3,101,10,99,54,36,2,15,34,46,54,7,24,14,1,9,1,8,0
1370351,2023,2023-05-24,MA Chidambaram Stadium,Chennai,Lucknow Super Giants,Lucknow Super Giants,Mumbai Indians,Mumbai Indians,2,false,Mumbai Indians,bat,Mumbai Indians,false,101,10,99,48,9,2,47,10,3,0,54,2,36,15,34,7,1,46,7,54,24,14,2,1,1,1,9,8,0,0,0,182,8,120,62,36,2,16,48,69,54,2,13,30,51,30,4,13,30
1370352,2023,2023-05-26,Narendra Modi Stadium,Ahmedabad,Gujarat Titans,Gujarat Titans,Mumbai Indians,Mumbai Indians,1,true,Mumbai Indians,field,Gujarat Titans,true,233,3,120,150,18,13,25,10,6,2,50,0,36,13,30,6,1,116,1,54,6,76,4,10,67,2,30,6,44,8,2,171,10,110,72,36,3,12,58,84,54,3,18,48,15,20,4,9,4
1370352,2023,2023-05-26,Narendra Modi Stadium,Ahmedabad,Mumbai Indians,Mumbai Indians,Gujarat Titans,Gujarat Titans,2,false,Mumbai Indians,field,Gujarat Titans,false,171,10,110,110,17,7,39,7,4,1,72,3,36,12,58,10,3,84,3,54,18,48,6,4,15,4,20,9,4,1,0,233,3,120,50,36,0,13,30,116,54,1,6,76,67,30,2,6,44
1370353,2023,2023-05-29,Narendra Modi Stadium,Ahmedabad,Gujarat Titans,Gujarat Titans,Chennai Super Kings,Chennai Super Kings,1,true,Chennai Super Kings,field,Chennai Super Kings,false,214,4,120,134,20,9,25,4,2,0,62,0,36,9,42,9,1,81,2,54,11,38,5,3,71,2,30,5,54,6,5,171,5,90,72,36,0,7,46,99,54,5,11,58,0,0,0,0,0
1370353,2023,2023-05-29,Narendra Modi Stadium,Ahmedabad,Chennai Super Kings,Chennai Super Kings,Gujarat Titans,Gujarat Titans,2,false,Chennai Super Kings,field,Chennai Super Kings,true,171,5,90,104,11,10,18,5,4,0,72,0,36,7,46,7,3,99,5,54,11,58,4,7,0,0,0,0,0,0,0,214,4,120,62,36,0,9,42,81,54,2,11,38,71,30,2,5,54
1422119,2024,2024-03-22,MA Chidambaram Stadium,Chennai,Royal Challengers Bengaluru,Royal Challengers Bengaluru,Chennai Super Kings,Chennai Super Kings,1,true,Royal Challengers Bengaluru,bat,Chennai Super Kings,false,173,6,120,100,16,6,41,13,10,0,42,3,36,20,32,8,0,60,2,54,13,18,3,1,71,1,30,8,50,5,5,176,4,112,62,36,1,14,42,66,54,3,20,30,48,22,0,5,22
1422119,2024,2024-03-22,MA Chidambaram Stadium,Chennai,Chennai Super Kings,Chennai Super Kings,Royal Challengers Bengaluru,Royal Challengers Bengaluru,2,false,Royal Challengers Bengaluru,bat,Chennai Super Kings,true,176,4,112,94,10,9,39,16,8,0,62,1,36,14,42,6,3,66,3,54,20,30,0,5,48,0,22,5,22,4,1,173,6,120,42,36,3,20,32,60,54,2,13,18,71,30,1,8,50
1422120,2024,2024-03-23,Maharaja Yadavindra Singh International Cricket Stadium,Mohali,Delhi Capitals,Delhi Capitals,Punjab Kings,Punjab Kings,1,true,Punjab Kings,field,Punjab Kings,false,174,9,120,114,15,9,47,10,4,0,54,1,36,20,40,4,4,70,4,54,18,40,7,2,50,4,30,9,34,4,3,177,6,116,60,36,2,14,44,70,54,2,11,30,47,26,2,7,30
1422120,2024,2024-03-23,Maharaja Yadavindra Singh International Cricket Stadium,Mohali,Punjab Kings,Punjab Kings,Delhi Capitals,Delhi Capitals,2,false,Punjab Kings,field,Punjab Kings,true,177,6,116,104,20,4,32,8,6,0,60,2,36,14,44,11,0,70,2,54,11,30,6,1,47,2,26,7,30,3,3,174,9,120,54,36,1,20,40,70,54,4,18,40,50,30,4,9,34
1422121,2024,2024-03-23,Eden Gardens,Kolkata,Kolkata Knight Riders,Kolkata Knight Riders,Sunrisers Hyderabad,Sunrisers Hyderabad,1,true,Sunrisers Hyderabad,field,Kolkata Knight Riders,true,208,7,120,136,13,14,41,8,6,2,43,3,36,19,26,2,3,80,3,54,17,44,5,4,85,1,30,5,66,6,7,204,7,120,65,36,1,15,46,63,54,3,19,30,76,30,3,8,62
1422121,2024,2024-03-23,Eden Gardens,Kolkata,Sunrisers Hyderabad,Sunrisers Hyderabad,Kolkata Knight Riders,Kolkata Knight Riders,2,false,Sunrisers Hyderabad,field,Kolkata Knight Riders,false,204,7,120,138,12,15,42,7,6,0,65,1,36,15,46,7,3,63,3,54,19,30,3,3,76,3,30,8,62,2,9,208,7,120,43,36,3,19,26,80,54,3,17,44,85,30,1,5,66
1422122,2024,2024-03-24,Sawai Mansingh Stadium,Jaipur,Rajasthan Royals,Rajasthan Royals,Lucknow Super Giants,Lucknow Super Giants,1,true,Rajasthan Royals,bat,Rajasthan Royals,true,193,4,120,106,10,11,30,8,6,1,54,2,36,13,36,6,2,89,1,54,10,48,3,6,50,1,30,7,22,1,3,173,6,120,47,36,3,20,28,87,54,1,9,46,39,30,2,9,18
1422122,2024,2024-03-24,Sawai Mansingh Stadium,Jaipur,Lucknow Super Giants,Lucknow Super Giants,Rajasthan Royals,Rajasthan Royals,2,false,Rajasthan Royals,bat,Rajasthan Royals,false,173,6,120,92,11,8,38,14,9,0,47,3,36,20,28,4,2,87,1,54,9,46,4,5,39,2,30,9,18,3,1,193,4,120,54,36,2,13,36,89,54,1,10,48,50,30,1,7,22
1422123,2024,2024-03-24,Narendra Modi Stadium,Ahmedabad,Gujarat Titans,Gujarat Titans,Mumbai Indians,Mumbai Indians,1,true,Mumbai Indians,field,Gujarat Titans,true,168,6,120,80,14,4,36,12,7,1,47,1,36,17,34,7,1,77,2,54,12,28,4,2,44,3,30,7,18,3,1,162,9,120,52,36,2,20,44,74,54,1,15,38,36,30,6,14,20
1422123,2024,2024-03-24,Narendra Modi Stadium,Ahmedabad,Mumbai Indians,Mumbai Indians,Gujarat Titans,Gujarat Titans,2,false,Mumbai Indians,field,Gujarat Titans,false,162,9,120,102,15,7,49,3,3,0,52,2,36,20,44,8,2,74,1,54,15,38,5,3,36,6,30,14,20,2,2,168,6,120,47,36,1,17,34,77,54,2,12,28,44,30,3,7,18
1422124,2024,2024-03-25,M Chinnaswamy Stadium,Bengaluru,Punjab Kings,Punjab Kings,Royal Challengers Bengaluru,Royal Challengers Bengaluru,1,true,Royal Challengers Bengaluru,field,Royal Challengers Bengaluru,false,176,6,120,108,15,8,44,8,6,0,40,1,36,19,28,7,0,88,3,54,15,52,4,6,48,2,30,10,28,4,2,178,6,116,50,36,2,17,36,68,54,2,17,26,60,26,2,7,46
1422124,2024,2024-03-25,M Chinnaswamy Stadium,Bengaluru,Royal Challengers Bengaluru,Royal Challengers Bengaluru,Punjab Kings,Punjab Kings,2,false,Royal Challengers Bengaluru,field,Royal Challengers Bengaluru,true,178,6,116,108,18,6,41,18,7,0,50,2,36,17,36,9,0,68,2,54,17,26,2,3,60,2,26,7,46,7,3,176,6,120,40,36,1,19,28,88,54,3,15,52,48,30,2,10,28
1422125,2024,2024-03-26,MA Chidambaram Stadium,Chennai,Chennai Super Kings,Chennai Super Kings,Gujarat Titans,Gujarat Titans,1,true,Gujarat Titans,field,Chennai Super Kings,true,206,6,120,134,17,11,33,6,5,0,69,1,36,12,54,9,3,86,2,54,13,50,5,5,51,3,30,8,30,3,3,143,8,120,43,36,2,17,28,71,54,3,15,24,29,30,3,16,18
1422125,2024,2024-03-26,MA Chidambaram Stadium,Chennai,Gujarat Titans,Gujarat Titans,Chennai Super Kings,Chennai Super Kings,2,false,Gujarat Titans,field,Chennai Super Kings,false,143,8,120,70,13,3,48,11,9,0,43,2,36,17,28,4,2,71,3,54,15,24,6,0,29,3,30,16,18,3,1,206,6,120,69,36,1,12,54,86,54,2,13,50,51,30,3,8,30
1422126,2024,2024-03-27,"Rajiv Gandhi International Stadium, Uppal",Hyderabad,Sunrisers Hyderabad,Sunrisers Hyderabad,Mumbai Indians,Mumbai Indians,1,true,Mumbai Indians,field,Sunrisers Hyderabad,true,277,3,120,184,19,18,19,19,12,2,81,1,36,8,64,10,4,121,2,54,7,76,4,10,75,0,30,4,44,5,4,246,5,120,76,36,2,12,58,109,54,2,12,70,61,30,1,6,40
1422126,2024,2024-03-27,"Rajiv Gandhi International Stadium, Uppal",Hyderabad,Mumbai Indians,Mumbai Indians,Sunrisers Hyderabad,Sunrisers Hyderabad,2,false,Mumbai Indians,field,Sunrisers Hyderabad,false,246,5,120,168,12,20,30,11,5,1,76,2,36,12,58,4,7,109,2,54,12,70,4,9,61,1,30,6,40,4,4,277,3,120,81,36,1,8,64,121,54,2,7,76,75,30,0,4,44
1422127,2024,2024-03-28,Sawai Mansingh Stadium,Jaipur,Rajasthan Royals,Rajasthan Royals,Delhi Capitals,Delhi Capitals,1,true,Delhi Capitals,field,Rajasthan Royals,true,185,5,120,120,15,10,39,7,5,0,31,2,36,20,16,4,0,77,2,54,14,42,3,5,77,1,30,5,62,8,5,173,5,120,59,36,2,16,50,61,54,2,17,26,53,30,1,5,26
1422127,2024,2024-03-28,Sawai Mansingh Stadium,Jaipur,Delhi Capitals,Delhi Capitals,Rajasthan Royals,Rajasthan Royals,2,false,Delhi Capitals,field,Rajasthan Royals,false,173,5,120,102,15,7,38,5,4,0,59,2,36,16,50,8,3,61,2,54,17,26,5,1,53,1,30,5,26,2,3,185,5,120,31,36,2,20,16,77,54,2,14,42,77,30,1,5,62
1422128,2024,2024-03-29,M Chinnaswamy Stadium,Bengaluru,Royal Challengers Bengaluru,Royal Challengers Bengaluru,Kolkata Knight Riders,Kolkata Knight Riders,1,true,Kolkata Knight Riders,field,Kolkata Knight Riders,false,182,6,120,110,11,11,40,4,3,0,61,1,36,13,42,6,3,73,2,54,17,40,4,4,48,3,30,10,28,1,4,186,3,101,85,36,0,10,58,82,54,2,15,46,19,11,1,2,10
1422128,2024,2024-03-29,M Chinnaswamy Stadium,Bengaluru,Kolkata Knight Riders,Kolkata Knight Riders,Royal Challengers Bengaluru,Royal Challengers Bengaluru,2,false,Kolkata Knight Riders,field,Kolkata Knight Riders,true,186,3,101,114,9,13,27,15,8,0,85,0,36,10,58,4,7,82,2,54,15,46,4,5,19,1,11,2,10,1,1,182,6,120,61,36,1,13,42,73,54,2,17,40,48,30,3,10,28
1422129,2024,2024-03-30,Bharat Ratna Shri Atal Bihari Vajpayee Ekana Cricket Stadium,Lucknow,Lucknow Super Giants,Lucknow Super Giants,Punjab Kings,Punjab Kings,1,true,Lucknow Super Giants,bat,Lucknow Super Giants,true,199,8,120,120,15,10,34,7,5,0,54,2,36,16,38,5,3,92,2,54,9,54,6,5,53,4,30,9,28,4,2,178,5,120,61,36,0,12,46,75,54,2,21,50,42,30,3,9,24
1422129,2024,2024-03-30,Bharat Ratna Shri Atal Bihari Vajpayee Ekana Cricket Stadium,Lucknow,Punjab Kings,Punjab Kings,Lucknow Super Giants,Lucknow Super Giants,2,false,Lucknow Super Giants,bat,Lucknow Super Giants,false,178,5,120,120,15,10,42,4,2,0,61,0,36,12,46,7,3,75,2,54,21,50,5,5,42,3,30,9,24,3,2,199,8,120,54,36,2,16,38,92,54,2,9,54,53,30,4,9,28
1422130,2024,2024-03-31,Narendra Modi Stadium,Ahmedabad,Sunrisers Hyderabad,Sunrisers Hyderabad,Gujarat Titans,Gujarat Titans,1,true,Sunrisers Hyderabad,bat,Gujarat Titans,false,162,8,120,84,12,6,40,4,2,0,56,1,36,14,36,6,2,66,4,54,19,32,5,2,40,3,30,7,16,1,2,168,3,115,52,36,1,10,30,62,54,1,11,16,54,25,1,7,42
1422130,2024,2024-03-31,Narendra Modi Stadium,Ahmedabad,Gujarat Titans,Gujarat Titans,Sunrisers Hyderabad,Sunrisers Hyderabad,2,false,Sunrisers Hyderabad,bat,Gujarat Titans,true,168,3,115,88,13,6,28,4,4,0,52,1,36,10,30,3,3,62,1,54,11,16,4,0,54,1,25,7,42,6,3,162,8,120,56,36,1,14,36,66,54,4,19,32,40,30,3,7,16
1422131,2024,2024-03-31,Dr Y.S. Rajasekhara Reddy ACA-VDCA Cricket Stadium,Visakhapatnam,Delhi Capitals,Delhi Capitals,Chennai Super Kings,Chennai Super Kings,1,true,Delhi Capitals,bat,Delhi Capitals,true,191,5,120,118,16,9,38,11,5,1,62,0,36,13,44,8,2,72,4,54,20,42,3,5,57,1,30,5,32,5,2,171,6,120,32,36,2,20,18,81,54,3,12,38,58,30,1,8,38
1422131,2024,2024-03-31,Dr Y.S. Rajasekhara Reddy ACA-VDCA Cricket Stadium,Visakhapatnam,Chennai Super Kings,Chennai Super Kings,Delhi Capitals,Delhi Capitals,2,false,Delhi Capitals,bat,Delhi Capitals,false,171,6,120,94,13,7,40,13,8,1,32,2,36,20,18,3,1,81,3,54,12,38,5,3,58,1,30,8,38,5,3,191,5,120,62,36,0,13,44,72,54,4,20,42,57,30,1,5,32
1422132,2024,2024-04-01,Wankhede Stadium,Mumbai,Mumbai Indians,Mumbai Indians,Rajasthan Royals,Rajasthan Royals,1,true,Rajasthan Royals,field,Rajasthan Royals,false,125,9,120,58,10,3,58,7,4,0,46,4,36,21,32,5,2,56,3,54,22,18,3,1,23,2,30,15,8,2,0,127,4,93,46,36,2,21,28,65,54,2,17,30,16,3,0,0,16
1422132,2024,2024-04-01,Wankhede Stadium,Mumbai,Rajasthan Royals,Rajasthan Royals,Mumbai Indians,Mumbai Indians,2,false,Rajasthan Royals,field,Rajasthan Royals,true,127,4,93,74,14,3,38,14,10,0,46,2,36,21,28,7,0,65,2,54,17,30,6,1,16,0,3,0,16,1,2,125,9,120,46,36,4,21,32,56,54,3,22,18,23,30,2,15,8
1422133,2024,2024-04-02,M Chinnaswamy Stadium,Bengaluru,Lucknow Super Giants,Lucknow Super Giants,Royal Challengers Bengaluru,Royal Challengers Bengaluru,1,true,Royal Challengers Bengaluru,field,Lucknow Super Giants,true,181,5,120,124,10,14,51,10,10,0,54,1,36,16,40,4,4,77,2,54,20,42,3,5,50,2,30,15,42,3,5,153,10,118,48,36,3,13,30,56,54,3,26,24,49,28,4,12,38
1422133,2024,2024-04-02,M Chinnaswamy Stadium,Bengaluru,Royal Challengers Bengaluru,Royal Challengers Bengaluru,Lucknow Super Giants,Lucknow Super Giants,2,false,Royal Challengers Bengaluru,field,Lucknow Super Giants,false,153,10,118,92,11,8,51,11,8,0,48,3,36,13,30,6,1,56,3,54,26,24,3,2,49,4,28,12,38,2,5,181,5,120,54,36,1,16,40,77,54,2,20,42,50,30,2,15,42
1422134,2024,2024-04-03,Dr Y.S. Rajasekhara Reddy ACA-VDCA Cricket Stadium,Visakhapatnam,Kolkata Knight Riders,Kolkata Knight Riders,Delhi Capitals,Delhi Capitals,1,true,Kolkata Knight Riders,bat,Kolkata Knight Riders,true,272,7,120,196,22,18,33,22,15,1,88,1,36,13,72,12,4,107,2,54,11,70,7,7,77,4,30,9,54,3,7,166,10,104,51,36,4,19,36,108,54,3,18,78,7,14,3,9,0
1422134,2024,2024-04-03,Dr Y.S. Rajasekhara Reddy ACA-VDCA Cricket Stadium,Visakhapatnam,Delhi Capitals,Delhi Capitals,Kolkata Knight Riders,Kolkata Knight Riders,2,false,Kolkata Knight Riders,bat,Kolkata Knight Riders,false,166,10,104,114,12,11,46,16,5,0,51,4,36,19,36,6,2,108,3,54,18,78,6,9,7,3,14,9,0,0,0,272,7,120,88,36,1,13,72,107,54,2,11,70,77,30,4,9,54
1422135,2024,2024-04-04,Narendra Modi Stadium,Ahmedabad,Gujarat Titans,Gujarat Titans,Punjab Kings,Punjab Kings,1,true,Punjab Kings,field,Punjab Kings,false,199,4,120,114,21,5,29,9,4,0,52,1,36,16,34,7,1,82,2,54,12,46,10,1,65,1,30,1,34,4,3,200,7,119,54,36,2,13,38,84,54,3,15,42,62,29,2,4,40
1422135,2024,2024-04-04,Narendra Modi Stadium,Ahmedabad,Punjab Kings,Punjab Kings,Gujarat Titans,Gujarat Titans,2,false,Punjab Kings,field,Punjab Kings,true,200,7,119,120,18,8,32,13,5,0,54,2,36,13,38,8,1,84,3,54,15,42,6,3,62,2,29,4,40,4,4,199,4,120,52,36,1,16,34,82,54,2,12,46,65,30,1,1,34
1422136,2024,2024-04-05,"Rajiv Gandhi International Stadium, Uppal",Hyderabad,Chennai Super Kings,Chennai Super Kings,Sunrisers Hyderabad,Sunrisers Hyderabad,1,true,Sunrisers Hyderabad,field,Sunrisers Hyderabad,false,165,5,120,92,14,6,38,2,1,0,48,1,36,17,36,6,2,79,3,54,15,40,4,4,38,1,30,6,16,4,0,166,4,109,78,36,1,14,66,57,54,2,15,10,31,19,1,6,20
1422136,2024,2024-04-05,"Rajiv Gandhi International Stadium, Uppal",Hyderabad,Sunrisers Hyderabad,Sunrisers Hyderabad,Chennai Super Kings,Chennai Super Kings,2,false,Sunrisers Hyderabad,field,Sunrisers Hyderabad,true,166,4,109,96,12,8,35,6,1,1,78,1,36,14,66,9,5,57,2,54,15,10,1,1,31,1,19,6,20,2,2,165,5,120,48,36,1,17,36,79,54,3,15,40,38,30,1,6,16
1422137,2024,2024-04-06,Sawai Mansingh Stadium,Jaipur,Royal Challengers Bengaluru,Royal Challengers Bengaluru,Rajasthan Royals,Rajasthan Royals,1,true,Rajasthan Royals,field,Rajasthan Royals,false,183,3,120,98,14,7,31,11,9,0,53,0,36,12,30,6,1,76,2,54,11,32,2,4,54,1,30,8,36,6,2,189,4,115,54,36,1,16,42,98,54,1,10,56,37,25,2,7,18
1422137,2024,2024-04-06,Sawai Mansingh Stadium,Jaipur,Rajasthan Royals,Rajasthan Royals,Royal Challengers Bengaluru,Royal Challengers Bengaluru,2,false,Rajasthan Royals,field,Rajasthan Royals,true,189,4,115,116,20,6,33,3,3,0,54,1,36,16,42,9,1,98,1,54,10,56,8,4,37,2,25,7,18,3,1,183,3,120,53,36,0,12,30,76,54,2,11,32,54,30,1,8,36
1422138,2024,2024-04-07,Wankhede Stadium,Mumbai,Mumbai Indians,Mumbai Indians,Delhi Capitals,Delhi Capitals,1,true,Delhi Capitals,field,Mumbai Indians,true,234,5,120,160,19,14,37,14,13,1,75,0,36,12,54,9,3,63,4,54,20,32,5,2,96,1,30,5,74,5,9,205,8,120,46,36,1,21,36,98,54,2,8,60,61,30,5,8,42
1422138,2024,2024-04-07,Wankhede Stadium,Mumbai,Delhi Capitals,Delhi Capitals,Mumbai Indians,Mumbai Indians,2,false,Delhi Capitals,field,Mumbai Indians,false,205,8,120,138,18,11,37,3,1,1,46,1,36,21,36,6,2,98,2,54,8,60,9,4,61,5,30,8,42,3,5,234,5,120,75,36,0,12,54,63,54,4,20,32,96,30,1,5,74
1422139,2024,2024-04-07,Bharat Ratna Shri Atal Bihari Vajpayee Ekana Cricket Stadium,Lucknow,Lucknow Super Giants,Lucknow Super Giants,Gujarat Titans,Gujarat Titans,1,true,Lucknow Super Giants,bat,Lucknow Super Giants,true,163,5,120,80,11,6,37,5,1,0,47,2,36,18,26,5,1,67,2,54,11,24,3,2,49,1,30,8,30,3,3,130,10,113,54,36,1,13,24,39,54,6,26,12,37,23,3,11,24
1422139,2024,2024-04-07,Bharat Ratna Shri Atal Bihari Vajpayee Ekana Cricket Stadium,Lucknow,Gujarat Titans,Gujarat Titans,Lucknow Super Giants,Lucknow Super Giants,2,false,Lucknow Super Giants,bat,Lucknow Super Giants,false,130,10,113,60,9,4,50,12,6,3,54,1,36,13,24,6,0,39,6,54,26,12,0,2,37,3,23,11,24,3,2,163,5,120,47,36,2,18,26,67,54,2,11,24,49,30,1,8,30
1426260,2024,2024-04-08,MA Chidambaram Stadium,Chennai,Kolkata Knight Riders,Kolkata Knight Riders,Chennai Super Kings,Chennai Super Kings,1,true,Chennai Super Kings,field,Chennai Super Kings,false,137,9,120,68,11,4,55,13,6,2,56,1,36,18,42,6,3,43,4,54,24,10,1,1,38,4,30,13,16,4,0,141,3,106,52,36,1,15,36,63,54,1,16,22,26,16,1,8,22
1426260,2024,2024-04-08,MA Chidambaram Stadium,Chennai,Chennai Super Kings,Chennai Super Kings,Kolkata Knight Riders,Kolkata Knight Riders,2,false,Chennai Super Kings,field,Chennai Super Kings,true,141,3,106,80,14,4,39,5,3,0,52,1,36,15,36,9,0,63,1,54,16,22,4,1,26,1,16,8,22,1,3,137,9,120,56,36,1,18,42,43,54,4,24,10,38,30,4,13,16
1426261,2024,2024-04-09,Maharaja Yadavindra Singh International Cricket Stadium,Mohali,Sunrisers Hyderabad,Sunrisers Hyderabad,Punjab Kings,Punjab Kings,1,true,Punjab Kings,field,Sunrisers Hyderabad,true,182,9,120,120,18,8,47,7,5,0,40,3,36,23,30,6,1,93,2,54,15,62,8,5,49,4,30,9,28,4,2,180,6,120,27,36,3,23,16,78,54,2,17,48,75,30,1,5,52
1426261,2024,2024-04-09,Maharaja Yadavindra Singh International Cricket Stadium,Mohali,Punjab Kings,Punjab Kings,Sunrisers Hyderabad,Sunrisers Hyderabad,2,false,Punjab Kings,field,Sunrisers Hyderabad,false,180,6,120,116,17,8,45,7,6,0,27,3,36,23,16,4,0,78,2,54,17,48,6,4,75,1,30,5,52,7,4,182,9,120,40,36,3,23,30,93,54,2,15,62,49,30,4,9,28
1426262,2024,2024-04-10,Sawai Mansingh Stadium,Jaipur,Rajasthan Royals,Rajasthan Royals,Gujarat Titans,Gujarat Titans,1,true,Gujarat Titans,field,Gujarat Titans,false,196,3,120,112,16,8,34,7,7,0,43,2,36,17,28,7,0,91,0,54,13,50,5,5,62,1,30,4,34,4,3,199,7,120,44,36,0,15,26,80,54,4,9,32,75,30,3,1,46
1426262,2024,2024-04-10,Sawai Mansingh Stadium,Jaipur,Gujarat Titans,Gujarat Titans,Rajasthan Royals,Rajasthan Royals,2,false,Gujarat Titans,field,Gujarat Titans,true,199,7,120,104,20,4,25,11,7,1,44,0,36,15,26,2,3,80,4,54,9,32,8,0,75,3,30,1,46,10,1,196,3,120,43,36,2,17,28,91,54,0,13,50,62,30,1,4,34
1426263,2024,2024-04-11,Wankhede Stadium,Mumbai,Royal Challengers Bengaluru,Royal Challengers Bengaluru,Mumbai Indians,Mumbai Indians,1,true,Mumbai Indians,field,Mumbai Indians,false,196,8,120,126,15,11,43,10,8,0,44,2,36,20,36,6,2,86,2,54,15,42,3,5,66,4,30,8,48,6,4,199,3,93,72,36,0,14,60,116,54,3,15,92,11,3,0,0,10
1426263,2024,2024-04-11,Wankhede Stadium,Mumbai,Mumbai Indians,Mumbai Indians,Royal Challengers Bengaluru,Royal Challengers Bengaluru,2,false,Mumbai Indians,field,Mumbai Indians,true,199,3,93,162,18,15,29,3,3,0,72,0,36,14,60,6,6,116,3,54,15,92,11,8,11,0,3,0,10,1,1,196,8,120,44,36,2,20,36,86,54,2,15,42,66,30,4,8,48
1426264,2024,2024-04-12,Bharat Ratna Shri Atal Bihari Vajpayee Ekana Cricket Stadium,Lucknow,Lucknow Super Giants,Lucknow Super Giants,Delhi Capitals,Delhi Capitals,1,true,Lucknow Super Giants,bat,Delhi Capitals,false,167,7,120,80,17,2,37,10,7,0,57,2,36,14,38,8,1,57,5,54,16,16,4,0,53,0,30,7,26,5,1,170,4,109,62,36,1,15,44,83,54,2,19,50,25,19,1,6,10
1426264,2024,2024-04-12,Bharat Ratna Shri Atal Bihari Vajpayee Ekana Cricket Stadium,Lucknow,Delhi Capitals,Delhi Capitals,Lucknow Super Giants,Lucknow Super Giants,2,false,Lucknow Super Giants,bat,Delhi Capitals,true,170,4,109,104,14,8,40,8,7,0,62,1,36,15,44,8,2,83,2,54,19,50,5,5,25,1,19,6,10,1,1,167,7,120,57,36,2,14,38,57,54,5,16,16,53,30,0,7,26
1426265,2024,2024-04-13,Maharaja Yadavindra Singh International Cricket Stadium,Mohali,Punjab Kings,Punjab Kings,Rajasthan Royals,Rajasthan Royals,1,true,Rajasthan Royals,field,Rajasthan Royals,false,147,8,120,72,9,6,40,8,5,1,38,1,36,14,16,4,0,48,4,54,20,14,2,1,61,3,30,6,42,3,5,152,7,119,43,36,0,17,24,56,54,3,18,18,53,29,4,8,36
1426265,2024,2024-04-13,Maharaja Yadavindra Singh International Cricket Stadium,Mohali,Rajasthan Royals,Rajasthan Royals,Punjab Kings,Punjab Kings,2,false,Rajasthan Royals,field,Rajasthan Royals,true,152,7,119,78,12,5,43,3,3,0,43,0,36,17,24,6,0,56,3,54,18,18,3,1,53,4,29,8,36,3,4,147,8,120,38,36,1,14,16,48,54,4,20,14,61,30,3,6,42
1426266,2024,2024-04-14,Eden Gardens,Kolkata,Lucknow Super Giants,Lucknow Super Giants,Kolkata Knight Riders,Kolkata Knight Riders,1,true,Kolkata Knight Riders,field,Kolkata Knight Riders,false,161,7,120,94,13,7,45,8,6,1,49,2,36,17,34,7,1,64,3,54,18,30,3,3,48,2,30,10,30,3,3,162,2,94,58,36,2,18,40,98,54,0,16,64,6,4,0,1,4
1426266,2024,2024-04-14,Eden Gardens,Kolkata,Kolkata Knight Riders,Kolkata Knight Riders,Lucknow Super Giants,Lucknow Super Giants,2,false,Kolkata Knight Riders,field,Kolkata Knight Riders,true,162,2,94,108,21,4,35,22,13,3,58,2,36,18,40,7,2,98,0,54,16,64,13,2,6,0,4,1,4,1,0,161,7,120,49,36,2,17,34,64,54,3,18,30,48,30,2,10,30
1426267,2024,2024-04-14,Wankhede Stadium,Mumbai,Chennai Super Kings,Chennai Super Kings,Mumbai Indians,Mumbai Indians,1,true,Mumbai Indians,field,Chennai Super Kings,true,206,4,120,142,19,11,39,8,5,0,48,1,36,18,36,6,2,101,1,54,15,72,9,6,57,2,30,6,34,4,3,186,6,120,63,36,0,14,50,69,54,3,20,44,54,30,3,7,30
1426267,2024,2024-04-14,Wankhede Stadium,Mumbai,Mumbai Indians,Mumbai Indians,Chennai Super Kings,Chennai Super Kings,2,false,Mumbai Indians,field,Chennai Super Kings,false,186,6,120,124,19,8,41,7,5,0,63,0,36,14,50,8,3,69,3,54,20,44,8,2,54,3,30,7,30,3,3,206,4,120,48,36,1,18,36,101,54,1,15,72,57,30,2,6,34
1426268,2024,2024-04-15,M Chinnaswamy Stadium,Bengaluru,Sunrisers Hyderabad,Sunrisers Hyderabad,Royal Challengers Bengaluru,Royal Challengers Bengaluru,1,true,Royal Challengers Bengaluru,field,Sunrisers Hyderabad,true,287,3,120,208,19,22,22,15,12,1,76,0,36,9,56,5,6,129,2,54,9,90,9,9,82,1,30,4,62,5,7,262,7,120,79,36,0,11,68,108,54,6,13,74,75,30,1,5,50
1426268,2024,2024-04-15,M Chinnaswamy Stadium,Bengaluru,Royal Challengers Bengaluru,Royal Challengers Bengaluru,Sunrisers Hyderabad,Sunrisers Hyderabad,2,false,Royal Challengers Bengaluru,field,Sunrisers Hyderabad,false,262,7,120,192,24,16,29,14,13,0,79,0,36,11,68,11,4,108,6,54,13,74,8,7,75,1,30,5,50,5,5,287,3,120,76,36,0,9,56,129,54,2,9,90,82,30,1,4,62
1426269,2024,2024-04-16,Eden Gardens,Kolkata,Kolkata Knight Riders,Kolkata Knight Riders,Rajasthan Royals,Rajasthan Royals,1,true,Rajasthan Royals,field,Rajasthan Royals,false,223,6,120,150,24,9,39,21,13,0,56,1,36,14,34,7,1,105,2,54,16,68,11,4,62,3,30,9,48,6,4,224,8,120,76,36,2,10,58,69,54,4,20,34,79,30,2,9,60
1426269,2024,2024-04-16,Eden Gardens,Kolkata,Rajasthan Royals,Rajasthan Royals,Kolkata Knight Riders,Kolkata Knight Riders,2,false,Rajasthan Royals,field,Rajasthan Royals,true,224,8,120,152,20,12,39,16,14,1,76,2,36,10,58,10,3,69,4,54,20,34,7,1,79,2,30,9,60,3,8,223,6,120,56,36,1,14,34,105,54,2,16,68,62,30,3,9,48
1426270,2024,2024-04-17,Narendra Modi Stadium,Ahmedabad,Gujarat Titans,Gujarat Titans,Delhi Capitals,Delhi Capitals,1,true,Delhi Capitals,field,Delhi Capitals,false,89,10,105,38,8,1,59,12,5,2,30,4,36,23,16,4,0,48,4,54,27,16,4,0,11,2,15,9,6,0,1,92,4,53,67,36,4,16,54,25,17,0,7,18,0,0,0,0,0
1426270,2024,2024-04-17,Narendra Modi Stadium,Ahmedabad,Delhi Capitals,Delhi Capitals,Gujarat Titans,Gujarat Titans,2,false,Delhi Capitals,field,Delhi Capitals,true,92,4,53,72,9,6,23,6,2,0,67,4,36,16,54,6,5,25,0,17,7,18,3,1,0,0,0,0,0,0,0,89,10,105,30,36,4,23,16,48,54,4,27,16,11,15,2,9,6
1426271,2024,2024-04-18,Maharaja Yadavindra Singh International Cricket Stadium,Mohali,Mumbai Indians,Mumbai Indians,Punjab Kings,Punjab Kings,1,true,Punjab Kings,field,Mumbai Indians,true,192,7,120,116,14,10,34,11,5,0,54,1,36,13,40,7,2,76,1,54,12,34,4,3,62,5,30,9,42,3,5,183,10,115,40,36,4,19,20,101,54,3,14,68,42,25,3,11,24
1426271,2024,2024-04-18,Maharaja Yadavindra Singh International Cricket Stadium,Mohali,Punjab Kings,Punjab Kings,Mumbai Indians,Mumbai Indians,2,false,Punjab Kings,field,Mumbai Indians,false,183,10,115,112,10,12,44,21,14,2,40,4,36,19,20,5,0,101,3,54,14,68,5,8,42,3,25,11,24,0,4,192,7,120,54,36,1,13,40,76,54,1,12,34,62,30,5,9,42
1426272,2024,2024-04-19,Bharat Ratna Shri Atal Bihari Vajpayee Ekana Cricket Stadium,Lucknow,Chennai Super Kings,Chennai Super Kings,Lucknow Super Giants,Lucknow Super Giants,1,true,Lucknow Super Giants,field,Lucknow Super Giants,false,176,6,120,98,14,7,36,4,3,0,51,2,36,12,30,6,1,54,3,54,17,16,4,0,71,1,30,7,52,4,6,180,2,114,54,36,0,14,38,80,54,1,12,38,46,24,1,5,26
1426272,2024,2024-04-19,Bharat Ratna Shri Atal Bihari Vajpayee Ekana Cricket Stadium,Lucknow,Lucknow Super Giants,Lucknow Super Giants,Chennai Super Kings,Chennai Super Kings,2,false,Lucknow Super Giants,field,Lucknow Super Giants,true,180,2,114,102,18,5,31,13,9,1,54,0,36,14,38,5,3,80,1,54,12,38,8,1,46,1,24,5,26,5,1,176,6,120,51,36,2,12,30,54,54,3,17,16,71,30,1,7,52
1426273,2024,2024-04-20,Arun Jaitley Stadium,Delhi,Sunrisers Hyderabad,Sunrisers Hyderabad,Delhi Capitals,Delhi Capitals,1,true,Delhi Capitals,field,Sunrisers Hyderabad,true,266,7,120,204,18,22,26,5,3,0,125,0,36,5,118,13,11,80,4,54,14,44,2,6,61,3,30,7,42,3,5,199,10,115,88,36,2,13,76,78,54,4,19,48,33,25,4,8,18
1426273,2024,2024-04-20,Arun Jaitley Stadium,Delhi,Delhi Capitals,Delhi Capitals,Sunrisers Hyderabad,Sunrisers Hyderabad,2,false,Delhi Capitals,field,Sunrisers Hyderabad,false,199,10,115,142,22,9,40,8,7,0,88,2,36,13,76,13,4,78,4,54,19,48,6,4,33,4,25,8,18,3,1,266,7,120,125,36,0,5,118,80,54,4,14,44,61,30,3,7,42
1426274,2024,2024-04-21,Eden Gardens,Kolkata,Kolkata Knight Riders,Kolkata Knight Riders,Royal Challengers Bengaluru,Royal Challengers Bengaluru,1,true,Royal Challengers Bengaluru,field,Kolkata Knight Riders,true,222,6,120,150,27,7,32,20,7,1,75,3,36,12,62,11,3,74,2,54,16,42,9,1,73,1,30,4,46,7,3,221,10,120,74,36,2,13,60,100,54,4,18,70,47,30,4,13,36
1426274,2024,2024-04-21,Eden Gardens,Kolkata,Royal Challengers Bengaluru,Royal Challengers Bengaluru,Kolkata Knight Riders,Kolkata Knight Riders,2,false,Royal Challengers Bengaluru,field,Kolkata Knight Riders,false,221,10,120,166,16,17,44,9,4,0,74,2,36,13,60,6,6,100,4,54,18,70,7,7,47,4,30,13,36,3,4,222,6,120,75,36,3,12,62,74,54,2,16,42,73,30,1,4,46
1426275,2024,2024-04-21,Maharaja Yadavindra Singh International Cricket Stadium,Mohali,Punjab Kings,Punjab Kings,Gujarat Titans,Gujarat Titans,1,true,Punjab Kings,bat,Gujarat Titans,false,142,10,120,78,12,5,51,4,2,1,56,1,36,17,42,6,3,41,5,54,26,14,2,1,45,4,30,8,22,4,1,146,7,115,44,36,1,12,24,57,54,3,19,22,45,25,3,7,30
1426275,2024,2024-04-21,Maharaja Yadavindra Singh International Cricket Stadium,Mohali,Gujarat Titans,Gujarat Titans,Punjab Kings,Punjab Kings,2,false,Punjab Kings,bat,Gujarat Titans,true,146,7,115,76,16,2,38,3,1,0,44,1,36,12,24,6,0,57,3,54,19,22,4,1,45,3,25,7,30,6,1,142,10,120,56,36,1,17,42,41,54,5,26,14,45,30,4,8,22
1426276,2024,2024-04-22,Sawai Mansingh Stadium,Jaipur,Mumbai Indians,Mumbai Indians,Rajasthan Royals,Rajasthan Royals,1,true,Mumbai Indians,bat,Rajasthan Royals,false,179,9,120,104,14,8,39,10,9,0,45,3,36,15,26,5,1,86,1,54,13,50,8,3,48,5,30,11,28,1,4,183,1,112,61,36,0,13,46,90,54,1,15,58,32,22,0,7,18
1426276,2024,2024-04-22,Sawai Mansingh Stadium,Jaipur,Rajasthan Royals,Rajasthan Royals,Mumbai Indians,Mumbai Indians,2,false,Mumbai Indians,bat,Rajasthan Royals,true,183,1,112,122,17,9,35,6,4,1,61,0,36,13,46,10,1,90,1,54,15,58,4,7,32,0,22,7,18,3,1,179,9,120,45,36,3,15,26,86,54,1,13,50,48,30,5,11,28
1426277,2024,2024-04-23,MA Chidambaram Stadium,Chennai,Chennai Super Kings,Chennai Super Kings,Lucknow Super Giants,Lucknow Super Giants,1,true,Lucknow Super Giants,field,Lucknow Super Giants,false,210,4,120,136,19,10,32,4,2,0,49,2,36,12,28,7,0,86,1,54,10,44,8,2,75,1,30,10,64,4,8,213,4,117,45,36,2,16,30,92,54,1,9,44,76,27,1,5,62
1426277,2024,2024-04-23,MA Chidambaram Stadium,Chennai,Lucknow Super Giants,Lucknow Super Giants,Chennai Super Kings,Chennai Super Kings,2,false,Lucknow Super Giants,field,Lucknow Super Giants,true,213,4,117,136,19,10,30,9,3,3,45,2,36,16,30,6,1,92,1,54,9,44,5,4,76,1,27,5,62,8,5,210,4,120,49,36,2,12,28,86,54,1,10,44,75,30,1,10,64
1426278,2024,2024-04-24,Arun Jaitley Stadium,Delhi,Delhi Capitals,Delhi Capitals,Gujarat Titans,Gujarat Titans,1,true,Gujarat Titans,field,Delhi Capitals,true,224,4,120,168,18,16,38,5,3,0,44,3,36,18,32,5,2,83,0,54,16,54,9,3,97,1,30,4,82,4,11,220,8,120,67,36,1,11,52,80,54,4,12,40,73,30,3,8,56
1426278,2024,2024-04-24,Arun Jaitley Stadium,Delhi,Gujarat Titans,Gujarat Titans,Delhi Capitals,Delhi Capitals,2,false,Gujarat Titans,field,Delhi Capitals,false,220,8,120,148,22,10,31,8,3,1,67,1,36,11,52,10,2,80,4,54,12,40,7,2,73,3,30,8,56,5,6,224,4,120,44,36,3,18,32,83,54,0,16,54,97,30,1,4,82
1426279,2024,2024-04-25,"Rajiv Gandhi International Stadium, Uppal",Hyderabad,Royal Challengers Bengaluru,Royal Challengers Bengaluru,Sunrisers Hyderabad,Sunrisers Hyderabad,1,true,Royal Challengers Bengaluru,bat,Royal Challengers Bengaluru,true,206,7,120,120,18,8,21,7,5,0,61,1,36,9,40,7,2,81,3,54,8,38,2,5,64,3,30,4,42,9,1,171,8,120,62,36,4,13,40,70,54,3,18,36,39,30,1,12,18
1426279,2024,2024-04-25,"Rajiv Gandhi International Stadium, Uppal",Hyderabad,Sunrisers Hyderabad,Sunrisers Hyderabad,Royal Challengers Bengaluru,Royal Challengers Bengaluru,2,false,Royal Challengers Bengaluru,bat,Royal Challengers Bengaluru,false,171,8,120,94,10,9,43,10,8,1,62,4,36,13,40,4,4,70,3,54,18,36,3,4,39,1,30,12,18,3,1,206,7,120,61,36,1,9,40,81,54,3,8,38,64,30,3,4,42
1426280,2024,2024-04-26,Eden Gardens,Kolkata,Kolkata Knight Riders,Kolkata Knight Riders,Punjab Kings,Punjab Kings,1,true,Punjab Kings,field,Punjab Kings,false,261,6,120,196,22,18,34,13,10,1,76,0,36,11,60,9,4,114,2,54,15,84,9,8,71,4,30,8,52,4,6,262,2,112,93,36,1,8,78,108,54,1,15,76,61,22,0,4,50
1426280,2024,2024-04-26,Eden Gardens,Kolkata,Punjab Kings,Punjab Kings,Kolkata Knight Riders,Kolkata Knight Riders,2,false,Punjab Kings,field,Punjab Kings,true,262,2,112,204,15,24,27,6,4,0,93,1,36,8,78,9,7,108,1,54,15,76,4,10,61,0,22,4,50,2,7,261,6,120,76,36,0,11,60,114,54,2,15,84,71,30,4,8,52
1426281,2024,2024-04-27,Arun Jaitley Stadium,Delhi,Delhi Capitals,Delhi Capitals,Mumbai Indians,Mumbai Indians,1,true,Mumbai Indians,field,Delhi Capitals,true,257,4,120,190,22,17,30,8,6,1,92,0,36,10,78,12,5,98,3,54,17,64,4,8,67,1,30,3,48,6,4,247,9,120,65,36,3,14,44,108,54,2,7,74,74,30,4,5,52
1426281,2024,2024-04-27,Arun Jaitley Stadium,Delhi,Mumbai Indians,Mumbai Indians,Delhi Capitals,Delhi Capitals,2,false,Mumbai Indians,field,Delhi Capitals,false,247,9,120,170,20,15,26,17,12,1,65,3,36,14,44,8,2,108,2,54,7,74,8,7,74,4,30,5,52,4,6,257,4,120,92,36,0,10,78,98,54,3,17,64,67,30,1,3,48
1426282,2024,2024-04-27,Bharat Ratna Shri Atal Bihari Vajpayee Ekana Cricket Stadium,Lucknow,Lucknow Super Giants,Lucknow Super Giants,Rajasthan Royals,Rajasthan Royals,1,true,Rajasthan Royals,field,Rajasthan Royals,false,196,5,120,92,20,2,30,18,15,1,46,2,36,17,32,8,0,104,1,54,8,52,10,2,46,2,30,5,8,2,0,199,3,114,60,36,1,11,40,84,54,2,13,50,55,24,0,4,40
1426282,2024,2024-04-27,Bharat Ratna Shri Atal Bihari Vajpayee Ekana Cricket Stadium,Lucknow,Rajasthan Royals,Rajasthan Royals,Lucknow Super Giants,Lucknow Super Giants,2,false,Rajasthan Royals,field,Rajasthan Royals,true,199,3,114,130,19,9,28,4,2,0,60,1,36,11,40,7,2,84,2,54,13,50,8,3,55,0,24,4,40,4,4,196,5,120,46,36,2,17,32,104,54,1,8,52,46,30,2,5,8
1426283,2024,2024-04-28,Narendra Modi Stadium,Ahmedabad,Gujarat Titans,Gujarat Titans,Royal Challengers Bengaluru,Royal Challengers Bengaluru,1,true,Royal Challengers Bengaluru,field,Royal Challengers Bengaluru,false,200,3,120,120,15,10,33,11,9,1,42,1,36,14,20,5,0,96,2,54,13,62,5,7,62,0,30,6,38,5,3,206,1,96,63,36,1,14,42,114,54,0,9,74,29,6,0,0,28
1426283,2024,2024-04-28,Narendra Modi Stadium,Ahmedabad,Royal Challengers Bengaluru,Royal Challengers Bengaluru,Gujarat Titans,Gujarat Titans,2,false,Royal Challengers Bengaluru,field,Royal Challengers Bengaluru,true,206,1,96,144,12,16,23,12,3,1,63,1,36,14,42,3,5,114,0,54,9,74,8,7,29,0,6,0,28,1,4,200,3,120,42,36,1,14,20,96,54,2,13,62,62,30,0,6,38
1426284,2024,2024-04-28,MA Chidambaram Stadium,Chennai,Chennai Super Kings,Chennai Super Kings,Sunrisers Hyderabad,Sunrisers Hyderabad,1,true,Sunrisers Hyderabad,field,Chennai Super Kings,true,212,3,120,128,20,8,24,9,6,0,50,1,36,12,32,8,0,98,1,54,7,56,8,4,64,1,30,5,40,4,4,134,10,113,53,36,3,10,32,56,54,2,16,14,25,23,5,10,14
1426284,2024,2024-04-28,MA Chidambaram Stadium,Chennai,Sunrisers Hyderabad,Sunrisers Hyderabad,Chennai Super Kings,Chennai Super Kings,2,false,Sunrisers Hyderabad,field,Chennai Super Kings,false,134,10,113,60,9,4,36,3,2,1,53,3,36,10,32,5,2,56,2,54,16,14,2,1,25,5,23,10,14,2,1,212,3,120,50,36,1,12,32,98,54,1,7,56,64,30,1,5,40
1426285,2024,2024-04-29,Eden Gardens,Kolkata,Delhi Capitals,Delhi Capitals,Kolkata Knight Riders,Kolkata Knight Riders,1,true,Delhi Capitals,bat,Kolkata Knight Riders,false,153,9,120,94,16,5,54,13,9,1,67,3,36,14,52,7,4,45,5,54,27,20,5,0,41,1,30,13,22,4,1,157,3,99,79,36,0,12,64,62,54,3,21,30,16,9,0,3,12
1426285,2024,2024-04-29,Eden Gardens,Kolkata,Kolkata Knight Riders,Kolkata Knight Riders,Delhi Capitals,Delhi Capitals,2,false,Delhi Capitals,bat,Kolkata Knight Riders,true,157,3,99,106,16,7,36,4,1,0,79,0,36,12,64,10,4,62,3,54,21,30,6,1,16,0,9,3,12,0,2,153,9,120,67,36,3,14,52,45,54,5,27,20,41,30,1,13,22
1426286,2024,2024-04-30,Bharat Ratna Shri Atal Bihari Vajpayee Ekana Cricket Stadium,Lucknow,Mumbai Indians,Mumbai Indians,Lucknow Super Giants,Lucknow Super Giants,1,true,Lucknow Super Giants,field,Lucknow Super Giants,false,144,7,120,72,12,4,51,8,4,2,28,4,36,22,14,2,1,68,1,54,22,36,6,2,48,2,30,7,22,4,1,145,6,116,52,36,1,17,36,64,54,3,18,30,29,26,2,11,8
1426286,2024,2024-04-30,Bharat Ratna Shri Atal Bihari Vajpayee Ekana Cricket Stadium,Lucknow,Lucknow Super Giants,Lucknow Super Giants,Mumbai Indians,Mumbai Indians,2,false,Lucknow Super Giants,field,Lucknow Super Giants,true,145,6,116,74,14,3,46,11,7,0,52,1,36,17,36,6,2,64,3,54,18,30,6,1,29,2,26,11,8,2,0,144,7,120,28,36,4,22,14,68,54,1,22,36,48,30,2,7,22
1426287,2024,2024-05-01,MA Chidambaram Stadium,Chennai,Chennai Super Kings,Chennai Super Kings,Punjab Kings,Punjab Kings,1,true,Punjab Kings,field,Punjab Kings,false,162,7,120,76,13,4,40,18,12,1,55,0,36,12,36,9,0,47,3,54,18,0,0,0,60,4,30,10,40,4,4,163,3,107,52,36,1,15,38,83,54,2,18,50,28,17,0,5,10
1426287,2024,2024-05-01,MA Chidambaram Stadium,Chennai,Punjab Kings,Punjab Kings,Chennai Super Kings,Chennai Super Kings,2,false,Punjab Kings,field,Punjab Kings,true,163,3,107,98,17,5,38,10,7,2,52,1,36,15,38,8,1,83,2,54,18,50,8,3,28,0,17,5,10,1,1,162,7,120,55,36,0,12,36,47,54,3,18,0,60,30,4,10,40
1426288,2024,2024-05-02,"Rajiv Gandhi International Stadium, Uppal",Hyderabad,Sunrisers Hyderabad,Sunrisers Hyderabad,Rajasthan Royals,Rajasthan Royals,1,true,Sunrisers Hyderabad,bat,Sunrisers Hyderabad,true,201,3,120,142,13,15,46,8,8,0,37,2,36,18,22,4,1,94,1,54,21,68,5,8,70,0,30,7,52,4,6,200,7,120,60,36,2,18,48,97,54,1,11,52,43,30,4,14,24
1426288,2024,2024-05-02,"Rajiv Gandhi International Stadium, Uppal",Hyderabad,Rajasthan Royals,Rajasthan Royals,Sunrisers Hyderabad,Sunrisers Hyderabad,2,false,Sunrisers Hyderabad,bat,Sunrisers Hyderabad,false,200,7,120,124,19,8,43,13,11,2,60,2,36,18,48,9,2,97,1,54,11,52,7,4,43,4,30,14,24,3,2,201,3,120,37,36,2,18,22,94,54,1,21,68,70,30,0,7,52
1426289,2024,2024-05-03,Wankhede Stadium,Mumbai,Kolkata Knight Riders,Kolkata Knight Riders,Mumbai Indians,Mumbai Indians,1,true,Mumbai Indians,field,Kolkata Knight Riders,true,169,10,119,102,12,9,48,7,5,1,57,4,36,18,46,7,3,71,1,54,14,28,4,2,41,5,29,16,28,1,4,145,10,113,46,36,3,17,28,73,54,3,21,40,26,23,4,10,12
1426289,2024,2024-05-03,Wankhede Stadium,Mumbai,Mumbai Indians,Mumbai Indians,Kolkata Knight Riders,Kolkata Knight Riders,2,false,Mumbai Indians,field,Kolkata Knight Riders,false,145,10,113,80,11,6,48,10,6,1,46,3,36,17,28,4,2,73,3,54,21,40,7,2,26,4,23,10,12,0,2,169,10,119,57,36,4,18,46,71,54,1,14,28,41,29,5,16,28
1426290,2024,2024-05-04,M Chinnaswamy Stadium,Bengaluru,Gujarat Titans,Gujarat Titans,Royal Challengers Bengaluru,Royal Challengers Bengaluru,1,true,Royal Challengers Bengaluru,field,Royal Challengers Bengaluru,false,147,10,117,98,17,5,53,7,4,0,23,3,36,23,8,2,0,79,2,54,18,52,7,4,45,5,27,12,38,8,1,152,6,82,92,36,1,10,82,60,46,5,18,38,0,0,0,0,0
1426290,2024,2024-05-04,M Chinnaswamy Stadium,Bengaluru,Royal Challengers Bengaluru,Royal Challengers Bengaluru,Gujarat Titans,Gujarat Titans,2,false,Royal Challengers Bengaluru,field,Royal Challengers Bengaluru,true,152,6,82,120,18,8,28,2,1,0,92,1,36,10,82,10,7,60,5,46,18,38,8,1,0,0,0,0,0,0,0,147,10,117,23,36,3,23,8,79,54,2,18,52,45,27,5,12,38
1426291,2024,2024-05-05,Himachal Pradesh Cricket Association Stadium,Dharamsala,Chennai Super Kings,Chennai Super Kings,Punjab Kings,Punjab Kings,1,true,Punjab Kings,field,Chennai Super Kings,true,167,9,120,90,15,5,37,6,5,0,60,1,36,10,36,6,2,57,4,54,18,24,6,0,50,4,30,9,30,3,3,139,9,120,47,36,2,18,32,44,54,6,27,18,48,30,1,9,28
1426291,2024,2024-05-05,Himachal Pradesh Cricket Association Stadium,Dharamsala,Punjab Kings,Punjab Kings,Chennai Super Kings,Chennai Super Kings,2,false,Punjab Kings,field,Chennai Super Kings,false,139,9,120,78,12,5,54,9,4,0,47,2,36,18,32,5,2,44,6,54,27,18,3,1,48,1,30,9,28,4,2,167,9,120,60,36,1,10,36,57,54,4,18,24,50,30,4,9,30
1426292,2024,2024-05-05,Bharat Ratna Shri Atal Bihari Vajpayee Ekana Cricket Stadium,Lucknow,Kolkata Knight Riders,Kolkata Knight Riders,Lucknow Super Giants,Lucknow Super Giants,1,true,Lucknow Super Giants,field,Kolkata Knight Riders,true,235,6,120,162,21,13,34,13,13,0,70,1,36,12,56,11,2,101,2,54,17,64,4,8,64,3,30,5,42,6,3,137,10,97,55,36,1,17,40,75,54,7,14,36,7,7,2,5,6
1426292,2024,2024-05-05,Bharat Ratna Shri Atal Bihari Vajpayee Ekana Cricket Stadium,Lucknow,Lucknow Super Giants,Lucknow Super Giants,Kolkata Knight Riders,Kolkata Knight Riders,2,false,Lucknow Super Giants,field,Kolkata Knight Riders,false,137,10,97,82,10,7,36,7,6,0,55,1,36,17,40,7,2,75,7,54,14,36,3,4,7,2,7,5,6,0,1,235,6,120,70,36,1,12,56,101,54,2,17,64,64,30,3,5,42
1426293,2024,2024-05-06,Wankhede Stadium,Mumbai,Sunrisers Hyderabad,Sunrisers Hyderabad,Mumbai Indians,Mumbai Indians,1,true,Mumbai Indians,field,Mumbai Indians,false,173,8,120,82,13,5,37,14,9,3,56,1,36,15,36,6,2,64,4,54,17,26,5,1,53,3,30,5,20,2,2,174,3,104,52,36,3,21,30,87,54,0,20,62,35,14,0,2,28
1426293,2024,2024-05-06,Wankhede Stadium,Mumbai,Mumbai Indians,Mumbai Indians,Sunrisers Hyderabad,Sunrisers Hyderabad,2,false,Mumbai Indians,field,Mumbai Indians,true,174,3,104,120,21,6,43,22,8,0,52,3,36,21,30,6,1,87,0,54,20,62,11,3,35,0,14,2,28,4,2,173,8,120,56,36,1,15,36,64,54,4,17,26,53,30,3,5,20
1426294,2024,2024-05-07,Arun Jaitley Stadium,Delhi,Delhi Capitals,Delhi Capitals,Rajasthan Royals,Rajasthan Royals,1,true,Rajasthan Royals,field,Delhi Capitals,true,221,8,120,160,22,12,30,1,1,0,78,2,36,12,68,11,4,78,3,54,11,40,4,4,65,3,30,7,52,7,4,201,8,120,67,36,2,16,56,92,54,1,19,62,42,30,5,12,24
1426294,2024,2024-05-07,Arun Jaitley Stadium,Delhi,Rajasthan Royals,Rajasthan Royals,Delhi Capitals,Delhi Capitals,2,false,Rajasthan Royals,field,Delhi Capitals,false,201,8,120,142,16,13,47,15,10,1,67,2,36,16,56,8,4,92,1,54,19,62,5,7,42,5,30,12,24,3,2,221,8,120,78,36,2,12,68,78,54,3,11,40,65,30,3,7,52
1426295,2024,2024-05-08,"Rajiv Gandhi International Stadium, Uppal",Hyderabad,Lucknow Super Giants,Lucknow Super Giants,Sunrisers Hyderabad,Sunrisers Hyderabad,1,true,Lucknow Super Giants,bat,Sunrisers Hyderabad,false,165,4,120,88,16,4,36,4,3,0,27,2,36,16,6,0,1,75,2,54,17,42,6,3,63,0,30,3,40,10,0,167,0,58,107,36,0,10,100,60,22,0,3,48,0,0,0,0,0
1426295,2024,2024-05-08,"Rajiv Gandhi International Stadium, Uppal",Hyderabad,Sunrisers Hyderabad,Sunrisers Hyderabad,Lucknow Super Giants,Lucknow Super Giants,2,false,Lucknow Super Giants,bat,Sunrisers Hyderabad,true,167,0,58,148,16,14,13,3,2,0,107,0,36,10,100,13,8,60,0,22,3,48,3,6,0,0,0,0,0,0,0,165,4,120,27,36,2,16,6,75,54,2,17,42,63,30,0,3,40
1426296,2024,2024-05-09,Himachal Pradesh Cricket Association Stadium,Dharamsala,Royal Challengers Bengaluru,Royal Challengers Bengaluru,Punjab Kings,Punjab Kings,1,true,Punjab Kings,field,Royal Challengers Bengaluru,true,241,7,120,172,19,16,33,8,6,1,56,2,36,17,44,8,2,108,1,54,10,72,6,8,77,4,30,6,56,5,6,181,10,102,75,36,2,12,64,89,54,5,15,58,17,12,3,7,12
1426296,2024,2024-05-09,Himachal Pradesh Cricket Association Stadium,Dharamsala,Punjab Kings,Punjab Kings,Royal Challengers Bengaluru,Royal Challengers Bengaluru,2,false,Punjab Kings,field,Royal Challengers Bengaluru,false,181,10,102,134,23,7,34,6,4,0,75,2,36,12,64,13,2,89,5,54,15,58,7,5,17,3,12,7,12,3,0,241,7,120,56,36,2,17,44,108,54,1,10,72,77,30,4,6,56
1426297,2024,2024-05-10,Narendra Modi Stadium,Ahmedabad,Gujarat Titans,Gujarat Titans,Chennai Super Kings,Chennai Super Kings,1,true,Chennai Super Kings,field,Gujarat Titans,true,231,3,120,144,15,14,23,6,5,0,58,0,36,12,36,3,4,132,0,54,4,94,10,9,41,3,30,7,14,2,1,196,8,120,43,36,3,17,26,100,54,2,14,72,53,30,3,10,38
1426297,2024,2024-05-10,Narendra Modi Stadium,Ahmedabad,Chennai Super Kings,Chennai Super Kings,Gujarat Titans,Gujarat Titans,2,false,Chennai Super Kings,field,Gujarat Titans,false,196,8,120,136,16,12,41,7,4,0,43,3,36,17,26,5,1,100,2,54,14,72,9,6,53,3,30,10,38,2,5,231,3,120,58,36,0,12,36,132,54,0,4,94,41,30,3,7,14
1426298,2024,2024-05-11,Eden Gardens,Kolkata,Kolkata Knight Riders,Kolkata Knight Riders,Mumbai Indians,Mumbai Indians,1,true,Mumbai Indians,field,Kolkata Knight Riders,true,157,7,96,110,14,9,33,6,3,0,52,3,36,18,42,6,3,95,3,54,14,62,8,5,10,1,6,1,6,0,1,139,8,96,62,36,0,17,42,74,54,6,21,46,3,6,2,3,0
1426298,2024,2024-05-11,Eden Gardens,Kolkata,Mumbai Indians,Mumbai Indians,Kolkata Knight Riders,Kolkata Knight Riders,2,false,Mumbai Indians,field,Kolkata Knight Riders,false,139,8,96,88,13,6,41,12,5,0,62,0,36,17,42,6,3,74,6,54,21,46,7,3,3,2,6,3,0,0,0,157,7,96,52,36,3,18,42,95,54,3,14,62,10,6,1,1,6
1426299,2024,2024-05-12,MA Chidambaram Stadium,Chennai,Rajasthan Royals,Rajasthan Royals,Chennai Super Kings,Chennai Super Kings,1,true,Rajasthan Royals,bat,Chennai Super Kings,false,141,5,120,64,7,6,44,5,4,0,42,0,36,17,26,5,1,52,3,54,19,12,0,2,47,2,30,8,26,2,3,145,5,110,56,36,1,11,32,60,54,3,19,24,29,20,1,6,18
1426299,2024,2024-05-12,MA Chidambaram Stadium,Chennai,Chennai Super Kings,Chennai Super Kings,Rajasthan Royals,Rajasthan Royals,2,false,Rajasthan Royals,bat,Chennai Super Kings,true,145,5,110,74,11,5,36,6,5,0,56,1,36,11,32,5,2,60,3,54,19,24,3,2,29,1,20,6,18,3,1,141,5,120,42,36,0,17,26,52,54,3,19,12,47,30,2,8,26
1426300,2024,2024-05-12,M Chinnaswamy Stadium,Bengaluru,Royal Challengers Bengaluru,Royal Challengers Bengaluru,Delhi Capitals,Delhi Capitals,1,true,Delhi Capitals,field,Royal Challengers Bengaluru,true,187,9,120,106,10,11,36,10,7,0,61,2,36,14,44,5,4,77,2,54,14,36,3,4,49,5,30,8,26,2,3,140,10,115,54,36,4,18,44,73,54,3,14,34,13,25,3,17,0
1426300,2024,2024-05-12,M Chinnaswamy Stadium,Bengaluru,Delhi Capitals,Delhi Capitals,Royal Challengers Bengaluru,Royal Challengers Bengaluru,2,false,Delhi Capitals,field,Royal Challengers Bengaluru,false,140,10,115,78,12,5,49,6,5,0,54,4,36,18,44,8,2,73,3,54,14,34,4,3,13,3,25,17,0,0,0,187,9,120,61,36,2,14,44,77,54,2,14,36,49,30,5,8,26
1426302,2024,2024-05-14,Arun Jaitley Stadium,Delhi,Delhi Capitals,Delhi Capitals,Lucknow Super Giants,Lucknow Super Giants,1,true,Lucknow Super Giants,field,Delhi Capitals,true,208,4,120,132,18,10,38,8,8,0,73,1,36,16,58,7,5,63,2,54,17,26,5,1,72,1,30,5,48,6,4,189,9,120,59,36,4,16,46,76,54,3,21,46,54,30,2,8,32
1426302,2024,2024-05-14,Arun Jaitley Stadium,Delhi,Lucknow Super Giants,Lucknow Super Giants,Delhi Capitals,Delhi Capitals,2,false,Lucknow Super Giants,field,Delhi Capitals,false,189,9,120,124,16,10,45,6,5,0,59,4,36,16,46,7,3,76,3,54,21,46,7,3,54,2,30,8,32,2,4,208,4,120,73,36,1,16,58,63,54,2,17,26,72,30,1,5,48
1426303,2024,2024-05-15,Barsapara Cricket Stadium,Guwahati,Rajasthan Royals,Rajasthan Royals,Punjab Kings,Punjab Kings,1,true,Rajasthan Royals,bat,Punjab Kings,false,144,9,120,84,18,2,50,2,1,0,38,1,36,22,30,6,1,65,5,54,18,34,7,1,41,3,30,10,20,5,0,145,5,113,39,36,3,20,28,64,54,1,19,34,42,23,1,4,26
1426303,2024,2024-05-15,Barsapara Cricket Stadium,Guwahati,Punjab Kings,Punjab Kings,Rajasthan Royals,Rajasthan Royals,2,false,Rajasthan Royals,bat,Punjab Kings,true,145,5,113,88,13,6,43,1,1,0,39,3,36,20,28,7,0,64,1,54,19,34,4,3,42,1,23,4,26,2,3,144,9,120,38,36,1,22,30,65,54,5,18,34,41,30,3,10,20
1426305,2024,2024-05-17,Wankhede Stadium,Mumbai,Lucknow Super Giants,Lucknow Super Giants,Mumbai Indians,Mumbai Indians,1,true,Mumbai Indians,field,Lucknow Super Giants,true,214,6,120,148,16,14,40,11,11,0,49,2,36,16,32,5,2,110,1,54,11,74,5,9,55,3,30,13,42,6,3,196,6,120,53,36,0,17,38,72,54,5,25,50,71,30,1,5,46
1426305,2024,2024-05-17,Wankhede Stadium,Mumbai,Mumbai Indians,Mumbai Indians,Lucknow Super Giants,Lucknow Super Giants,2,false,Mumbai Indians,field,Lucknow Super Giants,false,196,6,120,134,17,11,47,11,10,1,53,0,36,17,38,5,3,72,5,54,25,50,8,3,71,1,30,5,46,4,5,214,6,120,49,36,2,16,32,110,54,1,11,74,55,30,3,13,42
1426306,2024,2024-05-18,M Chinnaswamy Stadium,Bengaluru,Royal Challengers Bengaluru,Royal Challengers Bengaluru,Chennai Super Kings,Chennai Super Kings,1,true,Chennai Super Kings,field,Royal Challengers Bengaluru,true,218,5,120,152,14,16,37,8,7,0,42,0,36,19,30,3,3,96,2,54,12,60,6,6,80,3,30,6,62,5,7,191,7,120,58,36,2,11,30,71,54,4,13,30,62,30,1,7,44
1426306,2024,2024-05-18,M Chinnaswamy Stadium,Bengaluru,Chennai Super Kings,Chennai Super Kings,Royal Challengers Bengaluru,Royal Challengers Bengaluru,2,false,Chennai Super Kings,field,Royal Challengers Bengaluru,false,191,7,120,104,14,8,31,15,8,2,58,2,36,11,30,6,1,71,4,54,13,30,3,3,62,1,30,7,44,5,4,218,5,120,42,36,0,19,30,96,54,2,12,60,80,30,3,6,62
1426307,2024,2024-05-19,"Rajiv Gandhi International Stadium, Uppal",Hyderabad,Punjab Kings,Punjab Kings,Sunrisers Hyderabad,Sunrisers Hyderabad,1,true,Punjab Kings,bat,Sunrisers Hyderabad,false,214,5,120,140,17,12,32,10,4,1,61,0,36,12,44,8,2,98,2,54,14,66,6,7,55,3,30,6,30,3,3,215,6,115,84,36,2,11,64,98,54,2,12,58,33,25,2,9,18
1426307,2024,2024-05-19,"Rajiv Gandhi International Stadium, Uppal",Hyderabad,Sunrisers Hyderabad,Sunrisers Hyderabad,Punjab Kings,Punjab Kings,2,false,Punjab Kings,bat,Sunrisers Hyderabad,true,215,6,115,140,14,14,32,17,10,1,84,2,36,11,64,7,6,98,2,54,12,58,4,7,33,2,25,9,18,3,1,214,5,120,61,36,0,12,44,98,54,2,14,66,55,30,3,6,30
1426309,2024,2024-05-21,Narendra Modi Stadium,Ahmedabad,Sunrisers Hyderabad,Sunrisers Hyderabad,Kolkata Knight Riders,Kolkata Knight Riders,1,true,Sunrisers Hyderabad,bat,Kolkata Knight Riders,false,159,10,117,88,13,6,43,7,5,2,45,4,36,17,24,6,0,80,4,54,15,44,5,4,34,2,27,11,20,2,2,164,2,82,63,36,1,17,44,101,46,1,10,80,0,0,0,0,0
1426309,2024,2024-05-21,Narendra Modi Stadium,Ahmedabad,Kolkata Knight Riders,Kolkata Knight Riders,Sunrisers Hyderabad,Sunrisers Hyderabad,2,false,Sunrisers Hyderabad,bat,Kolkata Knight Riders,true,164,2,82,124,16,10,27,11,2,0,63,1,36,17,44,8,2,101,1,46,10,80,8,8,0,0,0,0,0,0,0,159,10,117,45,36,4,17,24,80,54,4,15,44,34,27,2,11,20
1426310,2024,2024-05-22,Narendra Modi Stadium,Ahmedabad,Royal Challengers Bengaluru,Royal Challengers Bengaluru,Rajasthan Royals,Rajasthan Royals,1,true,Rajasthan Royals,field,Rajasthan Royals,false,172,8,120,100,13,8,37,4,2,0,50,1,36,13,32,5,2,75,4,54,16,40,4,4,47,3,30,8,28,4,2,174,6,114,47,36,1,16,36,79,54,3,10,36,48,24,2,8,38
1426310,2024,2024-05-22,Narendra Modi Stadium,Ahmedabad,Rajasthan Royals,Rajasthan Royals,Royal Challengers Bengaluru,Royal Challengers Bengaluru,2,false,Rajasthan Royals,field,Rajasthan Royals,true,174,6,114,110,20,5,34,6,5,0,47,1,36,16,36,9,0,79,3,54,10,36,6,2,48,2,24,8,38,5,3,172,8,120,50,36,1,13,32,75,54,4,16,40,47,30,3,8,28
1426311,2024,2024-05-24,MA Chidambaram Stadium,Chennai,Sunrisers Hyderabad,Sunrisers Hyderabad,Rajasthan Royals,Rajasthan Royals,1,true,Rajasthan Royals,field,Sunrisers Hyderabad,true,175,9,120,98,11,9,40,8,7,0,68,3,36,9,50,8,3,64,3,54,20,28,1,4,43,3,30,11,20,2,2,139,7,120,51,36,1,16,36,51,54,5,24,20,37,30,1,14,26
1426311,2024,2024-05-24,MA Chidambaram Stadium,Chennai,Rajasthan Royals,Rajasthan Royals,Sunrisers Hyderabad,Sunrisers Hyderabad,2,false,Rajasthan Royals,field,Sunrisers Hyderabad,false,139,7,120,82,13,5,54,5,3,1,51,1,36,16,36,6,2,51,5,54,24,20,2,2,37,1,30,14,26,5,1,175,9,120,68,36,3,9,50,64,54,3,20,28,43,30,3,11,20
1426312,2024,2024-05-26,MA Chidambaram Stadium,Chennai,Sunrisers Hyderabad,Sunrisers Hyderabad,Kolkata Knight Riders,Kolkata Knight Riders,1,true,Sunrisers Hyderabad,bat,Kolkata Knight Riders,false,113,10,111,50,8,3,53,13,6,0,40,3,36,19,22,4,1,50,5,54,26,22,4,1,23,2,21,8,6,0,1,114,2,63,72,36,1,14,56,42,27,1,7,20,0,0,0,0,0
1426312,2024,2024-05-26,MA Chidambaram Stadium,Chennai,Kolkata Knight Riders,Kolkata Knight Riders,Sunrisers Hyderabad,Sunrisers Hyderabad,2,false,Sunrisers Hyderabad,bat,Kolkata Knight Riders,true,114,2,63,76,10,6,21,11,5,0,72,1,36,14,56,8,4,42,1,27,7,20,2,2,0,0,0,0,0,0,0,113,10,111,40,36,3,19,22,50,54,5,26,22,23,21,2,8,6
1473438,2025,2025-03-22,Eden Gardens,Kolkata,Kolkata Knight Riders,Kolkata Knight Riders,Royal Challengers Bengaluru,Royal Challengers Bengaluru,1,true,Royal Challengers Bengaluru,field,Royal Challengers Bengaluru,false,174,8,120,120,18,8,48,6,4,0,60,1,36,20,56,8,4,85,4,54,16,50,8,3,29,3,30,12,14,2,1,177,3,98,80,36,0,10,64,77,54,2,13,44,20,8,1,2,18
1473438,2025,2025-03-22,Eden Gardens,Kolkata,Royal Challengers Bengaluru,Royal Challengers Bengaluru,Kolkata Knight Riders,Kolkata Knight Riders,2,false,Royal Challengers Bengaluru,field,Royal Challengers Bengaluru,true,177,3,98,126,21,7,25,3,1,0,80,0,36,10,64,10,4,77,2,54,13,44,8,2,20,1,8,2,18,3,1,174,8,120,60,36,1,20,56,85,54,4,16,50,29,30,3,12,14
1473439,2025,2025-03-23,"Rajiv Gandhi International Stadium, Uppal",Hyderabad,Sunrisers Hyderabad,Sunrisers Hyderabad,Rajasthan Royals,Rajasthan Royals,1,true,Rajasthan Royals,field,Sunrisers Hyderabad,true,286,6,120,208,34,12,24,18,10,2,94,1,36,9,78,15,3,114,2,54,9,74,11,5,78,3,30,6,56,8,4,242,6,120,77,36,3,14,62,92,54,2,19,64,73,30,1,6,50
1473439,2025,2025-03-23,"Rajiv Gandhi International Stadium, Uppal",Hyderabad,Rajasthan Royals,Rajasthan Royals,Sunrisers Hyderabad,Sunrisers Hyderabad,2,false,Rajasthan Royals,field,Sunrisers Hyderabad,false,242,6,120,176,17,18,39,13,7,2,77,3,36,14,62,11,3,92,2,54,19,64,4,8,73,1,30,6,50,2,7,286,6,120,94,36,1,9,78,114,54,2,9,74,78,30,3,6,56
1473440,2025,2025-03-23,MA Chidambaram Stadium,Chennai,Mumbai Indians,Mumbai Indians,Chennai Super Kings,Chennai Super Kings,1,true,Chennai Super Kings,field,Chennai Super Kings,false,155,9,120,82,13,5,47,10,4,1,52,3,36,18,42,9,1,58,3,54,20,16,1,2,45,3,30,9,24,3,2,158,6,115,62,36,1,12,44,57,54,4,19,18,39,25,1,6,22
1473440,2025,2025-03-23,MA Chidambaram Stadium,Chennai,Chennai Super Kings,Chennai Super Kings,Mumbai Indians,Mumbai Indians,2,false,Chennai Super Kings,field,Chennai Super Kings,true,158,6,115,84,9,8,37,5,5,0,62,1,36,12,44,8,2,57,4,54,19,18,0,3,39,1,25,6,22,1,3,155,9,120,52,36,3,18,42,58,54,3,20,16,45,30,3,9,24
1473441,2025,2025-03-24,Dr Y.S. Rajasekhara Reddy ACA-VDCA Cricket Stadium,Visakhapatnam,Lucknow Super Giants,Lucknow Super Giants,Delhi Capitals,Delhi Capitals,1,true,Delhi Capitals,field,Delhi Capitals,false,209,8,120,156,15,16,44,7,4,1,64,1,36,15,52,7,4,106,3,54,18,84,6,10,39,4,30,11,20,2,2,211,9,117,58,36,4,15,40,90,54,2,15,60,63,27,3,8,54
1473441,2025,2025-03-24,Dr Y.S. Rajasekhara Reddy ACA-VDCA Cricket Stadium,Visakhapatnam,Delhi Capitals,Delhi Capitals,Lucknow Super Giants,Lucknow Super Giants,2,false,Delhi Capitals,field,Delhi Capitals,true,211,9,117,154,19,13,38,8,8,0,58,4,36,15,40,7,2,90,2,54,15,60,6,6,63,3,27,8,54,6,5,209,8,120,64,36,1,15,52,106,54,3,18,84,39,30,4,11,20
1473442,2025,2025-03-25,Narendra Modi Stadium,Ahmedabad,Punjab Kings,Punjab Kings,Gujarat Titans,Gujarat Titans,1,true,Gujarat Titans,field,Punjab Kings,true,243,5,120,184,22,16,40,14,6,0,73,1,36,13,54,9,3,83,3,54,24,62,5,7,87,1,30,3,68,8,6,232,5,120,61,36,1,14,42,113,54,1,11,80,58,30,3,8,34
1473442,2025,2025-03-25,Narendra Modi Stadium,Ahmedabad,Gujarat Titans,Gujarat Titans,Punjab Kings,Punjab Kings,2,false,Gujarat Titans,field,Punjab Kings,false,232,5,120,156,15,16,33,12,8,0,61,1,36,14,42,3,5,113,1,54,11,80,8,8,58,3,30,8,34,4,3,243,5,120,73,36,1,13,54,83,54,3,24,62,87,30,1,3,68
1473443,2025,2025-03-26,Barsapara Cricket Stadium,Guwahati,Rajasthan Royals,Rajasthan Royals,Kolkata Knight Riders,Kolkata Knight Riders,1,true,Kolkata Knight Riders,field,Kolkata Knight Riders,false,151,9,120,86,11,7,47,4,4,0,54,1,36,16,40,4,4,56,5,54,17,22,4,1,41,3,30,14,24,3,2,153,2,105,40,36,0,20,28,78,54,2,8,38,35,15,0,3,20
1473443,2025,2025-03-26,Barsapara Cricket Stadium,Guwahati,Kolkata Knight Riders,Kolkata Knight Riders,Rajasthan Royals,Rajasthan Royals,2,false,Kolkata Knight Riders,field,Kolkata Knight Riders,true,153,2,105,86,11,7,31,11,9,0,40,0,36,20,28,4,2,78,2,54,8,38,5,3,35,0,15,3,20,2,2,151,9,120,54,36,1,16,40,56,54,5,17,22,41,30,3,14,24
1473444,2025,2025-03-27,"Rajiv Gandhi International Stadium, Uppal",Hyderabad,Sunrisers Hyderabad,Sunrisers Hyderabad,Lucknow Super Giants,Lucknow Super Giants,1,true,Lucknow Super Giants,field,Lucknow Super Giants,false,190,9,120,112,10,12,39,7,6,1,62,2,36,13,42,6,3,81,3,54,16,40,4,4,47,4,30,10,30,0,5,193,5,97,77,36,1,13,60,99,54,4,14,64,17,7,0,1,14
1473444,2025,2025-03-27,"Rajiv Gandhi International Stadium, Uppal",Hyderabad,Lucknow Super Giants,Lucknow Super Giants,Sunrisers Hyderabad,Sunrisers Hyderabad,2,false,Lucknow Super Giants,field,Lucknow Super Giants,true,193,5,97,138,18,11,28,14,13,0,77,1,36,13,60,6,6,99,4,54,14,64,10,4,17,0,7,1,14,2,1,190,9,120,62,36,2,13,42,81,54,3,16,40,47,30,4,10,30
1473445,2025,2025-03-28,MA Chidambaram Stadium,Chennai,Royal Challengers Bengaluru,Royal Challengers Bengaluru,Chennai Super Kings,Chennai Super Kings,1,true,Chennai Super Kings,field,Royal Challengers Bengaluru,true,196,7,120,132,15,12,43,11,8,0,56,1,36,13,36,6,2,82,2,54,16,48,6,4,58,4,30,14,48,3,6,146,8,120,30,36,3,20,16,68,54,3,14,30,48,30,2,14,38
1473445,2025,2025-03-28,MA Chidambaram Stadium,Chennai,Chennai Super Kings,Chennai Super Kings,Royal Challengers Bengaluru,Royal Challengers Bengaluru,2,false,Chennai Super Kings,field,Royal Challengers Bengaluru,false,146,8,120,84,15,4,48,3,2,0,30,3,36,20,16,4,0,68,3,54,14,30,6,1,48,2,30,14,38,5,3,196,7,120,56,36,1,13,36,82,54,2,16,48,58,30,4,14,48
1473446,2025,2025-03-29,Narendra Modi Stadium,Ahmedabad,Gujarat Titans,Gujarat Titans,Mumbai Indians,Mumbai Indians,1,true,Mumbai Indians,field,Gujarat Titans,true,196,8,120,106,13,9,35,15,14,0,66,0,36,11,40,7,2,74,2,54,13,30,6,1,56,6,30,11,36,0,6,160,6,120,48,36,2,18,32,70,54,2,16,30,42,30,2,11,28
1473446,2025,2025-03-29,Narendra Modi Stadium,Ahmedabad,Mumbai Indians,Mumbai Indians,Gujarat Titans,Gujarat Titans,2,false,Mumbai Indians,field,Gujarat Titans,false,160,6,120,90,12,7,45,9,7,0,48,2,36,18,32,5,2,70,2,54,16,30,3,3,42,2,30,11,28,4,2,196,8,120,66,36,0,11,40,74,54,2,13,30,56,30,6,11,36
1473447,2025,2025-03-30,Dr Y.S. Rajasekhara Reddy ACA-VDCA Cricket Stadium,Visakhapatnam,Sunrisers Hyderabad,Sunrisers Hyderabad,Delhi Capitals,Delhi Capitals,1,true,Sunrisers Hyderabad,bat,Delhi Capitals,false,163,10,112,96,12,8,41,11,9,2,58,4,36,14,34,7,1,82,3,54,19,52,4,6,23,3,22,8,10,1,1,166,3,96,52,36,0,15,30,98,54,3,8,60,16,6,0,1,14
1473447,2025,2025-03-30,Dr Y.S. Rajasekhara Reddy ACA-VDCA Cricket Stadium,Visakhapatnam,Delhi Capitals,Delhi Capitals,Sunrisers Hyderabad,Sunrisers Hyderabad,2,false,Sunrisers Hyderabad,bat,Delhi Capitals,true,166,3,96,104,14,8,24,8,2,0,52,0,36,15,30,3,3,98,3,54,8,60,9,4,16,0,6,1,14,2,1,163,10,112,58,36,4,14,34,82,54,3,19,52,23,22,3,8,10
1473448,2025,2025-03-30,Barsapara Cricket Stadium,Guwahati,Rajasthan Royals,Rajasthan Royals,Chennai Super Kings,Chennai Super Kings,1,true,Chennai Super Kings,field,Rajasthan Royals,true,182,9,120,114,15,9,41,10,8,0,79,1,36,10,66,9,5,66,4,54,17,28,4,2,37,4,30,14,20,2,2,176,6,120,42,36,1,20,30,80,54,3,14,42,54,30,2,6,32
1473448,2025,2025-03-30,Barsapara Cricket Stadium,Guwahati,Chennai Super Kings,Chennai Super Kings,Rajasthan Royals,Rajasthan Royals,2,false,Chennai Super Kings,field,Rajasthan Royals,false,176,6,120,104,14,8,40,4,3,0,42,1,36,20,30,6,1,80,3,54,14,42,6,3,54,2,30,6,32,2,4,182,9,120,79,36,1,10,66,66,54,4,17,28,37,30,4,14,20
1473449,2025,2025-03-31,Wankhede Stadium,Mumbai,Kolkata Knight Riders,Kolkata Knight Riders,Mumbai Indians,Mumbai Indians,1,true,Mumbai Indians,field,Mumbai Indians,false,116,10,98,72,9,6,50,7,4,1,41,4,36,20,28,4,2,60,5,54,26,32,5,2,15,1,8,4,12,0,2,121,2,77,55,36,1,17,36,66,41,1,13,46,0,0,0,0,0
1473449,2025,2025-03-31,Wankhede Stadium,Mumbai,Mumbai Indians,Mumbai Indians,Kolkata Knight Riders,Kolkata Knight Riders,2,false,Mumbai Indians,field,Mumbai Indians,true,121,2,77,82,7,9,30,3,1,2,55,1,36,17,36,3,4,66,1,41,13,46,4,5,0,0,0,0,0,0,0,116,10,98,41,36,4,20,28,60,54,5,26,32,15,8,1,4,12
1473450,2025,2025-04-01,Bharat Ratna Shri Atal Bihari Vajpayee Ekana Cricket Stadium,Lucknow,Lucknow Super Giants,Lucknow Super Giants,Punjab Kings,Punjab Kings,1,true,Punjab Kings,field,Punjab Kings,false,171,7,120,108,15,8,44,7,6,0,39,3,36,17,22,4,1,78,1,54,21,56,8,4,54,3,30,6,30,3,3,177,2,98,62,36,1,11,46,93,54,1,15,62,22,8,0,4,22
1473450,2025,2025-04-01,Bharat Ratna Shri Atal Bihari Vajpayee Ekana Cricket Stadium,Lucknow,Punjab Kings,Punjab Kings,Lucknow Super Giants,Lucknow Super Giants,2,false,Punjab Kings,field,Punjab Kings,true,177,2,98,130,16,11,30,5,4,0,62,1,36,11,46,7,3,93,1,54,15,62,8,5,22,0,8,4,22,1,3,171,7,120,39,36,3,17,22,78,54,1,21,56,54,30,3,6,30
1473451,2025,2025-04-02,M Chinnaswamy Stadium,Bengaluru,Royal Challengers Bengaluru,Royal Challengers Bengaluru,Gujarat Titans,Gujarat Titans,1,true,Gujarat Titans,field,Gujarat Titans,false,169,8,120,114,15,9,50,7,3,0,38,3,36,17,22,4,1,67,3,54,24,44,8,2,64,2,30,9,48,3,6,170,2,107,42,36,1,15,24,92,54,1,17,70,36,17,0,4,28
1473451,2025,2025-04-02,M Chinnaswamy Stadium,Bengaluru,Gujarat Titans,Gujarat Titans,Royal Challengers Bengaluru,Royal Challengers Bengaluru,2,false,Gujarat Titans,field,Gujarat Titans,true,170,2,107,122,14,11,36,4,1,0,42,1,36,15,24,3,2,92,1,54,17,70,10,5,36,0,17,4,28,1,4,169,8,120,38,36,3,17,22,67,54,3,24,44,64,30,2,9,48
1473452,2025,2025-04-03,Eden Gardens,Kolkata,Kolkata Knight Riders,Kolkata Knight Riders,Sunrisers Hyderabad,Sunrisers Hyderabad,1,true,Sunrisers Hyderabad,field,Kolkata Knight Riders,true,200,6,120,134,17,11,38,11,3,0,53,2,36,16,34,1,5,69,2,54,19,38,5,3,78,2,30,3,62,11,3,120,10,100,33,36,3,21,18,81,54,4,15,48,6,10,3,6,0
1473452,2025,2025-04-03,Eden Gardens,Kolkata,Sunrisers Hyderabad,Sunrisers Hyderabad,Kolkata Knight Riders,Kolkata Knight Riders,2,false,Sunrisers Hyderabad,field,Kolkata Knight Riders,false,120,10,100,66,9,5,42,8,5,0,33,3,36,21,18,3,1,81,4,54,15,48,6,4,6,3,10,6,0,0,0,200,6,120,53,36,2,16,34,69,54,2,19,38,78,30,2,3,62
1473453,2025,2025-04-04,Bharat Ratna Shri Atal Bihari Vajpayee Ekana Cricket Stadium,Lucknow,Lucknow Super Giants,Lucknow Super Giants,Mumbai Indians,Mumbai Indians,1,true,Mumbai Indians,field,Lucknow Super Giants,true,203,8,120,132,21,8,38,8,8,0,69,0,36,12,52,10,2,77,3,54,19,44,5,4,57,5,30,7,36,6,2,191,5,120,64,36,2,9,40,79,54,1,15,44,48,30,2,5,22
1473453,2025,2025-04-04,Bharat Ratna Shri Atal Bihari Vajpayee Ekana Cricket Stadium,Lucknow,Mumbai Indians,Mumbai Indians,Lucknow Super Giants,Lucknow Super Giants,2,false,Mumbai Indians,field,Lucknow Super Giants,false,191,5,120,106,19,5,29,8,4,0,64,2,36,9,40,4,4,79,1,54,15,44,11,0,48,2,30,5,22,4,1,203,8,120,69,36,0,12,52,77,54,3,19,44,57,30,5,7,36
1473454,2025,2025-04-05,MA Chidambaram Stadium,Chennai,Delhi Capitals,Delhi Capitals,Chennai Super Kings,Chennai Super Kings,1,true,Delhi Capitals,bat,Delhi Capitals,true,183,6,120,102,15,7,29,6,5,0,51,1,36,11,32,5,2,87,2,54,11,48,6,4,45,3,30,7,22,4,1,158,5,120,46,36,3,12,16,60,54,2,15,18,52,30,0,4,20
1473454,2025,2025-04-05,MA Chidambaram Stadium,Chennai,Chennai Super Kings,Chennai Super Kings,Delhi Capitals,Delhi Capitals,2,false,Delhi Capitals,bat,Delhi Capitals,false,158,5,120,54,9,3,31,18,10,2,46,3,36,12,16,4,0,60,2,54,15,18,3,1,52,0,30,4,20,2,2,183,6,120,51,36,1,11,32,87,54,2,11,48,45,30,3,7,22
1473455,2025,2025-04-05,Maharaja Yadavindra Singh International Cricket Stadium,Mohali,Rajasthan Royals,Rajasthan Royals,Punjab Kings,Punjab Kings,1,true,Punjab Kings,field,Rajasthan Royals,true,205,4,120,128,17,10,34,12,10,0,53,0,36,15,34,4,3,89,3,54,11,48,9,2,63,1,30,8,46,4,5,155,9,120,43,36,3,13,16,88,54,2,15,52,24,30,4,13,4
1473455,2025,2025-04-05,Maharaja Yadavindra Singh International Cricket Stadium,Mohali,Punjab Kings,Punjab Kings,Rajasthan Royals,Rajasthan Royals,2,false,Punjab Kings,field,Rajasthan Royals,false,155,9,120,72,12,4,41,15,9,0,43,3,36,13,16,4,0,88,2,54,15,52,7,4,24,4,30,13,4,1,0,205,4,120,53,36,0,15,34,89,54,3,11,48,63,30,1,8,46
1473457,2025,2025-04-06,"Rajiv Gandhi International Stadium, Uppal",Hyderabad,Sunrisers Hyderabad,Sunrisers Hyderabad,Gujarat Titans,Gujarat Titans,1,true,Gujarat Titans,field,Gujarat Titans,false,152,8,120,88,19,2,45,4,2,0,45,2,36,18,32,8,0,60,2,54,18,26,5,1,47,4,30,9,30,6,1,153,3,100,48,36,2,14,32,82,54,1,13,48,23,10,0,1,18
1473457,2025,2025-04-06,"Rajiv Gandhi International Stadium, Uppal",Hyderabad,Gujarat Titans,Gujarat Titans,Sunrisers Hyderabad,Sunrisers Hyderabad,2,false,Gujarat Titans,field,Gujarat Titans,true,153,3,100,98,20,3,28,3,3,0,48,2,36,14,32,5,2,82,1,54,13,48,12,0,23,0,10,1,18,3,1,152,8,120,45,36,2,18,32,60,54,2,18,26,47,30,4,9,30
1473458,2025,2025-04-07,Wankhede Stadium,Mumbai,Royal Challengers Bengaluru,Royal Challengers Bengaluru,Mumbai Indians,Mumbai Indians,1,true,Mumbai Indians,field,Royal Challengers Bengaluru,true,221,5,120,150,18,13,31,8,7,0,73,1,36,10,56,8,4,78,3,54,15,42,6,3,70,1,30,6,52,4,6,209,9,120,54,36,2,18,44,103,54,2,17,76,52,30,5,12,36
1473458,2025,2025-04-07,Wankhede Stadium,Mumbai,Mumbai Indians,Mumbai Indians,Royal Challengers Bengaluru,Royal Challengers Bengaluru,2,false,Mumbai Indians,field,Royal Challengers Bengaluru,false,209,9,120,156,21,12,47,7,6,0,54,2,36,18,44,8,2,103,2,54,17,76,10,6,52,5,30,12,36,3,4,221,5,120,73,36,1,10,56,78,54,3,15,42,70,30,1,6,52
1473456,2025,2025-04-08,Eden Gardens,Kolkata,Lucknow Super Giants,Lucknow Super Giants,Kolkata Knight Riders,Kolkata Knight Riders,1,true,Kolkata Knight Riders,field,Lucknow Super Giants,true,238,3,120,162,18,15,32,13,8,0,59,0,36,11,36,3,4,111,1,54,13,72,9,6,68,2,30,8,54,6,5,234,7,120,90,36,1,13,72,83,54,4,17,42,61,30,2,12,54
1473456,2025,2025-04-08,Eden Gardens,Kolkata,Kolkata Knight Riders,Kolkata Knight Riders,Lucknow Super Giants,Lucknow Super Giants,2,false,Kolkata Knight Riders,field,Lucknow Super Giants,false,234,7,120,168,27,10,42,22,20,0,90,1,36,13,72,9,6,83,4,54,17,42,9,1,61,2,30,12,54,9,3,238,3,120,59,36,0,11,36,111,54,1,13,72,68,30,2,8,54
1473459,2025,2025-04-08,Maharaja Yadavindra Singh International Cricket Stadium,Mohali,Punjab Kings,Punjab Kings,Chennai Super Kings,Chennai Super Kings,1,true,Punjab Kings,bat,Punjab Kings,true,219,6,120,140,11,16,34,7,2,2,75,3,36,13,56,5,6,89,3,54,18,58,4,7,55,0,30,3,26,2,3,201,5,120,59,36,0,12,40,86,54,2,13,44,56,30,3,4,28
1473459,2025,2025-04-08,Maharaja Yadavindra Singh International Cricket Stadium,Mohali,Chennai Super Kings,Chennai Super Kings,Punjab Kings,Punjab Kings,2,false,Punjab Kings,bat,Punjab Kings,false,201,5,120,112,16,8,29,15,9,1,59,0,36,12,40,10,0,86,2,54,13,44,5,4,56,3,30,4,28,1,4,219,6,120,75,36,3,13,56,89,54,3,18,58,55,30,0,3,26
1473460,2025,2025-04-09,Narendra Modi Stadium,Ahmedabad,Gujarat Titans,Gujarat Titans,Rajasthan Royals,Rajasthan Royals,1,true,Rajasthan Royals,field,Gujarat Titans,true,217,6,120,134,20,9,35,18,17,0,56,1,36,13,32,5,2,89,1,54,13,52,10,2,72,4,30,9,50,5,5,159,10,116,57,36,2,19,44,82,54,4,14,44,20,26,4,12,4
1473460,2025,2025-04-09,Narendra Modi Stadium,Ahmedabad,Rajasthan Royals,Rajasthan Royals,Gujarat Titans,Gujarat Titans,2,false,Rajasthan Royals,field,Gujarat Titans,false,159,10,116,92,11,8,45,9,9,0,57,2,36,19,44,5,4,82,4,54,14,44,5,4,20,4,26,12,4,1,0,217,6,120,56,36,1,13,32,89,54,1,13,52,72,30,4,9,50
1473461,2025,2025-04-10,M Chinnaswamy Stadium,Bengaluru,Royal Challengers Bengaluru,Royal Challengers Bengaluru,Delhi Capitals,Delhi Capitals,1,true,Delhi Capitals,field,Delhi Capitals,false,163,7,120,96,9,10,53,15,9,1,64,2,36,18,44,5,4,53,4,54,21,20,2,2,46,1,30,14,32,2,4,169,4,107,39,36,3,17,20,82,54,1,14,48,48,17,0,1,34
1473461,2025,2025-04-10,M Chinnaswamy Stadium,Bengaluru,Delhi Capitals,Delhi Capitals,Royal Challengers Bengaluru,Royal Challengers Bengaluru,2,false,Delhi Capitals,field,Delhi Capitals,true,169,4,107,102,15,7,32,7,7,0,39,3,36,17,20,5,0,82,1,54,14,48,6,4,48,0,17,1,34,4,3,163,7,120,64,36,2,18,44,53,54,4,21,20,46,30,1,14,32
1473462,2025,2025-04-11,MA Chidambaram Stadium,Chennai,Chennai Super Kings,Chennai Super Kings,Kolkata Knight Riders,Kolkata Knight Riders,1,true,Kolkata Knight Riders,field,Kolkata Knight Riders,false,103,9,120,38,8,1,60,5,4,0,31,2,36,20,16,4,0,43,5,54,24,10,1,1,29,2,30,16,12,3,0,107,2,61,71,36,1,14,54,36,25,1,11,22,0,0,0,0,0
1473462,2025,2025-04-11,MA Chidambaram Stadium,Chennai,Kolkata Knight Riders,Kolkata Knight Riders,Chennai Super Kings,Chennai Super Kings,2,false,Kolkata Knight Riders,field,Kolkata Knight Riders,true,107,2,61,76,4,10,25,5,2,2,71,1,36,14,54,3,7,36,1,25,11,22,1,3,0,0,0,0,0,0,0,103,9,120,31,36,2,20,16,43,54,5,24,10,29,30,2,16,12
1473463,2025,2025-04-12,Bharat Ratna Shri Atal Bihari Vajpayee Ekana Cricket Stadium,Lucknow,Gujarat Titans,Gujarat Titans,Lucknow Super Giants,Lucknow Super Giants,1,true,Lucknow Super Giants,field,Lucknow Super Giants,false,180,6,120,90,18,3,30,9,9,0,54,0,36,9,30,6,1,81,3,54,14,38,8,1,45,3,30,7,22,4,1,186,4,117,61,36,0,14,42,93,54,2,17,62,32,27,2,8,14
1473463,2025,2025-04-12,Bharat Ratna Shri Atal Bihari Vajpayee Ekana Cricket Stadium,Lucknow,Lucknow Super Giants,Lucknow Super Giants,Gujarat Titans,Gujarat Titans,2,false,Lucknow Super Giants,field,Lucknow Super Giants,true,186,4,117,118,16,9,39,9,8,0,61,0,36,14,42,9,1,93,2,54,17,62,5,7,32,2,27,8,14,2,1,180,6,120,54,36,0,9,30,81,54,3,14,38,45,30,3,7,22
1473464,2025,2025-04-12,"Rajiv Gandhi International Stadium, Uppal",Hyderabad,Punjab Kings,Punjab Kings,Sunrisers Hyderabad,Sunrisers Hyderabad,1,true,Punjab Kings,bat,Sunrisers Hyderabad,false,245,6,120,168,18,16,27,14,12,0,89,1,36,9,72,9,6,88,3,54,13,46,4,5,68,2,30,5,50,5,5,247,2,111,83,36,0,12,66,122,54,1,10,90,42,21,1,5,32
1473464,2025,2025-04-12,"Rajiv Gandhi International Stadium, Uppal",Hyderabad,Sunrisers Hyderabad,Sunrisers Hyderabad,Punjab Kings,Punjab Kings,2,false,Punjab Kings,bat,Sunrisers Hyderabad,true,247,2,111,188,26,14,27,10,8,1,83,0,36,12,66,12,3,122,1,54,10,90,9,9,42,1,21,5,32,5,2,245,6,120,89,36,1,9,72,88,54,3,13,46,68,30,2,5,50
1473465,2025,2025-04-13,Sawai Mansingh Stadium,Jaipur,Rajasthan Royals,Rajasthan Royals,Royal Challengers Bengaluru,Royal Challengers Bengaluru,1,true,Royal Challengers Bengaluru,field,Royal Challengers Bengaluru,false,173,4,120,102,18,5,33,5,2,0,45,0,36,16,30,6,1,69,2,54,13,34,7,1,59,2,30,4,38,5,3,175,1,105,65,36,0,11,48,81,54,1,16,44,29,15,0,4,18
1473465,2025,2025-04-13,Sawai Mansingh Stadium,Jaipur,Royal Challengers Bengaluru,Royal Challengers Bengaluru,Rajasthan Royals,Rajasthan Royals,2,false,Royal Challengers Bengaluru,field,Royal Challengers Bengaluru,true,175,1,105,110,14,9,31,8,7,1,65,0,36,11,48,6,4,81,1,54,16,44,5,4,29,0,15,4,18,3,1,173,4,120,45,36,0,16,30,69,54,2,13,34,59,30,2,4,38
1473466,2025,2025-04-13,Arun Jaitley Stadium,Delhi,Mumbai Indians,Mumbai Indians,Delhi Capitals,Delhi Capitals,1,true,Delhi Capitals,field,Mumbai Indians,true,205,5,120,148,22,10,41,6,5,0,59,1,36,15,46,7,3,87,3,54,20,62,8,5,59,1,30,6,40,7,2,193,10,114,72,36,1,11,52,86,54,4,16,56,35,24,5,6,18
1473466,2025,2025-04-13,Arun Jaitley Stadium,Delhi,Delhi Capitals,Delhi Capitals,Mumbai Indians,Mumbai Indians,2,false,Delhi Capitals,field,Mumbai Indians,false,193,10,114,126,21,7,33,13,9,0,72,1,36,11,52,10,2,86,4,54,16,56,8,4,35,5,24,6,18,3,1,205,5,120,59,36,1,15,46,87,54,3,20,62,59,30,1,6,40
1473467,2025,2025-04-14,Bharat Ratna Shri Atal Bihari Vajpayee Ekana Cricket Stadium,Lucknow,Lucknow Super Giants,Lucknow Super Giants,Chennai Super Kings,Chennai Super Kings,1,true,Chennai Super Kings,field,Chennai Super Kings,false,166,7,120,104,11,10,52,11,8,1,42,2,36,20,32,5,2,67,2,54,21,38,5,3,57,3,30,11,34,1,5,168,5,117,59,36,1,13,44,52,54,4,19,14,57,27,0,7,40
1473467,2025,2025-04-14,Bharat Ratna Shri Atal Bihari Vajpayee Ekana Cricket Stadium,Lucknow,Chennai Super Kings,Chennai Super Kings,Lucknow Super Giants,Lucknow Super Giants,2,false,Chennai Super Kings,field,Chennai Super Kings,true,168,5,117,98,20,3,39,10,8,1,59,1,36,13,44,11,0,52,4,54,19,14,2,1,57,0,27,7,40,7,2,166,7,120,42,36,2,20,32,67,54,2,21,38,57,30,3,11,34
1473468,2025,2025-04-15,Maharaja Yadavindra Singh International Cricket Stadium,Mohali,Punjab Kings,Punjab Kings,Kolkata Knight Riders,Kolkata Knight Riders,1,true,Punjab Kings,bat,Punjab Kings,true,111,10,93,70,10,5,44,5,3,0,54,4,36,19,44,5,4,55,4,54,24,26,5,1,2,2,3,1,0,0,0,95,10,91,55,36,2,16,40,40,54,7,33,16,0,1,1,1,0
1473468,2025,2025-04-15,Maharaja Yadavindra Singh International Cricket Stadium,Mohali,Kolkata Knight Riders,Kolkata Knight Riders,Punjab Kings,Punjab Kings,2,false,Punjab Kings,bat,Punjab Kings,false,95,10,91,56,8,4,50,5,1,0,55,2,36,16,40,7,2,40,7,54,33,16,1,2,0,1,1,1,0,0,0,111,10,93,54,36,4,19,44,55,54,4,24,26,2,3,2,1,0
1473469,2025,2025-04-16,Arun Jaitley Stadium,Delhi,Delhi Capitals,Delhi Capitals,Rajasthan Royals,Rajasthan Royals,1,true,Rajasthan Royals,field,Unknown,false,188,5,120,110,17,7,33,9,7,1,46,2,36,16,34,7,1,65,2,54,14,26,2,3,77,1,30,3,50,8,3,188,5,120,63,36,1,15,46,69,54,2,18,42,56,30,2,3,30
1473469,2025,2025-04-16,Arun Jaitley Stadium,Delhi,Rajasthan Royals,Rajasthan Royals,Delhi Capitals,Delhi Capitals,2,false,Rajasthan Royals,field,Unknown,false,188,5,120,118,13,11,36,6,3,1,63,1,36,15,46,4,5,69,2,54,18,42,6,3,56,2,30,3,30,3,3,188,5,120,46,36,2,16,34,65,54,2,14,26,77,30,1,3,50
1473469,2025,2025-04-16,Arun Jaitley Stadium,Delhi,Rajasthan Royals,Rajasthan Royals,Delhi Capitals,Delhi Capitals,3,false,Rajasthan Royals,field,Unknown,false,11,2,5,8,2,0,2,1,0,1,11,2,5,2,8,2,0,0,0,0,0,0,0,0,0,0,0,0,0,0,0,188,5,120,46,36,2,16,34,65,54,2,14,26,77,30,1,3,50
1473469,2025,2025-04-16,Arun Jaitley Stadium,Delhi,Delhi Capitals,Delhi Capitals,Delhi Capitals,Delhi Capitals,4,false,Rajasthan Royals,field,Unknown,false,13,0,4,10,1,1,0,0,0,0,13,0,4,0,10,1,1,0,0,0,0,0,0,0,0,0,0,0,0,0,0,188,5,120,46,36,2,16,34,65,54,2,14,26,77,30,1,3,50
1473470,2025,2025-04-17,Wankhede Stadium,Mumbai,Sunrisers Hyderabad,Sunrisers Hyderabad,Mumbai Indians,Mumbai Indians,1,true,Mumbai Indians,field,Mumbai Indians,false,162,5,120,86,14,5,38,10,8,1,46,0,36,16,28,7,0,59,3,54,15,20,5,0,57,2,30,7,38,2,5,166,6,109,55,36,1,12,34,82,54,3,21,56,29,19,2,5,18
1473470,2025,2025-04-17,Wankhede Stadium,Mumbai,Mumbai Indians,Mumbai Indians,Sunrisers Hyderabad,Sunrisers Hyderabad,2,false,Mumbai Indians,field,Mumbai Indians,true,166,6,109,108,15,8,38,5,3,1,55,1,36,12,34,4,3,82,3,54,21,56,8,4,29,2,19,5,18,3,1,162,5,120,46,36,0,16,28,59,54,3,15,20,57,30,2,7,38
1473471,2025,2025-04-18,M Chinnaswamy Stadium,Bengaluru,Royal Challengers Bengaluru,Royal Challengers Bengaluru,Punjab Kings,Punjab Kings,1,true,Punjab Kings,field,Punjab Kings,false,95,9,84,60,9,4,43,1,0,1,33,4,36,19,18,3,1,62,5,48,24,42,6,3,0,0,0,0,0,0,0,98,5,73,46,36,2,14,26,52,37,3,17,36,0,0,0,0,0
1473471,2025,2025-04-18,M Chinnaswamy Stadium,Bengaluru,Punjab Kings,Punjab Kings,Royal Challengers Bengaluru,Royal Challengers Bengaluru,2,false,Punjab Kings,field,Punjab Kings,true,98,5,73,62,8,5,31,7,2,0,46,2,36,14,26,5,1,52,3,37,17,36,3,4,0,0,0,0,0,0,0,95,9,84,33,36,4,19,18,62,48,5,24,42,0,0,0,0,0
1473472,2025,2025-04-19,Narendra Modi Stadium,Ahmedabad,Delhi Capitals,Delhi Capitals,Gujarat Titans,Gujarat Titans,1,true,Gujarat Titans,field,Gujarat Titans,false,203,8,120,120,15,10,28,12,9,0,73,2,36,13,56,8,4,77,2,54,9,34,4,3,53,4,30,6,30,3,3,204,3,116,67,36,1,10,50,91,54,1,15,56,46,26,1,4,24
1473472,2025,2025-04-19,Narendra Modi Stadium,Ahmedabad,Gujarat Titans,Gujarat Titans,Delhi Capitals,Delhi Capitals,2,false,Gujarat Titans,field,Gujarat Titans,true,204,3,116,130,19,9,29,10,4,1,67,1,36,10,50,8,3,91,1,54,15,56,8,4,46,1,26,4,24,3,2,203,8,120,73,36,2,13,56,77,54,2,9,34,53,30,4,6,30
1473473,2025,2025-04-19,Sawai Mansingh Stadium,Jaipur,Lucknow Super Giants,Lucknow Super Giants,Rajasthan Royals,Rajasthan Royals,1,true,Lucknow Super Giants,bat,Lucknow Super Giants,true,180,5,120,96,12,8,34,9,5,0,46,2,36,16,28,7,0,75,1,54,14,30,3,3,59,2,30,4,38,2,5,178,5,120,61,36,0,14,48,74,54,2,16,38,43,30,3,8,22
1473473,2025,2025-04-19,Sawai Mansingh Stadium,Jaipur,Rajasthan Royals,Rajasthan Royals,Lucknow Super Giants,Lucknow Super Giants,2,false,Lucknow Super Giants,bat,Lucknow Super Giants,false,178,5,120,108,12,10,38,2,1,0,61,0,36,14,48,3,6,74,2,54,16,38,5,3,43,3,30,8,22,4,1,180,5,120,46,36,2,16,28,75,54,1,14,30,59,30,2,4,38
1473474,2025,2025-04-20,Maharaja Yadavindra Singh International Cricket Stadium,Mohali,Punjab Kings,Punjab Kings,Royal Challengers Bengaluru,Royal Challengers Bengaluru,1,true,Royal Challengers Bengaluru,field,Royal Challengers Bengaluru,false,157,6,120,78,12,5,37,5,4,0,62,1,36,15,48,9,2,57,5,54,17,18,3,1,38,0,30,5,12,0,2,159,3,113,54,36,1,15,38,68,54,1,16,34,37,23,1,4,20
1473474,2025,2025-04-20,Maharaja Yadavindra Singh International Cricket Stadium,Mohali,Royal Challengers Bengaluru,Royal Challengers Bengaluru,Punjab Kings,Punjab Kings,2,false,Royal Challengers Bengaluru,field,Royal Challengers Bengaluru,true,159,3,113,92,14,6,35,1,1,0,54,1,36,15,38,8,1,68,1,54,16,34,4,3,37,1,23,4,20,2,2,157,6,120,62,36,1,15,48,57,54,5,17,18,38,30,0,5,12
1473475,2025,2025-04-20,Wankhede Stadium,Mumbai,Chennai Super Kings,Chennai Super Kings,Mumbai Indians,Mumbai Indians,1,true,Mumbai Indians,field,Mumbai Indians,false,176,5,120,96,12,8,39,9,6,0,48,1,36,15,24,3,2,70,2,54,16,32,5,2,58,2,30,8,40,4,4,177,1,94,62,36,0,16,44,95,54,1,11,62,20,4,0,0,18
1473475,2025,2025-04-20,Wankhede Stadium,Mumbai,Mumbai Indians,Mumbai Indians,Chennai Super Kings,Chennai Super Kings,2,false,Mumbai Indians,field,Mumbai Indians,true,177,1,94,124,13,12,27,9,8,0,62,0,36,16,44,5,4,95,1,54,11,62,8,5,20,0,4,0,18,0,3,176,5,120,48,36,1,15,24,70,54,2,16,32,58,30,2,8,40
1473476,2025,2025-04-21,Eden Gardens,Kolkata,Gujarat Titans,Gujarat Titans,Kolkata Knight Riders,Kolkata Knight Riders,1,true,Kolkata Knight Riders,field,Gujarat Titans,true,198,3,120,126,24,5,31,4,3,1,45,0,36,11,24,6,0,94,1,54,13,60,12,2,59,2,30,7,42,6,3,159,8,120,45,36,2,17,30,69,54,2,14,24,45,30,4,12,32
1473476,2025,2025-04-21,Eden Gardens,Kolkata,Kolkata Knight Riders,Kolkata Knight Riders,Gujarat Titans,Gujarat Titans,2,false,Kolkata Knight Riders,field,Gujarat Titans,false,159,8,120,86,14,5,43,10,6,0,45,2,36,17,30,6,1,69,2,54,14,24,3,2,45,4,30,12,32,5,2,198,3,120,45,36,0,11,24,94,54,1,13,60,59,30,2,7,42
1473477,2025,2025-04-22,Bharat Ratna Shri Atal Bihari Vajpayee Ekana Cricket Stadium,Lucknow,Lucknow Super Giants,Lucknow Super Giants,Delhi Capitals,Delhi Capitals,1,true,Delhi Capitals,field,Delhi Capitals,false,159,6,120,80,14,4,34,1,1,0,51,0,36,12,30,3,3,67,4,54,12,26,5,1,41,2,30,10,24,6,0,161,2,107,54,36,1,14,38,73,54,1,17,38,34,17,0,2,22
1473477,2025,2025-04-22,Bharat Ratna Shri Atal Bihari Vajpayee Ekana Cricket Stadium,Lucknow,Delhi Capitals,Delhi Capitals,Lucknow Super Giants,Lucknow Super Giants,2,false,Delhi Capitals,field,Delhi Capitals,true,161,2,107,98,11,9,33,4,3,0,54,1,36,14,38,8,1,73,1,54,17,38,2,5,34,0,17,2,22,1,3,159,6,120,51,36,0,12,30,67,54,4,12,26,41,30,2,10,24
1473478,2025,2025-04-23,"Rajiv Gandhi International Stadium, Uppal",Hyderabad,Sunrisers Hyderabad,Sunrisers Hyderabad,Mumbai Indians,Mumbai Indians,1,true,Mumbai Indians,field,Mumbai Indians,false,143,8,120,84,12,6,53,4,3,0,24,4,36,24,10,1,1,66,1,54,23,40,7,2,53,3,30,6,34,4,3,146,3,94,56,36,1,14,42,81,54,2,17,54,9,4,0,1,8
1473478,2025,2025-04-23,"Rajiv Gandhi International Stadium, Uppal",Hyderabad,Mumbai Indians,Mumbai Indians,Sunrisers Hyderabad,Sunrisers Hyderabad,2,false,Mumbai Indians,field,Mumbai Indians,true,146,3,94,104,17,6,32,1,1,0,56,1,36,14,42,6,3,81,2,54,17,54,9,3,9,0,4,1,8,2,0,143,8,120,24,36,4,24,10,66,54,1,23,40,53,30,3,6,34
1473479,2025,2025-04-24,M Chinnaswamy Stadium,Bengaluru,Royal Challengers Bengaluru,Royal Challengers Bengaluru,Rajasthan Royals,Rajasthan Royals,1,true,Rajasthan Royals,field,Royal Challengers Bengaluru,true,205,5,120,124,22,6,31,15,14,0,59,0,36,11,36,9,0,97,1,54,10,58,7,5,49,4,30,10,30,6,1,194,9,120,72,36,2,18,64,76,54,2,19,46,46,30,5,11,30
1473479,2025,2025-04-24,M Chinnaswamy Stadium,Bengaluru,Rajasthan Royals,Rajasthan Royals,Royal Challengers Bengaluru,Royal Challengers Bengaluru,2,false,Rajasthan Royals,field,Royal Challengers Bengaluru,false,194,9,120,140,17,12,48,5,4,0,72,2,36,18,64,7,6,76,2,54,19,46,7,3,46,5,30,11,30,3,3,205,5,120,59,36,0,11,36,97,54,1,10,58,49,30,4,10,30
1473480,2025,2025-04-25,MA Chidambaram Stadium,Chennai,Chennai Super Kings,Chennai Super Kings,Sunrisers Hyderabad,Sunrisers Hyderabad,1,true,Sunrisers Hyderabad,field,Sunrisers Hyderabad,false,154,10,119,88,13,6,46,7,2,2,50,3,36,12,32,8,0,77,3,54,18,46,4,5,27,4,29,16,10,1,1,155,5,112,37,36,2,22,28,77,54,3,20,38,41,22,0,4,12
1473480,2025,2025-04-25,MA Chidambaram Stadium,Chennai,Sunrisers Hyderabad,Sunrisers Hyderabad,Chennai Super Kings,Chennai Super Kings,2,false,Sunrisers Hyderabad,field,Sunrisers Hyderabad,true,155,5,112,78,15,3,46,15,11,2,37,2,36,22,28,7,0,77,3,54,20,38,5,3,41,0,22,4,12,3,0,154,10,119,50,36,3,12,32,77,54,3,18,46,27,29,4,16,10
1473481,2025,2025-04-26,Eden Gardens,Kolkata,Punjab Kings,Punjab Kings,Kolkata Knight Riders,Kolkata Knight Riders,1,true,Punjab Kings,bat,Unknown,false,201,4,120,138,18,11,34,3,2,1,56,0,36,13,40,7,2,105,2,54,13,76,7,8,40,2,30,8,22,4,1,7,0,6,7,6,0,3,4,0,0,0,0,0,0,0,0,0,0
1473481,2025,2025-04-26,Eden Gardens,Kolkata,Kolkata Knight Riders,Kolkata Knight Riders,Punjab Kings,Punjab Kings,2,false,Punjab Kings,bat,Unknown,false,7,0,6,4,1,0,3,2,1,0,7,0,6,3,4,1,0,0,0,0,0,0,0,0,0,0,0,0,0,0,0,201,4,120,56,36,0,13,40,105,54,2,13,76,40,30,2,8,22
1473482,2025,2025-04-27,Wankhede Stadium,Mumbai,Mumbai Indians,Mumbai Indians,Lucknow Super Giants,Lucknow Super Giants,1,true,Lucknow Super Giants,field,Mumbai Indians,true,215,7,120,156,18,14,38,5,5,0,66,1,36,17,56,5,6,91,3,54,13,60,9,4,58,3,30,8,40,4,4,161,10,120,60,36,1,17,46,80,54,4,15,44,21,30,5,21,12
1473482,2025,2025-04-27,Wankhede Stadium,Mumbai,Lucknow Super Giants,Lucknow Super Giants,Mumbai Indians,Mumbai Indians,2,false,Lucknow Super Giants,field,Mumbai Indians,false,161,10,120,102,12,9,53,8,5,1,60,1,36,17,46,4,5,80,4,54,15,44,8,2,21,5,30,21,12,0,2,215,7,120,66,36,1,17,56,91,54,3,13,60,58,30,3,8,40
1473483,2025,2025-04-27,Arun Jaitley Stadium,Delhi,Delhi Capitals,Delhi Capitals,Royal Challengers Bengaluru,Royal Challengers Bengaluru,1,true,Royal Challengers Bengaluru,field,Royal Challengers Bengaluru,false,162,8,120,90,15,5,42,4,2,1,52,2,36,16,32,5,2,56,2,54,17,22,4,1,54,4,30,9,36,6,2,165,4,111,35,36,3,18,22,79,54,0,14,36,51,21,1,2,34
1473483,2025,2025-04-27,Arun Jaitley Stadium,Delhi,Royal Challengers Bengaluru,Royal Challengers Bengaluru,Delhi Capitals,Delhi Capitals,2,false,Royal Challengers Bengaluru,field,Royal Challengers Bengaluru,true,165,4,111,92,14,6,34,4,2,2,35,3,36,18,22,4,1,79,0,54,14,36,3,4,51,1,21,2,34,7,1,162,8,120,52,36,2,16,32,56,54,2,17,22,54,30,4,9,36
1473484,2025,2025-04-28,Sawai Mansingh Stadium,Jaipur,Gujarat Titans,Gujarat Titans,Rajasthan Royals,Rajasthan Royals,1,true,Rajasthan Royals,field,Rajasthan Royals,false,209,4,120,118,13,11,27,9,8,0,53,0,36,9,28,7,0,96,1,54,11,56,2,8,60,3,30,7,34,4,3,212,2,95,87,36,0,12,74,112,54,2,15,82,13,5,0,0,10
1473484,2025,2025-04-28,Sawai Mansingh Stadium,Jaipur,Rajasthan Royals,Rajasthan Royals,Gujarat Titans,Gujarat Titans,2,false,Rajasthan Royals,field,Rajasthan Royals,true,212,2,95,166,19,15,27,5,4,0,87,0,36,12,74,8,7,112,2,54,15,82,10,7,13,0,5,0,10,1,1,209,4,120,53,36,0,9,28,96,54,1,11,56,60,30,3,7,34
1473485,2025,2025-04-29,Arun Jaitley Stadium,Delhi,Kolkata Knight Riders,Kolkata Knight Riders,Delhi Capitals,Delhi Capitals,1,true,Delhi Capitals,field,Kolkata Knight Riders,true,204,9,120,132,21,8,39,15,11,1,79,1,36,12,64,10,4,80,3,54,17,46,7,3,45,5,30,10,22,4,1,190,9,120,58,36,2,13,38,88,54,3,15,56,44,30,4,14,34
1473485,2025,2025-04-29,Arun Jaitley Stadium,Delhi,Delhi Capitals,Delhi Capitals,Kolkata Knight Riders,Kolkata Knight Riders,2,false,Delhi Capitals,field,Kolkata Knight Riders,false,190,9,120,128,20,8,42,10,4,1,58,2,36,13,38,8,1,88,3,54,15,56,8,4,44,4,30,14,34,4,3,204,9,120,79,36,1,12,64,80,54,3,17,46,45,30,5,10,22
1473486,2025,2025-04-30,MA Chidambaram Stadium,Chennai,Chennai Super Kings,Chennai Super Kings,Punjab Kings,Punjab Kings,1,true,Punjab Kings,field,Punjab Kings,false,190,10,116,118,19,7,39,16,12,1,48,3,36,19,34,7,1,86,1,54,9,44,8,2,56,6,26,11,40,4,4,194,6,118,51,36,1,14,38,88,54,2,11,52,55,28,3,8,40
1473486,2025,2025-04-30,MA Chidambaram Stadium,Chennai,Punjab Kings,Punjab Kings,Chennai Super Kings,Chennai Super Kings,2,false,Punjab Kings,field,Punjab Kings,true,194,6,118,130,19,9,33,6,3,0,51,1,36,14,38,8,1,88,2,54,11,52,7,4,55,3,28,8,40,4,4,190,10,116,48,36,3,19,34,86,54,1,9,44,56,26,6,11,40
1473487,2025,2025-05-01,Sawai Mansingh Stadium,Jaipur,Mumbai Indians,Mumbai Indians,Rajasthan Royals,Rajasthan Royals,1,true,Rajasthan Royals,field,Mumbai Indians,true,217,2,120,146,26,7,33,7,6,0,58,0,36,15,44,8,2,88,2,54,14,54,12,1,71,0,30,4,48,6,4,117,10,97,62,36,5,18,46,51,54,4,29,26,4,7,1,3,0
1473487,2025,2025-05-01,Sawai Mansingh Stadium,Jaipur,Rajasthan Royals,Rajasthan Royals,Mumbai Indians,Mumbai Indians,2,false,Rajasthan Royals,field,Mumbai Indians,false,117,10,97,72,9,6,50,15,8,0,62,5,36,18,46,7,3,51,4,54,29,26,2,3,4,1,7,3,0,0,0,217,2,120,58,36,0,15,44,88,54,2,14,54,71,30,0,4,48
1473488,2025,2025-05-02,Narendra Modi Stadium,Ahmedabad,Gujarat Titans,Gujarat Titans,Sunrisers Hyderabad,Sunrisers Hyderabad,1,true,Sunrisers Hyderabad,field,Gujarat Titans,true,224,6,120,142,22,9,22,3,3,0,82,0,36,6,64,13,2,80,2,54,8,36,6,2,62,4,30,8,42,3,5,186,6,120,57,36,1,12,38,82,54,2,11,40,47,30,3,8,26
1473488,2025,2025-05-02,Narendra Modi Stadium,Ahmedabad,Sunrisers Hyderabad,Sunrisers Hyderabad,Gujarat Titans,Gujarat Titans,2,false,Sunrisers Hyderabad,field,Gujarat Titans,false,186,6,120,104,11,10,31,13,7,0,57,1,36,12,38,5,3,82,2,54,11,40,4,4,47,3,30,8,26,2,3,224,6,120,82,36,0,6,64,80,54,2,8,36,62,30,4,8,42
1473489,2025,2025-05-03,M Chinnaswamy Stadium,Bengaluru,Royal Challengers Bengaluru,Royal Challengers Bengaluru,Chennai Super Kings,Chennai Super Kings,1,true,Chennai Super Kings,field,Royal Challengers Bengaluru,true,213,5,120,164,20,14,44,6,4,1,71,0,36,14,62,8,5,73,2,54,18,46,7,3,69,3,30,12,56,5,6,211,5,120,58,36,2,15,48,102,54,0,6,62,51,30,3,5,26
1473489,2025,2025-05-03,M Chinnaswamy Stadium,Bengaluru,Chennai Super Kings,Chennai Super Kings,Royal Challengers Bengaluru,Royal Challengers Bengaluru,2,false,Chennai Super Kings,field,Royal Challengers Bengaluru,false,211,5,120,136,19,10,26,1,0,1,58,2,36,15,48,9,2,102,0,54,6,62,8,5,51,3,30,5,26,2,3,213,5,120,71,36,0,14,62,73,54,2,18,46,69,30,3,12,56
1473490,2025,2025-05-04,Eden Gardens,Kolkata,Kolkata Knight Riders,Kolkata Knight Riders,Rajasthan Royals,Rajasthan Royals,1,true,Kolkata Knight Riders,bat,Kolkata Knight Riders,true,206,4,120,136,16,12,36,10,7,0,56,1,36,15,40,4,4,65,2,54,14,24,6,0,85,1,30,7,72,6,8,205,8,120,59,36,2,18,50,96,54,3,14,58,50,30,3,5,24
1473490,2025,2025-05-04,Eden Gardens,Kolkata,Rajasthan Royals,Rajasthan Royals,Kolkata Knight Riders,Kolkata Knight Riders,2,false,Kolkata Knight Riders,bat,Kolkata Knight Riders,false,205,8,120,132,15,12,37,6,4,1,59,2,36,18,50,8,3,96,3,54,14,58,4,7,50,3,30,5,24,3,2,206,4,120,56,36,1,15,40,65,54,2,14,24,85,30,1,7,72
1473491,2025,2025-05-04,Himachal Pradesh Cricket Association Stadium,Dharamsala,Punjab Kings,Punjab Kings,Lucknow Super Giants,Lucknow Super Giants,1,true,Lucknow Super Giants,field,Punjab Kings,true,236,5,120,168,18,16,31,5,5,0,66,2,36,14,52,4,6,95,1,54,13,62,8,5,75,2,30,4,54,6,5,199,7,120,38,36,3,24,26,105,54,2,14,68,56,30,2,10,40
1473491,2025,2025-05-04,Himachal Pradesh Cricket Association Stadium,Dharamsala,Lucknow Super Giants,Lucknow Super Giants,Punjab Kings,Punjab Kings,2,false,Lucknow Super Giants,field,Punjab Kings,false,199,7,120,134,14,13,48,12,9,0,38,3,36,24,26,2,3,105,2,54,14,68,8,6,56,2,30,10,40,4,4,236,5,120,66,36,2,14,52,95,54,1,13,62,75,30,2,4,54
1473492,2025,2025-05-05,"Rajiv Gandhi International Stadium, Uppal",Hyderabad,Delhi Capitals,Delhi Capitals,,,1,true,Sunrisers Hyderabad,field,Unknown,false,133,7,120,64,10,4,47,5,3,0,26,4,36,21,12,3,0,60,2,54,18,26,2,3,47,1,30,8,26,5,1,,,,,,,,,,,,,,,,,,
1473493,2025,2025-05-06,Wankhede Stadium,Mumbai,Mumbai Indians,Mumbai Indians,Gujarat Titans,Gujarat Titans,1,true,Gujarat Titans,field,Gujarat Titans,false,155,8,120,86,14,5,44,7,1,0,56,2,36,15,42,9,1,60,4,54,17,20,2,2,39,2,30,12,24,3,2,147,7,114,29,36,1,23,14,84,54,2,15,46,34,24,4,7,18
1473493,2025,2025-05-06,Wankhede Stadium,Mumbai,Gujarat Titans,Gujarat Titans,Mumbai Indians,Mumbai Indians,2,false,Gujarat Titans,field,Gujarat Titans,true,147,7,114,78,12,5,45,9,6,3,29,1,36,23,14,2,1,84,2,54,15,46,7,3,34,4,24,7,18,3,1,155,8,120,56,36,2,15,42,60,54,4,17,20,39,30,2,12,24
1473494,2025,2025-05-07,Eden Gardens,Kolkata,Kolkata Knight Riders,Kolkata Knight Riders,Chennai Super Kings,Chennai Super Kings,1,true,Kolkata Knight Riders,bat,Chennai Super Kings,false,179,6,120,112,16,8,39,6,2,0,67,1,36,14,54,9,3,57,3,54,17,20,2,2,55,2,30,8,38,5,3,183,8,118,62,36,5,14,46,78,54,1,21,50,43,28,2,9,26
1473494,2025,2025-05-07,Eden Gardens,Kolkata,Chennai Super Kings,Chennai Super Kings,Kolkata Knight Riders,Kolkata Knight Riders,2,false,Kolkata Knight Riders,bat,Chennai Super Kings,true,183,8,118,122,11,13,44,5,4,0,62,5,36,14,46,4,5,78,1,54,21,50,5,5,43,2,28,9,26,2,3,179,6,120,67,36,1,14,54,57,54,3,17,20,55,30,2,8,38
1473495,2025,2025-05-08,Himachal Pradesh Cricket Association Stadium,Dharamsala,Punjab Kings,Punjab Kings,,,1,true,Punjab Kings,bat,Unknown,false,122,1,61,84,12,6,15,2,1,1,69,0,36,12,50,8,3,53,1,25,3,34,4,3,0,0,0,0,0,0,0,,,,,,,,,,,,,,,,,,
1473497,2025,2025-05-18,Sawai Mansingh Stadium,Jaipur,Punjab Kings,Punjab Kings,Rajasthan Royals,Rajasthan Royals,1,true,Punjab Kings,bat,Punjab Kings,true,219,5,120,148,22,10,34,9,5,0,58,3,36,14,40,7,2,89,1,54,14,56,8,4,72,1,30,6,52,7,4,209,7,120,89,36,1,15,86,65,54,3,17,28,55,30,3,10,32
1473497,2025,2025-05-18,Sawai Mansingh Stadium,Jaipur,Rajasthan Royals,Rajasthan Royals,Punjab Kings,Punjab Kings,2,false,Punjab Kings,bat,Punjab Kings,false,209,7,120,146,20,11,42,7,7,0,89,1,36,15,86,14,5,65,3,54,17,28,1,4,55,3,30,10,32,5,2,219,5,120,58,36,3,14,40,89,54,1,14,56,72,30,1,6,52
1473498,2025,2025-05-18,Arun Jaitley Stadium,Delhi,Delhi Capitals,Delhi Capitals,Gujarat Titans,Gujarat Titans,1,true,Gujarat Titans,field,Gujarat Titans,false,199,3,120,128,17,10,35,6,4,0,45,1,36,20,32,5,2,91,1,54,10,52,7,4,63,1,30,5,44,5,4,205,0,114,59,36,0,11,40,95,54,0,7,52,51,24,0,3,34
1473498,2025,2025-05-18,Arun Jaitley Stadium,Delhi,Gujarat Titans,Gujarat Titans,Delhi Capitals,Delhi Capitals,2,false,Gujarat Titans,field,Gujarat Titans,true,205,0,114,126,15,11,21,4,3,0,59,0,36,11,40,7,2,95,0,54,7,52,4,6,51,0,24,3,34,4,3,199,3,120,45,36,1,20,32,91,54,1,10,52,63,30,1,5,44
1473499,2025,2025-05-19,Bharat Ratna Shri Atal Bihari Vajpayee Ekana Cricket Stadium,Lucknow,Lucknow Super Giants,Lucknow Super Giants,Sunrisers Hyderabad,Sunrisers Hyderabad,1,true,Sunrisers Hyderabad,field,Sunrisers Hyderabad,false,205,7,120,132,18,10,36,11,9,2,69,0,36,14,54,6,5,77,2,54,12,40,7,2,59,5,30,10,38,5,3,206,5,110,72,36,1,13,54,99,54,2,12,60,35,20,2,1,16
1473499,2025,2025-05-19,Bharat Ratna Shri Atal Bihari Vajpayee Ekana Cricket Stadium,Lucknow,Sunrisers Hyderabad,Sunrisers Hyderabad,Lucknow Super Giants,Lucknow Super Giants,2,false,Sunrisers Hyderabad,field,Sunrisers Hyderabad,true,206,5,110,130,19,9,26,10,9,0,72,1,36,13,54,9,3,99,2,54,12,60,6,6,35,2,20,1,16,4,0,205,7,120,69,36,0,14,54,77,54,2,12,40,59,30,5,10,38
1473500,2025,2025-05-20,Arun Jaitley Stadium,Delhi,Chennai Super Kings,Chennai Super Kings,Rajasthan Royals,Rajasthan Royals,1,true,Rajasthan Royals,field,Rajasthan Royals,false,187,8,120,112,16,8,42,16,12,0,68,3,36,15,56,11,2,78,3,54,19,40,4,4,41,2,30,8,16,1,2,188,4,103,56,36,1,14,44,94,54,2,13,62,38,13,1,3,26
1473500,2025,2025-05-20,Arun Jaitley Stadium,Delhi,Rajasthan Royals,Rajasthan Royals,Chennai Super Kings,Chennai Super Kings,2,false,Rajasthan Royals,field,Rajasthan Royals,true,188,4,103,132,15,12,30,8,7,1,56,1,36,14,44,8,2,94,2,54,13,62,5,7,38,1,13,3,26,2,3,187,8,120,68,36,3,15,56,78,54,3,19,40,41,30,2,8,16
1473501,2025,2025-05-21,Wankhede Stadium,Mumbai,Mumbai Indians,Mumbai Indians,Delhi Capitals,Delhi Capitals,1,true,Delhi Capitals,field,Mumbai Indians,true,180,5,120,116,14,10,39,2,1,0,54,2,36,14,38,5,3,60,2,54,17,24,3,2,66,1,30,8,54,6,5,121,10,110,49,36,3,16,34,56,54,4,27,36,16,20,3,7,0
1473501,2025,2025-05-21,Wankhede Stadium,Mumbai,Delhi Capitals,Delhi Capitals,Mumbai Indians,Mumbai Indians,2,false,Delhi Capitals,field,Mumbai Indians,false,121,10,110,70,13,3,50,1,0,1,49,3,36,16,34,7,1,56,4,54,27,36,6,2,16,3,20,7,0,0,0,180,5,120,54,36,2,14,38,60,54,2,17,24,66,30,1,8,54
1473502,2025,2025-05-22,Narendra Modi Stadium,Ahmedabad,Lucknow Super Giants,Lucknow Super Giants,Gujarat Titans,Gujarat Titans,1,true,Gujarat Titans,field,Lucknow Super Giants,true,235,2,120,170,17,17,35,10,6,1,53,0,36,14,34,4,3,107,1,54,15,80,8,8,75,1,30,6,56,5,6,202,9,120,67,36,1,14,56,98,54,2,10,58,37,30,6,8,14
1473502,2025,2025-05-22,Narendra Modi Stadium,Ahmedabad,Gujarat Titans,Gujarat Titans,Lucknow Super Giants,Lucknow Super Giants,2,false,Gujarat Titans,field,Lucknow Super Giants,false,202,9,120,128,20,8,32,8,7,0,67,1,36,14,56,11,2,98,2,54,10,58,7,5,37,6,30,8,14,2,1,235,2,120,53,36,0,14,34,107,54,1,15,80,75,30,1,6,56
1473503,2025,2025-05-23,Bharat Ratna Shri Atal Bihari Vajpayee Ekana Cricket Stadium,Lucknow,Sunrisers Hyderabad,Sunrisers Hyderabad,Royal Challengers Bengaluru,Royal Challengers Bengaluru,1,true,Royal Challengers Bengaluru,field,Sunrisers Hyderabad,true,231,6,120,154,16,15,27,7,2,1,71,2,36,11,52,7,4,97,3,54,10,64,7,6,63,1,30,6,38,2,5,189,10,119,72,36,0,10,48,95,54,3,12,56,22,29,7,19,8
1473503,2025,2025-05-23,Bharat Ratna Shri Atal Bihari Vajpayee Ekana Cricket Stadium,Lucknow,Royal Challengers Bengaluru,Royal Challengers Bengaluru,Sunrisers Hyderabad,Sunrisers Hyderabad,2,false,Royal Challengers Bengaluru,field,Sunrisers Hyderabad,false,189,10,119,112,16,8,41,16,4,1,72,0,36,10,48,9,2,95,3,54,12,56,5,6,22,7,29,19,8,2,0,231,6,120,71,36,2,11,52,97,54,3,10,64,63,30,1,6,38
1485779,2025,2025-05-24,Sawai Mansingh Stadium,Jaipur,Punjab Kings,Punjab Kings,Delhi Capitals,Delhi Capitals,1,true,Delhi Capitals,field,Delhi Capitals,false,206,8,120,128,17,10,34,8,6,2,60,2,36,16,44,8,2,82,2,54,10,38,5,3,64,4,30,8,46,4,5,208,4,117,61,36,1,14,50,94,54,3,11,54,53,27,0,3,34
1485779,2025,2025-05-24,Sawai Mansingh Stadium,Jaipur,Delhi Capitals,Delhi Capitals,Punjab Kings,Punjab Kings,2,false,Delhi Capitals,field,Delhi Capitals,true,208,4,117,138,18,11,28,8,3,0,61,1,36,14,50,8,3,94,3,54,11,54,6,5,53,0,27,3,34,4,3,206,8,120,60,36,2,16,44,82,54,2,10,38,64,30,4,8,46
1473504,2025,2025-05-25,Narendra Modi Stadium,Ahmedabad,Chennai Super Kings,Chennai Super Kings,Gujarat Titans,Gujarat Titans,1,true,Chennai Super Kings,bat,Chennai Super Kings,true,230,5,120,162,18,15,35,12,5,0,68,1,36,16,48,6,4,95,3,54,15,66,9,5,67,1,30,4,48,3,6,147,10,111,35,36,3,19,18,90,54,4,16,52,22,21,3,12,12
1473504,2025,2025-05-25,Narendra Modi Stadium,Ahmedabad,Gujarat Titans,Gujarat Titans,Chennai Super Kings,Chennai Super Kings,2,false,Chennai Super Kings,bat,Chennai Super Kings,false,147,10,111,82,10,7,47,12,10,0,35,3,36,19,18,3,1,90,4,54,16,52,7,4,22,3,21,12,12,0,2,230,5,120,68,36,1,16,48,95,54,3,15,66,67,30,1,4,48
1473505,2025,2025-05-25,Arun Jaitley Stadium,Delhi,Sunrisers Hyderabad,Sunrisers Hyderabad,Kolkata Knight Riders,Kolkata Knight Riders,1,true,Sunrisers Hyderabad,bat,Sunrisers Hyderabad,true,278,3,120,202,22,19,29,24,14,1,79,0,36,11,56,8,4,125,2,54,12,92,8,10,74,1,30,6,54,6,5,168,10,112,59,36,2,15,46,71,54,5,21,42,38,22,3,10,28
1473505,2025,2025-05-25,Arun Jaitley Stadium,Delhi,Kolkata Knight Riders,Kolkata Knight Riders,Sunrisers Hyderabad,Sunrisers Hyderabad,2,false,Sunrisers Hyderabad,bat,Sunrisers Hyderabad,false,168,10,112,116,11,12,46,6,4,0,59,2,36,15,46,7,3,71,5,54,21,42,3,5,38,3,22,10,28,1,4,278,3,120,79,36,0,11,56,125,54,2,12,92,74,30,1,6,54
1473506,2025,2025-05-26,Sawai Mansingh Stadium,Jaipur,Mumbai Indians,Mumbai Indians,Punjab Kings,Punjab Kings,1,true,Punjab Kings,field,Punjab Kings,false,184,7,120,116,17,8,46,11,11,0,52,1,36,18,38,8,1,79,3,54,18,42,6,3,53,3,30,10,36,3,4,187,3,111,47,36,1,19,36,99,54,1,15,68,41,21,1,5,24
1473506,2025,2025-05-26,Sawai Mansingh Stadium,Jaipur,Punjab Kings,Punjab Kings,Mumbai Indians,Mumbai Indians,2,false,Punjab Kings,field,Punjab Kings,true,187,3,111,128,20,8,39,11,8,0,47,1,36,19,36,6,2,99,1,54,15,68,11,4,41,1,21,5,24,3,2,184,7,120,52,36,1,18,38,79,54,3,18,42,53,30,3,10,36
1473507,2025,2025-05-27,Bharat Ratna Shri Atal Bihari Vajpayee Ekana Cricket Stadium,Lucknow,Lucknow Super Giants,Lucknow Super Giants,Royal Challengers Bengaluru,Royal Challengers Bengaluru,1,true,Royal Challengers Bengaluru,field,Royal Challengers Bengaluru,false,227,3,120,152,17,14,32,14,6,1,55,1,36,14,32,5,2,109,0,54,12,76,7,8,63,2,30,6,44,5,4,230,4,112,66,36,1,12,52,111,54,3,7,70,53,22,0,4,40
1473507,2025,2025-05-27,Bharat Ratna Shri Atal Bihari Vajpayee Ekana Cricket Stadium,Lucknow,Royal Challengers Bengaluru,Royal Challengers Bengaluru,Lucknow Super Giants,Lucknow Super Giants,2,false,Royal Challengers Bengaluru,field,Royal Challengers Bengaluru,true,230,4,112,162,30,7,23,6,5,1,66,1,36,12,52,13,0,111,3,54,7,70,13,3,53,0,22,4,40,4,4,227,3,120,55,36,1,14,32,109,54,0,12,76,63,30,2,6,44
1473508,2025,2025-05-29,Maharaja Yadavindra Singh International Cricket Stadium,New Chandigarh,Punjab Kings,Punjab Kings,Royal Challengers Bengaluru,Royal Challengers Bengaluru,1,true,Royal Challengers Bengaluru,field,Royal Challengers Bengaluru,false,101,10,85,52,7,4,41,11,5,1,48,4,36,17,32,5,2,53,6,49,24,20,2,2,0,0,0,0,0,0,0,106,2,60,61,36,1,14,44,45,24,1,3,30,0,0,0,0,0
1473508,2025,2025-05-29,Maharaja Yadavindra Singh International Cricket Stadium,New Chandigarh,Royal Challengers Bengaluru,Royal Challengers Bengaluru,Punjab Kings,Punjab Kings,2,false,Royal Challengers Bengaluru,field,Royal Challengers Bengaluru,true,106,2,60,74,11,5,17,4,0,0,61,1,36,14,44,8,2,45,1,24,3,30,3,3,0,0,0,0,0,0,0,101,10,85,48,36,4,17,32,53,49,6,24,20,0,0,0,0,0
1473509,2025,2025-05-30,Maharaja Yadavindra Singh International Cricket Stadium,New Chandigarh,Mumbai Indians,Mumbai Indians,Gujarat Titans,Gujarat Titans,1,true,Mumbai Indians,bat,Mumbai Indians,true,228,5,120,158,14,17,33,11,4,0,79,0,36,9,60,9,4,81,2,54,15,50,5,5,68,3,30,9,48,0,8,208,6,120,66,36,1,12,46,95,54,2,10,58,47,30,3,10,28
1473509,2025,2025-05-30,Maharaja Yadavindra Singh International Cricket Stadium,New Chandigarh,Gujarat Titans,Gujarat Titans,Mumbai Indians,Mumbai Indians,2,false,Mumbai Indians,bat,Mumbai Indians,false,208,6,120,132,21,8,32,6,4,0,66,1,36,12,46,7,3,95,2,54,10,58,10,3,47,3,30,10,28,4,2,228,5,120,79,36,0,9,60,81,54,2,15,50,68,30,3,9,48
1473510,2025,2025-06-01,Narendra Modi Stadium,Ahmedabad,Mumbai Indians,Mumbai Indians,Punjab Kings,Punjab Kings,1,true,Punjab Kings,field,Punjab Kings,false,203,6,120,120,18,8,32,9,4,2,65,1,36,7,34,4,3,81,3,54,18,48,6,4,57,2,30,7,38,8,1,207,5,114,64,36,2,16,54,83,54,1,13,44,60,24,2,6,48
1473510,2025,2025-06-01,Narendra Modi Stadium,Ahmedabad,Punjab Kings,Punjab Kings,Mumbai Indians,Mumbai Indians,2,false,Punjab Kings,field,Punjab Kings,true,207,5,114,146,17,13,35,4,3,1,64,2,36,16,54,9,3,83,1,54,13,44,5,4,60,2,24,6,48,3,6,203,6,120,65,36,1,7,34,81,54,3,18,48,57,30,2,7,38
1473511,2025,2025-06-03,Narendra Modi Stadium,Ahmedabad,Royal Challengers Bengaluru,Royal Challengers Bengaluru,Punjab Kings,Punjab Kings,1,true,Punjab Kings,field,Royal Challengers Bengaluru,true,190,9,120,98,11,9,28,9,9,0,55,1,36,13,32,5,2,77,3,54,9,30,3,3,58,5,30,6,36,3,4,184,7,120,52,36,1,13,28,67,54,3,20,38,65,30,3,9,50
1473511,2025,2025-06-03,Narendra Modi Stadium,Ahmedabad,Punjab Kings,Punjab Kings,Royal Challengers Bengaluru,Royal Challengers Bengaluru,2,false,Punjab Kings,field,Royal Challengers Bengaluru,false,184,7,120,116,8,14,42,11,3,0,52,1,36,13,28,4,2,67,3,54,20,38,2,5,65,3,30,9,50,2,7,190,9,120,55,36,1,13,32,77,54,3,9,30,58,30,5,6,36
